id,url,titledate_modified,lead
2000007359260,https://www.hs.fi/politiikka/art-2000007359260.html,Eduskunta haluaa tyttöjen silpomisen nykyistä selvemmin rangaistavaksi – kansalaisaloite hyväksyttiin muutettuna,2020-11-06T13:58:00.000+02:00,Kansanedustajat vaativat myös resursseja silpomisen ennaltaehkäisyyn. Poikien ei-lääketieteelliset ympärileikkaukset jakoivat mielipiteitä.
2000006653417,https://www.hs.fi/politiikka/art-2000006653417.html,Eduskunnan lakivaliokunta: Tyttöjen ja naisten sukuelinten silpominen tulee säätää rikoslaissa rangaistavaksi nykyistä selkeämmin,2020-09-30T11:48:29.000+03:00,Hallituksen toivotaan antavan tarvittavat lakiehdotukset eduskunnan käsiteltäviksi kuluvan vaalikauden aikana.
2000006550570,https://www.hs.fi/politiikka/art-2000006550570.html,"”Elämme absurdeja aikoja”, ”Meidänkin tekomme ovat rangaistavia” – Eduskunnassa keskusteltiin perus­suomalaisten Mäenpään syyttämis­luvasta",2020-06-24T16:00:46.000+03:00,Asiasta äänestetään perjantaina.
2000006532829,https://www.hs.fi/mielipide/art-2000006532829.html,"Verottaja vie rikoksen uhrin korvaukset – 100 000 euroa vaihtui 167,25 euroon",2020-06-07T06:21:19.000+03:00,"Vaikka omaisuutta olisi takavarikoitu nimenomaan vakavan rikoksen uhrin saatavien turvaamiseksi, verottaja voi periä omat saatavansa ennen uhria."
2000006509994,https://www.hs.fi/politiikka/art-2000006509994.html,"”Eduskunta on yksi maailman avoimimmista parlamenteista, se pitäisi pitää sellaisena”, sanoo eläkkeelle jäävä eduskunnan viestinnän vetäjä Marjo Timonen",2020-05-16T15:22:30.000+03:00,Eläkkeelle jäävä eduskunnan pitkäaikainen tieto- ja viestintäjohtaja patistaa toimittajia vastedeskin hyödyntämään eduskunnan avoimuutta.
2000006489027,https://www.hs.fi/kaupunki/art-2000006489027.html,Helsinkiläisen vanhainkodin pihaan pystytettävän tapaamiskontin taustalla on äidistään huolestunut kansanedustaja,2020-04-28T06:20:42.000+03:00,"Vanhukset voivat pian tavata läheisiään hoivakodin pihalla olevassa kontissa. Emeritaprofessori uskoo, että kontit voisivat levitä muuallekin."
2000006481269,https://www.hs.fi/sunnuntai/art-2000006481269.html,Pitäisikö äiti ottaa pois hoivakodista?,2020-04-21T06:21:00.000+03:00,Lukijapostissa Kiuruvedellä koronaan kuolleen tytär kehuu hoivakodin saattohoitoa ja kansanedustaja Eva Biaudet (rkp) pohtii oman äitinsä tilannetta.
2000006479582,https://www.hs.fi/politiikka/art-2000006479582.html,HS selvitti: Lähes puolella Veikkaus-miljoonia saaneista yhteisöistä on kytkös puoluepolitiikkaan,2020-04-19T17:22:00.000+03:00,"HS selvitti, miten poliitikot ja Veikkaus-tuotoista hyötyvät järjestöt kietoutuvat yhteen. Lähes puolella Veikkaus-miljoonia saaneista yhteisöistä on kytkös puoluepolitiikkaan, Helsingin Sanomien selvitys kertoo."
2000006429248,https://www.hs.fi/kuukausiliite/art-2000006429248.html,"Naiset ovat antaneet miesten johtaa Suomea, mutta nyt se on loppu – viime vaaleissa tapahtui muutos, joka yllätti tutkijatkin",2020-03-08T07:25:08.000+02:00,Ennen sekä naiset että miehet äänestivät vaaleissa miehiä. Eivät enää.
2000006417010,https://www.hs.fi/mielipide/art-2000006417010.html,"Olen vastuullinen seksiä ostava nainen, älkää tehkö minusta rikollista",2020-02-24T12:27:05.000+02:00,"Minulle seksin ostaminen on hyvinvointipalvelua, jolla on vaikutusta sekä henkiseen että ruumiilliseen hyvinvointiini."
2000006375839,https://www.hs.fi/politiikka/art-2000006375839.html,Ulkoasiain­valiokunnan puheen­johtaja Niikko selitti Kiina-kytköksiään valio­kunnan jäsenille – jäseniltä vain vähän moitteita,2020-01-17T18:55:45.000+02:00,"Suomen Kuvalehti kertoi torstaina, että ulkoasiainvaliokunnan puheenjohtajalla Mika Niikolla (ps) on ollut tiedettyä syvempi sidos kiinalaisyritys Realmax Groupiin, jonka toimintaa hän on poliitikon roolissa edistänyt."
