id,url,titledate_modified,lead
2000006539027,https://www.hs.fi/kotimaa/art-2000006539027.html,"Liberian ja Sierra Leonen sodissa tehtiin poikkeuksellisia julmuuksia, ja molempiin osallistui ”koodinimi TF1-046” – Vuosia myöhemmin poliisi ilmestyi hänen ovelleen Tampereella ",2021-01-10T18:32:00.000+02:00,"Sierra Leonen sisällissodassa uhreilta katkottiin käsiä ja jalkoja, ja jotkut sissiupseereista jatkoivat sotaa Liberiassa. Yksi heistä ehti asua Tampereella kymmenen vuotta vapaana miehenä. Sitten poliisi kiinnostui hänestä."
2000006557996,https://www.hs.fi/kuukausiliite/art-2000006557996.html,"Kiroilee paljon, kontrolloi kaikkea ja siivoaa rentoutuakseen – Tällainen Sanna Marin on kulissien takana, ja näin opiskelu­aikojen bile­ministeri raivasi tiensä pääministeriksi ",2021-01-10T09:28:00.000+02:00,"Suomea hallitsee nuori nainen, josta tiedämme vain vähän. Toimittaja Sami Sillanpää selvitti, minkälainen ihminen Sanna Marin on."
2000007397536,https://www.hs.fi/historia/art-2000007397536.html,Suomen EEC-aloitus vaatimattoman selkeä,2020-11-25T02:00:00.000+02:00,
2000007612123,https://www.hs.fi/politiikka/art-2000007612123.html,Oppositio arvostelee ulko- ja turvallisuuspoliittista selontekoa ideologisesti värittyneeksi – ”Sinänsä tärkeitä ilmasto- ja ympäristöasioita mainitaan sanoinakin lähes sata kertaa”,2020-11-11T17:45:04.000+02:00,"Vasemmistoliitto epäili hävittäjähankintoja ja arvioi, että Naton lisääntynyt läsnäolo monilla alueilla synnyttää epävakautta"
2000006672282,https://www.hs.fi/sunnuntai/art-2000006672282.html,"Liityin miesten kirjakerhoon, jossa luetaan vain naisten kirjoittamia kirjoja – se ei ole muuttanut ajatteluani ",2020-10-18T06:54:02.000+03:00,"Liityin miesten kirjakerhoon, jossa luetaan vain naisten kirjoittamia kirjoja. Se ei ole muuttanut ajatteluani."
2000006666518,https://www.hs.fi/kulttuuri/art-2000006666518.html,Tarja Halosen aktivistitaustaa valottava teos on ajatuksia herättävä terävä kirja,2020-10-12T02:00:00.000+03:00,Toimittaja Katri Merikallio valottaa terävässä kirjassaan Tarja Halosen toimia poliitikontyön rinnalla.
2000006653592,https://www.hs.fi/mielipide/art-2000006653592.html,Ajatus ydinaseettomasta maailmasta on herttainen mutta epärealistinen,2020-10-01T02:00:00.000+03:00,Suomen liittyminen kansainväliseen ydinaseet kieltävään sopimukseen saattaisi vahingoittaa ulkosuhteitamme.
2000006653605,https://www.hs.fi/mielipide/art-2000006653605.html,Ydinaseet ovat pelastaneet maailman suursodilta,2020-10-01T02:00:00.000+03:00,Paluuta ydinaseettomaan maailmaan ei enää ole.
2000006650152,https://www.hs.fi/mielipide/art-2000006650152.html,Ydinaseettomien maiden keskinäinen sopimus ei vähennä yhtään ydinasetta,2020-09-28T02:00:00.000+03:00,Suomen näkemyksen mukaan ydinaseiden vähentäminen asteittain ydinasevaltojen välisillä neuvotteluilla on ainoa realistinen tie.
2000006648074,https://www.hs.fi/mielipide/art-2000006648074.html,Suomen on liityttävä ydinaseet kieltävään sopimukseen,2020-09-26T02:00:00.000+03:00,Sopimukseen liittymisellä on vahva kansan tuki.
2000006632447,https://www.hs.fi/sunnuntai/art-2000006632447.html,Suomen Moskovan-suurlähettiläänä toiminut Mikko Hautala kieltäytyi toistuvasti Suomen pääviestinten haastatteluista – oliko kyse Kremlin nöyristelystä vai diplomatiasta?,2020-09-13T06:18:18.000+03:00,"Mikko Hautala ja Antti Helanterä ovat Suomen nuoret kärkidiplomaatit Washingtonissa ja Moskovassa. He varovat julkisuutta, mutta onko se ongelma?"
2000006617688,https://www.hs.fi/mielipide/art-2000006617688.html,Kaipolan paperitehdas valtion omistukseen,2020-08-30T02:00:00.000+03:00,"Kun tehdas kerran ajetaan alas, työpaikat on lopullisesti menetetty."
2000006568340,https://www.hs.fi/politiikka/art-2000006568340.html,Haavisto: Suomi ei ole vielä tehnyt päätöstä Hongkongin luovutus­sopimuksen irtisanomisesta – HS:n haastattelemat poliitikot kannattavat EU:n yhteistä vastausta Kiinalle,2020-07-10T21:17:07.000+03:00,EU-maiden ulkoministerit pohtivat vastausta Kiinan säätämiin Hongkongin turvallisuuslakeihin maanantaina.
2000006536573,https://www.hs.fi/ulkomaat/art-2000006536573.html,"”Nouskaa aamiaiselle, Palme on muuten murhattu” – HS:n lukijat muistelevat järkyttävää uutista",2020-06-10T20:09:56.000+03:00,Moni kertoi muistavansa yhä tunnelman murhaa seuranneena päivänä.
2000006536427,https://www.hs.fi/ulkomaat/art-2000006536427.html,"”Vaikuttava persoona” ja ”vahva esikuva” – Ulf Sundqvist, Arja Saijonmaa ja Erkki Tuomioja muistelevat Olof Palmea",2020-06-10T16:43:04.000+03:00,"Epäillyn nimeäminen ei ratkaise murhan arvoitusta, sanovat Olof Palmen tunteneet suomalaiset."
2000006534616,https://www.hs.fi/politiikka/art-2000006534616.html,"Keskusta myy kriisissään itseään vastuun­tunnon puolueena, mutta syksyllä se saattaa jättää hallituksen – silloin Suomella olisi kolme vaihtoehtoa",2020-06-09T15:44:26.000+03:00,"Keskusta loi erikoisen väliratkaisun, mutta syksyllä edessä voi silti olla jopa vähemmistöhallitus, kirjoittaa analyysissään Teemu Luukka."
2000006482149,https://www.hs.fi/paakirjoitukset/art-2000006482149.html,"Myös Suomi saa osansa, kun Venäjä kaivaa historiasta työkaluja nykyhetken ongelmien hoitoon",2020-04-21T20:15:00.000+03:00,"Tasan 150 vuotta sitten syntynyt Vladimir Iljitš Lenin ei ole enää nyky-Venäjällä merkittävä hahmo, mutta Josif Stalinin varjo on pitkä."
2000006466613,https://www.hs.fi/politiikka/art-2000006466613.html,Puolustusvoimat antaa kymmeniä hengityskoneita sairaaloiden käyttöön,2020-04-07T06:52:09.000+03:00,"Koronaviruspandemia viivästyttää Suomen hävittäjähanketta joillakin kuukausilla, mutta puolustusministeri Antti Kaikkosen mukaan hallitus ei ole aikeissa puuttua hävittäjähankkeen kustannuksiin tai varsinaisen päätöksenteon aikatauluun."
2000006464576,https://www.hs.fi/politiikka/art-2000006464576.html,Sdp:n pitkä­aikainen kansan­edustaja Pertti Paasio on kuollut,2020-04-04T22:35:43.000+03:00,Pitkän linjan poliitikko Pertti Paasio on kuollut lauantaina.
2000006420192,https://www.hs.fi/ulkomaat/art-2000006420192.html,Eurooppalaisten päättäjien avoin kirje tyrmää Trumpin Lähi-idän rauhansuunnitelman – Kymmenet entiset ulkoministerit tuomitsevat suunnitelman rotuerottelupolitiikaksi,2020-02-27T09:48:29.000+02:00,"Trumpin Israel-suunnitelmassa on ”apartheidin piirteitä”, kymmenet entiset ulkoministerit ja muut päättäjät kirjoittavat avoimessa kirjeessään. Erkki Tuomiojan mukaan Trumpin paperi syrjii palestiinalaisia, joilta maat on viety ja varastettu."
2000006409501,https://www.hs.fi/kulttuuri/art-2000006409501.html,"Pilapiirtäjä Karlsson jäi eläkkeelle ja kertoo nyt, miten netti muutti hänen työnsä – Jotkut asiat ovat silti pysyneet, esimerkiksi Paavo Väyrynen",2020-02-16T14:44:17.000+02:00,HS pyysi Karlssonia valitsemaan viisi piirrosta yli 30-vuotisen uran varrelta.
2000006407725,https://www.hs.fi/kotimaa/art-2000006407725.html,"Puolustusministeriön tarkastus paljasti: sotilas­koulutusta alaikäisille, kohdentamattomia kuitteja ja säännösten vastaisesti luovutettuja aseita",2020-02-14T15:46:34.000+02:00,Puolustusministeriö on tehnyt MPK:n toiminnasta tutkintapyynnön krp:lle ja aloittanut uuden tarkastuksen sen valtionapujen käytöstä.
2000006395947,https://www.hs.fi/politiikka/art-2000006395947.html,"Tuomioja: Niikon Kiina-kytkös loppuun käsitelty ulkoasiain­valiokunnassa, yleisempi ohjeistus mahdollinen",2020-02-04T18:51:45.000+02:00,Keskustelua tullaan vielä käymään kaikkien eduskuntaryhmien kanssa.
2000006389686,https://www.hs.fi/kulttuuri/art-2000006389686.html,Jörn Donner on kuollut – Ystävät ja kollegat kulttuurista ja politiikasta muistelevat ainutlaatuista persoonaa: ”Suomalaiselle kulttuurille tämä on tavaton menetys”,2020-01-30T19:53:34.000+02:00,Donner oli kuollessaan 86-vuotias.
2000006378251,https://www.hs.fi/kaupunki/menot/art-2000006378251.html,Menovinkit: Malang Cissokho Quintet sekä 40 muuta ilmaista menoa tänään ja huomenna,2020-01-20T08:45:00.000+02:00,Katso tästä HS:n Menokoneen menovinkit pääkaupunkiseudun maksuttomiin menoihin.
2000006377635,https://www.hs.fi/kaupunki/menot/art-2000006377635.html,Menovinkit: Vallilan Tango: paluu 20-luvulle sekä 26 muuta ilmaista menoa tänään ja huomenna,2020-01-19T08:45:00.000+02:00,Katso tästä HS:n Menokoneen menovinkit pääkaupunkiseudun maksuttomiin menoihin.
2000006375839,https://www.hs.fi/politiikka/art-2000006375839.html,Ulkoasiain­valiokunnan puheen­johtaja Niikko selitti Kiina-kytköksiään valio­kunnan jäsenille – jäseniltä vain vähän moitteita,2020-01-17T18:55:45.000+02:00,"Suomen Kuvalehti kertoi torstaina, että ulkoasiainvaliokunnan puheenjohtajalla Mika Niikolla (ps) on ollut tiedettyä syvempi sidos kiinalaisyritys Realmax Groupiin, jonka toimintaa hän on poliitikon roolissa edistänyt."
2000006375667,https://www.hs.fi/politiikka/art-2000006375667.html,Halla-aho: Niikon Kiina-kytköksissä ei ole hänen antamansa selvityksen pohjalta mitään sääntöjen vastaista,2020-01-17T13:01:55.000+02:00,"Niikko ei ole jättänyt ilmoittamatta omistuksia tai sidoksia, joita hänen olisi pitänyt ilmoittaa, Halla-aho sanoo."
2000006365661,https://www.hs.fi/politiikka/art-2000006365661.html,"Ulkopolitiikka rysähti Sanna Marinin asialistalle, ja tänään pääministeri tekee ensimmäisen vierailunsa Ruotsiin",2020-01-08T07:00:10.000+02:00,"Marinin hallituksen alkumetreillä ulkopolitiikka hautautui sisäpolitiikan myrskyihin. Maailmalla kuitenkin kuohuu, eikä Suomi ole sivussa. Kun Marin vierailee keskiviikkona Ruotsissa, on hän yhtä kokematon ulkopolitiikassa kuin hänen edeltäjänsä oli aloittaessaan pääministerinä."
