id,url,titledate_modified,lead
2000007670028,https://www.hs.fi/politiikka/art-2000007670028.html,"Kansanedustajat innostuivat vielä puhumaan pitkään ja hartaasti oppivelvollisuudesta: vasemmisto kehui historiallista uudistusta, jonka kokoomus ehdotti peruttavaksi",2020-12-08T19:01:01.000+02:00,"”Hylätään tämä esitys. Kuunnellaan opettajia”, sanoi kansanedustaja Sari Sarkomaa (kok)."
2000007643853,https://www.hs.fi/politiikka/art-2000007643853.html,"Seksuaalirikokset ja sote puhuttivat kyselytunnilla– ”Kansa on sitä mieltä, että seksuaalirikoksista pääsee liian helpolla”",2020-11-26T17:48:38.000+02:00,Seksuaalirikoksia koskevaa lainsäädäntöä ollaan uudistamassa. Kokoomus peräänkuulutti eduskunnassa kemiallisen kastraation mahdollistamista.
2000006935180,https://www.hs.fi/politiikka/art-2000006935180.html,"Andersson: Oppivelvollisuuteen tarvitaan järjestelmätason uudistus, koska pistemäiset toimet koulussa eivät ole purreet",2020-11-03T17:28:07.000+02:00,Oppivelvollisuuslain lähetekeskustelussa eduskunnassa syntyi kiivainta kiistelyä pääministeripuolue Sdp:n ja oppositiopuolue kokoomuksen edustajien välillä.
2000006675197,https://www.hs.fi/kotimaa/art-2000006675197.html,"Oikeus pohtii, saako Eduskuntatalon pylväisiin kiivetä: Ilmastoaktivisteille vaaditaan sakkoja julkisrauhan rikkomisesta",2020-10-20T10:25:36.000+03:00,Kiipeilijät jäivät pylväisiin muutamiksi tunneiksi.
2000006640452,https://www.hs.fi/junkkari/art-2000006640452.html,"Sanna Marinia ja Matti Vanhasta yhdistää poliitikkoina asia, joka voi olla ongelma tai sitten siunaus",2020-09-20T06:45:23.000+03:00,
2000006607228,https://www.hs.fi/talous/art-2000006607228.html,"Talouden ensiapu­kurssi nosti esiin sen, miten eri lailla kokoomus ja Sdp ajattelevat nyt taloudesta",2020-08-20T06:43:00.000+03:00,"Talouden ensiapukurssi nosti esiin puolueiden erimielisyyksiä, joissa riittää väännettävää koko syksyksi."
2000006606150,https://www.hs.fi/talous/art-2000006606150.html,"Lepomäki ja Harakka ottivat yhteen valtiontaloudesta: ”Miksi alijäämä on ongelma Suomelle, jos se ei ole ongelma muille maille?”",2020-08-19T19:56:40.000+03:00,"Poliitikkojen lisäksi tilaisuudessa esiintyivät Aalto-yliopiston professori Teemu Malmi, pääomasijoitusyhtiö Vaaka Partnersin toimitusjohtaja Juha Peltola ja Keskon pääjohtaja Mikko Helander. HS:n seuranta keskusteluista löytyy tämän jutun lopusta."
2000006604969,https://www.hs.fi/talous/art-2000006604969.html,"Poliitikot, yritysjohtajat ja professorit pohtivat talouden ensiapukurssilla, mitä nyt pitäisi tehdä",2020-08-18T02:00:00.000+03:00,Suora lähetys tapahtumasta HS.fi:ssä keskiviikkona 19. elokuuta kello 10–11.45.
2000006591283,https://www.hs.fi/mielipide/art-2000006591283.html,Koulutukselliseen tasa-arvoon on uskallettava panostaa myös koronavirusaikana,2020-08-05T02:00:00.000+03:00,"Oppivelvollisuuden laajentaminen toimii yhtenä työkaluna laajassa paletissa toimia, joilla hallitus vahvistaa koulutuksellista tasa-arvoa koulutuspolun joka vaiheessa."
2000006590415,https://www.hs.fi/mielipide/art-2000006590415.html,Oppivelvollisuuden pidentäminen ei yksin ratkaise osaajapulaa,2020-08-04T02:00:00.000+03:00,"Koulutuksen tehtävä on varmistaa, että toiselle asteelle siirtyvien opiskeluvalmiudet ovat kunnossa. Ammatillisen koulutuksen tavoitteena taas on jatko-opintokelpoisuuden varmistaminen."
2000006588803,https://www.hs.fi/mielipide/art-2000006588803.html,Oppivelvollisuuden uudistusta ei pidä tehdä ilman riittäviä resursseja,2020-08-02T02:00:00.000+03:00,"Vaarana on, että opetusryhmien koot kasvavat ja henkilökohtaisen tuen määrä vähenee."
2000006587980,https://www.hs.fi/mielipide/art-2000006587980.html,Vastustamalla oppivelvollisuuden uudistamista tulee puolustaneeksi oikeutta lopettaa koulu 15-vuotiaana,2020-08-01T02:00:00.000+03:00,Nykyinen oppivelvollisuus on auttamattoman vanhentunut ja sen uudistamisella on kiire.
2000006586612,https://www.hs.fi/mielipide/art-2000006586612.html,Oppivelvollisuuden pidentäminen ei poista keskeytyksiä eikä syrjäytymisen juurisyitä,2020-07-31T02:00:00.000+03:00,Oppivelvollisuuden uudistukseen varatut eurot ovat kaukana todellisista kustannuksista.
2000006570550,https://www.hs.fi/politiikka/art-2000006570550.html,"”Tasapäistävää” peruskoulua vastustettiin, kunnes Pisa-vertailu nosti sen maailmanmaineeseen",2020-07-14T06:28:19.000+03:00,Koko ikäluokan yhtenäisen peruskoulun vastustukseen liittyi myös sosialismin pelkoa. Etenkin poliittinen oikeisto ja yksityisoppikoulut näkivät peruskoulussa uhkia yhteiskuntajärjestystä vastaan.
2000006553350,https://www.hs.fi/politiikka/art-2000006553350.html,Kokoomus­ryhmästä kolmas­osa oli poissa Mäenpää-äänestyksestä – ryhmän­johtaja Mykkäsen mukaan suurimmalla osalla oli ”aidosti este”,2020-06-27T11:15:30.000+03:00,"Kai Mykkäsen mukaan vielä kaksi viikkoa sitten ei tiedetty, että eduskunnan viime päiviin osuisi täyden kokoonpanon äänestys."
2000006527512,https://www.hs.fi/politiikka/art-2000006527512.html,"Kymmenen vuoden ministerirupeaman tehnyt Paula Risikko ei tyytynyt politiikan ylijäämäpaikkoihin: ”Ihme kyllä nautin kaikista niistä pirullisista ongelmista, joita täytyy ja saa olla ratkaisemassa”",2020-06-03T12:28:09.000+03:00,"Kansanedustaja Paula Risikko on ollut mukana viidessä eri hallituksessa. ”Vasta ministeriputken jälkeen olen huomannut, kuinka tiukoilla olin silloin tällöin ollut”, Risikko tunnustaa."
2000006514992,https://www.hs.fi/talous/art-2000006514992.html,"Himoittu koronarokote on nyt entistä lähempänä, mutta millaiset mahdollisuudet sitä olisi saada myös Suomeen? Lähihistoria osoittaa, että kilpailu on kovaa",2020-05-22T07:21:01.000+03:00,Vuosikymmen sitten valtiot kilpailivat sikainfluenssarokotteesta. Koronavirusrokotteen osalta Suomi aikoo varautua ”kaikkiin mahdollisiin hankintakuvioihin”.
2000006510730,https://www.hs.fi/politiikka/art-2000006510730.html,Korkea­koulut voivat saada kesäkuun lisä­budjetista rahoitusta syksyn aloitus­paikka­lisäystä varten,2020-05-17T17:32:44.000+03:00,"Myös opetus- ja kulttuuriministeriön kansliapäällikön Anita Lehikoisen mukaan opiskelupaikkoja tulisi lisätä koronakriisin takia jo tänä syksynä. Sitä ehdotti jo aiemmin työ- ja elinkeinoministeriön kansliapäällikkö Jari Gustafsson. Tosin hän puhui talkoista, mistä korkeakoulut eivät pitäneet."
2000006479582,https://www.hs.fi/politiikka/art-2000006479582.html,HS selvitti: Lähes puolella Veikkaus-miljoonia saaneista yhteisöistä on kytkös puoluepolitiikkaan,2020-04-19T17:22:00.000+03:00,"HS selvitti, miten poliitikot ja Veikkaus-tuotoista hyötyvät järjestöt kietoutuvat yhteen. Lähes puolella Veikkaus-miljoonia saaneista yhteisöistä on kytkös puoluepolitiikkaan, Helsingin Sanomien selvitys kertoo."
2000006479348,https://www.hs.fi/sunnuntai/art-2000006479348.html,Suomea on hehkutettu maailmalla varautumisen mallimaana – ministeriön sisäinen viesti kertoo maaliskuussa valjenneesta suojatarvikeahdingosta ,2020-04-19T07:06:08.000+03:00,"Suomea on hehkutettu kriisivarautumisen mallimaana, mutta onko käsitys myytti?"
2000006452483,https://www.hs.fi/politiikka/art-2000006452483.html,"Eduskunta säätää nyt historiallisia lakeja poikkeuksellisen nopeasti, osa kansan­edustajista huolissaan: ”Kyllä näille vähän enemmän aikaa pitäisi olla”",2020-03-25T22:08:14.000+02:00,Jotkut kansanedustajista ovat huolissaan koronaviruksen vuoksi säädettävien poikkeustoimien kiireellisyydestä ja sen vaikutuksista parlamentarismin toteutumiseen. Kansanedustajat saivat tiedon ravintoloiden sulkemista koskevan lain tulemisesta tiistain täysistuntoon vain hiukan ennen käsittelyä.
2000006445157,https://www.hs.fi/politiikka/art-2000006445157.html,"Valmiuslaille sinetti – Eduskunta päätti, että soveltamisasetukset saavat jäädä voimaan",2020-03-19T20:57:32.000+02:00,Kouluruokailun järjestäminen mietitytti perustuslakivaliokuntaa. Kyselytunnilla hallitukselta tivattiin ikäihmisten ja yrittäjien asemasta koronaviruksen jyllätessä.
2000006409099,https://www.hs.fi/talous/art-2000006409099.html,Lobbausselvityksen tekijä Emilia Korkea-aho: ”Lobbausrekisteri kannattaa tehdä joko kunnolla tai ei ollenkaan”,2020-02-16T10:42:16.000+02:00,Apulaisprofessori Emilia Korkea-aho kertoo vierailunsa Yalen yliopistossa muuttaneen hänen näkemystään lobbauksesta kriittisemmäksi.
