id,url,titledate_modified,lead
2000007676154,https://www.hs.fi/politiikka/art-2000007676154.html,"”Voitteko todeta, että rikoitte lakia?” Haavistolta kysyttiin eduskunnassa – Perussuomalaiset esitti epäluottamusta",2020-12-11T19:59:57.000+02:00,"Perustuslakivaliokunta katsoi keskiviikkona, että ulkoministeri Haavisto on rikkonut virkavelvollisuuttaan, mutta syytekynnys ei ylity. Eduskunta käsitteli syytekysymystä mietinnön pohjalta."
2000007675925,https://www.hs.fi/politiikka/art-2000007675925.html,Oikeuskansleri: Pääministeri Marin ei rikkonut lakia Eurooppa-neuvoston kokouksessa,2020-12-11T11:27:27.000+02:00,Pääministeri Sanna Marin (sd) pyysi Ruotsin pääministeriä välittämään Suomen näkemyksiä Eurooppa-neuvoston kokouksessa.
2000007359260,https://www.hs.fi/politiikka/art-2000007359260.html,Eduskunta haluaa tyttöjen silpomisen nykyistä selvemmin rangaistavaksi – kansalaisaloite hyväksyttiin muutettuna,2020-11-06T13:58:00.000+02:00,Kansanedustajat vaativat myös resursseja silpomisen ennaltaehkäisyyn. Poikien ei-lääketieteelliset ympärileikkaukset jakoivat mielipiteitä.
2000006641906,https://www.hs.fi/politiikka/art-2000006641906.html,"Satoja suomalaisia erotetaan puolueista vuosittain – joskus syy on fasismi tai rikostuomio, mutta dramaattisia syitä on kuitenkin vain vähän",2020-09-20T09:32:47.000+03:00,"Syyt puolueista erottamiselle ovat usein arkisia, vaikka julkisuudessa esiin nousevat ääritapaukset."
2000006629803,https://www.hs.fi/politiikka/art-2000006629803.html,"Hallituspuolueet penäsivät opposition vaihtoehtoja EU:n hätärahoitukselle – ”Sanokaa suoraan, ajatteko te EU-eroa vai ette”",2020-09-09T18:29:53.000+03:00,"Eduskunta kävi kiivaan keskustelun EU:n 750 miljardin euron hätärahoituksesta. Hallituspuolue keskustan rivit rakoilivat, kun kansanedustaja Hannu Hoskonen julisti, ettei voi hyväksyä pakettia."
2000006624163,https://www.hs.fi/sunnuntai/art-2000006624163.html,"Homovastaiset puheet ovat tehneet Päivi Räsäsestä Helsingin rikospoliisin vakioasiakkaan – Räsäsen julistaa olevansa sananvapauden asialla, mutta onko hän sitä loppuun saakka? ",2020-09-06T18:17:00.000+03:00,"Kansanedustaja Päivi Räsänen on ollut pian kaksi vuotta poliisin tutkintakierteessä. Häntä epäillään useasta sananvapausrikoksesta, joiden kohteena ovat homot."
2000006583715,https://www.hs.fi/politiikka/art-2000006583715.html,"Perussuomalaisten johdolla politiikan kielen­käyttö kovenee tavalla, josta ei kannata vaieta",2020-07-28T17:07:00.000+03:00,"Perussuomalaiset on ottanut käyttöön äärimmäisyydet, joilla poliittiset kilpakumppanit maalataan haastajien sijasta vihollisiksi, kirjoittaa HS:n politiikan toimituksen esimies Jussi Pullinen kommentissaan."
2000006559163,https://www.hs.fi/politiikka/art-2000006559163.html,Hovioikeus piti voimassa kansanedustaja Sebastian Tynkkysen tuomion kiihottamisesta kansanryhmää vastaan,2020-07-02T10:13:17.000+03:00,Tynkkynen tuomittiin sakkoihin islamia ja terrorismia koskeneesta Facebook-kirjoituksesta.
