id,url,titledate_modified,lead
2000006625393,https://www.hs.fi/politiikka/art-2000006625393.html,"”Keskiluokka pelkää, että heiltä viedään nyt jotain”, sanoo keskusta-aktiivi – Näin kenttä­väki arvioi puolueensa paikkaa politiikassa",2020-09-05T18:12:20.000+03:00,"Keskustan uudella – tai vanhalla – johtajalla on vielä kova työ saada epäilevä kenttä muun muassa EU:n elvytyspaketin ja kompromisseja vaativan hallitusyhteistyön taakse. Silti luottamus siihen, että keskustan paikka on juuri poliittisen kentän keskellä, on suurta."
2000006536769,https://www.hs.fi/mielipide/art-2000006536769.html,Miksi tv-sarjoissa väistellään luotisateita? Katsojan aliarvioiminen on vain tylsää,2020-06-11T08:10:23.000+03:00,Käsikirjoitusten ongelmia on helppo ratkoa kevyillä ratkaisuilla.
2000006518625,https://www.hs.fi/kulttuuri/art-2000006518625.html,Karppi-tv-sarjan kakkoskausi aiheutti hämmennystä ja herätti kysymyksiä,2020-05-26T08:18:43.000+03:00,"Mikä esimerkiksi oli koko politiikkakuvion merkitys, kysyy Leena Virtanen."
2000006447448,https://www.hs.fi/kaupunki/art-2000006447448.html,"Tellervo Suuronen, 84, viettää päivänsä kolmannessa kerroksessa Helsingin Katajanokalla – Seniorien kertomuksista korona-arjen keskeltä pilkahtaa yllätys ",2020-03-21T09:14:06.000+02:00,"Sirkka Koskinen kokkaa lastenlasten ”kouluateriat”, Olli Heire tuulettaa päätään raikkaassa merituulessa turvavälin päässä muista kalastajista."
