id,url,titledate_modified,lead
2000007688475,https://www.hs.fi/elama/art-2000007688475.html,"Osa ihmisistä pystyy ennakoimaan tulevaisuutta paremmin kuin muut, ja heitä yhdistävät samat piirteet – Vastaa 20 kysymykseen ja testaa, kuulutko sinä superennustajiin ",2021-02-24T15:38:00.000+02:00,"Niin sanotut superennustajat suhtautuvat maailmaan uteliaasti, eivät pelkää tehdä virheitä – ja osaavat siksi ennakoida tulevaisuuden tapahtumia paremmin kuin muut. Testaa, oletko yksi heistä."
2000006567774,https://www.hs.fi/politiikka/art-2000006567774.html,"Näin toimii Sauli Niinistö – HS:n laaja artikkeli kertoo, miten tasavallan presidentti tarttuu hanakasti puhelimeen, levittää näkemystään verkostojen kautta ja korottaa joskus äänensä ",2021-01-17T12:13:00.000+02:00,"Presidentti Niinistön ehdotus ”nyrkistä” koronakriisissä herätti keväällä kysymyksiä presidentin vallankäytöstä ja siitä, pyrkiikö hän hallituksen tontille. HS selvitti, miten valtansa huipulla oleva Niinistö käyttää valtaansa ja miten hänen toimintansa on koettu presidenttikausien aikana."
2000006557996,https://www.hs.fi/kuukausiliite/art-2000006557996.html,"Kiroilee paljon, kontrolloi kaikkea ja siivoaa rentoutuakseen – Tällainen Sanna Marin on kulissien takana, ja näin opiskelu­aikojen bile­ministeri raivasi tiensä pääministeriksi ",2021-01-10T09:28:00.000+02:00,"Suomea hallitsee nuori nainen, josta tiedämme vain vähän. Toimittaja Sami Sillanpää selvitti, minkälainen ihminen Sanna Marin on."
2000007698904,https://www.hs.fi/politiikka/art-2000007698904.html,Keskustan vallan linnake on nyt ”suurhyökkäyksen” kohteena: Kevään kuntavaalit voivat tuoda ison mullistuksen,2021-01-01T07:35:33.000+02:00,"Suomen kartta on vielä apilanvihreä, mutta keskustan kannatus on 2000-luvulla luisunut vaali vaalilta. Kunnat ovat sen viimeinen vallan linnake."
2000007702759,https://www.hs.fi/politiikka/art-2000007702759.html,"Pääministeri Marinin kannatus on yhä huippuluokkaa, mutta ulkoministeri Haaviston suosio on heikompaa kuin koskaan",2020-12-25T07:01:07.000+02:00,"Tuoreen HS-gallupin mukaan kansa arvostaa yhä hallituksen työtä, joskin kesän huippuluvuista on tultu alas."
2000007684495,https://www.hs.fi/junkkari/art-2000007684495.html,"Miksi keskusta antoi tukensa Haavistolle, vaikka puolueessa juuri kukaan ei sitä oikeasti halunnut?",2020-12-15T16:59:39.000+02:00,"Keskusta yritti pestä kätensä Haavistosta kuin Pontius Pilatus konsanaan, kirjoittaa kommentissaan HS:n Marko Junkkari."
2000007683744,https://www.hs.fi/politiikka/art-2000007683744.html,"Pääministeri Marin: Ulkoministeri Haavisto voi jatkaa tehtävässään, keskusta odottaa Haavistolta ”vilpitöntä anteeksipyyntöä”",2020-12-15T15:14:50.000+02:00,"Marin sanoo keskustelleensa Haaviston kanssa, ja hänen käsityksensä mukaan tämä ottaa perustuslakivaliokunnan moitteet vakavasti ja huolehtii siitä, että vastaisuudessa vastaavaa ei enää käy."
2000007683357,https://www.hs.fi/politiikka/art-2000007683357.html,Annika Saarikko arvostelee vihreitä kovin sanoin: Haaviston tukeminen ”oli keskustalle vaalikauden toistaiseksi vaikein paikka”,2020-12-15T12:03:16.000+02:00,Saarikon mukaan vihreiden tapa suhtautua perustuslakivaliokunnan mietintöön vahingoitti sekä hallitusyhteistyötä että perustuslakivaliokunnan arvovaltaa. Keskusta ei kuitenkaan halunnut kaataa hallitusta.
2000007654614,https://www.hs.fi/mielipide/art-2000007654614.html,Hallituksen strategia horjuu – ja syyttely yltyy,2020-12-02T02:00:00.000+02:00,
2000006664551,https://www.hs.fi/sunnuntai/art-2000006664551.html,"Pääministeri Marinin suosion salaisuus on se, että hänellä ei ole demarin naamaa",2020-10-11T06:28:00.000+03:00,"Sanna Marin ei istu historialliseen kuvavirtaan. Ei tule osumia, kirjoittaa kolumnissaan Annamari Sipilä."
2000006611060,https://www.hs.fi/politiikka/art-2000006611060.html,Vaalitentti­tuuraajasta hallituskriisin kautta pääministeriksi ja puolueen puheen­johtajaksi – Kuvakooste kertaa Sanna Marinin käänteiden täyttämät 599 päivää,2020-08-23T10:25:31.000+03:00,"Pirkanmaalainen kansanedustaja Sanna Marin nousi julkisuuden valokeilaan eduskuntavaalien alla 2019, kun hän toimi puheenjohtaja Rinteen sijaisena vaalitenteissä."
2000006610446,https://www.hs.fi/politiikka/art-2000006610446.html,"Antti Rinne pyysi puoluetta lopettamaan johtajiensa kampittamisen, Marin kiitti puheessaan väistyvää puheenjohtajaa: ”En tunne ketään niin ahkeraa ihmistä”",2020-08-22T15:43:55.000+03:00,"”Toivon, että tämän puoluekokouksen myötä vallanhimoiset pikkupelit haudataan lopullisesti”, Rinne sanoi jäähyväispuheessaan."
2000006610021,https://www.hs.fi/politiikka/art-2000006610021.html,"Sdp hurraa viikonloppuna johtajakseen Sanna Marinin, jonka tapa johtaa maata on nostanut puolueen suosiota – mutta onko se kestävä pohja kannatukselle?",2020-08-22T07:12:00.000+03:00,"Sdp voi pitkästä aikaa iloita puoluekokouksessaan, mutta edessä on puolueelle vaikea syksy."
2000006609647,https://www.hs.fi/paakirjoitukset/art-2000006609647.html,Sanna Marinin puheenjohtajakaudesta saattaa tulla pitkä,2020-08-21T20:15:00.000+03:00,"Moni äänestäjä on erehtynyt luulemaan, että pääministeri Sanna Marin johtaa Sdp:tä jo nyt."
2000006602266,https://www.hs.fi/mielipide/art-2000006602266.html,Alueellisten suositusten käyttö on nyt järkevää,2020-08-15T02:00:00.000+03:00,
2000006589480,https://www.hs.fi/politiikka/art-2000006589480.html,"Pääministeri Sanna Marin meni naimisiin, häitä vietettiin Kesärannassa",2020-08-02T15:13:00.000+03:00,"Häihin osallistuivat vain parin läheisimmät sukulaiset ja ystävät, kertoo valtioneuvosto."
2000006517199,https://www.hs.fi/politiikka/art-2000006517199.html,Sauli Niinistö ja Sanna Marin kohtaavat tänään Kultaranta-keskusteluissa: Törmäävätkö linjat?,2020-05-24T18:16:31.000+03:00,"Pääministeri Sanna Marinin hallitus on myös keskellä EU:n kriisiä – ja paljosta vastuussa historiallisten käänteiden keskellä. Törmääkö pääministerin ulko- ja turvallisuuspolitiikan linja tasavallan presidentin linjaan, kysyy HS:n politiikan toimittaja Anna-Liina Kauhanen."
2000006510918,https://www.hs.fi/mielipide/art-2000006510918.html,Kriisi pakottaa pohtimaan omaa humaaniuttamme,2020-05-18T02:00:00.000+03:00,
2000006510322,https://www.hs.fi/junkkari/art-2000006510322.html,Miksi pääministeri Sanna Marin hermostui Petteri Orpolle?,2020-05-16T20:25:21.000+03:00,Kokoomuksen Orpo kritisoi lauantaina hallitusta eduskunnan heikosta informoinnista koronakriisissä. Pääministeri vastasi Twitterissä poikkeuksellisen ärhäkästi.
2000006485136,https://www.hs.fi/sunnuntai/art-2000006485136.html,"HS seurasi kuukauden ajan puolen miljoonan lapsen ihmiskoetta – Romuttuuko oppiminen, jos koulupäivä toisensa perään on ohi tunnissa? ",2020-04-26T11:11:24.000+03:00,"Suomessa on käynnissä puolen miljoonan peruskoululaisen ihmiskoe, jonka pääosassa eivät ole vanhemmat tai opettajat, vaan lapset<br /><br />ja heidän ruutunsa. Toimittaja Reetta Räty oli kuuden viikon ajan 1–9-luokkalaisten kanssa etäkoulussa.<br /><br /><br />jee<br /><br />mikä sivu<br /><br />s.61.<br /><br />s.62<br /><br />kuuluuko<br /><br />kuuluu<br /><br />ei kuulu<br /><br />monelta tää homma    loppuu??"
2000006487093,https://www.hs.fi/politiikka/art-2000006487093.html,"Näin Sanna Marin ja muut ministerit ovat pärjänneet korona­kriisissä: HS kysyi, kuka on onnistunut ja mitä pitäisi parantaa",2020-04-26T06:41:00.000+03:00,Miten koronakriisiä hoitaneet keskeiset ministerit ovat onnistuneet tehtävässään? HS kysyi kriisin hoitoa läheltä seuranneilta arvioita hallituksen onnistumisista ja puutteista.
2000006479134,https://www.hs.fi/politiikka/art-2000006479134.html,"Tylsinä pidetyt asiat näyttävät nyt voimansa, sanoo Jyrki Katainen – juuri ne tekevät Suomesta vahvan korona­kriisissä",2020-04-19T06:21:07.000+03:00,"Suomen entinen pääministeri ja entinen EU-komissaari Jyrki Katainen miettii nyt Sitran johdossa, millainen Suomi koronakriisistä tulee ulos: ”Velka on maksettava.”"
2000006424114,https://www.hs.fi/politiikka/art-2000006424114.html,"HS-analyysi: Sanna Marinin hallitus nauttii nyt siitä kuherruskaudesta, joka Antti Rinteeltä jäi kokematta",2020-03-01T02:00:00.000+02:00,"Hallituksen suosio on tavallaan yllättävää, sillä se ei ole tehnyt käytännössä yhtään uutta poliittista linjausta."
2000006415217,https://www.hs.fi/sunnuntai/art-2000006415217.html,Sanna Marinilla on mahtipoliitikon kädet,2020-02-23T02:00:00.000+02:00,HS:n sunnuntaitoimitus tekee hajahuomioita viikon varrelta.
2000006374925,https://www.hs.fi/politiikka/art-2000006374925.html,"Hallituksen avustajakunta maksaa enemmän kuin syksyllä arveltiin, avustajat saavat lisää sihteereitä",2020-01-16T19:33:24.000+02:00,"EU-puheenjohtajuus loppui, mutta avustajien määrä on vain kasvanut Rinteen hallituksen jälkeen."
2000006365661,https://www.hs.fi/politiikka/art-2000006365661.html,"Ulkopolitiikka rysähti Sanna Marinin asialistalle, ja tänään pääministeri tekee ensimmäisen vierailunsa Ruotsiin",2020-01-08T07:00:10.000+02:00,"Marinin hallituksen alkumetreillä ulkopolitiikka hautautui sisäpolitiikan myrskyihin. Maailmalla kuitenkin kuohuu, eikä Suomi ole sivussa. Kun Marin vierailee keskiviikkona Ruotsissa, on hän yhtä kokematon ulkopolitiikassa kuin hänen edeltäjänsä oli aloittaessaan pääministerinä."
2000006360884,https://www.hs.fi/kuukausiliite/art-2000006360884.html,Hallituksen selvä enemmistö on opiskellut jenkkihymyn – enää seitsemän ministeriä piilottelee hampaitaan,2020-01-04T02:00:00.000+02:00,
2000006350328,https://www.hs.fi/politiikka/art-2000006350328.html,"Hallitus viritti ohjelmaansa useita aikapommeja, jotka uhkaavat räjähtää tänä vuonna",2020-01-03T10:00:04.000+02:00,"Sanna Marinin (sd) hallitus käy ikään kuin uudet hallitusneuvottelut vuonna 2020. Syynä on se, että viime kevään hallitusneuvotteluissa jätettiin ratkaisematta ainakin kolme isoa kysymystä."
