id,url,title,date_created,date_modified,lead
c4438c68-6c1a-492e-bc00-4dbafc4cfeb7,http://iltalehti.fi/viihdeuutiset/a/c4438c68-6c1a-492e-bc00-4dbafc4cfeb7,Nämä julkkikset menehtyivät vuonna 2020 – joukossa viihdelegendoja ja somevaikuttajia,2020-12-31T12:30:42+02:00,2020-12-31T12:30:42+02:00,Heidät menetimme vuonna 2020.
16fd14fa-9a7c-4bc2-bb96-3123edb53b08,http://iltalehti.fi/ulkomaat/a/16fd14fa-9a7c-4bc2-bb96-3123edb53b08,"Suomalainen Sonja laukoo suorat sanat Tukholman koronakaaoksesta: hoitajat sairaita ja uupuneita, potilaita tulee ""ovista ja ikkunoista""",2020-12-11T07:00:06+02:00,2020-12-11T07:00:06+02:00,"Tehohoitopaikat saattavat täyttyä Tukholmassa jo viikonloppuun mennessä, arvioi suomalaishoitaja. Hänen mukaansa ongelman taustalla on hoitajien väsymys. "
bd033025-0675-4eb0-97bc-621c359d8132,http://iltalehti.fi/kotimaa/a/bd033025-0675-4eb0-97bc-621c359d8132,Kenraalikuntaan kaksi uutta jäsentä – tässä kaikki reserviupseerien ylennykset itsenäisyyspäivänä,2020-12-06T00:01:00+02:00,2020-12-06T00:01:00+02:00,Itsenäisyyspäivän korkein ylennys on puolustusvoimien sotatalouspäällikkö Timo Kakkolan nimitys kenraaliluutnantiksi.
0b4c79c0-8208-4131-966d-c0f43b9f4c43,http://iltalehti.fi/vedonlyontiravit/a/0b4c79c0-8208-4131-966d-c0f43b9f4c43,Teemu Pukki pelikunnossa – Suomi jopa suursuosikki Bulgariaa vastaan,2020-10-11T12:09:53+03:00,2020-10-11T12:09:53+03:00,Sunnuntain mielenkiintoisin ottelu on Huuhkajien Kansojen liigan peli Bulgariaa vastaan.
5701a518-20e8-462f-9d4e-062b89c98ce3,http://iltalehti.fi/politiikka/a/5701a518-20e8-462f-9d4e-062b89c98ce3,Vihreät otti ilon irti Jenni Pitkon ”paitamokasta” – paitaa myydään 30 eurolla puolueen verkkokaupassa,2020-09-11T13:19:36+03:00,2020-09-11T13:19:36+03:00,Kansanedustaja Jenni Pitko (vihr) pukeutui torstain täysistunnossa puolueensa kampanjapaitaan.
8e64cb97-51af-4034-93e1-09832fef5319,http://iltalehti.fi/politiikka/a/8e64cb97-51af-4034-93e1-09832fef5319,Kansanedustaja Emma Karin somepäivitys aiheutti äläkän – ”Eikö tämä ole aika rumaa monia miespoliitikkoja kohtaan?”,2020-09-04T20:59:33+03:00,2020-09-04T20:59:33+03:00,"Emma Kari julkaisi kuvan, jossa on lapsensa kanssa Kesärannassa. Kuvan yhteyteen hän kirjoitti, että jos olisi saapunut edellisten hallitusten aikana pääministerin virka-asunnolle huutavan vauvan kanssa, se olisi voinut olla ”vähän” ahdistavaa. "
eb7ac930-71d0-4095-9720-f444dda2d021,http://iltalehti.fi/keho/a/eb7ac930-71d0-4095-9720-f444dda2d021,"Kansanedustaja Emma Kari näyttää, miltä vartalo näyttää raskauden jälkeen: ”Tässä on tehty uusi ihminen, se saa näkyä”",2020-07-09T18:54:58+03:00,2020-07-09T18:54:58+03:00,"Kansanedustaja Emma Kari haluaa rikkoa mielikuvan siitä, että vatsa palaa ennalleen heti synnytyksen jälkeen."
f303e776-da4d-4ed6-8616-f15a87b46971,http://iltalehti.fi/yleisurheilu/a/f303e776-da4d-4ed6-8616-f15a87b46971,"Kun köyhä Erki rantautui Suomeen, KGB oli kintereillä – tamperelaisen rakennusmestarin upea teko sai itkun silmään: ”Virolaisia luultiin varkaiksi”",2020-06-25T06:12:40+03:00,2021-01-01T21:21:55+02:00,"Kymmenottelija Erki Nool, 50, on ikuisesti kiitollinen tamperelaiselle Kari Koivulalle."
bee97323-17ca-492f-816d-d69ece5f8485,http://iltalehti.fi/kotimaa/a/bee97323-17ca-492f-816d-d69ece5f8485,"Hanhet söivät Oton viljelysmaata 150 000 euron edestä – asiantuntija tyrmää lintujen metsästämisen, mutta kannattaa esitystä ruokailupelloista",2020-05-25T11:33:48+03:00,2020-05-25T11:33:48+03:00,"Maatilalliset ovat voimattomia valkoposkihanhien edessä, mutta Birdlifen asiantuntija toppuuttelee metsästysintoa. "
9a8cdd59-99c9-4e98-a761-bf6561895021,http://iltalehti.fi/yleisurheilu/a/9a8cdd59-99c9-4e98-a761-bf6561895021,Ruotsalaiset äimän käkenä: Mitä tapahtui yleisurheilun 29-vuotiaalle MM-kultamitalistille? ”Kukaan ei ole nähnyt häntä vuosiin”,2020-04-19T09:03:56+03:00,2020-04-19T09:03:56+03:00,"Abeba Aregawi, 29, on teillä tietymättömillä."
e90e1139-56c7-4dc4-9ac6-406ee7d4d6b5,http://iltalehti.fi/horoskooppi/a/e90e1139-56c7-4dc4-9ac6-406ee7d4d6b5,Horoskooppi,2020-04-11T02:15:14+03:00,2020-04-11T02:15:14+03:00,
93bae83e-900c-4c1b-b0e6-24a0a0660b7e,http://iltalehti.fi/mestarienliiga/a/93bae83e-900c-4c1b-b0e6-24a0a0660b7e,Tiistai on iso päivä Huuhkajat-faneille – päätös EM-kisoista lyödään lukkoon,2020-03-17T08:51:28+02:00,2020-03-17T08:51:28+02:00,"Euroopan futisliitto Uefa päättää tiistaina, mitä se tekee jäljellä olevalle futiskaudelle. "
35c6b9a6-ad83-4c8f-9135-df2691607f75,http://iltalehti.fi/streetstyle/a/35c6b9a6-ad83-4c8f-9135-df2691607f75,Kaupallinen yhteistyö Vogue: Trendisukkahousut on tehty merten muoviroskasta,2020-02-28T08:00:00+02:00,2020-02-28T08:00:00+02:00,
072fb7cb-cd28-49f1-b358-7ba50f169d4a,http://iltalehti.fi/politiikka/a/072fb7cb-cd28-49f1-b358-7ba50f169d4a,Ministeri Maria Ohisalo IL:lle – Kreikka haluaa Suomen vastaanottavan lapsia pakolaisleireiltä: Tämä kaikki voidaan nyt kertoa,2020-02-14T20:53:19+02:00,2020-02-14T20:53:19+02:00,Iltalehti haastatteli sisäministeri Maria Ohisaloa Kreikasta haettaviin lapsiin liittyen.
348eddd5-7fda-4bdd-a29c-c9ac2d4e4028,http://iltalehti.fi/politiikka/a/348eddd5-7fda-4bdd-a29c-c9ac2d4e4028,Kreikassa olevat lapset hiertävät hallituspuolueiden välejä – keskusta ja vihreät tukkanuottasilla,2020-02-13T10:29:40+02:00,2020-02-13T11:35:29+02:00,"Hallituspuolueet keskusta ja vihreät ovat eri mieltä siitä, mitä hallituksen iltakoulussa on puhuttu ja sovittu."
695b16d0-26a8-49d7-af50-954de4a75272,http://iltalehti.fi/politiikka/a/695b16d0-26a8-49d7-af50-954de4a75272,Emma Karilta tyly kuitti Antti Kaikkoselle somessa – Kreikan leirien lasten auttamista käsitelty jo hallituksen iltakoulussa,2020-02-12T22:22:41+02:00,2020-02-12T22:22:41+02:00,Tuliko ministeri Ohisalon avaus Kreikan leireillä olevista lapsista yllättäen vai ei? Keskustan Kaikkosen mukaan tuli. Vihreiden Kari on eri mieltä. 
e4fbf8e4-c67c-47a8-8278-27814a1507f9,http://iltalehti.fi/kotimaa/a/e4fbf8e4-c67c-47a8-8278-27814a1507f9,"Räppäri Mercedes Bentso lasta odottavan Emma Karin vauvakirjoituksesta: ”On haitallista sanoa, että ketään naista ei pakoteta”",2020-02-01T17:32:42+02:00,2020-02-01T17:32:42+02:00,"Rap-artisti tarttui vihreiden Emma Karin kirjoituksessa lauseeseen: On hyvä, ettei ketään naista pakoteta enää synnyttämään isänmaan tai suvun takia. Hän oli Karin kanssa eri mieltä."
de90c41d-00de-4b26-8540-7cd266d78ab5,http://iltalehti.fi/politiikka/a/de90c41d-00de-4b26-8540-7cd266d78ab5,Anna: Kansanedustaja Emma Kari odottaa lasta ,2020-01-23T09:32:27+02:00,2020-01-23T09:32:27+02:00,Lapsen laskettu aika on kesäkuussa.
4931f1e3-45ba-400e-ad60-1aee1850075b,http://iltalehti.fi/politiikka/a/4931f1e3-45ba-400e-ad60-1aee1850075b,IL selvitti kansanedustajien valiokuntapoissaolot – yksi nousi ylitse muiden: ”Viime syksy oli ihan hirveä”,2020-01-21T08:19:17+02:00,2020-01-21T08:19:17+02:00,Kansanedustaja Riitta Mäkinen (sd) sai syksyllä 33 poissaolomerkintää omista valiokunnistaan.
