id,url,title,date_created,date_modified,lead
275c3ad3-661a-4515-879a-4186cba13e51,http://iltalehti.fi/jaakiekko/a/275c3ad3-661a-4515-879a-4186cba13e51,Nuorten Leijonien 17-vuotias superlupaus yllätti Antti Pennasen: ”Jos ihan rehellisiä ollaan...”,2020-12-20T14:59:29+02:00,2020-12-20T14:59:29+02:00,"Brad Lambert, 17, on Nuorten Leijonien kuopus ja yksi joukkueen seuratuimmista pelaajista."
4e4a4bd9-1069-433e-933c-00058377ed81,http://iltalehti.fi/smliiga/a/4e4a4bd9-1069-433e-933c-00058377ed81,Näkökulma: JYP halusi eroon Pekka Tirkkosesta – tässä päävalmentajan oudon lomautuksen taustat,2020-10-21T18:17:42+03:00,2020-10-21T18:17:42+03:00,"Päävalmentajan työpanos ei tyydyttänyt JYPiä, kirjoittaa Sasha Huttunen."
95599543-2549-4f93-a7ef-1b291201f782,http://iltalehti.fi/smliiga/a/95599543-2549-4f93-a7ef-1b291201f782,Suomi-kiekon 16-vuotias suurlupaus joutui keväällä kohumyrskyn keskelle – valmistautuu nyt läpimurtoon Liigassa: ”Ei pidä ottaa hampaankoloon”,2020-10-02T12:30:31+03:00,2020-10-02T12:30:31+03:00,Mahdolliseksi NHL:n ykkösvaraukseksi vuonna 2022 arvioitu Brad Lambert jätti HIFK:n vain kauden jälkeen ja valmistautuu nyt JYPissä iskemään läpi liigatasolla.
dfa31b6a-218e-4756-887d-c174fd49c6d1,http://iltalehti.fi/smliiga/a/dfa31b6a-218e-4756-887d-c174fd49c6d1,Näin käy SM-liigassa – Iltalehti arvioi joukkueiden voimasuhteet: ”Nyt on tultava tulosta”,2020-10-01T13:18:22+03:00,2020-10-01T13:18:22+03:00,Iltalehti arvioi tänään käynnistyvän SM-liigan asetelmat alkavaan kauteen.
a0ee6fbe-2ddc-4f28-afe5-2123a7de1b75,http://iltalehti.fi/viihdeuutiset/a/a0ee6fbe-2ddc-4f28-afe5-2123a7de1b75,"Anna Puu julkaisi harvinaisen kuvan tyttärestään: ”Pikku-Anna, kuin kopio”",2020-08-01T20:18:25+03:00,2020-08-01T20:18:25+03:00,Anna Puu julkaisi tunnelmallisen kuvan.
f6419f2f-7289-4ee2-9d7f-9ca1c7ed42b6,http://iltalehti.fi/viihdeuutiset/a/f6419f2f-7289-4ee2-9d7f-9ca1c7ed42b6,"Yle: Anna Puu avautuu vihdoin, miten päätyi eroamaan aviomiehestään: ”Kumpikaan ei halunnut avata Pandoran lipasta”",2020-07-06T12:26:18+03:00,2020-07-06T12:26:18+03:00,Laulaja Anna Puu erosi aviomiehestään vuonna 2013.
5e0bb783-13d4-4ed3-88e2-7d486878e4de,http://iltalehti.fi/koronavirus/a/5e0bb783-13d4-4ed3-88e2-7d486878e4de,"Poliisi aloitti esitutkinnan Kiuruveden hoivakodista: Nippu raskaita rikosnimikkeitä, toistakymmentä epäiltyä",2020-05-07T15:22:08+03:00,2020-05-07T17:13:42+03:00,Poliisi tiedotti aloittaneensa selvityksen hoivakodin toiminnasta huhtikuun loppupuolella. Nyt on käynnistynyt esitutkinta. 
44ff9f50-dd29-4369-9788-63d474665e81,http://iltalehti.fi/smliiga/a/44ff9f50-dd29-4369-9788-63d474665e81,170-senttinen taskuraketti rikkoi jo ennätyksensä – kiittää isäänsä uhrauksista ,2020-01-15T13:38:06+02:00,2020-01-15T13:54:37+02:00,21-vuotias hyökkääjä pelaa elämänsä kautta.
