id,url,title,date_created,date_modified,lead
6f535be0-f4db-4f24-ba2e-8fd8906f1603,http://iltalehti.fi/politiikka/a/6f535be0-f4db-4f24-ba2e-8fd8906f1603,Kolumnisti kirjoitti pääministerin rinnoista: Kokoomuksen Juhana Vartiainen ja Elina Lepomäki jakoivat eteenpäin - pyysivät lopulta anteeksi,2020-10-12T23:32:29+03:00,2020-10-12T23:32:29+03:00,Kokoomuksen kansanedustajat Elina Lepomäki ja Juhana Vartiainen jakoivat pääministerin rintoja kommentoinutta kolumnia. 
f3a48822-b746-4952-818d-555f60005cd7,http://iltalehti.fi/paakirjoitus/a/f3a48822-b746-4952-818d-555f60005cd7,Pääkirjoitus: Lepomäen tuuletus on myrskyvaroitus muille ,2020-09-07T13:22:41+03:00,2020-09-07T13:22:41+03:00,Kokoomuksen puheenjohtajistoon sunnuntaina noussut Elina Lepomäki antoi menestyksellään myrskyvaroituksen. 
38cf4c0d-c2a8-48a3-ac29-33b65d45e6a7,http://iltalehti.fi/politiikka/a/38cf4c0d-c2a8-48a3-ac29-33b65d45e6a7,"Häkkänen, Lepomäki ja Ikonen kokoomusjohtoon - ”Kaadetaan se hallitus ja pidetään ne vaalit”",2020-09-06T11:42:39+03:00,2020-09-06T11:42:39+03:00,"Etukäteen on uumoiltu, että kokoomuksen varapuheenjohtajavaalissa haetaan jo asetelmia seuraavaa, vuoden 2022, puheenjohtajakisaa silmällä pitäen."
de131402-f447-4b82-b10c-a81f8fff2945,http://iltalehti.fi/politiikka/a/de131402-f447-4b82-b10c-a81f8fff2945,Kommentti: Kokoomuksessa kisataan nyt varapuheenjohtajista - puheenjohtajaehdokkaat ajavat jo asemiin,2020-09-03T11:35:29+03:00,2020-09-03T11:35:29+03:00,"Syyskuun puoluekokous on eräänlainen välikokous, jossa todelliset puheenjohtajaehdokkaat ajavat asemiin, kirjoittaa Juha Keskinen."
08a21e24-9e97-4c62-ae92-7dc8f843bed2,http://iltalehti.fi/politiikka/a/08a21e24-9e97-4c62-ae92-7dc8f843bed2,"”Riskin realisoituminen ei ole merkki, että on luuseri” – Elina Lepomäki vaatii pienyrityksille helppoa pääsyä pikasaneeraukseen",2020-06-01T09:01:48+03:00,2020-06-01T09:01:48+03:00,"Elina Lepomäki ja kokoomus vaativat 3 000-6 000 euron tukea, jotta pienet yritykset pääsevät yrityssaneeraukseen. Ajatuksena on, että yrityksen voisi jäädyttää hetkeksi."
8852a39f-85c6-48ba-a980-97d57228d286,http://iltalehti.fi/politiikka/a/8852a39f-85c6-48ba-a980-97d57228d286,Näkökulma: Kansanedustaja al-Taeen Twitter-viesti edustaa suomettumista - Venäjän-pelolla tehdään jälleen kotiryssähenkistä politiikkaa,2020-03-09T11:58:34+02:00,2020-03-09T11:58:34+02:00,"Iltalehden eduskuntalähteiden mukaan Venäjän duumasta lähetetään viestejä kansanedustajille, jos joku suomalainen poliitikko on kritisoinut Venäjän politiikkaa, kirjoittaa Lauri Nurmi."
f8b4a4b1-193a-467d-b7f7-b73493357905,http://iltalehti.fi/politiikka/a/f8b4a4b1-193a-467d-b7f7-b73493357905,Kokoomuksen varapuheenjohtajuutta tavoitteleva Elina Lepomäki haluaa eroon tosikon maineestaan,2020-03-08T08:41:01+02:00,2020-03-08T08:41:01+02:00,"Iltalehden haastattelussa Lepomäki kertoo, miten hän päivittäisi kokoomuksen koti, uskonto ja isänmaa -imagon 2020-luvulle."
eaaae971-2494-4aa3-b5bc-0f3c7cc67444,http://iltalehti.fi/politiikka/a/eaaae971-2494-4aa3-b5bc-0f3c7cc67444,Koronasokki saattaa romahduttaa Suomen julkisen talouden - kokoomuksen Elina Lepomäki varoittaa yli 10 miljardin euron alijäämästä,2020-03-07T14:21:20+02:00,2020-03-07T14:21:20+02:00,"Lepomäen mielestä Suomessa ei vielä ymmärretä, miten vakavasta asiasta on kyse. "
ea31992a-0ec9-4855-b791-2fcba1636da9,http://iltalehti.fi/politiikka/a/ea31992a-0ec9-4855-b791-2fcba1636da9,IL-kysely: Petteri Orpon suosio laskee - yhä useampi kokoomuslainen haluaisi vaihtoon,2020-01-31T14:52:28+02:00,2020-01-31T16:43:37+02:00,Kokoomusvaikuttajille tehdyssä kyselyssä kahden päähaastajan eli Antti Häkkäsen ja Elina Lepomäen yhteenlaskettu kannatus on selvästi yli 50 prosenttia. 
cac61c42-65ed-479d-b414-88d866bc84d1,http://iltalehti.fi/politiikka/a/cac61c42-65ed-479d-b414-88d866bc84d1,MT-gallup: Antti Häkkänen nousi suosiossa Petteri Orpon rinnalle – Lepomäen kannatus notkahti,2020-01-22T05:00:10+02:00,2020-01-22T05:00:10+02:00,Kansanedustaja Antti Häkkäsen (kok) suosio on vankistunut kokoomusäänestäjien keskuudessa.
