id,url,title,date_created,date_modified,lead
7844da09-704a-476a-87a4-1bf5eb8c78de,http://iltalehti.fi/kotimaa/a/7844da09-704a-476a-87a4-1bf5eb8c78de,Suomi harkitsee lentokieltoa Britanniasta – THL:n Tervahauta: Asiasta suosituksia ehkä jo tänään ,2020-12-20T17:32:19+02:00,2020-12-20T17:32:19+02:00,Terveyden ja hyvinvoinnin laitos osallistuu sunnuntai-iltana uutta koronavirusmuunnosta koskeviin kansainvälisiin kokouksiin. 
dd7845c4-cc44-44e2-805b-4281cdb58a5e,http://iltalehti.fi/politiikka/a/dd7845c4-cc44-44e2-805b-4281cdb58a5e,Eduskunta jakoi kuulut joululahjarahat – katso koko lista,2020-12-11T11:35:15+02:00,2020-12-11T19:04:46+02:00,"Taas on se aika vuodesta, kun eduskunta jakaa ns. joululahjarahat."
8417cc20-0881-40c4-9661-6b4fe3f6a661,http://iltalehti.fi/politiikka/a/8417cc20-0881-40c4-9661-6b4fe3f6a661,Suomi-rata ja Turun tunnin juna nytkähtivät eteenpäin – näin paljon suunnittelu ja rakentaminen maksavat,2020-12-08T10:50:32+02:00,2020-12-08T10:50:32+02:00,"Turun hankkeen suunnittelu on jo aloitettu, ja siihen on saatu EU-rahaa. "
5a7fa500-5b96-41a2-aaff-2bec126f4837,http://iltalehti.fi/politiikka/a/5a7fa500-5b96-41a2-aaff-2bec126f4837,Marin bensan hinnan nostosta: ”Tavoitteemme ei ole nostaa liikkumisen hintaa”,2020-11-04T16:52:39+02:00,2020-11-04T19:18:15+02:00,Hallitus keskustelee tänä iltana liikenteen päästövähennyksistä. Saapuessaan Säätytalolle pääministeri Sanna Marin kommentoi myös Yhdysvaltojen vaalitilannetta.
58dc9952-ff71-4932-aeb6-a3eb62fc5b52,http://iltalehti.fi/politiikka/a/58dc9952-ff71-4932-aeb6-a3eb62fc5b52,Hallitus pui Vastaamon tietomurtoa ensi viikolla – Ohisalo: Uhrien auttaminen nyt tärkeintä,2020-10-25T22:55:01+02:00,2020-10-25T22:55:01+02:00,Osa ministereistä kokoontui keskustelemaan tietomurtotapauksesta jo sunnuntaina.
8d042cca-53f2-43e9-92c4-09fb5656196c,http://iltalehti.fi/iltvuutiset/a/8d042cca-53f2-43e9-92c4-09fb5656196c,Katso Iltalehden suuri puheenjohtajatentti! ,2020-10-20T15:58:59+03:00,2020-11-12T14:04:11+02:00,Viiden suurimman puolueen puheenjohtajat kohtasivat tiistaina Iltalehden suuressa tentissä. 
ca91ff62-7d26-47cb-934d-3a00eabae6a6,http://iltalehti.fi/politiikka/a/ca91ff62-7d26-47cb-934d-3a00eabae6a6,Uutissuomalainen: Harakka ei korottaisi bensiinin ja dieselin hintaa,2020-10-17T08:41:53+03:00,2020-10-17T08:41:53+03:00,Harakka kannattaa biopolttonesteiden ja biokaasun osuuden kasvattamista.
dd4ebf8d-cf48-480c-890d-cf7b0e0682c5,http://iltalehti.fi/autouutiset/a/dd4ebf8d-cf48-480c-890d-cf7b0e0682c5,Uusi romutuspalkkio tulee pikana – Enimmillään jopa 2000 euroa,2020-10-15T11:18:56+03:00,2020-10-15T11:18:56+03:00,"Valtioneuvosto on lähettänyt lausuntokierrokselle esityksen uudesta romutuspalkkiosta, joka otettaisiin käyttöön ehkä tämä vuoden lopulla."
49f36ea9-328e-4fe5-8c35-ab2d2a4dc1ce,http://iltalehti.fi/politiikka/a/49f36ea9-328e-4fe5-8c35-ab2d2a4dc1ce,Kommentti: Keskusta haluaa tehdä haaveestaan totta eli autoilusta halvempaa maaseudulla - ”Kyllästyttää tämä jatkuva taistelu torjuntavoitoista”,2020-10-13T12:16:04+03:00,2020-10-13T12:16:04+03:00,"Keskusta haluaa kannattajilleen myönteisiä uutisia, eli halvempaa autoilua siellä, missä joukkoliikenne ei toimi, kirjoittaa Juha Ristamäki."
d2dca952-dffd-414b-ada7-224f6d0b9291,http://iltalehti.fi/politiikka/a/d2dca952-dffd-414b-ada7-224f6d0b9291,"Marin kertoi uusista koronatoimista – Kiuru ärähti eduskunnalle: ”Ymmärrättekö, miten vakava tämä tilanne on?”",2020-10-08T15:18:52+03:00,2020-10-08T18:37:17+03:00,Kyselytunnilla puhuttivat muun muassa ruuhkamaksut ja koronatilanteen hoitaminen.
c3894327-abe3-400a-89dc-18315e2033f0,http://iltalehti.fi/politiikka/a/c3894327-abe3-400a-89dc-18315e2033f0,Poliitikot vetoavat kansalaisia käyttämään suojaimia – moni ministeri saapui ilman maskia Säätytalon koronaneuvotteluun,2020-09-29T18:58:42+03:00,2020-09-29T18:58:42+03:00,"Maskin käyttö jakoi STM:ssä koronasta vastaavat ministerit Säätytalon portailla. Neuvotteluissa sisällä maskit oli kaikilla ministereillä ja virkamiehillä, valtioneuvoston viestintäjohtaja kertoo."
7e86338b-1fe9-4940-b407-31681a458c38,http://iltalehti.fi/kotimaa/a/7e86338b-1fe9-4940-b407-31681a458c38,Finnair lopettaa viisi maakuntareittiä ensi keväänä – valtio saattaa turvata lennot,2020-09-17T14:06:52+03:00,2020-09-17T14:06:52+03:00,Finnairin mukaan reitit olivat jo ennen pandemiaa kannattavuudeltaan haastavia heikon kysynnän vuoksi.
a66a289a-3382-4764-9fa2-3b8075e2cade,http://iltalehti.fi/kotimaa/a/a66a289a-3382-4764-9fa2-3b8075e2cade,Ministeri Harakka etätöihin toistaiseksi,2020-09-14T19:26:40+03:00,2020-09-14T19:26:40+03:00,Kyseessä on varotoimi ministerin lievien hengitysoireiden takia.
a7e0c2ae-80eb-4196-969e-b7fe86426625,http://iltalehti.fi/vedonlyontiravit/a/a7e0c2ae-80eb-4196-969e-b7fe86426625,IL:n Valioliiga-ennakko vedonlyöjille: Manchester City on selvä suosikki – katso tästä koko ranking ja arviot,2020-09-12T08:55:07+03:00,2020-09-12T08:55:07+03:00,Uusi valioliigakausi starttaa viikonloppuna ja ilmassa on vaihtuvan mestarin tuntua. IL:n vedonlyöntitoimittaja Pete Käenmäki rankkasi joukkueet järjestykseen.
9ab362fd-55f7-4ec2-9727-78bb16f46401,http://iltalehti.fi/ulkomaat/a/9ab362fd-55f7-4ec2-9727-78bb16f46401,"”On ollut pelkoa siitä, että ruotsalaiset tulevat ja levittävät tartuntoja” – Ruotsista pääsee pian Suomeen, tällainen on maan tautitilanne nyt",2020-09-11T15:20:18+03:00,2020-09-11T15:20:18+03:00,Ruotsissa uutisoitiin torstaina Suomen päätöksestä päästää ruotsalaiset maahan.
f431ee31-6de1-479c-93bd-99c7c92bda60,http://iltalehti.fi/koronavirus/a/f431ee31-6de1-479c-93bd-99c7c92bda60,Matkailuhelpotukset kartalla – katso mitkä Euroopan maat jatkossa vihreitä,2020-09-10T21:58:49+03:00,2020-09-11T12:36:39+03:00,Suomalaiset saavat matkustaa vapaammin ensi viikon lauantaista lähtien. 
71d92cf7-0278-4331-a8aa-2ea64160a9f8,http://iltalehti.fi/politiikka/a/71d92cf7-0278-4331-a8aa-2ea64160a9f8,Suomi höllentää maahantulon raja-arvoa - pian tänne pääsee vaikka Ruotsista ja Saksasta,2020-09-10T20:35:06+03:00,2020-09-10T22:05:11+03:00,Suomeen pääsyä ollaan helpottamassa. 
aa9029ed-01ca-4ddf-9492-9a1c092622dc,http://iltalehti.fi/politiikka/a/aa9029ed-01ca-4ddf-9492-9a1c092622dc,"IL-Analyysi: Tätä luvassa budjettiriihestä: Hallitus leikkaa eläkeputkea, tuo ”aktiivimalli kakkosen”, ilmastotoimia puolen miljardin edestä",2020-09-10T07:39:37+03:00,2020-09-10T07:39:37+03:00,"Hallitus aloittaa budjettiriiheensä maanantaina. Iltalehti on eri hallituslähteistä haarukoinut, millaisia päätöksiä budjettiriihestä olisi tulossa."
2c95a0a1-4405-4471-87d3-1a81be3923b8,http://iltalehti.fi/koronavirus/a/2c95a0a1-4405-4471-87d3-1a81be3923b8,Lakiehdotus lähetetty: Matkustajille velvollisuus hankkia todistus negatiivisesta koronatuloksesta –  ”Pidän yhtenä kiireellisimmistä asioista”,2020-09-08T07:31:08+03:00,2020-09-08T07:31:08+03:00,Vaatimus ei koskisi Suomen kansalaisia. 
80386be7-0c85-42a6-b541-d06026d51078,http://iltalehti.fi/kotimaa/a/80386be7-0c85-42a6-b541-d06026d51078,Käännytetäänkö ei-testatut Suomeen pyrkijät? Mistä ulkomailla saa rajalla hyväksyttävän testin? Tästä valmisteltavassa laissa on kyse,2020-09-03T08:00:15+03:00,2020-09-03T08:00:15+03:00,"Vaatimus ei näillä näkymin koskisi Suomen kansalaisia. Asiantuntija muistuttaa, että Suomessa perusoikeudet kuuluvat kaikille."
d077d021-4a0e-449f-8ce2-736abc98619a,http://iltalehti.fi/koronavirus/a/d077d021-4a0e-449f-8ce2-736abc98619a,Uusi laki valmisteilla: Suomeen ulkomailta tulijoilta vaadittaisiin negatiivinen koronatestitulos,2020-09-02T16:40:06+03:00,2020-09-02T16:40:06+03:00,Liikenne- ja viestintäministeriön tiedotteen mukaan laki olisi voimassa ensi vuoden loppuun saakka. 
8cbb6b6e-8d37-41f3-9ce9-5f732ef5d38a,http://iltalehti.fi/politiikka/a/8cbb6b6e-8d37-41f3-9ce9-5f732ef5d38a,SDP:n uusi johto tuulettaa – katso kuva,2020-08-23T17:30:47+03:00,2020-08-23T17:30:47+03:00,SDP:n uudet johtajat on saatu valittua puoluekokouksessa.
f2b8b3d6-d0e8-4724-be00-0ac527da1f92,http://iltalehti.fi/politiikka/a/f2b8b3d6-d0e8-4724-be00-0ac527da1f92,SDP:n 1. varapuheenjohtajaksi noussut Niina Malm yllättyi äänisaaliistaan – ”epäuskoinen olo”,2020-08-23T08:37:19+03:00,2020-08-23T19:24:09+03:00,"SDP:n varapuheenjohtajiksi valittiin kansanedustaja Niina Malm, ministeri Ville Skinnari ja kansanedustaja Matias Mäkynen."
d8fc55c2-85d3-42e7-955a-8fe3a8e16dbd,http://iltalehti.fi/politiikka/a/d8fc55c2-85d3-42e7-955a-8fe3a8e16dbd,Skopjen-lentojen kieltäminen mutkistui – Ministeri Harakka: ”Lainsäädäntö on epämääräinen”,2020-08-22T20:42:29+03:00,2020-08-22T20:42:29+03:00,Pohjois-Makedonian Skopjesta Suomeen tulleiden lentojen matkustajilla on todettu lukuisia koronavirustartuntoja. Lentojen kieltäminen ei olekaan varmaa.
3338943d-09ec-4d01-8d37-8804e558ea4e,http://iltalehti.fi/kotimaa/a/3338943d-09ec-4d01-8d37-8804e558ea4e,Mitkä ulkomaanlennot kulkevat Suomessa? Katso lista ,2020-08-22T15:49:46+03:00,2020-08-22T15:49:46+03:00,"Kansainvälisiä lentoja liikennöidään tällä hetkellä Helsinki-Vantaan, Turun ja Maarianhaminan lentoasemilta."
262b1885-00aa-4d5e-b53f-0028bc75ae13,http://iltalehti.fi/politiikka/a/262b1885-00aa-4d5e-b53f-0028bc75ae13,"Kooste SDP:n puoluekokouksen 1. päivästä: Marinin siivouspuheet, Rinne tyrmää työtarjouksia, 6 tunnin työpäivä...",2020-08-22T09:05:37+03:00,2020-08-22T19:13:46+03:00,SDP:n puoluekokous on täydessä vauhdissa Tampereella.
7eab4c40-baaa-44bf-b931-41ccb630f807,http://iltalehti.fi/politiikka/a/7eab4c40-baaa-44bf-b931-41ccb630f807,Analyysi: Tänä viikonloppuna Marinin kruunajaisten varjossa demarit käyvät armotonta taistelua vallasta,2020-08-22T08:36:06+03:00,2020-08-22T08:36:06+03:00,"SDP:n uudeksi valta-akseliksi on nousemassa Sanna Marin - Krista Kiuru. Antti Lindtman on menettämässä asemiaan, kirjoittavat Lauri Nurmi ja Juha Ristamäki. "
b2a61829-1a7d-4d6e-bd4b-753f8b47e282,http://iltalehti.fi/autouutiset/a/b2a61829-1a7d-4d6e-bd4b-753f8b47e282,Näkökulma: Yksityisautoilun vähentäminen ei onnistu: Väki karkaa omaan autoon koronaa pakoon,2020-08-20T14:37:52+03:00,2020-08-20T19:32:44+03:00,"Ruuhkaiset bussit ja junat eivät houkuta ihmisiä, kun koronapeikko väijyy ovensuussa, kirjoittaa autotoimittaja Pentti J. Rönkkö."
0ee0d200-f385-4e6e-af40-339a71d77e74,http://iltalehti.fi/koronavirus/a/0ee0d200-f385-4e6e-af40-339a71d77e74,Skopjen tiistain lennolla 17 koronatartuntaa - kaikki 127 matkustajaa karanteeniin,2020-08-19T21:22:01+03:00,2020-08-19T21:50:23+03:00,Turkuun Pohjois-Makedonian Skopjesta tiistaina saapuneen lennon matkustajista seitsemällätoista on todettu koronavirustartunta.
9d0dc62f-fd95-41bd-a0b4-17b4bd6ad0f8,http://iltalehti.fi/politiikka/a/9d0dc62f-fd95-41bd-a0b4-17b4bd6ad0f8,Hallitus: Viron liikenteen osalta tilanne jatkuu entisellään – Skopjen-lennot kieltoon viranomaistoimin,2020-08-19T07:38:34+03:00,2020-08-19T07:38:34+03:00,Hallituksen päätöksistä ovat kertomassa sisäministeri Maria Ohisalo (vihr) sekä liikenne- ja viestintäministeri Timo Harakka (sd).
a81a4ee5-4eab-415f-8e13-597db233fc27,http://iltalehti.fi/koronavirus/a/a81a4ee5-4eab-415f-8e13-597db233fc27,Hallitus tiedottaa rajapäätöksistään aamulla – Näin ministerit kommentoivat yöhön venyneitä neuvotteluja,2020-08-18T12:14:57+03:00,2020-08-19T01:59:09+03:00,Hallitus kokoontui neuvottelemaan muun muassa matkustusrajoitusten liikennevalomallista. Päätöksiä ei vielä tiistaina saatu aikaan.
7c5b426b-4fd2-4009-b9fb-73808e59a2d5,http://iltalehti.fi/kotimaa/a/7c5b426b-4fd2-4009-b9fb-73808e59a2d5,"Ministeri Harakka: ”Esitän, että lentoyhteys Turun ja Skopjen välillä lopetetaan”",2020-08-17T14:09:55+03:00,2020-08-17T15:01:54+03:00,"Tiedossa on yhteensä 43 koronatartuntaa, jotka ovat peräisin kolmen lennon matkustajilta. "
befc4d98-4cd0-4872-83b5-e44fd7aeb6c7,http://iltalehti.fi/politiikka/a/befc4d98-4cd0-4872-83b5-e44fd7aeb6c7,HUS:n johto esitti lentomatkustajien laajoja koronatestejä jo 3. kesäkuuta - toimet alkavat vasta kaksi kuukautta myöhemmin,2020-08-12T13:59:47+03:00,2020-08-12T13:59:47+03:00,"HUS:n johto ja Vantaan kaupunki ilmaisivat kesäkuun alkaessa kirjeessä maan hallitukselle huolensa siitä, että järjestelmällistä koronatestausta ei ollut aloitettu Helsinki-Vantaan lentoasemalla. STM:n johto sai kirjeen."
cfa8af96-0d66-48c5-97b7-8b92d16df369,http://iltalehti.fi/koronavirus/a/cfa8af96-0d66-48c5-97b7-8b92d16df369,Tornion kaupunginjohtaja yllättyi hallituksen karanteenipäätöksestä – rajan pakkokaranteeni voimaan aikaisintaan kahden viikon päästä,2020-08-12T08:25:20+03:00,2020-08-12T16:09:07+03:00,Tornion kaupunginjohtaja Timo Nousiainen pitää Krista Kiurun ilmoitusta yllättävänä.
a4f4dd3a-f205-4da5-a991-94bb3344c32f,http://iltalehti.fi/kotimaa/a/a4f4dd3a-f205-4da5-a991-94bb3344c32f,Suomi ottaa käyttöön pakkokaranteenin ja -testit – tätä se tarkoittaa,2020-08-11T12:23:40+03:00,2020-08-11T12:23:40+03:00,"Hallitus aikoo ottaa kovat keinot käyttöön, jotta koronavirusepidemia saadaan pysäytettyä rajoille."
1a3bc676-963f-4dd6-98e4-008f38c8aff2,http://iltalehti.fi/koronavirus/a/1a3bc676-963f-4dd6-98e4-008f38c8aff2,"Riskimaista saapuvat pakkotestaukseen, karanteenin rikkomisesta rangaistus – tällaisia tiukennuksia hallitus kaavailee matkustamiseen ",2020-08-10T22:33:03+03:00,2020-08-10T22:33:03+03:00,STM kertoi maanantaina matkustusrajoitusten kiristyksistä.
ec3e34f2-a530-4072-87cc-7ca9a7f57e21,http://iltalehti.fi/viihdeuutiset/a/ec3e34f2-a530-4072-87cc-7ca9a7f57e21,Antti Kaikkonen ja Jannika Ranta - Poikavauva on syntynyt: ”Pienet lenkkarit ovat odottaneet käyttäjäänsä”,2020-07-22T18:32:33+03:00,2020-07-23T02:16:58+03:00,Puolustusministeri kertoo asiasta Facebookissa.
01f86163-06c7-4bbc-b88a-7f5b6106ac7c,http://iltalehti.fi/kotimaa/a/01f86163-06c7-4bbc-b88a-7f5b6106ac7c,Hätähuuto Parkanon ja naapurikuntien johtajilta: vaativat liikenneministeriä laittamaan torstain turmatien kuntoon – ”Riskit ovat olleet tiedossa”,2020-07-17T20:43:55+03:00,2020-07-17T20:43:55+03:00,Samassa paikassa on sattunut aikaisemminkin kuolonkolareita ja vakavia liikenneonnettomuuksia.
756a956c-0c78-4f69-9dec-eacb1b411e0c,http://iltalehti.fi/politiikka/a/756a956c-0c78-4f69-9dec-eacb1b411e0c,Liikenneministeri Harakka: ”Bernerin taksiuudistus meni liian pitkälle - riuskat nuorukaiset eivät uskalla ottaa taksia Elielinaukiolta”,2020-07-14T20:35:39+03:00,2020-07-14T20:35:39+03:00,"Liikenne- ja viestintäministeri Timo Harakan (sd) haluaa taksialalle ”reilua kilpailua”, joka auttaa sekä asiakkaita että takseja. Anne Bernerin (kesk) lakiuudistuksen ”korjaussarja” on tarkoitus saada voimaan jo tämän vuoden loppuun mennessä."
2a76c645-a5c0-4c7b-84ea-cec0b2a48e56,http://iltalehti.fi/politiikka/a/2a76c645-a5c0-4c7b-84ea-cec0b2a48e56,Taksilain ”korjaussarjassa” perutaan lukuisia Bernerin kohuttuja uudistuksia – alan toimijat pääosin tyytyväisiä: ”Takseihin värilliset rekisterikilvet”,2020-07-13T19:42:48+03:00,2020-07-13T19:42:48+03:00,Liikenne- ja viestintäministeriö sai taksiliikenteen uudistuksen uudistamisesta kaikkiaan 166 lausuntoa.
af114376-0fcf-4c3c-8b94-6b28bda4528c,http://iltalehti.fi/politiikka/a/af114376-0fcf-4c3c-8b94-6b28bda4528c,IL selvitti: Näin ministerit ja heidän avustajansa käyttivät valtion luottokorttia – Anna-Maja Henriksson kestitsi Ruotsin ministeriä Savoyssa,2020-07-11T07:09:11+03:00,2020-07-11T07:09:11+03:00,"Iltalehden selvityksen mukaan Sanna Marinin hallituksen ministerit, erityisavustajat ja valtiosihteerit käyttivät valtion luottokorttia perin säästeliäästi."
3dd87400-a7f6-471f-a222-fc38dbc1706e,http://iltalehti.fi/politiikka/a/3dd87400-a7f6-471f-a222-fc38dbc1706e,Rinne puolustaa palkkatukilaskelmiaan – Korona tuli väliin: ”Jokainen tervejärkinen ymmärtää”,2020-07-01T14:36:04+03:00,2020-07-01T16:08:29+03:00,Ex-pääministeri Antti Rinteen mukaan koronavirustilanne muutti myös hallituksen palkkatukilaskelmat.
e4073bf2-8a54-4bbf-a071-eafb46455c52,http://iltalehti.fi/politiikka/a/e4073bf2-8a54-4bbf-a071-eafb46455c52,Antti Rinteen arvio meni pieleen – HS: Palkkatuki työllistämässä vain tuhat,2020-07-01T11:42:26+03:00,2020-07-01T11:42:26+03:00,Helsingin Sanomien tiedot asettavat SDP:n Antti Rinteen ja Timo Harakan viimesyksyiset lausunnot erikoiseen valoon.
d3aed73e-995f-43dc-a7e8-1bf238817fcb,http://iltalehti.fi/politiikka/a/d3aed73e-995f-43dc-a7e8-1bf238817fcb,SDP:n Timo Harakka ja Antti Lindtman lounastivat pitkän kaavan kautta – kuohuviiniä keskellä päivää ja 300 euron lasku veronmaksajille,2020-06-19T07:07:20+03:00,2020-06-19T07:07:20+03:00,Liikenne- ja viestintäministeri Timo Harakka (sd) järjesti tyyriin lounaan.
2941b159-9819-4085-bca0-b311ba31c3a8,http://iltalehti.fi/politiikka/a/2941b159-9819-4085-bca0-b311ba31c3a8,Timo Harakka pyrkii SDP:n varapuheenjohtajaksi,2020-06-17T13:11:54+03:00,2020-06-17T13:11:54+03:00,Liikenne- ja viestintäministeri Timo Harakka aikoo asettua ehdolle myös kuntavaaleissa.
0ce62a61-538b-4174-b855-e682ed1e1898,http://iltalehti.fi/kotimaa/a/0ce62a61-538b-4174-b855-e682ed1e1898,"Poliisi neuvoo: Nämä ovat juhannuksen ruuhkaisimmat ajankohdat, ja näin vältät ne ",2020-06-17T09:01:07+03:00,2020-06-17T09:24:24+03:00,Poliisi valvoo juhannuksena liikennettä tehostetusti.
aa5c4791-19a7-4578-bc06-a9c124e7c85b,http://iltalehti.fi/kotimaa/a/aa5c4791-19a7-4578-bc06-a9c124e7c85b,"Liikenneministeri Timo Harakka: Vältä juhannuksena näitä teitä, jos et halua hikoilla ruuhkissa",2020-06-17T07:01:26+03:00,2020-06-17T07:01:26+03:00,"Liikenne- ja viestintäministeri Timo Harakka sanoo, että juhannusfestivaalien peruuntuminen vaikuttaa liikenteeseen."
df707e1c-600d-42a3-a3b3-9b05c57bce27,http://iltalehti.fi/kotimaa/a/df707e1c-600d-42a3-a3b3-9b05c57bce27,Uskomaton sattuma! Sari tuskaili huoltoasemalla uuden autonsa kanssa – kesäasuinen liikenneministeri pelasti pinteestä,2020-06-15T20:57:54+03:00,2020-06-15T20:57:54+03:00,"Timo Harakka kommentoi, että ”pitäähän liikenneministerin ansaita palkkansa”."
1e7824ae-2fab-4d32-8e6c-3d0cb4574b71,http://iltalehti.fi/politiikka/a/1e7824ae-2fab-4d32-8e6c-3d0cb4574b71,Näiden maiden matkustusrajoitukset höllentyvät – yli 500 hengen tapahtumat sallitaan erityisjärjestelyin,2020-06-11T08:30:02+03:00,2020-06-11T16:00:28+03:00,Hallitus kertoi neuvotteluiden tuloksista tiedotustilaisuudessa.
7b2e57d7-6be8-49c7-a34b-c5e92512352e,http://iltalehti.fi/politiikka/a/7b2e57d7-6be8-49c7-a34b-c5e92512352e,Jo kolmas ministeriero - tällä vaalikaudella on ollut salkunkierrätystalkoot: ”Katrin asema melko heikko”,2020-06-07T20:23:56+03:00,2020-06-07T20:23:56+03:00,Keskusta valitsee Katri Kulmunin tilalle uuden valtiovarainministerin maanantaiaamuna.
6075037c-5227-4e81-a0b6-0cf68b5a6f8e,http://iltalehti.fi/politiikka/a/6075037c-5227-4e81-a0b6-0cf68b5a6f8e,"Näin valtio tukee raidehankkeita, elvytyspaketissa uusi designmuseo – ministeri: ”Kauneutta ei ole koskaan liiaksi”",2020-06-03T10:09:01+03:00,2020-06-03T13:26:41+03:00,"Hallitus kertoi, mitä ennätyksellisen suuri MAL-sopimus tarkemmin ottaen tarkoittaa."
4a874931-052b-4b34-b0f8-07462f477b64,http://iltalehti.fi/talous/a/4a874931-052b-4b34-b0f8-07462f477b64,"Hallituksen ennätyssuuri lisäbudjetti 5,5 miljardia euroa - näin ministerit perustelevat",2020-06-02T10:42:05+03:00,2020-06-02T10:42:05+03:00,Hallituksen lisäbudjettineuvottelu alkoi kuusi tuntia myöhässä.
6d6ad876-4449-4555-8281-122be342ed0e,http://iltalehti.fi/kotimaa/a/6d6ad876-4449-4555-8281-122be342ed0e,Kysely: Yli puolet suomalaisista suhtautuu taksiuudistukseen yhä kielteisesti,2020-05-26T18:35:13+03:00,2020-05-26T18:35:13+03:00,Kyselyn perusteella 55 prosenttia vastaajista näkee taksialan vapauttamisen negatiivisena asiana. 
777e9efa-d1dd-402c-bfd2-f9c3efd8c872,http://iltalehti.fi/politiikka/a/777e9efa-d1dd-402c-bfd2-f9c3efd8c872,Näkökulma: Sanna Marinin tie huipulle – taitava taktikko ja SDP:n onnekkain poliitikko,2020-05-17T06:03:22+03:00,2020-05-17T06:03:22+03:00,"Taitavat taktiset vedot ja onnekkaat sattumat nostivat Sanna Marinin pääministeriksi, kirjoittaa Juha Keskinen."
de74a553-872f-4d94-955c-576c3feead19,http://iltalehti.fi/politiikka/a/de74a553-872f-4d94-955c-576c3feead19,IL selvitti: Menevätkö ministerien lapset torstaina takaisin kouluun ja päivähoitoon? ,2020-05-13T06:03:57+03:00,2020-05-13T06:03:57+03:00,Ministerit noudattavat hallituksen linjausta omien lastensa kohdalla.
aa58e839-07a1-4a3b-9f27-e448ed9765bc,http://iltalehti.fi/kotimaa/a/aa58e839-07a1-4a3b-9f27-e448ed9765bc,Sanna Ukkolan kolumni: Timo Harakan esitys “totuuskomiteasta” on pöyristyttävä – media on jo nyt liian yksisilmäinen,2020-05-07T09:04:29+03:00,2020-05-07T09:04:29+03:00,"Jos luen mediasta jutun Donald Trumpista, tiedän jo ennen jutun lukemista, että se on todennäköisesti negatiivinen, kirjoittaa Iltalehden kolumnisti Sanna Ukkola."
4406a428-4abc-41a6-92d8-334487f28ad7,http://iltalehti.fi/politiikka/a/4406a428-4abc-41a6-92d8-334487f28ad7,"Pääministeri Marin: Hallituspuolueilla ei eripuraa rajoitusten purkamisesta, Ohisalo: Tästä eteenpäin kahden metrin yhteiskunta",2020-05-04T09:16:18+03:00,2020-05-04T11:02:47+03:00,"Sanna Marinin hallitus neuvottelee Säätytalolla siitä, miten rajoituksia lähdetään asteittain purkamaan."
bf652e90-59f8-4cc5-9778-553437c207f9,http://iltalehti.fi/paakirjoitus/a/bf652e90-59f8-4cc5-9778-553437c207f9,"Pääkirjoitus: Viestintäministeri Harakan tukipaketti ei juuri tue mediaa, mutta pyrkii kyllä ohjailemaan sitä",2020-04-28T16:04:35+03:00,2020-04-28T16:04:35+03:00,"Nyt kaavaillut median korona-avustukset osoittavat, ettei hallitus oppinut mitään Business Finlandin tukivirheistä, kirjoittaa uutispäätoimittaja Perttu Kauppinen."
4c5ecfe4-d8c7-4124-a2df-f73952bb7ae3,http://iltalehti.fi/kotimaa/a/4c5ecfe4-d8c7-4124-a2df-f73952bb7ae3,Ministeriö tutkii neljää ehdotusta: Näin suomalaista mediaa voidaan tukea,2020-04-28T11:07:57+03:00,2020-04-28T11:07:57+03:00,Liikenne- ja viestintäministeriön tilaama selvitys puoltaa mediatukia.
5b1b1a36-7fc3-45af-b893-98564f3b3530,http://iltalehti.fi/autouutiset/a/5b1b1a36-7fc3-45af-b893-98564f3b3530,Moottoritien nopeusrajoituksia ei olla nostamassa 140 kilometriin tunnissa – Näin ministeri Harakka perustelee,2020-04-27T15:39:34+03:00,2020-04-27T15:39:34+03:00,Liikenne- ja viestintäministeri Timo Harakan (sd) mukaan nopeusrajoituksien nostolla saavutettavat hyödyt eivät ole oikeassa suhteessa nostosta aiheutuviin haittoihin. 
8e7a69de-5e80-4b67-b60e-71324b7fc075,http://iltalehti.fi/autouutiset/a/8e7a69de-5e80-4b67-b60e-71324b7fc075,Esitys ei mennyt läpi: auto on pakko katsastaa koronasta huolimatta,2020-04-23T20:42:00+03:00,2020-04-23T20:42:00+03:00,"Ministeriö esitti, että jos määräaikaiskatsastus osuu keväälle, vanhalla leimalla saisi ajaa aina elokuun loppuun asti. Ei onnistu."
2ad3ec15-9751-4802-acc9-48c588f08a12,http://iltalehti.fi/digiuutiset/a/2ad3ec15-9751-4802-acc9-48c588f08a12,Koronatartuntoja jäljittävä sovellus suomalaisten kännyköihin jo toukokuussa – tällainen se on,2020-04-23T17:26:18+03:00,2020-04-23T17:26:18+03:00,"Suomalaiset pääsevät mahdollisesti jo toukokuussa lataamaan puhelimeensa sovelluksen, joka varoittaa, jos käyttäjä on ollut lähikontaktissa koronatartunnan saaneeseen."
896c1374-3637-48b3-90ee-d3cfc84b2673,http://iltalehti.fi/politiikka/a/896c1374-3637-48b3-90ee-d3cfc84b2673,Puhemies Vanhanen huomautti kansanedustajaa maalittamisesta - puhui Postin toimitusjohtajan konsulttiyhtiön 100 000 euron koronatuesta,2020-04-23T15:46:08+03:00,2020-04-23T15:46:08+03:00,Koronavirus täytti tälläkin kertaa eduskunnan kyselytunnin.
708a4147-1fca-41bb-9dfe-f01ce6dd03af,http://iltalehti.fi/autouutiset/a/708a4147-1fca-41bb-9dfe-f01ce6dd03af,Hallitus esittää: Auton katsastuksen saa nyt siirtää syksyyn koronan takia,2020-04-16T10:48:07+03:00,2020-04-16T14:53:39+03:00,Liikenne- ja viestintäministeriössä on valmisteltu kiireellinen hallituksen esitys määräaikaiskatsastuksen lykkäämisistä koronan takia.
747f2216-184a-488b-a876-7ca78b9e67f8,http://iltalehti.fi/politiikka/a/747f2216-184a-488b-a876-7ca78b9e67f8,Ministeri kiitteli vuolaasti Elisan pääsiäiskampanjaa – kilpailijat ihmeissään: ”Kyllä tämä vähän oudolta tuntuu”,2020-04-14T18:51:59+03:00,2020-04-14T18:51:59+03:00,Liikenne- ja viestintäministeri Timo Harakka (sd) kiitteli vuolaasti Elisan pääsiäiskampanjaa.
cb356ab2-7796-415e-8411-4059ab1d4699,http://iltalehti.fi/politiikka/a/cb356ab2-7796-415e-8411-4059ab1d4699,HVK:sta lähteneellä Tomi Lounemalla oli noin kymppitonnin kuukausipalkka – Ei saanut erorahaa,2020-04-14T15:23:53+03:00,2020-04-14T15:23:53+03:00,TEM:n henkilöstö- ja hallintojohtaja: ”Sopimukseen ei sisälly mitään erityiskorvausta”.
8bdefabe-53af-4884-bfa7-3ba073e43b3e,http://iltalehti.fi/koronavirus/a/8bdefabe-53af-4884-bfa7-3ba073e43b3e,Näkökulma: Only in Finland: Velkainen pikavippiyrittäjä haukkui ministereitä pelleiksi – sai palkaksi viisi miljoonaa,2020-04-10T10:43:36+03:00,2020-04-10T10:43:36+03:00,"Sokea Reettakin olisi nähnyt, että tässä ei tule käymään hyvin, kirjoittaa Iltalehden politiikan ja talouden toimittaja Marko-Oskari Lehtonen."
e6e870b3-671e-40aa-a7aa-2dc0a42b0315,http://iltalehti.fi/koronavirus/a/e6e870b3-671e-40aa-a7aa-2dc0a42b0315,Suomen koronatilanne nyt: katso tiistain tiedot,2020-04-07T20:26:17+03:00,2020-04-07T20:26:17+03:00,Tähän juttuun on koottu tiistain tapahtumat koronatilanteeseen liittyen.
65f45f82-fa7a-492d-9a52-2053dc81d613,http://iltalehti.fi/koronavirus/a/65f45f82-fa7a-492d-9a52-2053dc81d613,"Hallitus jatkaa rajaliikenteen tiukennuksia - henkilöliikenne laivoilla Ruotsista, Virosta ja Saksasta loppuu",2020-04-07T06:57:04+03:00,2020-04-07T09:24:45+03:00,Sisäministeri Maria Ohisalon mukaan Uudenmaan rajoitusten purkamista pohditaan.
4e7ca76b-ee72-4919-873c-10dbf7f8fdac,http://iltalehti.fi/politiikka/a/4e7ca76b-ee72-4919-873c-10dbf7f8fdac,Näin käy Suomeen ulkomailta saapuville: Ulkopaikkakuntalaisia voidaan ohjata karanteenimajoitukseen Helsinkiin,2020-03-27T09:42:34+02:00,2020-03-27T13:33:16+02:00,"Rajavartijat kysyvät jatkossa passitarkastuksen yhteydessä, onko Suomeen palaavalla karanteenimajoitus tiedossa."
92f1d881-0e0c-43ab-989f-ce3f8225ce7d,http://iltalehti.fi/politiikka/a/92f1d881-0e0c-43ab-989f-ce3f8225ce7d,"Hallitus eristää Uudenmaan, ravintolat eivät väkisin kiinni vielä viikonloppuna - pääministeri vetoaa ihmisiä palaamaan mökeiltä",2020-03-25T20:29:47+02:00,2020-03-25T20:29:47+02:00,"Hallitus vetoaa, että ihmiset noudattaisivat kehotusta ilman poliisin puutumista liikkumiseen. Uudenmaan eristäminen voimaan 27.3."
3eb93d6c-08ed-4ad5-a52b-5555cc379ad1,http://iltalehti.fi/koronavirus/a/3eb93d6c-08ed-4ad5-a52b-5555cc379ad1,Onko Suomi toiminut liian lepsusti koronaviruksen torjuntatoimissa? Ministerit  vastaavat,2020-03-14T13:42:57+02:00,2020-03-14T13:56:38+02:00,"Sosiaali- ja terveysministeri Anna-Kaisa Pekonen (vas) myöntää, että nykylainsäädännön byrokraattisuus on ollut osaltaan esteenä sille, ettei epidemia-alueelta Suomeen saapuvien pakkokaranteeneihin ole Suomessa ryhdytty. "
05efc382-d79d-4e38-92c1-25b283992e84,http://iltalehti.fi/politiikka/a/05efc382-d79d-4e38-92c1-25b283992e84,Autoon saa sähköä tai kaasua yhä laajemmalla alueella Suomessa – ongelma piilee yksityisissä kiinteistöissä,2020-02-28T09:27:09+02:00,2020-02-28T09:27:09+02:00,Suomessa on nyt noin 25 000 sähköautoa ja yli 8 000 kaasuautoa.
52ad597f-dd60-49ea-9ca3-1882a93fc152,http://iltalehti.fi/politiikka/a/52ad597f-dd60-49ea-9ca3-1882a93fc152,Turun tunnin juna ja Suomi-rata nytkähtivät eteenpäin – valtio ja iso joukko kuntia sopuun  suurhankkeiden edistämisestä,2020-02-14T09:22:31+02:00,2020-02-14T09:22:31+02:00,Ratojen suunnittelu maksaa 225 miljoonaa euroa. Ratahankkeiden kokonaishinta noin 8 miljardia euroa.
1c8b8543-11f8-4cbb-8b66-73593407cc92,http://iltalehti.fi/politiikka/a/1c8b8543-11f8-4cbb-8b66-73593407cc92,Kansanedustajat erimielisiä pitäisikö Suomessa siirtyä pysyvästi kesä- vai talviaikaan: ”Laillistettu rikos hyvää yöunta vastaan”,2020-02-13T22:26:54+02:00,2020-02-13T22:26:54+02:00,Kellojen viisareita on Suomessa siirrelty edestakaisin vuodesta 1981.
3e51c4c7-b61e-4c71-a9f2-962a01157d8e,http://iltalehti.fi/kotimaa/a/3e51c4c7-b61e-4c71-a9f2-962a01157d8e,IL:n tiedot: Hallitus aikoo hakea EU-rahaa Turun tunnin junaan ja Suomi-rataan,2020-02-13T16:07:20+02:00,2020-02-13T16:07:20+02:00,"Sanna Marinin (sd) johtamaa hallitusta on syytetty vitkuttelusta raidehankkeiden edistämisessä ja EU-rahojen hakemisessa, mutta valtiovarainministeriöstä kerrotaan, että Turun tunnin junaan ja Suomi-rataan haetaan lähiviikkoina CEF-rahaa."
970aef35-7494-4687-82b6-51877376ec12,http://iltalehti.fi/politiikka/a/970aef35-7494-4687-82b6-51877376ec12,Ihmisiä ja verottajaa huijataan: tiedot taksikyydistä saa poistettua kuitin antamisen jälkeen – taksiuudistus avasi paraatiovet talousrikollisille,2020-02-10T14:55:29+02:00,2020-02-10T14:55:29+02:00,"”On tullut vastaan sovelluksia, joista tiedot kyydistä saa pyyhittyä pois senkin jälkeen, kun asiakas on saanut kuitin”, Verohallinnon valvontajohtaja Marko Myllyniemi kertoo."
149ee3af-1b34-4e8d-afbe-20493e6ff762,http://iltalehti.fi/politiikka/a/149ee3af-1b34-4e8d-afbe-20493e6ff762,Suora lähetys käynnissä:  Ministeri Harakka ja virkamiehet listaavat taksiuudistuksen ongelmia ,2020-02-10T10:02:32+02:00,2020-02-10T10:02:32+02:00,Ministeri lupaili ongelmiin ”nopeaa korjaussarjaa”.
697aca9c-6b66-4109-9978-475d1e68bec7,http://iltalehti.fi/politiikka/a/697aca9c-6b66-4109-9978-475d1e68bec7,Näkökulma: Bernerin taksiuudistus on remontoitova rajusti ja pian - nyt sen myöntää jo kepukin,2020-01-23T07:41:48+02:00,2020-01-23T07:41:48+02:00,"Sipilän hallituksen runnoma taksiuudistus ei satanut ainakaan asiakkaiden laariin, kirjoittaa Iltalehden toimittaja Matti Tanner."
7954c098-2447-45fd-b486-881d1cc9f58f,http://iltalehti.fi/kotimaa/a/7954c098-2447-45fd-b486-881d1cc9f58f,"Yksi karu kuva paljastaa, mitä taksien hinnoille tapahtui uudistuksessa",2020-01-22T10:52:43+02:00,2020-01-22T10:52:43+02:00,"Kiistellyn taksiuudistuksen oli määrä laskea hintoja, mutta toisin kävi."
5387a6c4-03ca-40c0-9fab-42207a877440,http://iltalehti.fi/politiikka/a/5387a6c4-03ca-40c0-9fab-42207a877440,Vihreät sivuuttaa supon päällikön Antti Pelttarin härskillä poliittisella virkanimityksellä – Ohisalo esittää Kirsi Pimiää sisäministeriön kansliapäälliköksi,2020-01-21T12:00:33+02:00,2020-01-21T12:00:33+02:00,Sisäministeriön kansliapäällikön määräaikaiseen viiden vuoden virkaan on kokoomuslaisella Pelttarilla merkittävästi painavampi ansioluettelo kuin hänen vihreällä kilpahakijallaan Kirsi Pimiällä.
dbc972bd-db97-4ba5-97c7-93db7fcd6e0a,http://iltalehti.fi/kotimaa/a/dbc972bd-db97-4ba5-97c7-93db7fcd6e0a,"Ministeri Harakalta karu lista taksien ongelmista – Näihin kaikkiin luvassa nopea ""korjaussarja""",2020-01-21T11:31:36+02:00,2020-01-21T12:12:50+02:00,Verohallinto haluaa takseihin takaisin perinteisiä taksamittareita tai niiden kaltaisia puhelinsovelluksia.
b56f59e8-a44a-4650-91b3-9a319bfd04c1,http://iltalehti.fi/politiikka/a/b56f59e8-a44a-4650-91b3-9a319bfd04c1,"Ministeriö järjesti pikkujoulut uhkapeliteemalla – Blackjack, pajatso ja yksikätinen rosvo",2020-01-13T08:00:43+02:00,2020-01-13T08:00:43+02:00,"Liikenne- ja viestintäministeriön tee-se-itse pikkujouluissa syötiin, juotiin ja pelattiin kasinolta tuttuja pelejä."
