id,url,title,date_created,date_modified,lead
379d1788-bf68-4ef9-a882-e99775f3d2bf,http://iltalehti.fi/politiikka/a/379d1788-bf68-4ef9-a882-e99775f3d2bf,Hoitajamitoitus kuumentaa tunteita eduskunnassa: ”Kannattaa kysyä päivystäviltä feministeiltä!”,2020-06-23T09:10:59+03:00,2020-06-23T20:03:03+03:00,Hoitajamitoituksen käsittely on parhaillaan käynnissä eduskunnan täysistunnossa.
1de398f0-0af5-4f3d-8434-2fd0732e196a,http://iltalehti.fi/politiikka/a/1de398f0-0af5-4f3d-8434-2fd0732e196a,Matias Turkkila kohujulkaisusta: ”Laadunvarmistuksen virhe näyttäisi olevan minun”,2020-06-10T21:43:33+03:00,2020-06-10T21:43:33+03:00,Turkkila kertoo lukeneensa Jukka Hankamäen julkaisun viimeksi syyskuussa. 
d7106713-71dd-4341-b9bb-d8b579455407,http://iltalehti.fi/politiikka/a/d7106713-71dd-4341-b9bb-d8b579455407,Eduskunnan varapuhemies Juho Eerola istuu Suomen Perustan hallituksessa – ei saanut lukea kohuteosta etukäteen: ”Hurjaa tekstiä”,2020-06-10T14:55:47+03:00,2020-06-10T14:55:47+03:00,Eduskunnan toinen varapuhemies Juho Eerola ei ole lukenut Suomen Perustan julkaisemaa kohuteosta.
d5b8f0db-28f8-4056-90db-0dd9b3d8727d,http://iltalehti.fi/politiikka/a/d5b8f0db-28f8-4056-90db-0dd9b3d8727d,"Vehviläinen eduskunnan uudeksi puhemieheksi - ei pidä titteliä ongelmallisena: ”En muuttaisi, olen vanhan koulukunnan kasvatti”",2020-06-09T14:50:01+03:00,2020-06-09T14:50:01+03:00,Anu Vehviläinen valittiin kansanedustajaksi ensimmäisen kerran vuonna 1995.
7c9fef61-ce79-4988-899d-ccf936a8fbb3,http://iltalehti.fi/politiikka/a/7c9fef61-ce79-4988-899d-ccf936a8fbb3,Hallitus ihmetteli kyselytunnilla kokoomuksen politiikkaa: ”Olen hämmentynyt - haluaako kokoomus lisätä menoja vai vähentää menoja?”,2020-06-04T15:53:41+03:00,2020-06-04T17:21:52+03:00,Kyselytuntia johtanut eduskunnan 2. varapuhemies Juho Eerola (ps) joutui puuttumaan oman puoluekollegansa valehtelusyytteisiin.
5c7e219a-7af9-4800-8c77-5f1c15543e9d,http://iltalehti.fi/ulkomaat/a/5c7e219a-7af9-4800-8c77-5f1c15543e9d,Demokraattien voimahahmo Nancy Pelosi täyttää 80 vuotta – Suomen eduskunnan ikäpresidentit reilusti nuorempia,2020-03-26T01:33:02+02:00,2020-03-26T01:33:02+02:00,Nancy Pelosi lähti politiikkaan mukaan vasta lähestyessään 50 vuoden ikää. 
8cecf476-5538-44d0-9a69-888438f50283,http://iltalehti.fi/politiikka/a/8cecf476-5538-44d0-9a69-888438f50283,Eduskunnan varapuhemies Juho Eerola vitsaili somessa romaneista ja natseista – poisti osan päivityksestään myöhemmin,2020-02-18T13:22:16+02:00,2020-02-18T13:22:16+02:00,Juho Eerola: ”En noin pääsääntöisesti muutenkaan mieti joka hetki asemaani”.
52a47e65-1d25-4b72-897f-9309e99dfb01,http://iltalehti.fi/politiikka/a/52a47e65-1d25-4b72-897f-9309e99dfb01,"Näkökulma: Kaikki haluavat oluelle Li Anderssonin kanssa, mutta vasemmistoliitolle Sanna Marin tuottaa päänvaivaa, Halla-ahosta puhumattakaan",2020-02-11T19:32:59+02:00,2020-02-11T19:32:59+02:00,"EVA paljasti perussuomalaisten ja punavihreiden väliset voimasuhteet jo vuonna 2017. Li Andersson on suosittua seuraa, mutta se ei yksin riitä, kirjoittaa Iltalehden Lauri Nurmi."
9c8898a8-02c0-42bb-bce1-39c2d89079b3,http://iltalehti.fi/politiikka/a/9c8898a8-02c0-42bb-bce1-39c2d89079b3,Puhemies Vanhanen kansanedustajien rikosepäilyistä: ”Eduskunta ei ole poliisi tai syyttäjä”,2020-02-04T19:50:47+02:00,2020-02-04T19:50:47+02:00,Eduskunnan puhemiehenä jatkava Matti Vanhanen (kesk) toivoo hallituksen antavan eduskunnalle lakiesityksiä tasaisempaan tahtiin eikä suurena ruuhkana istuntokauden lopussa.
bb32007e-1fcd-45d6-8692-baf90d23441b,http://iltalehti.fi/politiikka/a/bb32007e-1fcd-45d6-8692-baf90d23441b,Eduskunta protestoi Antti Rinnettä vastaan - lukuisia protestiääniä varapuhemiehen vaalissa: ”Bussikuski”,2020-02-04T12:49:24+02:00,2020-02-04T15:18:40+02:00,Matti Vanhanen (kesk) jatkaa eduskunnan puhemiehenä.
