id,url,title,date_created,date_modified,lead
94261ac5-296e-42d2-a255-d6f41ee06941,http://iltalehti.fi/politiikka/a/94261ac5-296e-42d2-a255-d6f41ee06941,Demareilta kritiikkiä Kiurun erovaatimuksille – ”Keskustassa siirrytty käymään yksittäisten ministerien nilkkaan”,2020-11-15T12:01:41+02:00,2020-11-15T18:07:17+02:00,"Keskustan Lapin piiri vaatii ministeri Krista Kiurun (sd) eroa siksi, että Lapin matkailun vaikeaa tilannetta ei ole edistetty tarpeeksi."
43b0f457-d2ac-4c49-ae50-b003e3265589,http://iltalehti.fi/politiikka/a/43b0f457-d2ac-4c49-ae50-b003e3265589,IL selvitti: Kansanedustajien taksimatkoihin palanut tällä vaalikaudella 323 000 euroa –  käyttö vähentynyt,2020-05-23T07:00:12+03:00,2020-05-23T07:00:12+03:00,Iltalehti selvitti kansanedustajien taksimatkat ensimmäisen vuoden ajalta.
88d10424-c07c-4db3-bf3e-a314ff18f553,http://iltalehti.fi/koronavirus/a/88d10424-c07c-4db3-bf3e-a314ff18f553,Eduskunta keskusteli eristämisestä perjantai-yöhön asti: ”Emme halua Uudestamaasta Italian Lombardiaa” ,2020-03-26T07:33:23+02:00,2020-03-27T01:36:25+02:00,Eduskunta pui yömyöhään Uudenmaan eristämistä. IL-TV näytti keskustelun suorana lähetyksenä.
bb32007e-1fcd-45d6-8692-baf90d23441b,http://iltalehti.fi/politiikka/a/bb32007e-1fcd-45d6-8692-baf90d23441b,Eduskunta protestoi Antti Rinnettä vastaan - lukuisia protestiääniä varapuhemiehen vaalissa: ”Bussikuski”,2020-02-04T12:49:24+02:00,2020-02-04T15:18:40+02:00,Matti Vanhanen (kesk) jatkaa eduskunnan puhemiehenä.
