id,url,title,date_created,date_modified,lead
167b8f14-7e4e-4e17-ba6e-190b4853d0c5,http://iltalehti.fi/politiikka/a/167b8f14-7e4e-4e17-ba6e-190b4853d0c5,Näkökulma: Politiikan kenttä kovassa liikkeessä - SDP siirtyi vasemmalle ja PS oikealle,2020-11-14T12:16:31+02:00,2020-11-14T12:16:31+02:00,"Vihreät, keskusta ja RKP liukuvat vasemmalle, kokoomuksessa on vetoa oikealle, kirjoittaa Juha Keskinen."
14477364-ce72-409b-bb3a-12bee1285e10,http://iltalehti.fi/politiikka/a/14477364-ce72-409b-bb3a-12bee1285e10,Paavo Arhinmäki moittii hallituksen suositusta keskeyttää harrastuksia – ministeriö lupaa luettelon riskilajeista,2020-10-16T16:02:39+03:00,2020-10-16T16:02:39+03:00,"Valtion liikuntaneuvoston puheenjohtaja, hallituspuolue vasemmistoliiton Paavo Arhinmäki ei pidä hallituksen uuden suosituksen lähtökohdasta."
5127170e-e1e6-467d-aa0a-ba14ab246a2b,http://iltalehti.fi/politiikka/a/5127170e-e1e6-467d-aa0a-ba14ab246a2b,Saramosta pätkäministeri Anderssonin tilalle,2020-09-29T18:58:04+03:00,2020-09-29T18:58:04+03:00,Ensimmäisen kauden kansanedustaja Jussi Saramo toimii opetusministerinä vasemmistoliiton puheenjohtajan Li Anderssonin vanhempainvapaan ajan.
322deff1-9601-4742-a506-3b16233c8cd1,http://iltalehti.fi/paakirjoitus/a/322deff1-9601-4742-a506-3b16233c8cd1,Pääkirjoitus: Ansiosidonnainen työttömyysturva tulisi jatkossa turvata kaikille,2020-07-14T17:13:19+03:00,2020-07-14T17:13:19+03:00,"Esitys yleisestä ansiosidonnaisesta työttömyysturvasta on nyt mitä ajankohtaisin, kirjoittaa politiikan toimittaja Juha Keskinen."
1b693fcb-1e8d-4ee0-8a9a-0e0155532c10,http://iltalehti.fi/politiikka/a/1b693fcb-1e8d-4ee0-8a9a-0e0155532c10,Poliisi pysäytti vasemmiston Arhinmäen Tampereella: ”Ette taida olla paikallisia”,2020-07-06T17:19:21+03:00,2020-07-06T17:19:21+03:00,Poliisin toiminta muutti kansanedustajan perheen lounassuunnitelmat.
e3e18f15-9f2b-480c-a4a4-8e0678463f3b,http://iltalehti.fi/politiikka/a/e3e18f15-9f2b-480c-a4a4-8e0678463f3b,Ex-ministerin radikaali ehdotus Pohjois-Suomen koronatilanteen hillitsemiseksi: Laillistetaan nuuskan myynti,2020-06-29T16:24:18+03:00,2020-06-29T16:24:18+03:00,Vasemmistoliiton kansanedustaja Paavo Arhinmäki ehdottaa nuuskan myynnin laillistamista Suomessa.
ca25d746-1689-47f3-b3a8-7f127bf135d2,http://iltalehti.fi/politiikka/a/ca25d746-1689-47f3-b3a8-7f127bf135d2,Eduskunnassa käytiin kiivas keskustelu Juha Mäenpään syytesuojan purkamisesta: ”Valtakunnansyyttäjän toimet hämmästyttävät ja huolestuttavat - Kohta vanhatkin kansanedustajat ovat syytteessä”,2020-06-24T10:10:15+03:00,2020-06-24T10:10:15+03:00,Historiallista tapausta puitiin eduskunnassa neljä ja puoli tuntia - keskustelu ryöpsähteli translasten leikkauksista kommunistien toisen maailmansodan aikaisiin rikoksiin. 
8aa1b10f-b63d-42a6-895a-6540dc92b7b5,http://iltalehti.fi/politiikka/a/8aa1b10f-b63d-42a6-895a-6540dc92b7b5,Arhinmäen velkakommentit herättivät ihmetystä - tästä niissä on kyse: ”Eiväthän valtiot koskaan maksa lainojaan pois”,2020-06-22T19:58:48+03:00,2020-06-22T19:58:48+03:00,Eduskuntaryhmän puheenjohtajan kommentti herätti sosiaalisessa mediassa keskustelua.
1e269006-6c61-407e-84b0-14be05ff0e81,http://iltalehti.fi/politiikka/a/1e269006-6c61-407e-84b0-14be05ff0e81,Soini perussuomalaisten kohuista: ”Eihän tällainen käytös vetele - käyttäydytään huonosti ja ylpeillään sillä”,2020-06-15T17:08:55+03:00,2020-06-15T17:08:55+03:00,Ex-ulkoministerin mielestä nykyinen ”järkyttävä hallitus” on pärjännyt ”kohtuullisesti” koronakriisin hoitamisessa.
1c0e426c-59a4-463a-a076-bb917b6355e8,http://iltalehti.fi/muutlajit/a/1c0e426c-59a4-463a-a076-bb917b6355e8,Urheilun kohutut katsomorajoitukset lieventymässä? Ministeri lupaa ratkaisun tällä viikolla: ”Kyllä hallitus ymmärtää”,2020-06-09T08:50:41+03:00,2020-06-09T08:50:41+03:00,Kehitysyhteistyö- ja ulkomaankauppaministerinä toimiva entinen SM-liigajääkiekkoilija Ville Skinnari puhuu urheiluväkeä kuohuttavasta koronarajoitusasiasta.
6aa46de5-4fda-476d-91eb-0066ea325cfd,http://iltalehti.fi/veikkausliiga/a/6aa46de5-4fda-476d-91eb-0066ea325cfd,Ilveksen toimitusjohtaja yleisömäärien rajoituksista: ”Aika kohtuutonta!”,2020-06-05T13:24:26+03:00,2020-06-05T13:24:26+03:00,"Seuroja ei helpota se, että vastuuministeriöt ovat vaihtuneet jo useasti asian tiimoilta."
2b8bcb17-10cc-4902-84cf-db9e01d8978c,http://iltalehti.fi/politiikka/a/2b8bcb17-10cc-4902-84cf-db9e01d8978c,Näkökulma: Hallitus sai pienen opetuksen – Twitterissä ei voi kirjoitella mitä tahansa satuja,2020-05-25T22:24:04+03:00,2020-05-25T22:24:04+03:00,"Oppositiopuolueiden puheenjohtajat voivat muistuttaa television vaalitenteissä, että hallituspuolueet eivät halunneet Finnairin lentävän koronakriisin aikana maakuntakentille."
896da5ed-e1a0-4ef2-811e-5d855baf91eb,http://iltalehti.fi/politiikka/a/896da5ed-e1a0-4ef2-811e-5d855baf91eb,Näkökulma: Turpeen puolustus nostaa keskustan kannatusta – punavihreän blokin sisällä vasemmisto ja vihreät menettävät,2020-03-05T13:30:22+02:00,2020-03-05T13:30:22+02:00,"Punavihreän blokin kannatusta menee uusjakoon, kirjoittaa Juha Keskinen."
fe3a24dc-df1a-4e0f-b882-05b32603ab71,http://iltalehti.fi/politiikka/a/fe3a24dc-df1a-4e0f-b882-05b32603ab71,Anna Kontula kritisoi kohutempauksellaan asekauppoja Israelin kanssa – oma puolue hallituksessa jatkaa asekauppoja Israelin kanssa,2020-01-16T18:42:00+02:00,2020-01-16T18:42:00+02:00,"Vasemmistoliitto ei haluaisi käydä asekauppaa Israelin kanssa, mutta istuu hallituksessa, joka jatkaa sitä Israelin kanssa."
