id,url,title,date_created,date_modified,lead
579c7a17-45bf-4551-9936-453db6fc15f1,http://iltalehti.fi/politiikka/a/579c7a17-45bf-4551-9936-453db6fc15f1,Puhemies Vehviläinen moittii perustuslakivaliokunnan kansanedustajia Haavisto-tapauksesta: ”Meni juridiikka ja politiikka sekaisin”,2020-12-10T16:55:00+02:00,2020-12-10T16:55:00+02:00,"Eduskunnan puhemies Anu Vehviläinen (kesk) pitäisi hyvänä, jos ministeristä muistutuksen tekevät kansanedustajat eivät istuisi perustuslakivaliokunnassa päättämässä asiasta."
d5926d43-19fa-4595-a2eb-118bec3d696d,http://iltalehti.fi/politiikka/a/d5926d43-19fa-4595-a2eb-118bec3d696d,"Näin dramaattinen Haavisto-päivä eteni: Valiokunnassa vastalause, rikosilmoitus ja kurinpalautus - puheenjohtaja ilmoitti aivokasvaimesta ja haukkui median",2020-12-09T21:26:45+02:00,2020-12-09T21:26:45+02:00,"Perustuslakivaliokunnan selvitys ulkoministeri Pekka Haaviston (vihr) toimien lainmukaisuudesta kesti rauhallisesti lähes vuoden, mutta päättyi dramaattiseen päivään eduskunnassa."
172d2159-4354-47b2-a046-d30d9157da1f,http://iltalehti.fi/politiikka/a/172d2159-4354-47b2-a046-d30d9157da1f,Kulmunin erityisavustajana erokohun aikaan toiminut Kari Jääskeläinen palkattiin Kymen Yrittäjiin,2020-11-10T11:21:20+02:00,2020-11-10T11:21:20+02:00,Pitkän linjan keskustavaikuttaja on palkattu Kymen Yrittäjiin.
ae54c927-af9c-454f-aa16-6567d5ceea2d,http://iltalehti.fi/politiikka/a/ae54c927-af9c-454f-aa16-6567d5ceea2d,Vihreiden Pitko kyselytunnilla feministipaidassa: Puhemies soitti ja nuhteli,2020-09-10T18:28:24+03:00,2020-09-10T18:28:24+03:00,Eduskunnan pukukoodi ei ollut täysin selvä ensimmäisen kauden edustajalle. Hän kertoo laittaneensa paidan Pride-hengessä.
bf0465c6-9f95-49ff-8e53-ca02022b827f,http://iltalehti.fi/politiikka/a/bf0465c6-9f95-49ff-8e53-ca02022b827f,Ministerit tilasivat lähes 20 000 euron konsultoinnin Tekiriltä – Annika Saarikko: ”Emme ostaneet esiintymiskoulutusta”,2020-08-13T20:49:59+03:00,2020-08-13T20:49:59+03:00,"Keväällä 2018 ostettu konsultointi oli Saarikosta huomattavan hintainen, mutta se hyödytti Saarikon mukaan koko ministeriryhmää ja virkamiehiä."
e7f81ca5-6757-4b05-beff-74bd7d564783,http://iltalehti.fi/politiikka/a/e7f81ca5-6757-4b05-beff-74bd7d564783,"""Vieläkö he sinua pelkäävät?"" – Paavo Väyrynen on joutunut paitsioon eikä ole enää varma tulevaisuudestaan",2020-08-08T18:04:26+03:00,2020-08-08T18:04:26+03:00,Paavo Väyrynen antaa tiukkaa kritiikkiä moneen suuntaan.
08beaa10-ac87-4efd-b8ce-f362efce2665,http://iltalehti.fi/politiikka/a/08beaa10-ac87-4efd-b8ce-f362efce2665,Asiantuntijat: EU:n elvytyspaketti on ”askel kohti liittovaltiota” – dosentti vaatii kansanäänestystä ,2020-07-28T06:30:22+03:00,2020-07-28T06:30:22+03:00,Suoria avustuksiakin sisältävä elvytyspaketti muuttaa asiantuntijoiden mielestä EU:n luonnetta.
84f50125-b7b8-4823-b5bd-c95a2f10273c,http://iltalehti.fi/politiikka/a/84f50125-b7b8-4823-b5bd-c95a2f10273c,Eduskunnan puhemies ei suostu kutsumaan kansanedustajia eduskuntaan kesken kesäloman - Perussuomalaiset tyrmistyivät: ”Täysin poikkeuksellinen lausunto”,2020-07-23T12:03:16+03:00,2020-07-23T18:58:56+03:00,Perussuomalaiset olisi halunnut eduskunnan koolle keskustelemaan Suomen EU-rahoituspäätöksestä.
912c2aef-7d66-4960-8de8-b8a8831309b3,http://iltalehti.fi/politiikka/a/912c2aef-7d66-4960-8de8-b8a8831309b3,Puhemies Vehviläinen: Kunnioitan eduskunnan päätöstä,2020-06-26T08:01:02+03:00,2020-06-26T14:35:38+03:00,"Vehviläisen muistutti, että perustuslaki takaa kansanedustajille erityisaseman, jonka tavoitteena on turvata heidän tehtäviensä täysimittainen hoitaminen."
a47f0187-26c1-4383-bae6-117c0054972e,http://iltalehti.fi/politiikka/a/a47f0187-26c1-4383-bae6-117c0054972e,Keskusta valitsi Anu Vehviläisen puhemiesehdokkaaksi: ”Valinta oli selkeä”,2020-06-08T17:55:49+03:00,2020-06-08T19:11:31+03:00,Keskusta valitsi Anu Vehviläisen puolueen puhemiesehdokkaaksi.
eac05452-2ef6-48a4-9a8e-f3e18a55d92d,http://iltalehti.fi/politiikka/a/eac05452-2ef6-48a4-9a8e-f3e18a55d92d,Analyysi: Poliisin esitutkintapäätös sisältää tikittävän juhannuspommin – Nerg-vyyhdistä saattaa paisua ministerivastuuasia,2020-05-28T09:31:29+03:00,2020-05-28T09:31:29+03:00,"Jos perustuslakivaliokunta päättää määrätä aloitettavaksi esitutkinnan ministerivastuuasiassa, huomio kohdistuu ensin Anu Vehviläiseen ja hänen kauttaan myös silloiseen pääministeriin Juha Sipilään, kirjoittaa Lauri Nurmi."
2b8bcb17-10cc-4902-84cf-db9e01d8978c,http://iltalehti.fi/politiikka/a/2b8bcb17-10cc-4902-84cf-db9e01d8978c,Näkökulma: Hallitus sai pienen opetuksen – Twitterissä ei voi kirjoitella mitä tahansa satuja,2020-05-25T22:24:04+03:00,2020-05-25T22:24:04+03:00,"Oppositiopuolueiden puheenjohtajat voivat muistuttaa television vaalitenteissä, että hallituspuolueet eivät halunneet Finnairin lentävän koronakriisin aikana maakuntakentille."
6c454082-8e2c-4aae-b371-bada1faa3237,http://iltalehti.fi/politiikka/a/6c454082-8e2c-4aae-b371-bada1faa3237,Yökerhokesä on peruttu eikä viinejä myydä ulos - oppositio ryöpyttää hallitusta Nukkumatiksi ryhtymisestä ja kieltolain säätämisestä,2020-05-19T18:05:16+03:00,2020-05-19T18:27:08+03:00,Kokoomuslaiset vaativat perustuslakivaliokuntaa lieventämään hallituksen esittämiä rajoituksia ravintoloiden omistajien elinkeinovapauteen.
