id,url,title,date_created,date_modified,lead
c0fa38aa-4607-466c-9fd5-5946574f1fac,http://iltalehti.fi/politiikka/a/c0fa38aa-4607-466c-9fd5-5946574f1fac,Keskustan kansanedustaja poseeraa Rafale-lippalakki päässään – yhtiö mukana hävittäjäkisassa: ”Sattui olemaan oranssi”,2020-09-18T19:01:45+03:00,2020-09-18T19:01:45+03:00,Kansanedustaja Mikko Savolan (kesk) mukaan Rafale-lippalakki ei ollut puolustuspoliittinen ulostulo.
912c2aef-7d66-4960-8de8-b8a8831309b3,http://iltalehti.fi/politiikka/a/912c2aef-7d66-4960-8de8-b8a8831309b3,Puhemies Vehviläinen: Kunnioitan eduskunnan päätöstä,2020-06-26T08:01:02+03:00,2020-06-26T14:35:38+03:00,"Vehviläisen muistutti, että perustuslaki takaa kansanedustajille erityisaseman, jonka tavoitteena on turvata heidän tehtäviensä täysimittainen hoitaminen."
ddfad8c0-bb20-4f70-a8a7-41ae73217b14,http://iltalehti.fi/politiikka/a/ddfad8c0-bb20-4f70-a8a7-41ae73217b14,IL-kysely: Keskustan vaikuttajat haluavat Annika Saarikosta puheenjohtajan - Katri Kulmunin suosio suli,2020-06-09T20:56:19+03:00,2020-06-09T20:56:19+03:00,"Saarikko saa IL-kyselyssä 47 prosentin suosion puheenjohtajaksi, Kulmuni 32 %:n. IL:n tietojen mukaan Saarikko asettuu ehdolle ja haastaa Kulmunin."
d5b8f0db-28f8-4056-90db-0dd9b3d8727d,http://iltalehti.fi/politiikka/a/d5b8f0db-28f8-4056-90db-0dd9b3d8727d,"Vehviläinen eduskunnan uudeksi puhemieheksi - ei pidä titteliä ongelmallisena: ”En muuttaisi, olen vanhan koulukunnan kasvatti”",2020-06-09T14:50:01+03:00,2020-06-09T14:50:01+03:00,Anu Vehviläinen valittiin kansanedustajaksi ensimmäisen kerran vuonna 1995.
9a84e5d2-b468-46d9-b9c2-8f6ab373649f,http://iltalehti.fi/kotimaa/a/9a84e5d2-b468-46d9-b9c2-8f6ab373649f,Keskustan kunnallispoliitikko vangittu epäiltynä törkeästä huumausainerikoksesta,2020-05-26T14:54:10+03:00,2020-05-26T14:54:10+03:00,Mies on osallistunut Kristiinankaupungin kunnallispolitiikkaan.
1d8d6cbc-e232-4658-85f4-7a702a77456d,http://iltalehti.fi/politiikka/a/1d8d6cbc-e232-4658-85f4-7a702a77456d,Ulkoasiainvaliokunta lensi USA:han bisnesluokassa ja majoittui luksushotellissa –  Ville Tavion lentoihin paloi 12 000 euroa,2020-03-04T06:59:24+02:00,2020-03-04T06:59:24+02:00,Kansanedustaja Ville Tavion (ps) USA:n lennot maksoivat maltaita.
1b56567d-8da5-4320-8cbe-2b630ff016d1,http://iltalehti.fi/politiikka/a/1b56567d-8da5-4320-8cbe-2b630ff016d1,Keskustan kansanedustaja joutui hirvikolariin – selvisi ilman vammoja: ”Olisi voinut käydä pahemminkin”,2020-01-31T10:47:28+02:00,2020-01-31T10:47:28+02:00,Keskustan kansanedustaja Mikko Savola joutui torstaina hirvikolariin.
24ba9986-84b8-4d5c-b9dc-00591f6a1860,http://iltalehti.fi/politiikka/a/24ba9986-84b8-4d5c-b9dc-00591f6a1860,"Eduskunnan voimamies Ano Turtiainen, 52, nostaa rautaa ja kilometrikorvauksia – IL selvitti eniten omaa autoaan käyttäneet kansanedustajat",2020-01-09T07:00:37+02:00,2020-01-09T07:00:37+02:00,"Kansanedustaja Ano Turtiainen (ps) on laskuttanut kilometrikorvauksia jo lähes 12 000 euroa. Turtiainen, 52, ajaa omalla autollaan kilometrinkin matkat Taka-Töölöstä eduskuntaan."
