id,url,title,date_created,date_modified,lead
723faf6d-4886-4956-83a1-69d7a1e819a9,http://iltalehti.fi/politiikka/a/723faf6d-4886-4956-83a1-69d7a1e819a9,Vihreille rajua sapiskaa Haavisto-viestinnästä: ”Ylimielistä piittaamattomuutta - märkä rätti eduskunnalle”,2020-12-11T12:48:16+02:00,2020-12-11T12:48:16+02:00,Kokoomus yhtyy perussuomalaisten ulkoministeri Pekka Haavistosta (vihr) jättämään epäluottamusesitykseen.
cd750235-95c9-45fd-a07c-101d2449e647,http://iltalehti.fi/politiikka/a/cd750235-95c9-45fd-a07c-101d2449e647,Kolmasosa kokoomuksen kansanedustajista oli poissa Mäenpää-äänestyksestä – lopputulos ei olisi muuttunut,2020-06-27T11:23:12+03:00,2020-06-27T11:23:12+03:00,Kokoomuksen kansanedustajilla oli Juha Mäenpään (ps) syyttämislupaa koskevan äänestyksen aikaan muita menoja. Peräti kolmasosa oli poissa.
4219d2ba-5dfa-4867-8c27-ed2e269b30e5,http://iltalehti.fi/politiikka/a/4219d2ba-5dfa-4867-8c27-ed2e269b30e5,"Kovaa arvostelua ravintolatuelle, eduskunnan korjausvastuu ihmetyttää – työministeri: ”Ollut kiire”",2020-05-12T15:01:46+03:00,2020-05-12T19:28:11+03:00,Eduskunta kävi tiistaina lähetekeskustelun ravintoloiden erillistuesta.
a26d26cc-bfc3-4245-a1fe-d70a425750a7,http://iltalehti.fi/kotimaa/a/a26d26cc-bfc3-4245-a1fe-d70a425750a7,"Lakkorikkuri-Idasta, 23, tuli yhdessä yössä työtä puolustavien supertähti – torppaa silti kutsut politiikkaan: ”Viihdyn omassa työssäni”",2020-01-31T10:27:24+02:00,2020-01-31T10:27:24+02:00,Muun muassa eturivin poliitikot kertovat nyt somessa olevansa #IdanPuolella.
bdcf291e-5f33-4996-8a29-1d104239309d,http://iltalehti.fi/politiikka/a/bdcf291e-5f33-4996-8a29-1d104239309d,”Muistuttaa liivijengiläisten toimintaa” – näin poliitikot kommentoivat ay-liikkeen lakkopainostusta,2020-01-30T09:37:47+02:00,2020-01-30T12:05:16+02:00,Eduskuntaryhmien puheenjohtajat ja varapuheenjohtajat tuomitsevat liittoon kuulumattomien uhkailun.
24ba9986-84b8-4d5c-b9dc-00591f6a1860,http://iltalehti.fi/politiikka/a/24ba9986-84b8-4d5c-b9dc-00591f6a1860,"Eduskunnan voimamies Ano Turtiainen, 52, nostaa rautaa ja kilometrikorvauksia – IL selvitti eniten omaa autoaan käyttäneet kansanedustajat",2020-01-09T07:00:37+02:00,2020-01-09T07:00:37+02:00,"Kansanedustaja Ano Turtiainen (ps) on laskuttanut kilometrikorvauksia jo lähes 12 000 euroa. Turtiainen, 52, ajaa omalla autollaan kilometrinkin matkat Taka-Töölöstä eduskuntaan."
