id,url,title,date_created,date_modified,lead
7783a9ab-544c-4540-93d5-8d4014442ccc,http://iltalehti.fi/politiikka/a/7783a9ab-544c-4540-93d5-8d4014442ccc,Päivi Räsäsestä jo viides tutkintapyyntö valtakunnansyyttäjän harkinnassa: ”Rikosepäilyt kaventavat sananvapautta”,2020-11-26T20:37:40+02:00,2020-11-26T20:37:40+02:00,Tuorein tutkintapyyntö liittyy Päivi Räsäsen blogikirjoitukseen Pride-tapahtumasta. 
054c8426-3f76-42a4-afaf-0a85b58f8e65,http://iltalehti.fi/viihdeuutiset/a/054c8426-3f76-42a4-afaf-0a85b58f8e65,Tuure Boelius ottaa kantaa ihmisoikeuksiin:   Toivon että lapsilla ja nuorilla olisi mua helpompaa,2020-10-25T18:52:52+02:00,2020-10-25T18:56:48+02:00,Tuure Boelius ei pelkää ottaa kantaa.
f2d24bc3-5e4e-46cf-beb9-239e02426a6e,http://iltalehti.fi/kotimaa/a/f2d24bc3-5e4e-46cf-beb9-239e02426a6e,Sanna Ukkola: Tyypillinen setämies tekee kaikki nykyajan synnit – löydätkö varmasti ne kaikki? ,2020-10-01T10:11:39+03:00,2020-10-01T10:11:39+03:00,"Intiaanikesään ihastunut setämies Tahvo nuolee eskimojäätelöä ilman maskia ja syyllistyy kaksinkertaiseen kulttuuriseen omimiseen, rasismiin ja koronasääntöjen rikkomiseen, kirjoittaa Iltalehden kolumnisti Sanna Ukkola."
f1f598fa-2316-45d1-a47c-109281665176,http://iltalehti.fi/politiikka/a/f1f598fa-2316-45d1-a47c-109281665176,Oppositio käyttää järeintä asettaan ja yrittää kaataa Sanna Marinin hallituksen – Petteri Orpo: ”Hallituksen talous- ja työllisyyspolitiikka on täysin vastuutonta”,2020-09-18T10:42:58+03:00,2020-09-18T10:42:58+03:00,Oppositiopuolueet jättävät välikysymyksen hallitusohjelman talous- ja työllisyystavoitteiden hylkäämisestä.
03ee0f30-a43a-43e4-a1fd-0843449d6597,http://iltalehti.fi/paakirjoitus/a/03ee0f30-a43a-43e4-a1fd-0843449d6597,"Pääkirjoitus: Räsäsen ulostulo muistutti taas, että ihmisten tasa-arvoa on puolustettava joka päivä ",2020-09-13T13:35:13+03:00,2020-09-13T13:35:13+03:00,"Ihmisten syrjimättömyys ja tasa-arvo eivät ole itsestäänselvyyksiä, vaan niitä pitää puolustaa joka päivä, kirjoittaa Kreeta Karvala."
6f2328df-a808-4c5c-b94e-0d8356241570,http://iltalehti.fi/musiikki/a/6f2328df-a808-4c5c-b94e-0d8356241570,"Tuure Boeliukselta jälleen kuitti Päivi Räsäselle – muutti täysin yllättäen kappaleensa sanoja Pride 2020 -konsertissa: ""Eikö sua hävetä Päivi?""",2020-09-12T17:07:58+03:00,2020-09-12T17:07:58+03:00,Tuure Boelius jatkaa sanasotaansa Päivi Räsäsen kanssa.
8b681cbd-f7ee-43a8-9d3f-845d8aaec3c0,http://iltalehti.fi/kotimaa/a/8b681cbd-f7ee-43a8-9d3f-845d8aaec3c0,Helsinki Pride -viikon huipennus käynnistyy erikoisjärjestelyin – poliisi: vastamielenosoittajia ei odoteta paikalle,2020-09-12T11:26:42+03:00,2020-09-12T11:26:42+03:00,Kansainvälinen Pride-viikko huipentuu Helsingissä lauantaina. 
a14196c1-8759-4111-93a0-088d9018da49,http://iltalehti.fi/viihdeuutiset/a/a14196c1-8759-4111-93a0-088d9018da49,Päivi Räsänen vastaa Tuure Boeliuksen koviin kommentteihin – ”Pride-tapahtumien tavoitteena on muuttaa biologisiin tosiasioihin perustuvaa käsitteistöä”,2020-09-11T00:10:35+03:00,2020-09-11T00:10:35+03:00,Päivi Räsänen vastasi Tuure Boeliuksen avoimeen kirjeeseen avoimella kirjeellä.
63c9432d-b4cc-469b-94a4-f8d24b700350,http://iltalehti.fi/viihdeuutiset/a/63c9432d-b4cc-469b-94a4-f8d24b700350,"Päivi Räsänen arvosteli Pride-tapahtumaa – Tuure Boelius laukoo suorat sanat: ""Sinun ajatuksesi Jumalasta on oksettava""",2020-09-10T18:24:03+03:00,2020-09-10T18:24:03+03:00,Tuure Boelius kirjoitti somessa avoimen kirjeen Päivi Räsäselle.
abfbcb32-2f11-4852-b991-d3c745269e20,http://iltalehti.fi/tv-ja-leffat/a/abfbcb32-2f11-4852-b991-d3c745269e20,Päivi Räsänen puolustelee homopuheitaan tänään tv:ssä: ”Synti ja häpeä”,2020-09-02T06:12:09+03:00,2020-09-02T06:12:09+03:00,"Päivi Räsänen toivoo, että valtakunnansyyttäjä perääntyisi."
2703af25-b1de-4787-a8f6-6baff7ec1c83,http://iltalehti.fi/koronavirus/a/2703af25-b1de-4787-a8f6-6baff7ec1c83,Suomen koronatilanne nyt: katso lauantain tiedot,2020-08-01T20:59:26+03:00,2020-08-01T20:59:26+03:00,Uusien tartuntojen määrä on linjassa perjantain ja torstain kanssa.
9e4b64f5-16d1-4f78-9936-cf674dbb2173,http://iltalehti.fi/koronavirus/a/9e4b64f5-16d1-4f78-9936-cf674dbb2173,USU: Eduskuntaryhmien puheenjohtajat suhtautuvat nihkeästi suositukseen kasvomaskien käytöstä,2020-08-01T05:00:01+03:00,2020-08-01T08:50:57+03:00,"Eduskuntaryhmien puheenjohtajista vain harva lämpenee suositukselle kasvomaskien käytöstä, kertoo Uutissuomalainen."
08f63329-9b7e-4979-bccb-21f520370373,http://iltalehti.fi/kotimaa/a/08f63329-9b7e-4979-bccb-21f520370373,Sanna Ukkolan kolumni: Vihaan Päivi Räsäsen homopuheita – mutta hänen kohtelunsa on järkyttävä farssi,2020-07-16T06:02:35+03:00,2020-07-16T06:02:35+03:00,"Epäsopivien ja tahdittomien asioiden sanomisesta pitäisi olla vielä hyvin pitkä matka oikeussaliin, kirjoittaa Sanna Ukkola."
7abc2c01-7bdd-4610-92ce-b30501594d63,http://iltalehti.fi/politiikka/a/7abc2c01-7bdd-4610-92ce-b30501594d63,Päivi Räsänen arvostelee valtakunnansyyttäjää: Määräsi esitutkinnan Maria Veitolan ohjelmasta katsomatta sitä,2020-07-14T17:04:15+03:00,2020-07-14T17:04:15+03:00,Räsänen: ”Lausumistani Maria Veitola yökylässä -ohjelmasta esitetty perättömiä syytöksiä.”
369f407e-1fa6-4576-b712-c374d23898da,http://iltalehti.fi/politiikka/a/369f407e-1fa6-4576-b712-c374d23898da,Mäenpää syytesuojan säilymisestä: ”Merkittävä asia sananvapaudelle - Kuka valvoo valtakunnansyyttäjää?”,2020-06-26T11:54:09+03:00,2020-06-26T11:54:09+03:00,Perussuomalaisten kansanedustaja Juha Mäenpää kuvailee valtakunnansyyttäjää ajatuspoliisiksi.
cf24b1cb-3257-45d9-b29c-9149b6e4af2f,http://iltalehti.fi/politiikka/a/cf24b1cb-3257-45d9-b29c-9149b6e4af2f,Oppositiojohtajat kritisoivat Katri Kulmunia – Halla-aho: ”Kulmuni on toiminut vähintään moraalisesti kestämättömällä tavalla”,2020-06-05T12:41:24+03:00,2020-06-05T12:41:24+03:00,"Perussuomalaisten puheenjohtaja Jussi Halla-aho toivoo, että Katri Kulmuni ja keskusta vetävät Tekir-kohusta tarvittavat johtopäätökset."
54632c0d-dc20-47f2-a5b3-3295e2a1e8ac,http://iltalehti.fi/viihdeuutiset/a/54632c0d-dc20-47f2-a5b3-3295e2a1e8ac,"Teuvo Hakkarainen, 60, avoimena elämänsä kipukohdista – tytär otti etäisyyttä kansanedustajuuden alettua",2020-04-17T07:03:18+03:00,2020-04-17T07:03:18+03:00,"Europarlamentaarikko Teuvo Hakkarainen, 60, on nähnyt kaksi työuraa, kulkenut politiikan kenttämiehenä ja mankeloitunut läpi kohujen."
8c00bd95-42da-4a48-a3e3-78581ac803fa,http://iltalehti.fi/politiikka/a/8c00bd95-42da-4a48-a3e3-78581ac803fa,Useat kansanedustajat: Uudenmaan eristystä ei pidä purkaa – ”Pitäisin hölmönä”,2020-04-14T14:25:31+03:00,2020-04-14T15:26:03+03:00,Oppositioedustajien lisäksi hallituspuolue keskustasta löytyy kriittistä suhtautumista Uudenmaan eristyksen purkamiseen.
def9a71b-0055-4444-bae1-ce3a70c42c24,http://iltalehti.fi/politiikka/a/def9a71b-0055-4444-bae1-ce3a70c42c24,Päivi Räsänen: Marinin osoittama epäluottamus ei pyyhi pois hallituksen vastuuta,2020-04-10T15:26:14+03:00,2020-04-10T15:26:14+03:00,"Kansanedustajan Päivi Räsäsen (kd) mukaan Huoltovarmuuskeskuksen johdolle pääministeri Marinin ”taholta osoitettu epäluottamus ei pyyhi pois sitä vastuuta, mikä hallituksella on suojaustarvikkeiden huutavasta pulasta”. "
6236c1c4-ddf9-4cc8-9481-61fedbec74ed,http://iltalehti.fi/koronavirus/a/6236c1c4-ddf9-4cc8-9481-61fedbec74ed,Päivi Räsänen vaatii: ”Hallituksen pitää käynnistää iso vaihde koronakuolemien torjunnassa”,2020-03-16T12:14:23+02:00,2020-03-16T12:32:05+02:00,Kansanedustaja Päivi Räsäsen (kd) mukaan ihmisten lähikontaktit tulisi rajata vain välttämättömään toimintaan.
3e2b5b8c-84e9-4497-ba37-3d47030a721f,http://iltalehti.fi/politiikka/a/3e2b5b8c-84e9-4497-ba37-3d47030a721f,Kiista syvenee: Nyt Päivi Räsänen syyttää Helsingin piispaa harhaan ja ”paatumuksen tilaan” johtamisesta ,2020-03-06T20:20:30+02:00,2020-03-06T20:20:30+02:00,"Piispa Teemu Laajasalo korostaa, että Raamatussa oleva homokielteisyys viittaa johonkin aivan muuhun kuin nykypäivän homoseksuaalisiin suhteisiin."
83879f20-dac7-4f4b-9bdb-d6269298a880,http://iltalehti.fi/politiikka/a/83879f20-dac7-4f4b-9bdb-d6269298a880,"Helsingin piispa jatkaa Päivi Räsäsen arvostelua: ""Olet homopuheissasi väärässä ja kovasydäminen”",2020-03-06T12:45:07+02:00,2020-03-06T13:41:33+02:00,"Kansanedustaja Päivi Räsänen katsoo, että hänen puheidensa sanoma on lähimmäisenrakkautta."
fc75721d-ce98-446b-a785-469e87658437,http://iltalehti.fi/iltv-paivarinta-klipit/a/fc75721d-ce98-446b-a785-469e87658437,Päivi Räsänen laitettiin lukemaan ääneen kohua herättäneitä kirjoituksiaan - ovatko nämä loukkaavia?,2020-03-05T17:00:00+02:00,2020-03-05T17:00:00+02:00,Kansanedustaja Päivi Räsänen vieraili Sensuroimaton Päivärinta -ohjelmassa. 
2591a50b-8bd9-4322-aa1b-5a5478323dd1,http://iltalehti.fi/politiikka/a/2591a50b-8bd9-4322-aa1b-5a5478323dd1,Päivi Räsäsen esiintymisestä Maria Veitolan ohjelmassa tehtiin tutkintapyyntö,2020-03-05T13:24:12+02:00,2020-03-05T13:24:12+02:00,"Tutkintapyynnössä on tartuttu Räsäsen mukaan varsin samantyyppisiin kommentteihin homoseksuaalisuudesta, joita Räsänen esitti poliisitutkinnan kohteena olevassa pamfletissaan."
f54333bd-ad27-4566-8870-ee9fbe779bfb,http://iltalehti.fi/iltv-paivarinta-klipit/a/f54333bd-ad27-4566-8870-ee9fbe779bfb,"Päivi Räsänen tyrmistyi, kun kirkon johto arvosteli häntä: ""Se on kyllä aika rajusti sanottu”",2020-03-05T08:00:00+02:00,2020-03-05T08:00:00+02:00,Päivi Räsäsen homovastaiset kirjoitukset saivat piispa Teemu Laajasalonkin ärähtämään.
b889ce1e-2f34-48c3-ba76-feac0c5ae25e,http://iltalehti.fi/iltv-paivarinta/a/b889ce1e-2f34-48c3-ba76-feac0c5ae25e,Jo kaksi uutta rikosepäilyä Päivi Räsäsestä – ”En pyydä anteeksi”,2020-03-04T19:00:00+02:00,2020-03-04T19:00:00+02:00,"Kohut kansanedustaja Päivi Räsäsen ympärillä eivät laannu. Hän paljasti Sensuroimaton Päivärinta -ohjelmassa, että hänestä on tehty kaksi tuoretta tutkintapyyntöä."
57ad2a49-64ef-4d65-8db7-5d5905657315,http://iltalehti.fi/politiikka/a/57ad2a49-64ef-4d65-8db7-5d5905657315,Taas tutkintapyyntö Päivi Räsäsestä - Nyt homopuheista Ruben Stillerin radio-ohjelmassa,2020-03-04T14:31:22+02:00,2020-03-04T14:31:22+02:00,Valtakunnansyyttäjä tekee lopullisen päätöksen mahdollisen syytteen nostamisesta.
58ba6694-9784-42b6-9040-08bd34ed9bc9,http://iltalehti.fi/kotimaa/a/58ba6694-9784-42b6-9040-08bd34ed9bc9,Sensuroimaton Päivärinta tänään: Päivi Räsänen - halvennatko homoseksuaaleja?,2020-03-04T09:58:26+02:00,2020-03-04T09:58:26+02:00,"Erikoistoimittaja Susanne Päivärinta saa tänään vieraakseen pitkäaikaisen kansanedustaja ja ex-ministeri Päivi Räsänen (kd), joka marssi jälleen maanantaina pitkiin poliisikuulusteluihin."
45446f52-46f0-4957-a1a7-d89e00933719,http://iltalehti.fi/politiikka/a/45446f52-46f0-4957-a1a7-d89e00933719,Päivi Räsänen kuulusteluihin – ”Poliisi kehottanut varaamaan kuulusteluun koko päivän”,2020-03-02T07:43:37+02:00,2020-03-02T07:43:37+02:00,Kansanedustaja Päivi Räsäseen (kd) kohdistuu kaksi mielenkiintoista rikosepäilyä. 
8fdc58bc-7770-43c3-bc35-402246f0ea68,http://iltalehti.fi/politiikka/a/8fdc58bc-7770-43c3-bc35-402246f0ea68,Päivi Räsänen: Poliisi kuulusteli lähes neljä tuntia ”kristillisen uskon käsitteistä”,2020-02-25T07:38:34+02:00,2020-02-25T07:38:34+02:00,"Kansanedustaja Päivi Räsänen ihmettelee, että ”jos lakia säätävä, 25 vuotta eduskunnassa istunut kansanedustaja ei tunnista mahdollista rikosta, miten tavallinen kansalainen voisi tunnistaa?” "
4f41696f-8ac6-4379-9fad-0abe4091f896,http://iltalehti.fi/politiikka/a/4f41696f-8ac6-4379-9fad-0abe4091f896,Näkökulma: Sisällissodan maalailua ja kommunistiksi leimaamista – PS-edustajien toistuvat möläytykset ovat harkittuja ja ne palvelevat puolueen asiaa ,2020-02-24T15:55:24+02:00,2020-02-24T15:55:24+02:00,"Puheenjohtaja Jussi Halla-aho alleviivasi jo 2015 erottautumisen merkitystä puolueelle, kirjoittaa Mika Koskinen."
c24f1393-f93d-4710-b776-1ebda6da0d3f,http://iltalehti.fi/politiikka/a/c24f1393-f93d-4710-b776-1ebda6da0d3f,"Sisäministeriön kansliapäällikön valintaa perusteltiin seikalla, joka ei ollut hakuilmoituksessa – professori: Pitäisi mainita",2020-01-24T18:19:38+02:00,2020-01-24T18:19:38+02:00,"Sisäministeriön osastopäällikkö korostaa, että oikeuskansleri on tarkastanut nimitysesityksen perustelujen asianmukaisuuden."
fed72bf1-3726-4dc8-a70a-feb1852e89e2,http://iltalehti.fi/kotimaa/a/fed72bf1-3726-4dc8-a70a-feb1852e89e2,"Päivi Räsänen väitti, että koulun joulujuhla korvattiin profeetta Muhammedin tarinalla – ei pidä paikkaansa",2020-01-10T18:12:11+02:00,2020-01-10T18:12:11+02:00,Jätkäsaaren peruskoulun rehtorin mukaan toinen juhlatilaisuus liittyi enemmänkin itsenäisyyspäivän juhlintaan.
642f6dfa-8bf9-4d3a-b7c5-94f5e14e5ff8,http://iltalehti.fi/tv-ja-leffat/a/642f6dfa-8bf9-4d3a-b7c5-94f5e14e5ff8,Lenita Airisto ei ole Päivi Räsäsen fani - ”Turha vaiva!” hän teilaa ajatuksen keskustelusta,2020-01-09T06:17:19+02:00,2020-01-09T06:17:19+02:00,Lenita Airisto kuvailee Päivi Räsästä kuuroksi ja siksi huonoksi valinnaksi keskustelukumppaniksi.
