id,url,title,date_created,date_modified,lead
e6044ded-e45e-498b-8617-c259ac9fcc92,http://iltalehti.fi/politiikka/a/e6044ded-e45e-498b-8617-c259ac9fcc92,Ano Turtiainen uhmasi eduskunnan maskisuositusta – Kertoo nyt miksi maski jäi laittamatta,2020-11-25T16:03:13+02:00,2020-11-26T13:47:26+02:00,"Turtiainen tiedottaa, että hänellä on terveydelliset syyt olla käyttämättä maskia."
cbbca588-4b1d-48de-aa3b-c185e2a7bacd,http://iltalehti.fi/politiikka/a/cbbca588-4b1d-48de-aa3b-c185e2a7bacd,"Tällainen oli tilaisuus, jossa Sanna Marin mahdollisesti altistui koronalle – paikalla kymmeniä kansanedustajia",2020-10-16T14:05:22+03:00,2020-10-16T14:05:22+03:00,Koronan saanut kansanedustaja Tom Packalén (ps) osallistui keskiviikkona pääministerin kuulemistilaisuuteen.
b5727608-f7f6-4b25-a4ff-46fc84ea25ea,http://iltalehti.fi/politiikka/a/b5727608-f7f6-4b25-a4ff-46fc84ea25ea,"Näin keskustan kansanedustajat kommentoivat puheenjohtajakisaa: ”Annikan karismaa tarvitaan”, ”Kulmuni olisi paras”",2020-07-30T21:08:07+03:00,2020-07-30T21:08:07+03:00,Lukuisat keskustan kansanedustajat pitävät puheenjohtajakisaa hyvänä mahdollisuutena käydä keskustelua puolueen linjasta.
8c567aab-1e5c-428d-889a-45ab3798fa70,http://iltalehti.fi/politiikka/a/8c567aab-1e5c-428d-889a-45ab3798fa70,Uusi valtiovarainministeri on Matti Vanhanen - Kulmuni aikoo jatkaa hallituksen johtoviisikossa,2020-06-08T07:46:51+03:00,2020-06-08T16:03:19+03:00,Keskustan puheenjohtaja Katri Kulmuni ei halua eduskunnan puhemieheksi Vanhasen tilalle.
ab9ea29c-67bb-418c-a80f-946bc28c911f,http://iltalehti.fi/politiikka/a/ab9ea29c-67bb-418c-a80f-946bc28c911f,IL-Analyysi: Katri Kulmuni käytti valtion rahoja oman etunsa edistämiseen,2020-06-05T01:27:00+03:00,2020-06-05T01:27:00+03:00,"Rahojen palauttaminen ei nyt riitä, kirjoittavat Iltalehden Marko-Oskari Lehtonen, Lauri Nurmi ja Juha Ristamäki."
87b785e0-3dd4-4d33-b19b-35a86eddefd0,http://iltalehti.fi/politiikka/a/87b785e0-3dd4-4d33-b19b-35a86eddefd0,Ohisalo ja Tuppurainen haluavat EU:n keräävän omaa rahaa uudella muovimaksulla,2020-05-27T21:07:33+03:00,2020-05-27T21:32:42+03:00,Suorien tukien suuruus on Eurooppa-ministeri Tytti Tuppuraisen mukaan hienoinen yllätys.
6c454082-8e2c-4aae-b371-bada1faa3237,http://iltalehti.fi/politiikka/a/6c454082-8e2c-4aae-b371-bada1faa3237,Yökerhokesä on peruttu eikä viinejä myydä ulos - oppositio ryöpyttää hallitusta Nukkumatiksi ryhtymisestä ja kieltolain säätämisestä,2020-05-19T18:05:16+03:00,2020-05-19T18:27:08+03:00,Kokoomuslaiset vaativat perustuslakivaliokuntaa lieventämään hallituksen esittämiä rajoituksia ravintoloiden omistajien elinkeinovapauteen.
232e0598-fc8e-47e8-a508-f0bdf6d8d4ce,http://iltalehti.fi/politiikka/a/232e0598-fc8e-47e8-a508-f0bdf6d8d4ce,"Nimikohu paisuu: Tampereen vihreät eivät hyväksy Uros live -nimeä, kansanedustaja Ovaska komppaa ",2020-03-05T14:22:03+02:00,2020-03-05T14:22:03+02:00,Vihreän valtuustoryhmän puheenjohtaja kiistää ”tiukkapipoisuuden”.
1d8d6cbc-e232-4658-85f4-7a702a77456d,http://iltalehti.fi/politiikka/a/1d8d6cbc-e232-4658-85f4-7a702a77456d,Ulkoasiainvaliokunta lensi USA:han bisnesluokassa ja majoittui luksushotellissa –  Ville Tavion lentoihin paloi 12 000 euroa,2020-03-04T06:59:24+02:00,2020-03-04T06:59:24+02:00,Kansanedustaja Ville Tavion (ps) USA:n lennot maksoivat maltaita.
92947ed7-a89c-47b5-9713-6efcb5b67794,http://iltalehti.fi/politiikka/a/92947ed7-a89c-47b5-9713-6efcb5b67794,"Nämä ovat kokoomuksen seitsemän ehdotusta terrorismilainsäädännön kiristämiseksi: ”Kansalaisuus voitava perua, terroristijärjestöön kuuluminen rikolliseksi...”",2020-02-25T22:19:41+02:00,2020-02-25T22:19:41+02:00,"Kokoomus kiristäisi terrorismirikosten rangaistusasteikkoja kauttaaltaan niin, että Suomen terrorismilainsäädäntö ei ole ”miltään osin muita Pohjoismaita lievempi”."
4317efa9-9b35-4861-a564-410769795e85,http://iltalehti.fi/politiikka/a/4317efa9-9b35-4861-a564-410769795e85,Pääministeri Marin hermostui opposition valitukseen erityisavustajien määrästä: ”Nyt tämä alkaa mennä aika paksuksi”,2020-02-13T17:53:22+02:00,2020-02-13T17:53:22+02:00,"Keskusta iski takaisin: ”Valitaan kuka valitaan, kunhan kokoomuslainen valitaan”."
