id,url,title,date_created,date_modified,lead
76a73083-49bd-4e14-aace-2851ed5bc914,http://iltalehti.fi/muutlajit/a/76a73083-49bd-4e14-aace-2851ed5bc914,Kansainvälinen jääkiekkoliitto haluaa luopua Venäjän pannasta – suomalaiset eri linjoilla: ”Eihän tämäntyylisiä sanktioita ole ikinä annettu”,2020-12-18T07:25:13+02:00,2020-12-18T07:25:13+02:00,"Emma Terho kiittelee, että CAS:n päätös mahdollistaa puhtaiden urheilijoiden kilpailemisen."
d540396a-0cf0-446a-a92b-e2c9b83fa507,http://iltalehti.fi/muutlajit/a/d540396a-0cf0-446a-a92b-e2c9b83fa507,Marinin hallitus vesitti lakimuutosesityksen – urheiluväki pettyi pahasti,2020-12-02T17:53:26+02:00,2020-12-02T17:53:26+02:00,"Ehdotus urheilijarahastoa koskevasta lakiuudistuksesta ei ole sitä, mitä urheiluväki toivoi. Eduskunta voi vielä korjata esityksen."
f0e2a1be-8d82-4cbe-8e4f-54c1627fdeb3,http://iltalehti.fi/muutlajit/a/f0e2a1be-8d82-4cbe-8e4f-54c1627fdeb3,Jan Vapaavuori on Suomen olympiakomitean uusi puheenjohtaja,2020-11-21T16:20:09+02:00,2020-11-21T17:26:21+02:00,Suomen Olympiakomitean uusi puheenjohtaja valittiin lauantaina.
188ae9a1-26d2-4b6c-8aec-3c23ce17fb9c,http://iltalehti.fi/10kysymysta/a/188ae9a1-26d2-4b6c-8aec-3c23ce17fb9c,Minä vuonna Sari Essayah voitti maailmanmestaruuden? Pelaa viikonlopun 10 kysymystä!,2020-11-21T07:00:00+02:00,2020-11-21T07:00:00+02:00,Iltalehden perinteinen urheiluvisa on myös verkossa. Montako tiedät?
167b8f14-7e4e-4e17-ba6e-190b4853d0c5,http://iltalehti.fi/politiikka/a/167b8f14-7e4e-4e17-ba6e-190b4853d0c5,Näkökulma: Politiikan kenttä kovassa liikkeessä - SDP siirtyi vasemmalle ja PS oikealle,2020-11-14T12:16:31+02:00,2020-11-14T12:16:31+02:00,"Vihreät, keskusta ja RKP liukuvat vasemmalle, kokoomuksessa on vetoa oikealle, kirjoittaa Juha Keskinen."
05d5b06c-bfda-4873-9383-64287a367c6a,http://iltalehti.fi/jaakiekko/a/05d5b06c-bfda-4873-9383-64287a367c6a,"Erkka Westerlund haluaa valmennuksen äänen kuuluviin – pyrkii Olympiakomitean hallitukseen: ""Johto on urheilun heikoin lenkki""",2020-11-09T06:56:04+02:00,2020-11-09T06:56:04+02:00,Olympiakomitean hallitukseen ehdolla olevan Erkka Westerlundin mukaan Suomessa ei  ymmärretä valmennuksen merkitystä.
46c56e4a-58b7-4d85-81db-3c9516e3b613,http://iltalehti.fi/politiikka/a/46c56e4a-58b7-4d85-81db-3c9516e3b613,Toteutuuko tasa-arvo kunnissa ja kouluissa? Näin puheenjohtajatentissä pohdittiin: ”Panostettava poikien lukemiseen”,2020-11-04T16:36:38+02:00,2020-11-04T16:36:38+02:00,Kuntavaaleihin valmistautuvien puolueiden puheenjohtajat pohtivat miten tasa-arvo toteutuisi kuntien arjessa.
f85ebd8d-c043-4e8b-98b8-5ac64d093d55,http://iltalehti.fi/politiikka/a/f85ebd8d-c043-4e8b-98b8-5ac64d093d55,Kristillisdemokraatit yhteistyöhön Väyrysen perustaman kansalaispuolueen kanssa,2020-10-28T12:13:23+02:00,2020-10-28T12:13:23+02:00,Yhteistyö koskee ensi kevään kuntavaaleja.
9d28b4c6-a08a-4c42-b269-9f0aaf95352b,http://iltalehti.fi/politiikka/a/9d28b4c6-a08a-4c42-b269-9f0aaf95352b,"Tässä ovat kansalaisten suosikit seuraavaksi pääministeriksi: Marin, Halla-aho ja Orpo ",2020-10-20T15:29:56+03:00,2020-10-20T15:29:56+03:00,"Sanna Marin herättää kansalaisissa eniten luottamusta, selviää Iltalehden Taloustutkimuksella teettämästä kyselystä."
5fb67979-ce83-4dea-bcd1-1cc2e21a2da8,http://iltalehti.fi/politiikka/a/5fb67979-ce83-4dea-bcd1-1cc2e21a2da8,IL-kysely: Sanna Marin suomalaisten mielestä kiinnostavin puoluejohtaja – myös Andersson ja Halla-aho kärkipaikoilla,2020-10-19T19:00:01+03:00,2020-10-19T19:00:01+03:00,Iltalehden Taloustutkimuksella teettämän kyselyn mukaan kansalaiset haluaisivat tutustua eniten Sanna Mariniin.
cbbca588-4b1d-48de-aa3b-c185e2a7bacd,http://iltalehti.fi/politiikka/a/cbbca588-4b1d-48de-aa3b-c185e2a7bacd,"Tällainen oli tilaisuus, jossa Sanna Marin mahdollisesti altistui koronalle – paikalla kymmeniä kansanedustajia",2020-10-16T14:05:22+03:00,2020-10-16T14:05:22+03:00,Koronan saanut kansanedustaja Tom Packalén (ps) osallistui keskiviikkona pääministerin kuulemistilaisuuteen.
990886ec-4a2a-4bcc-9942-9d5f1c47175d,http://iltalehti.fi/koronavirus/a/990886ec-4a2a-4bcc-9942-9d5f1c47175d,LM: Enemmistö kansanedustajista ei kannata pakollista koronarokotetta,2020-10-05T06:01:02+03:00,2020-10-05T06:01:02+03:00,Lännen Median kyselyyn vastanneista kansanedustajista vain kahdeksan prosenttia kannattaa kaikille pakollista koronarokotetta.
09510033-bbf2-4fa6-8d34-f6cf18978770,http://iltalehti.fi/politiikka/a/09510033-bbf2-4fa6-8d34-f6cf18978770,"Analyysi: Marin ajaa EU:ssa oikeusvaltioperiaatetta, mutta monille on  tärkeämpää, että EU-miljardit saadaan nopeasti jakoon",2020-10-01T18:20:38+03:00,2020-10-01T18:20:38+03:00,"EU ei tunnu millään saavan edistettyä oikeusvaltioperiaatteen noudattamista, vaikka se on yksi unionin perussopimuksen kulmakivistä ja EU-jäsenyyden ehto, kirjoittaa Kreeta Karvala."
e8a03976-83e8-490c-87f3-11a7ac47cddc,http://iltalehti.fi/politiikka/a/e8a03976-83e8-490c-87f3-11a7ac47cddc,Li Andersson Vantaan kouluväkivallasta – ”Olemme yhteiskuntana epäonnistuneet”,2020-09-24T15:11:57+03:00,2020-09-24T19:40:17+03:00,Torstain kyselytunti keskittyi koulukiusaamisen ja -väkivallan ehkäisyyn.
7d7586f0-d07c-491c-aea7-5357109d3cb8,http://iltalehti.fi/politiikka/a/7d7586f0-d07c-491c-aea7-5357109d3cb8,Oppositio lyttää budjetin: ”Järkyttävä talouden ja työllisyyden kannalta”,2020-09-16T18:32:11+03:00,2020-09-16T18:32:11+03:00,"Marinin (sd) hallitus julkisti keskiviikkona ensi vuoden budjetin, jonka mukaan Suomi velkaantuu vuonna 2021 lähes 11 miljardia euroa. "
02ea79a5-841d-42a0-9220-f357f5614327,http://iltalehti.fi/politiikka/a/02ea79a5-841d-42a0-9220-f357f5614327,Elvytyspaketti kuumensi tunteita eduskunnassa: ”Hallitus antaa rahaa italialaisille mafioosoille”,2020-09-09T13:51:33+03:00,2020-09-09T16:57:04+03:00,Pääministeri Sanna Marin (sd) antoi pääministerin ilmoituksen EU:n 750 miljardin euron elvytyspaketista.
c9557186-be56-48c9-83cc-c56903708e4e,http://iltalehti.fi/viihdeuutiset/a/c9557186-be56-48c9-83cc-c56903708e4e,"Muistatko vielä nämä ikoniset Ensitreffit alttarilla -hetket? Oliiviöljy-gate, ero kesken kauden ja Napakymppi-riita",2020-08-30T13:48:20+03:00,2020-08-30T13:48:20+03:00,"Ensitreffit alttarilla alkaa ensi viikon tiistaina. Muistatko vielä, mitä aiemmilla kausilla on tapahtunut?"
88e00ce0-d92a-4c5e-8a29-e87dbed7879f,http://iltalehti.fi/10kysymysta/a/88e00ce0-d92a-4c5e-8a29-e87dbed7879f,Kuinka monta vuotta Paavo Nurmen ensimmäisestä olympiavoitosta tulee kuluneeksi? Pelaa maanantain 10 kysymystä! ,2020-08-17T05:55:00+03:00,2020-08-17T05:55:00+03:00,Iltalehden perinteinen urheiluvisa on myös verkossa. Montako tiedät?
ec3e34f2-a530-4072-87cc-7ca9a7f57e21,http://iltalehti.fi/viihdeuutiset/a/ec3e34f2-a530-4072-87cc-7ca9a7f57e21,Antti Kaikkonen ja Jannika Ranta - Poikavauva on syntynyt: ”Pienet lenkkarit ovat odottaneet käyttäjäänsä”,2020-07-22T18:32:33+03:00,2020-07-23T02:16:58+03:00,Puolustusministeri kertoo asiasta Facebookissa.
5fbcf011-8550-4054-b030-b1d94b3a71a1,http://iltalehti.fi/politiikka/a/5fbcf011-8550-4054-b030-b1d94b3a71a1,Oppositio tyrmistyi - Halla-aho Ylelle: Koronapaketti rikkoo EU:n sääntöjä,2020-07-21T13:12:33+03:00,2020-07-21T16:19:40+03:00,Oppositio tyrmäsi pääministerin riemun onnistuneesta budjettineuvotteluissa.
a39efed3-9e58-4f03-aa4f-14461ff4676e,http://iltalehti.fi/politiikka/a/a39efed3-9e58-4f03-aa4f-14461ff4676e,EU-johtajat koolla maskit kasvoilla – Tällaisesta miljardipaketista Sanna Marin on mukana neuvottelemassa ,2020-07-17T09:10:01+03:00,2020-07-17T13:42:43+03:00,"Suomen keskeiset kysymykset liittyvät mm. elpymisvälineen kokoon, laina- ja avustusmuotoisten tukien suhteellisiin osuuksiin."
2d7fb70e-7384-4c10-a04d-35f78afa1a8b,http://iltalehti.fi/politiikka/a/2d7fb70e-7384-4c10-a04d-35f78afa1a8b,750 miljardin kriisirahasto jakaa eduskuntaa – oppositio huolissaan kansallisesta edusta,2020-07-16T17:37:33+03:00,2020-07-16T17:37:33+03:00,"Satu Hassi: Mikä on perussopimuksen mukaista, sen viime kädessä ratkaisee EU-tuomioistuin."
2d3b73ef-ffae-463a-bc8f-48465cb82e6d,http://iltalehti.fi/politiikka/a/2d3b73ef-ffae-463a-bc8f-48465cb82e6d,Legendaaristen leijonien ja lampaiden kesäinen paluu - näin puoluepomot käyttäisivät ”koronasatasen”: ”Lapsille kirjoja”,2020-07-15T22:43:15+03:00,2020-07-15T22:43:15+03:00,MTV:n keskiviikkoisessa puheenjohtajatentissä onnistui Iltalehden yhden miehen raadin mielestä parhaiten perussuomalaisten Jussi Halla-aho.
d3003803-6645-47e4-b6e8-786f583fa03b,http://iltalehti.fi/politiikka/a/d3003803-6645-47e4-b6e8-786f583fa03b,"Näkökulma: Puuhaako Timo Soini uutta SMP:tä? Jos KD on mukana, keskusta ja perussuomalaiset kohtaavat vaikeuksia",2020-06-30T18:44:39+03:00,2020-06-30T18:44:39+03:00,"Kristilliset arvot, perheystävällisyys, pienyrittäjyys, pienituloisten etujen ajaminen, oikeudenmukaisuus ja yritteliäs elämänasenne voisivat olla pohja uudelle SMP:lle, kirjoittaa Iltalehden politiikan toimittaja Lauri Nurmi."
ebdf3207-811f-46fa-bafa-336327f6f6bf,http://iltalehti.fi/politiikka/a/ebdf3207-811f-46fa-bafa-336327f6f6bf,Hallituksen ”intersektionaalinen feminismi” ihmetyttää oppositiota koronakriisin keskellä: ”Onko juuri nyt oikea aika?”,2020-06-27T07:31:23+03:00,2020-06-27T07:31:23+03:00,"Vihreiden puheenjohtajan, sisäministeri Maria Ohisalon mukaan hallituksen uuden tasa-arvo-ohjelman kantavana näkökulmana on intersektionaalinen feminismi."
58408115-92f5-43d0-b103-0fc4a5397031,http://iltalehti.fi/politiikka/a/58408115-92f5-43d0-b103-0fc4a5397031,Valtakunnansyyttäjä pettyi Mäenpää-äänestyksen tulokseen Ylen haastattelussa – someraivo ryöpsähti opposition riveissä: ”Onko Suomi enää oikeusvaltio?”,2020-06-26T21:06:00+03:00,2020-06-26T21:23:30+03:00,Valtakunnansyyttäjä väitti Mäenpään kommenttia laittomaksi. Useampi kansanedustaja hämmästyi kovaa kommenttia.
3172dca8-8ec4-4260-89e5-4f1d497fbee1,http://iltalehti.fi/kotimaa/a/3172dca8-8ec4-4260-89e5-4f1d497fbee1,Katso koko lista: Näin eduskunta äänesti Mäenpään kohtalosta – kaikki ministerit puolsivat syyteluvan antamista,2020-06-26T11:29:04+03:00,2020-06-26T11:29:04+03:00,Äänestys Mäenpään syyttämisluvasta päättyi 121–54. Kaikki ministerit puolsivat syyteluvan antamista.
d0051130-2e8d-4ddd-8c75-acd9ef2d3972,http://iltalehti.fi/kotimaa/a/d0051130-2e8d-4ddd-8c75-acd9ef2d3972,"Järjestö herätteli maailmaa pikaisiin ilmastotalkoisiin – Sari Essayah: EU:n toimet yksipuolisia, globaaleja ratkaisuja tarvitaan",2020-06-20T17:05:35+03:00,2020-06-20T17:05:35+03:00,
f20a82d7-d7a3-4e94-8242-10cc88c78410,http://iltalehti.fi/politiikka/a/f20a82d7-d7a3-4e94-8242-10cc88c78410,"""Suomi olisi maksajan puolella"" – Suuri valiokunta tukee hallituksen kantaa EU:n elvytyspakettiin, perustuslakivaliokunta hyvin kriittinen ",2020-06-12T13:41:48+03:00,2020-06-12T16:34:13+03:00,"Perustuslakivaliokunta korostaa, että Suomen valtion vastuun yläraja tulee määritellä tarkasti."
7d7776f3-5eb0-42de-971f-dd2b03c9198a,http://iltalehti.fi/politiikka/a/7d7776f3-5eb0-42de-971f-dd2b03c9198a,Oppositiojohtajat kritisoivat Kulmunin aikeita jatkaa viisikossa – Orpo: ”Iso ongelma”,2020-06-08T19:14:53+03:00,2020-06-08T19:14:53+03:00,"Mistä Kulmuni oikein päättää, kun ministerit vastaavat omista alueistaan? kysyy Liike Nytin Harry Harkimo."
509ec112-2468-41ff-9947-428d202c62d7,http://iltalehti.fi/politiikka/a/509ec112-2468-41ff-9947-428d202c62d7,Suomen hallitus ei hyväksy EU:n koronapakettia sen nykymuodossa,2020-05-28T17:13:49+03:00,2020-05-28T17:13:49+03:00,Eduskunnan kyselytunnilla käytiin tiukkaa keskustelua muun muassa EU:n elvytyspaketin seurauksista Suomelle.
2b8bcb17-10cc-4902-84cf-db9e01d8978c,http://iltalehti.fi/politiikka/a/2b8bcb17-10cc-4902-84cf-db9e01d8978c,Näkökulma: Hallitus sai pienen opetuksen – Twitterissä ei voi kirjoitella mitä tahansa satuja,2020-05-25T22:24:04+03:00,2020-05-25T22:24:04+03:00,"Oppositiopuolueiden puheenjohtajat voivat muistuttaa television vaalitenteissä, että hallituspuolueet eivät halunneet Finnairin lentävän koronakriisin aikana maakuntakentille."
ac07e7a3-8cd6-4c47-b768-dad7e11b2e2c,http://iltalehti.fi/politiikka/a/ac07e7a3-8cd6-4c47-b768-dad7e11b2e2c,Alma-kysely: Sanna Marin on jo Suomen toiseksi suosituin poliitikko – Pekka Haaviston suosio romahti,2020-05-20T19:00:31+03:00,2020-05-20T19:00:31+03:00,"Suomen suosituimmat poliitikot olivat huhtikuussa Sauli Niinistö, Sanna Marin ja Li Andersson."
e0e2cabc-fce1-4cfa-bae3-1f842e5376f4,http://iltalehti.fi/veikkausliiga/a/e0e2cabc-fce1-4cfa-bae3-1f842e5376f4,Näkökulma: Ministeri Hanna Kosonen teki oman maalin – päättäjät suhtautuvat kevytmielisesti huippu-urheiluun,2020-05-12T16:37:55+03:00,2020-05-12T16:37:55+03:00,"Urheiluasioista vastaava ministeri hapuilee kokoontumisrajoituksia koskevissa lausunnoissaan – miksi huvipuistojen väkimäärää ei rajoiteta, mutta jalkapallo-otteluissa kattona on 500 henkeä, kirjoittaa Santtu Silvennoinen."
1a8400c1-8be9-4f5e-a4d3-0797224e7610,http://iltalehti.fi/talous/a/1a8400c1-8be9-4f5e-a4d3-0797224e7610,Suomen vastuut EU:n uusista koronatuista voivat olla miljardiluokkaa – Tuppurainen: Enimmäismäärien oltava selkeät,2020-04-24T17:51:00+03:00,2020-04-24T17:51:00+03:00,"Eurooppaministeri Tytti Tuppuraisen mukaan Suomi ei ole antamassa avointa velkakirjaa, vaikka haluaakin osallistua EU:n talouden vahvistamiseen kriisin keskellä."
ed5e0c2c-501d-4ee7-8815-59b762b3b236,http://iltalehti.fi/10kysymysta/a/ed5e0c2c-501d-4ee7-8815-59b762b3b236,Kuinka monta mitalia Ville Ritola voitti Pariisin olympialaisissa 1924? Pelaa maanantain 10 kysymystä!,2020-04-06T05:00:00+03:00,2020-04-06T05:00:00+03:00,Iltalehden perinteinen urheiluvisa. Montako tiedät?
a38d9bb9-b477-400b-adc8-e9740184f3ec,http://iltalehti.fi/politiikka/a/a38d9bb9-b477-400b-adc8-e9740184f3ec,Oppositio haastoi hallitusta virheistä – Marin moitti kentän toimintaa: ”Me joudumme nyt joka päivä paimentamaan”,2020-04-02T19:19:50+03:00,2020-04-02T19:19:50+03:00,Oppositio haastoi hallitusta eduskunnan kyselytunnilla koronaepidemiakriisin hoitamisesta. 
88d10424-c07c-4db3-bf3e-a314ff18f553,http://iltalehti.fi/koronavirus/a/88d10424-c07c-4db3-bf3e-a314ff18f553,Eduskunta keskusteli eristämisestä perjantai-yöhön asti: ”Emme halua Uudestamaasta Italian Lombardiaa” ,2020-03-26T07:33:23+02:00,2020-03-27T01:36:25+02:00,Eduskunta pui yömyöhään Uudenmaan eristämistä. IL-TV näytti keskustelun suorana lähetyksenä.
d3c45b78-59b5-46fc-931a-824f247c01d4,http://iltalehti.fi/koronavirus/a/d3c45b78-59b5-46fc-931a-824f247c01d4,"Pääministeri Marin: Ravintoloita ja kuppiloita suljetaan, Uusimaa halutaan eristää ",2020-03-24T09:22:13+02:00,2020-03-24T19:45:08+02:00,Eduskuntapuolueilla on laaja yhteisymmärrys uusista lisärajoituksista.
9932d022-e52f-4984-879b-bb231ad9c24d,http://iltalehti.fi/koronavirus/a/9932d022-e52f-4984-879b-bb231ad9c24d,"IL selvitti: Näin Suomi päätti valmiuslaista: Marin ja vasemmistoliitto epäröivät, muut puolueet ja Niinistö runnoivat läpi",2020-03-18T16:33:51+02:00,2020-03-18T16:33:51+02:00,"Hallitus päätyi valmiuslakiin kovan väännön jälkeen. Pääministeri Marin ja vasemmistoliitto epäröivät THL:n ohjeistamina pitkään kovia toimia, kirjoittavat Lauri Nurmi ja Juha Ristamäki. "
33731551-e22d-400d-9a5f-fb59a28a0121,http://iltalehti.fi/koronavirus/a/33731551-e22d-400d-9a5f-fb59a28a0121,Valmiuslain käyttöönotto eduskunnan käsittelyyn keskiviikkona,2020-03-17T16:38:51+02:00,2020-03-17T16:38:51+02:00,Perustuslakivaliokunnan kokous valmiuslain käyttöönotosta kestää yömyöhään. Osa valmiuslaista jo keskiviikkona eduskunnan käsittelyssä.
77d73279-ecc2-4c87-9366-ce34087dd650,http://iltalehti.fi/politiikka/a/77d73279-ecc2-4c87-9366-ce34087dd650,Eduskunnassa kiisteltiin oliko Suomen EU-puheenjohtajuuskausi eleetön vai elegantti: ”Yksikään ihminen ei ole saari”,2020-02-26T22:51:18+02:00,2020-02-26T22:51:18+02:00,Pääministeri Sanna Marin (sd) kehui Suomen EU-puheenjohtajakautta: ”Rahaa säästyi ja hiilijalanjälki pieneni”.
4f5c6447-ae85-4481-88ee-bba75cbcd255,http://iltalehti.fi/politiikka/a/4f5c6447-ae85-4481-88ee-bba75cbcd255,"Kristillisdemokraateilta lakiehdotus: Työttömyystuesta 10 prosenttia pois, jos ei osaa riittävästi suomea tai ruotsia",2020-02-25T10:27:45+02:00,2020-02-25T10:27:45+02:00,"KD:n kansanedustajien lakialoitteen mukaan työttömillä maahanmuuttajilla tulisi olla rahallinen kannustin hankkia parempi kielitaito, jotta he pääsisivät helpommin tukiriippuvuudesta eroon. "
91a6e087-f127-48ce-ae89-7a8f078e0c5e,http://iltalehti.fi/politiikka/a/91a6e087-f127-48ce-ae89-7a8f078e0c5e,"Näin oppositio rökitti pääministeri Marinin hallitusta: ”Räyhä-Mykkänen”, susia ja ahdasmielinen vihervasemmisto ",2020-02-11T17:39:12+02:00,2020-02-11T17:39:12+02:00,SDP toivoi oppositiolta yhteistyöhalukkuutta.
28d7d875-9680-4c86-a40d-4c46d83f346a,http://iltalehti.fi/politiikka/a/28d7d875-9680-4c86-a40d-4c46d83f346a,Sari Essayah näpäytti Li Anderssonia somessa,2020-01-14T21:24:36+02:00,2020-01-14T21:24:36+02:00,Vasemmistoliiton kansanedustaja Anna Kontula otettiin kiinni Israelissa.
