id,url,title,date_created,date_modified,lead
ada33dc7-0340-40de-bf3f-b570d7ebde6b,http://iltalehti.fi/politiikka/a/ada33dc7-0340-40de-bf3f-b570d7ebde6b,Näkökulma: SDP:n eri siivet voivat hyvin ja näyttävät jopa vahvistuvan hallitusvastuussa,2020-12-27T18:04:22+02:00,2020-12-27T18:04:22+02:00,"SDP:n historiaa on aina sävyttänyt erilaisten ryhmien ja siipien taistelu puolueessa, kirjoittaa Juha Keskinen."
2d32850b-1a30-4612-947e-63785dce508d,http://iltalehti.fi/politiikka/a/2d32850b-1a30-4612-947e-63785dce508d,Sanna Marin vastaa SDP:n eduskuntaryhmästä tulleeseen kritiikkiin: Koronavuosi on tuonut etäisyyttä,2020-12-22T11:16:00+02:00,2020-12-22T11:16:00+02:00,SDP:n eduskuntaryhmässä on ihmetelty pääministerin omavaltaisia toimia ja ”pääministeritautiin” sairastumista. Viimeksi närää aiheutti perustuslakivaliokunnan puheenjohtajanimitys. 
0772a1dc-7262-4d7c-9f6f-05a3dd3e351e,http://iltalehti.fi/politiikka/a/0772a1dc-7262-4d7c-9f6f-05a3dd3e351e,Johanna Ojala-Niemelä: Aivokasvainleikkaus meni hyvin – ”Olen saanut hyvää hoitoa”,2020-12-17T15:39:24+02:00,2020-12-17T15:39:24+02:00,Johanna Ojala-Niemelä (sd) kiittää saamastaan tuesta.
82d986ae-6268-46b8-a917-1811dcf42b7a,http://iltalehti.fi/politiikka/a/82d986ae-6268-46b8-a917-1811dcf42b7a,Näkökulma: Ay-jyrä Rinne palaa päivänpolitiikkaan sekä ulkoisista että SDP:n sisäisistä syistä,2020-12-17T14:02:53+02:00,2020-12-17T14:02:53+02:00,"Ex-pääministeri Antti Rinteen paluulle operatiiviseen politiikkaan on monta syytä, kirjoittaa Juha Keskinen."
a4865e1b-3c0e-47f6-84bd-ceb5828d6d18,http://iltalehti.fi/kotimaa/a/a4865e1b-3c0e-47f6-84bd-ceb5828d6d18,"Kolumni: Sanna Ukkola: Vihreät, palkatkaa itsellenne kunnon kriisiviestijä – tuosta sekoilusta ei tule mitään!",2020-12-17T09:31:13+02:00,2020-12-17T09:31:13+02:00,"Vihreiden kauhujen joulukalenterista puskee uusi julkisuuskohu joka päivä, kirjoittaa Iltalehden kolumnisti Sanna Ukkola."
d9ba55a6-1710-4acd-b73a-ae155abaa969,http://iltalehti.fi/paakirjoitus/a/d9ba55a6-1710-4acd-b73a-ae155abaa969,Pääkirjoitus: Poliitikot eivät anna medialle ”kurinpalautusta” ,2020-12-11T20:41:59+02:00,2020-12-11T20:41:59+02:00,"Lähdesuojaa turvaa laki ja tietovuodot kuuluvat demokratiaan, kirjoittaa vastaava päätoimittaja Erja Yläjärvi."
0a1dab80-0d83-43d6-9d86-1272986a9073,http://iltalehti.fi/politiikka/a/0a1dab80-0d83-43d6-9d86-1272986a9073,Näkökulma: Tapaus Haavisto nosti vuodot jälleen polttopisteeseen - poliitikot yrittävät suojella lehmänkauppoja ja kähmintäkulttuuria ,2020-12-11T08:29:21+02:00,2020-12-11T08:29:21+02:00,"Taitaa olla niin, että kritisoidessaan vuotoja poliitikko ei joko ymmärrä, mistä puhuu, tai yrittää suojella omaa ja puolueensa etua, kirjoittaa Lauri Nurmi."
579c7a17-45bf-4551-9936-453db6fc15f1,http://iltalehti.fi/politiikka/a/579c7a17-45bf-4551-9936-453db6fc15f1,Puhemies Vehviläinen moittii perustuslakivaliokunnan kansanedustajia Haavisto-tapauksesta: ”Meni juridiikka ja politiikka sekaisin”,2020-12-10T16:55:00+02:00,2020-12-10T16:55:00+02:00,"Eduskunnan puhemies Anu Vehviläinen (kesk) pitäisi hyvänä, jos ministeristä muistutuksen tekevät kansanedustajat eivät istuisi perustuslakivaliokunnassa päättämässä asiasta."
3d942ea6-323a-43ab-80ab-21650e599404,http://iltalehti.fi/politiikka/a/3d942ea6-323a-43ab-80ab-21650e599404,Jatkuuko Haavisto-kohu kyselytunnilla? - Ulkoministeri ei itse paikalla: Suora lähetys kello 16,2020-12-10T15:28:20+02:00,2020-12-10T15:28:20+02:00,Myöskään pääministeri Sanna Marin (sd) ei osallistu tänään eduskunnan kyselytunnille.
e3cefbce-14ef-402b-b76e-95c3f3aae5cf,http://iltalehti.fi/paakirjoitus/a/e3cefbce-14ef-402b-b76e-95c3f3aae5cf,"Pääkirjoitus: Suomi suitsuttaa EU:ssa oikeusvaltioperiaatetta, mutta kotimaassa tuomiovalta ja politiikka sekoittuvat keskenään",2020-12-10T10:24:48+02:00,2020-12-10T10:24:48+02:00,"Haavisto-tapaus paljasti, että tuomiovalta ja politiikka sekoittuvat keskenään, mikä ei ole kunniaksi oikeusvaltioperiaatetta suitsuttavalle Suomelle."
4ebc5651-797b-4554-8a4b-2c5949bbce1a,http://iltalehti.fi/politiikka/a/4ebc5651-797b-4554-8a4b-2c5949bbce1a,"Poliittinen jättiskandaali toi Suomen johtoon naisen, joka on nyt ulkomaillakin palvottu keulakuva – näin Sanna Marin nousi vuodessa suursuosioon",2020-12-10T05:02:05+02:00,2020-12-10T05:02:05+02:00,"Sanna Marinin (sd) ensimmäiseen pääministerivuoteen mahtui iloa, surua ja koronakriisin hoitamista."
7b1fd1f3-98f2-4ea8-8d73-c77b4fc36ec0,http://iltalehti.fi/politiikka/a/7b1fd1f3-98f2-4ea8-8d73-c77b4fc36ec0,Pääministeri Marin tukee Haavistoa - HS: Niinistö huolissaan valiokunnan tilanteesta,2020-12-09T23:18:56+02:00,2020-12-09T23:18:56+02:00,"Presidentti Niinistö toivoi Helsingin Sanomien haastattelussa, että perustuslakivaliokuntaan palautetaan ”asiallinen ja kunnioittava henki”."
d5926d43-19fa-4595-a2eb-118bec3d696d,http://iltalehti.fi/politiikka/a/d5926d43-19fa-4595-a2eb-118bec3d696d,"Näin dramaattinen Haavisto-päivä eteni: Valiokunnassa vastalause, rikosilmoitus ja kurinpalautus - puheenjohtaja ilmoitti aivokasvaimesta ja haukkui median",2020-12-09T21:26:45+02:00,2020-12-09T21:26:45+02:00,"Perustuslakivaliokunnan selvitys ulkoministeri Pekka Haaviston (vihr) toimien lainmukaisuudesta kesti rauhallisesti lähes vuoden, mutta päättyi dramaattiseen päivään eduskunnassa."
64c16b4b-284c-4cda-9cca-b68be9720f04,http://iltalehti.fi/politiikka/a/64c16b4b-284c-4cda-9cca-b68be9720f04,Sanna Marin ystävänsä Johanna Ojala-Niemelän aivokasvaimesta: ”Yhdessä olemme itkeneet”,2020-12-09T09:28:43+02:00,2020-12-09T12:37:39+02:00,SDP:n puheenjohtaja Sanna Marin toivottaa voimia perustuslakivaliokunnan puheenjohtaja Johanna Ojala-Niemelälle.
4b8f8b64-666c-429a-8163-8e2bd8654150,http://iltalehti.fi/politiikka/a/4b8f8b64-666c-429a-8163-8e2bd8654150,Antti Rinne nousemassa perustuslakivaliokunnan johtoon - puoluetoveri Johanna Ojala-Niemelällä aivokasvain,2020-12-09T08:05:05+02:00,2020-12-09T08:05:05+02:00,Sosiaalidemokraatti Ojala-Niemelä on sairastunut vakavasti. Uudeksi perustuslakivaliokunnan puheenjohtajaksi on nousemassa eduskunnan varapuhemies Antti Rinne.
c00a082f-042b-49f7-b18c-c395027f318f,http://iltalehti.fi/politiikka/a/c00a082f-042b-49f7-b18c-c395027f318f,Me Naiset: Kansanedustaja Johanna Ojala-Niemelällä aivokasvain ,2020-12-09T07:13:41+02:00,2020-12-09T07:13:41+02:00,Kansanedustajan leikkaus tehdään nyt joulukuussa.
a61839e4-14c7-42bb-9517-8228e1d1e19a,http://iltalehti.fi/politiikka/a/a61839e4-14c7-42bb-9517-8228e1d1e19a,Lähes vuoden käsittely päättymässä -  Haaviston rikosepäilyyn ratkaisu tiistaina,2020-12-07T21:09:12+02:00,2020-12-07T21:09:12+02:00,Eduskunnan perustuslakivaliokunta kävi maanantaina läpi ulkoministeri Pekka Haaviston (vihr) rikosepäilystä tekemäänsä mietintöä.
4ef8647d-8ccb-46d0-989a-f5e2c7a75df5,http://iltalehti.fi/politiikka/a/4ef8647d-8ccb-46d0-989a-f5e2c7a75df5,Perustuslakivaliokunta pyytää tarkempaa selvitystä asumisoikeuslain muutoksesta,2020-11-18T12:20:32+02:00,2020-11-18T12:20:32+02:00,Valiokunta haluaa lisätietoa muun muassa asumisoikeuden irtisanomisen helpottamisesta.
94261ac5-296e-42d2-a255-d6f41ee06941,http://iltalehti.fi/politiikka/a/94261ac5-296e-42d2-a255-d6f41ee06941,Demareilta kritiikkiä Kiurun erovaatimuksille – ”Keskustassa siirrytty käymään yksittäisten ministerien nilkkaan”,2020-11-15T12:01:41+02:00,2020-11-15T18:07:17+02:00,"Keskustan Lapin piiri vaatii ministeri Krista Kiurun (sd) eroa siksi, että Lapin matkailun vaikeaa tilannetta ei ole edistetty tarpeeksi."
2d4dda71-61e9-49db-90c8-2f62d72b5a9f,http://iltalehti.fi/politiikka/a/2d4dda71-61e9-49db-90c8-2f62d72b5a9f,Haaviston al-Hol-toiminnan käsittely loppusuoralla – Packalénin koronatartunta sotki perjantain suunnitelmat,2020-10-16T17:15:17+03:00,2020-10-16T17:15:17+03:00,"Perustuslakivaliokunta jatkaa käsittelyä ensi viikolla, jotta perussuomalaisten edustajat pääsevät paikalle."
44d80727-397b-4473-a77e-79d3ad42cb43,http://iltalehti.fi/politiikka/a/44d80727-397b-4473-a77e-79d3ad42cb43,"Perustuslakivaliokunta ei hyväksy nykyisten  ravintolarajoitusten jatkoa – ”En näe, että mitään seuraamuksia olisi tulossa”",2020-10-15T19:57:48+03:00,2020-10-16T15:32:11+03:00,Perustuslakivaliokunta antoi torstaina lausunnon ravintolatoiminnan rajoittamista koskevasta hallituksen esityksestä. 
f64f3b8a-1678-4f33-9695-caca878460c8,http://iltalehti.fi/politiikka/a/f64f3b8a-1678-4f33-9695-caca878460c8,IL-Analyysi: Haaviston kohtalonhetket ovat käsillä - vahvimmat vaihtoehdot syytteen esittäminen tai moitteet al-Hol -toiminnasta,2020-10-08T13:42:25+03:00,2020-10-08T13:42:25+03:00,"Perustuslakivaliokunnassa kuultujen asiantuntijoiden kannat menevät ristiin siitä, ylittyykö syytekynnys vai riittäisikö moite, kirjoittavat Lauri Nurmi ja Juha Ristamäki."
f2b8b3d6-d0e8-4724-be00-0ac527da1f92,http://iltalehti.fi/politiikka/a/f2b8b3d6-d0e8-4724-be00-0ac527da1f92,SDP:n 1. varapuheenjohtajaksi noussut Niina Malm yllättyi äänisaaliistaan – ”epäuskoinen olo”,2020-08-23T08:37:19+03:00,2020-08-23T19:24:09+03:00,"SDP:n varapuheenjohtajiksi valittiin kansanedustaja Niina Malm, ministeri Ville Skinnari ja kansanedustaja Matias Mäkynen."
7eab4c40-baaa-44bf-b931-41ccb630f807,http://iltalehti.fi/politiikka/a/7eab4c40-baaa-44bf-b931-41ccb630f807,Analyysi: Tänä viikonloppuna Marinin kruunajaisten varjossa demarit käyvät armotonta taistelua vallasta,2020-08-22T08:36:06+03:00,2020-08-22T08:36:06+03:00,"SDP:n uudeksi valta-akseliksi on nousemassa Sanna Marin - Krista Kiuru. Antti Lindtman on menettämässä asemiaan, kirjoittavat Lauri Nurmi ja Juha Ristamäki. "
08beaa10-ac87-4efd-b8ce-f362efce2665,http://iltalehti.fi/politiikka/a/08beaa10-ac87-4efd-b8ce-f362efce2665,Asiantuntijat: EU:n elvytyspaketti on ”askel kohti liittovaltiota” – dosentti vaatii kansanäänestystä ,2020-07-28T06:30:22+03:00,2020-07-28T06:30:22+03:00,Suoria avustuksiakin sisältävä elvytyspaketti muuttaa asiantuntijoiden mielestä EU:n luonnetta.
804e81c5-6062-4adc-bd86-a928d799a35f,http://iltalehti.fi/politiikka/a/804e81c5-6062-4adc-bd86-a928d799a35f,Ex-oikeuskansleri pitää perussuomalaisten pääministeriin kohdistamaa syytöstä vakavana,2020-07-26T16:16:51+03:00,2020-07-26T16:16:51+03:00,Entinen oikeuskansleri Jaakko Jonkka pitää perussuomalaisten pääministeri Sanna Mariniin (sd) kohdistamaa syytöstä perustuslain rikkomisesta vakavana.
7340c6b2-7bc9-4f6c-b95f-e090e12e31d4,http://iltalehti.fi/politiikka/a/7340c6b2-7bc9-4f6c-b95f-e090e12e31d4,Professori Verkkouutisille: Kriisirahastosta ”valtiosääntöoikeudellinen konflikti”,2020-07-19T17:44:24+03:00,2020-07-19T17:44:24+03:00,"Päivi Leino-Sandberg: ”En odottanut näkeväni Suomessa hallitusta, joka julkisesti kiistää perustuslakivaliokunnan kannan merkityksen.”"
cb168405-f78e-4971-b4a4-1ef06e688c6a,http://iltalehti.fi/politiikka/a/cb168405-f78e-4971-b4a4-1ef06e688c6a,Pääministeri Marin: Tällaisenaan emme voi EU:n elpymisrahastoa hyväksyä,2020-07-16T12:03:56+03:00,2020-07-16T17:41:26+03:00,"Sanna Marin sanoo, että 750 miljardin euron elpymisrahasto on EU:n perussopimsten mukainen."
a0a1b36b-bddf-4ccb-a6d2-b69d5844c53e,http://iltalehti.fi/talous/a/a0a1b36b-bddf-4ccb-a6d2-b69d5844c53e,Perustuslakivaliokunta linjasi: EU:ssa ei saisi edistää lainan ottamista avustusten jakamiseen – rikkooko hallitus Suomen lakia?,2020-07-15T19:34:30+03:00,2020-07-15T19:34:30+03:00,Perustuslakivaliokunnan mukaan hallitus ei saisi edistää lainapainotteista EU:n elpymisrahastoa.
52bb8b74-aafc-4109-ad17-dd67150cdbae,http://iltalehti.fi/politiikka/a/52bb8b74-aafc-4109-ad17-dd67150cdbae,Perustuslakivaliokunta vastaanotti KRP:n Haavisto-esitutkinnan – ulkoministeri kiistää syyllistymisen rikokseen,2020-07-14T13:35:58+03:00,2020-07-14T13:35:58+03:00,Johanna Ojala-Niemelä: Perustuslakivaliokunnan työn pitäisi valmistua syys-lokakuussa.
1850279b-d359-4c8a-844e-e866606b3196,http://iltalehti.fi/politiikka/a/1850279b-d359-4c8a-844e-e866606b3196,Apulaisvaltakunnansyyttäjä: Vain Haavisto epäiltynä rikoksesta ulkoministeriössä – oikeuskansleri selvittää avustajien ja virkamiesten toimia,2020-07-08T15:31:47+03:00,2020-07-09T14:38:16+03:00,Ulkoministeri Pekka Haavistoa (vihr) epäillään virkarikoksesta.
da8f4569-db5c-40dd-bf5e-697a183efd0a,http://iltalehti.fi/politiikka/a/da8f4569-db5c-40dd-bf5e-697a183efd0a,Ulkoministeri Pekka Haavistoa koskeva rikostutkinta al-Holiin liittyen on valmis – ”Aineistoa on toista tuhatta sivua”,2020-07-06T13:25:06+03:00,2020-07-06T15:07:08+03:00,Keskusrikospoliisi on lähettänyt esitutkintamateriaalin perustuslakivaliokunnalle ja valtakunnansyyttäjälle. 
68d4f87a-df41-44a9-b812-228223a2c75c,http://iltalehti.fi/politiikka/a/68d4f87a-df41-44a9-b812-228223a2c75c,Nyt linjaa EU-ministerivaliokunta: EU:n elvytyspaketin oikeusperusta kunnossa – perustuslakivaliokunta näki ongelmia,2020-07-03T11:30:05+03:00,2020-07-03T12:14:26+03:00,Suuri valiokunta ja perustuslakivaliokunta ovat olleet lausunnoissaan eri linjoilla EU:n elvytyspaketista.
4e1d9b29-f079-44f6-990e-e3c10d200c4b,http://iltalehti.fi/politiikka/a/4e1d9b29-f079-44f6-990e-e3c10d200c4b,"Osalle kansanedustajista ei ollut selvää, mistä he äänestävät Juha Mäenpään syyteluvassa",2020-06-25T17:24:02+03:00,2020-06-25T17:44:56+03:00,"Sitä, että valtakunnansyyttäjä aikoo nostaa syytteen Mäenpäätä vastaan, jos saa siihen luvan eduskunnalta, ei kerrottu heti julkisuuteen."
0126d204-1266-4e27-809b-1f367a1ed531,http://iltalehti.fi/kotimaa/a/0126d204-1266-4e27-809b-1f367a1ed531,Al-Hol-tarinassa on käänteitä riittänyt – ulkoministeriön salassa valmistelema operaatio heitti Haaviston kohun keskelle,2020-05-31T18:03:53+03:00,2020-05-31T18:03:53+03:00,"Al-Holin pakolaisleirin tilanne rävähti ensimmäisen kerran suomalaisten mieliin joulukuussa 2019, kun ulkoministeri Haavisto tempautui kohun kierteisiin."
5acfa741-2031-44e8-94cd-3c58b611d696,http://iltalehti.fi/politiikka/a/5acfa741-2031-44e8-94cd-3c58b611d696,Kovaa kritiikkiä samoille ravintolarajoituksille koko maahan – ”Bileet jatkuvat muissa ympäristöissä”,2020-05-26T14:00:23+03:00,2020-05-26T19:04:26+03:00,Eduskunta pui tiistaina täysistunnossa ravintolatukia ja ravintoloiden avaamisen rajoituksia.
43b0f457-d2ac-4c49-ae50-b003e3265589,http://iltalehti.fi/politiikka/a/43b0f457-d2ac-4c49-ae50-b003e3265589,IL selvitti: Kansanedustajien taksimatkoihin palanut tällä vaalikaudella 323 000 euroa –  käyttö vähentynyt,2020-05-23T07:00:12+03:00,2020-05-23T07:00:12+03:00,Iltalehti selvitti kansanedustajien taksimatkat ensimmäisen vuoden ajalta.
d62797b7-f6a7-4c0d-b3e9-e9ae9ec04e6c,http://iltalehti.fi/politiikka/a/d62797b7-f6a7-4c0d-b3e9-e9ae9ec04e6c,Demokraatti: Ulkoministeri Haaviston esitutkinta on keskusrikospoliisilla,2020-05-04T19:11:19+03:00,2020-05-04T19:11:19+03:00,"Rikostarkastaja Aki Lahtinen: ”Poliisi pyrkii suorittamaan tutkinnan tasapuolisesti, viipymättä.”"
7fda2e2d-6741-4d6d-862a-1171d5a5f9c4,http://iltalehti.fi/politiikka/a/7fda2e2d-6741-4d6d-862a-1171d5a5f9c4,Perustuslakivaliokunta edellytti koronatukea ravintoloille -  puheenjohtaja itse ravintolayhtiön hallituksessa: ”En ole jäävi”,2020-04-29T11:52:28+03:00,2020-04-29T11:52:28+03:00,Kansanedustaja Johanna Ojala-Niemelä (sd) sanoo selvittäneensä asian etukäteen eduskunnan virkamiehiltä.
f3fe7278-a9ab-40d0-b560-7d696e6cf0b3,http://iltalehti.fi/politiikka/a/f3fe7278-a9ab-40d0-b560-7d696e6cf0b3,Perustuslakivaliokunta aloittaa selvityksen: myös Päivi Nergin ja VM:n virkamiesten toimien lainmukaisuus nousee jälleen esiin,2020-04-16T23:11:24+03:00,2020-04-16T23:11:24+03:00,Valtiovarainministeriön kansliapäällikkönimitys saa ylimääräistä jännitettä perustuslakivaliokunnan selvityksen myötä.
b0d6800e-8fe5-4437-a6c5-8c39253349d4,http://iltalehti.fi/politiikka/a/b0d6800e-8fe5-4437-a6c5-8c39253349d4,Perustuslakivaliokunta: Valmiuslaki jatkuu 13.5. asti – ravintolat kiinni koko maassa,2020-04-02T17:10:14+03:00,2020-04-02T17:10:14+03:00,Perustuslakivaliokunnan mukaan valmiuslakia voidaan jatkaa ja kaikki Suomen ravintolat sulkea.
24a5ac9f-7daa-4078-9ea7-9be3828d7f9b,http://iltalehti.fi/koronavirus/a/24a5ac9f-7daa-4078-9ea7-9be3828d7f9b,Koronavirus Suomessa: Katso perjantain tilanne,2020-03-27T21:19:28+02:00,2020-03-27T21:19:28+02:00,Suomessa on todettu nyt 1025 COVID-19-tautitapausta.
597b9329-bc92-4d4a-8e59-377d716b602f,http://iltalehti.fi/politiikka/a/597b9329-bc92-4d4a-8e59-377d716b602f,Historiallinen hetki! Uudenmaan eristys muusta Suomesta tuli voimaan,2020-03-27T15:42:48+02:00,2020-03-28T00:39:30+02:00,Asetus tuli voimaan lauantaina 28.3. klo 00.00.
4bf2b9c1-a8d2-432e-9faf-aa648fb5405f,http://iltalehti.fi/politiikka/a/4bf2b9c1-a8d2-432e-9faf-aa648fb5405f,Uudenmaan eristäminen ja terveydenhuollon työvelvoite perustuslakivaliokunnan käsittelyssä – näin päivä etenee ,2020-03-27T08:29:16+02:00,2020-03-27T08:29:16+02:00,Perustuslakivaliokunta käsittelee perjantaina kahta merkittävää asetusta kello 8.30 alkaen.
28382dfb-36b6-46bf-9b72-763ec9e71522,http://iltalehti.fi/politiikka/a/28382dfb-36b6-46bf-9b72-763ec9e71522,Tällainen on uusi terveydenhuollon työvelvoite – voimaan jo tänään,2020-03-26T14:14:58+02:00,2020-03-26T14:14:58+02:00,Terveydenhuollon alalla toimivien työvelvoite koskee 18–67-vuotiaita.
10ab6e87-eb5a-4f22-854e-d2f76e97629f,http://iltalehti.fi/politiikka/a/10ab6e87-eb5a-4f22-854e-d2f76e97629f,"Perustuslakivaliokunta esittää, että ravintoloita ei tarvitse sulkea koko maassa: ”Tautitilanne niin erilainen”",2020-03-25T17:35:27+02:00,2020-03-25T19:04:57+02:00,Perustuslakivaliokunta haluaa pitää ravintoloiden sulkemisen mahdollisimman lyhyenä.
ae8c7502-96cc-456f-9c6b-1145a80acd3a,http://iltalehti.fi/politiikka/a/ae8c7502-96cc-456f-9c6b-1145a80acd3a,Ministeri Kiuru paljasti ”arkaluontoisen luvun”: Viisi suomalaista tehohoidossa koronan vuoksi,2020-03-19T13:59:51+02:00,2020-03-19T13:59:51+02:00,Perustuslakivaliokunta haluaa vielä selvittää valmiuslakia koulujen osalta. Kansanedustajista päästettiin koronaviruksen takia eduskunnan istuntosaliin vain joka neljäs.
eda2758f-c9de-4ca7-aefe-347f20e5a965,http://iltalehti.fi/koronavirus/a/eda2758f-c9de-4ca7-aefe-347f20e5a965,Perustuslakivaliokunnalta myös moitteita hallituksen valmiuslaille: ”Syitä ei ole perusteltu asianmukaisesti”,2020-03-18T15:34:09+02:00,2020-03-18T15:34:09+02:00,Puutteet eivät kuitenkaan estäneet perustuslakivaliokuntaa hyväksymästä lääkkeiden saatavuuden turvaamista.
eb3998b7-c764-4b0b-be95-61280a8a4988,http://iltalehti.fi/koronavirus/a/eb3998b7-c764-4b0b-be95-61280a8a4988,Perustuslakivaliokunta ei hyväksynyt valmiuslakiin terveydenhuollon työvelvoitetta,2020-03-18T12:46:40+02:00,2020-03-18T12:46:40+02:00,Eduskunnan perustuslakivaliokunta päätti turvata lääkkeiden ja terveydenhuollon tarvikkeiden saatavuuden poikkeusoloissa.
33731551-e22d-400d-9a5f-fb59a28a0121,http://iltalehti.fi/koronavirus/a/33731551-e22d-400d-9a5f-fb59a28a0121,Valmiuslain käyttöönotto eduskunnan käsittelyyn keskiviikkona,2020-03-17T16:38:51+02:00,2020-03-17T16:38:51+02:00,Perustuslakivaliokunnan kokous valmiuslain käyttöönotosta kestää yömyöhään. Osa valmiuslaista jo keskiviikkona eduskunnan käsittelyssä.
d40cb2ed-7afc-4629-b095-980fb0401e71,http://iltalehti.fi/politiikka/a/d40cb2ed-7afc-4629-b095-980fb0401e71,Kansanedustaja Juha Mäenpää yllättyi vieraslaji-kommenttinsa saamista mittasuhteista – aikoo jatkaa entiseen malliin,2020-02-20T09:44:24+02:00,2020-02-20T09:44:24+02:00,Perustuslakivaliokunta kuuli torstaina kansanedustaja Juha Mäenpään kuvauksen salikäyttäytymisestään.
6b04b937-1a6a-4466-be6e-ac74b9e817fa,http://iltalehti.fi/politiikka/a/6b04b937-1a6a-4466-be6e-ac74b9e817fa,Tästä on kyse ulkoministeri Pekka Haaviston poikkeuksellisessa rikosepäilyssä ,2020-02-19T14:26:09+02:00,2020-02-19T16:47:34+02:00,"Rikos- ja prosessioikeuden professori Matti Tolvanen toteaa, että esitutkinnan aloittaminen on merkittävä päätös, vaikka syytteitä ei nostettaisikaan. "
79820d8f-444c-49c1-a363-4159a18fbd3a,http://iltalehti.fi/politiikka/a/79820d8f-444c-49c1-a363-4159a18fbd3a,Ulkoministeri Pekka Haaviston toimista al-Hol-asiassa aloitetaan esitutkinta,2020-02-19T07:01:00+02:00,2020-02-19T12:12:36+02:00,"Perustuslakivaliokunta päätti, että Pekka Haaviston toimista aloitetaan esitutkinta rajatulta osin."
3afe5089-7b5e-46c2-b35d-808c3b04c6f7,http://iltalehti.fi/politiikka/a/3afe5089-7b5e-46c2-b35d-808c3b04c6f7,Ulkoministeri Haaviston toimien laillisuuden puinti jatkuu ensi viikolla – Rinne Verkkouutisille: Minulle ei esitelty al-Holin Korpi-operaatiota,2020-02-06T10:31:06+02:00,2020-02-06T13:00:51+02:00,"Eduskunnan perustuslakivaliokunnan puheenjohtaja ei kertonut, toiko uusi aineisto selkeyttä ulkoministerin ja konsulipäällikön antamien selvitysten ristiriitaisuuksiin."
9f78edab-1759-4628-89ff-7251fb700887,http://iltalehti.fi/politiikka/a/9f78edab-1759-4628-89ff-7251fb700887,"Al-Hol -toimien selvittäminen: Haaviston tenttaaminen venyi kahdeksi tunniksi, ei saa kommentoida",2020-01-14T08:15:19+02:00,2020-01-14T14:33:30+02:00,Eduskunnan perustuslakivaliokunta kuuli tiistaina ulkoministeri Pekka Haavistoa (vihr) ja ulkoministeriön konsulipäällikköä Pasi Tuomista.
