id,url,title,date_created,date_modified,lead
a78b373d-efa4-4ec6-9480-36f0cbeaa00d,http://iltalehti.fi/politiikka/a/a78b373d-efa4-4ec6-9480-36f0cbeaa00d,"Näkökulma: Kokoomuksella on kaksi ongelmaa, vihreillä ulkoministeri – siksi molemmat ovat suosioalamäessä",2020-12-23T17:46:26+02:00,2020-12-23T17:46:26+02:00,"Kokoomuksen suosioalamäkeä ei helpota keskenään taistelevat varapuheenjohtajat, kirjoittaa politiikan toimittaja Tommi Parkkonen."
7c26751f-95ca-43c1-9449-a121c35a6a96,http://iltalehti.fi/politiikka/a/7c26751f-95ca-43c1-9449-a121c35a6a96,"Kokoomuksen Mykkänen: Tarvitaan uusi hallitusohjelma, nykyiseltä ”on pudonnut pohja”",2020-08-25T10:46:38+03:00,2020-08-25T10:46:38+03:00,"Kokoomuksen eduskuntaryhmän puheenjohtaja Kai Mykkänen vaatii hallitukselta tiedonantoa uudesta hallitusohjelmasta, koska Mykkäsen mukaan nykyiseltä hallitusohjelmalta on pudonnut pohja."
6b6cc03f-0833-48eb-a2b8-404ad0872e61,http://iltalehti.fi/politiikka/a/6b6cc03f-0833-48eb-a2b8-404ad0872e61,"Suuri joukko suomalaisia maksaa työttömyysetuudesta, jota eivät saa – kokoomus haluaa ansiosidonnaisen kaikille",2020-07-10T10:41:40+03:00,2020-07-10T10:41:40+03:00,Kokoomus ajaa ansiosidonnaista työttömyysturvaa kaikille.
9ae258e8-389b-41e6-b09f-d29137f04dbe,http://iltalehti.fi/ruoka-artikkelit/a/9ae258e8-389b-41e6-b09f-d29137f04dbe,Jälleen voitto Suomeen! Kolme kotimaista väkevää ansaitsi kultaa kansainvälisessä kisassa,2020-07-09T15:59:53+03:00,2020-07-09T15:59:53+03:00,Voitto saksalaisessa kisassa on tislaajamestarin mukaan tärkeää vientimarkkinoiden vuoksi.
cd750235-95c9-45fd-a07c-101d2449e647,http://iltalehti.fi/politiikka/a/cd750235-95c9-45fd-a07c-101d2449e647,Kolmasosa kokoomuksen kansanedustajista oli poissa Mäenpää-äänestyksestä – lopputulos ei olisi muuttunut,2020-06-27T11:23:12+03:00,2020-06-27T11:23:12+03:00,Kokoomuksen kansanedustajilla oli Juha Mäenpään (ps) syyttämislupaa koskevan äänestyksen aikaan muita menoja. Peräti kolmasosa oli poissa.
39a1b3f1-b722-4f18-ac8a-55eeda76d4de,http://iltalehti.fi/politiikka/a/39a1b3f1-b722-4f18-ac8a-55eeda76d4de,"Ex-työministeri Jari Lindström pyytää anteeksi suurinta virhettään: ”Hyväksyin aktiivimallin, vaikka tiesin alusta asti sen olevan torso”",2020-05-20T05:59:10+03:00,2020-05-20T05:59:10+03:00,"Jari Lindström kertoo kirjassaan, ettei olisi perunut aktiivimallia, vaan muokannut sitä."
8c00bd95-42da-4a48-a3e3-78581ac803fa,http://iltalehti.fi/politiikka/a/8c00bd95-42da-4a48-a3e3-78581ac803fa,Useat kansanedustajat: Uudenmaan eristystä ei pidä purkaa – ”Pitäisin hölmönä”,2020-04-14T14:25:31+03:00,2020-04-14T15:26:03+03:00,Oppositioedustajien lisäksi hallituspuolue keskustasta löytyy kriittistä suhtautumista Uudenmaan eristyksen purkamiseen.
921a6d06-3c4a-483a-b44b-f007e4efd83c,http://iltalehti.fi/politiikka/a/921a6d06-3c4a-483a-b44b-f007e4efd83c,Perussuomalaiset jättää välikysymyksen hallituksen turvapaikkapolitiikasta,2020-03-11T11:00:31+02:00,2020-03-11T11:00:31+02:00,Perussuomalaiset jättää tänään välikysymyksen Sanna Marinin (sd) hallituksen turvapaikkapolitiikasta.
d11f4913-d554-4ec9-8be2-3f3ccbf1830b,http://iltalehti.fi/politiikka/a/d11f4913-d554-4ec9-8be2-3f3ccbf1830b,Kokoomus ei lähde mukaan perussuomalaisten Kreikka-välikysymykseen - kaipaa silti hallitukselta lisäselvityksiä,2020-03-10T18:08:53+02:00,2020-03-10T18:08:53+02:00,"Kokoomus haluaa hallituksen selvittävän oppositiolle, mikä on sen linja Kreikan tukemisessa yhteisessä EU-rintamassa."
022096de-2bd1-4b4b-a515-931f985adaee,http://iltalehti.fi/politiikka/a/022096de-2bd1-4b4b-a515-931f985adaee,Pääministerin kaatamisesta syytetty kokoomuspoliitikko: ”Surkuhupaisa salaliitto” ,2020-02-28T06:32:17+02:00,2020-02-28T06:32:17+02:00,Kokoomuksen eduskuntaryhmän puheenjohtaja Kai Mykkänen pitää EK:n entisen työmarkkinajohtajan Lasse Laatusen torstaina esittämiä syytöksiä pääministeri Antti Rinteen (sd)  kaatamiseen liittyvistä EK-kytköksistä ”surkuhupaisana salaliittoteoriana”.
1a0bf612-7c85-4e07-a981-0e37674a37f6,http://iltalehti.fi/politiikka/a/1a0bf612-7c85-4e07-a981-0e37674a37f6,EK:n ex-pomo Laatunen: Nämä henkilöt olivat syypäitä Rinteen eroon,2020-02-27T13:57:42+02:00,2020-02-27T13:57:42+02:00,"Entinen EK-pomo Lasse Laatunen nimeää EK:n ohella kaksi keskeistä henkilöä, jotka hänen mukaansa olivat syypäitä pääministeri Antti Rinteen (sd) eroon."
91a6e087-f127-48ce-ae89-7a8f078e0c5e,http://iltalehti.fi/politiikka/a/91a6e087-f127-48ce-ae89-7a8f078e0c5e,"Näin oppositio rökitti pääministeri Marinin hallitusta: ”Räyhä-Mykkänen”, susia ja ahdasmielinen vihervasemmisto ",2020-02-11T17:39:12+02:00,2020-02-11T17:39:12+02:00,SDP toivoi oppositiolta yhteistyöhalukkuutta.
4725303e-f038-4097-b89f-d09570b731c8,http://iltalehti.fi/viihdeuutiset/a/4725303e-f038-4097-b89f-d09570b731c8,"Wilma Schlizewski, 61, ja Aryan, 32, ovat olleet jo vuoden yhdessä – lempi leiskuu kahdesti päivässä: ”Seksimme on fantastista”",2020-02-05T10:23:03+02:00,2020-02-05T10:23:03+02:00,Wilma Schlizewskin ja häntä puolet nuoremman Aryanin kaverisuhde eteni nopeasti seurusteluksi.
ea31992a-0ec9-4855-b791-2fcba1636da9,http://iltalehti.fi/politiikka/a/ea31992a-0ec9-4855-b791-2fcba1636da9,IL-kysely: Petteri Orpon suosio laskee - yhä useampi kokoomuslainen haluaisi vaihtoon,2020-01-31T14:52:28+02:00,2020-01-31T16:43:37+02:00,Kokoomusvaikuttajille tehdyssä kyselyssä kahden päähaastajan eli Antti Häkkäsen ja Elina Lepomäen yhteenlaskettu kannatus on selvästi yli 50 prosenttia. 
