id,url,title,date_created,date_modified,lead
dcd1e619-5217-47e0-a27c-5685e225a9c7,http://iltalehti.fi/politiikka/a/dcd1e619-5217-47e0-a27c-5685e225a9c7,Murhan yrityksestä epäilty Teemu Torssonen ei suostunut luopumaan luottamustehtävistään –  koko Jyväskylän kaupunginhallitus erotettiin,2020-10-26T22:53:38+02:00,2020-10-26T22:53:38+02:00,"Koko kaupunginhallituksen vaihtaminen jäi ainoaksi vaihtoehdoksi, jotta Torssonen saatiin pois tehtävistä."
4219d2ba-5dfa-4867-8c27-ed2e269b30e5,http://iltalehti.fi/politiikka/a/4219d2ba-5dfa-4867-8c27-ed2e269b30e5,"Kovaa arvostelua ravintolatuelle, eduskunnan korjausvastuu ihmetyttää – työministeri: ”Ollut kiire”",2020-05-12T15:01:46+03:00,2020-05-12T19:28:11+03:00,Eduskunta kävi tiistaina lähetekeskustelun ravintoloiden erillistuesta.
5c7e219a-7af9-4800-8c77-5f1c15543e9d,http://iltalehti.fi/ulkomaat/a/5c7e219a-7af9-4800-8c77-5f1c15543e9d,Demokraattien voimahahmo Nancy Pelosi täyttää 80 vuotta – Suomen eduskunnan ikäpresidentit reilusti nuorempia,2020-03-26T01:33:02+02:00,2020-03-26T01:33:02+02:00,Nancy Pelosi lähti politiikkaan mukaan vasta lähestyessään 50 vuoden ikää. 
8825ec88-bb45-49df-b381-24b59d0aef6e,http://iltalehti.fi/koronavirus/a/8825ec88-bb45-49df-b381-24b59d0aef6e,Koronaviruksen varotoimet näkyvät eduskunnassa – 18 edustajaa sairauslomalla,2020-03-18T12:02:05+02:00,2020-03-18T12:02:05+02:00,Eduskunta on ohjeistanut oireisia kansanedustajia pysymään kotona.
ccfb0e3a-b789-416b-bb28-b06c1135393e,http://iltalehti.fi/politiikka/a/ccfb0e3a-b789-416b-bb28-b06c1135393e,"Sopeutumisrahaa maksettiin viime vuonna yli 2 miljoonaa euroa – tämä kuva paljastaa, miten ex-poliitikot nostavat ”ilmaista rahaa”",2020-02-04T07:00:12+02:00,2020-02-04T07:00:12+02:00,Sopeutumisrahaa maksettiin viime vuonna reilut kaksi miljoonaa euroa.
