id,url,title,date_created,date_modified,lead
9bd8fd5b-4826-4d23-8ea8-87ebcbb00e1a,http://iltalehti.fi/politiikka/a/9bd8fd5b-4826-4d23-8ea8-87ebcbb00e1a,Kansanedustajilta lähes tuhat kirjallista kysymystä hallitukselle – yli 230 koronaministeri Kiurulle ,2020-12-31T06:01:35+02:00,2020-12-31T06:01:35+02:00,STM:n kansliapäällikkö Kirsi Varhila: ”Työllistävät melkoisesti”.
3d942ea6-323a-43ab-80ab-21650e599404,http://iltalehti.fi/politiikka/a/3d942ea6-323a-43ab-80ab-21650e599404,Jatkuuko Haavisto-kohu kyselytunnilla? - Ulkoministeri ei itse paikalla: Suora lähetys kello 16,2020-12-10T15:28:20+02:00,2020-12-10T15:28:20+02:00,Myöskään pääministeri Sanna Marin (sd) ei osallistu tänään eduskunnan kyselytunnille.
6f4e5ecf-7bc7-4b2a-bfd5-e3aa53d4d3ce,http://iltalehti.fi/politiikka/a/6f4e5ecf-7bc7-4b2a-bfd5-e3aa53d4d3ce,Tapahtuma-alalle lisää pikaista koronatukea - Saarikko: ”Alalla paljon väliinputoajia”,2020-12-04T18:15:52+02:00,2020-12-04T18:15:52+02:00,"Tiede- ja kulttuuriministeri Annika Saarikko (kesk) järjesti perjantaina kokouksen, jossa pohdittiin nopeita täsmätoimia korona-ahdinkoon joutuneelle tapahtuma-alalle."
cd013b64-051d-4e20-bf0c-15ab52b6ac9f,http://iltalehti.fi/koronavirus/a/cd013b64-051d-4e20-bf0c-15ab52b6ac9f,Suomen koronatilanne nyt – ”Ei oikea aika matkustaa minnekään”,2020-12-01T21:34:51+02:00,2020-12-01T21:34:51+02:00,Koronatilanne on monin paikoin pahentunut Suomessa. Joulunvietto on iso kysymys.
648c011b-ee8a-40ce-afd6-f388a08a4d57,http://iltalehti.fi/politiikka/a/648c011b-ee8a-40ce-afd6-f388a08a4d57,Ministeri Lintilä toivoo hallituksen tekevän pian päätöksiä matkustamisesta: ”Mitä nopeammin sitä parempi”,2020-12-01T17:22:36+02:00,2020-12-01T17:22:36+02:00,Euroopan komission moittimat Suomen sisärajatarkastukset päättyvät 13. joulukuuta.
aa19906e-8e0d-4791-b613-68bd6bfa9e46,http://iltalehti.fi/politiikka/a/aa19906e-8e0d-4791-b613-68bd6bfa9e46,Näkökulma: Annika Saarikko valmistautuu rahaministerin salkkuun – kepun kulisseissa käydään kovaa ministeripeliä,2020-11-23T14:13:51+02:00,2020-11-23T14:13:51+02:00,"Rahaministerin raskasta salkkua talkoohengessä kantanut Matti Vanhanen saa kohta keskittyä talonrakennuspuuhiin, kirjoittaa Iltalehden politiikan ja talouden toimittaja Marko-Oskari Lehtonen."
d2465b18-6d97-4e49-bba6-09173f20ba0d,http://iltalehti.fi/politiikka/a/d2465b18-6d97-4e49-bba6-09173f20ba0d,"Kiuru näpäytti Ylellä keskustaa, jonka Lapin piiri on vaatinut hänen eroaan: ”Me esitimme alunperin Lapin matkailuun kuplaa”",2020-11-21T13:45:30+02:00,2020-11-21T13:45:30+02:00,"Kiurun mukaan ensi viikolla hallituksessa otetaan kantaa, millä perustein turistitkin voisivat jatkossa tulla Suomeen."
cead7d88-be65-42e9-91f0-7ce7929e5889,http://iltalehti.fi/talous/a/cead7d88-be65-42e9-91f0-7ce7929e5889,Sampo Kaulasen kauppa sai Business Finlandilta 100 000 euron koronatuen – jakaa samansuuruiset osingot,2020-11-17T11:50:39+02:00,2020-11-17T11:50:39+02:00,Televisiosta tutun Sampo Kaulasen kyläkauppa selvisi kevään kriisistä ennakoitua paremmin.
7a6bf4ee-21a3-417e-8bae-b7d0c45c18b6,http://iltalehti.fi/paakirjoitus/a/7a6bf4ee-21a3-417e-8bae-b7d0c45c18b6,Pääkirjoitus: Keskustan kenttä oireilee hallitusyhteistyöstä,2020-11-16T16:54:08+02:00,2020-11-16T16:54:08+02:00,"Keskustan pohjoinen väki vierastaa hallitusta ja pelkää perussuomalaisia, kirjoittaa Juha Keskinen."
94261ac5-296e-42d2-a255-d6f41ee06941,http://iltalehti.fi/politiikka/a/94261ac5-296e-42d2-a255-d6f41ee06941,Demareilta kritiikkiä Kiurun erovaatimuksille – ”Keskustassa siirrytty käymään yksittäisten ministerien nilkkaan”,2020-11-15T12:01:41+02:00,2020-11-15T18:07:17+02:00,"Keskustan Lapin piiri vaatii ministeri Krista Kiurun (sd) eroa siksi, että Lapin matkailun vaikeaa tilannetta ei ole edistetty tarpeeksi."
2cf4a179-17ac-481b-8b90-b336b4e613ef,http://iltalehti.fi/politiikka/a/2cf4a179-17ac-481b-8b90-b336b4e613ef,"Salamyhkäisyyttä, oikeustaisteluita ja kiisteltyjä laskelmia – Valtio osti Ahvenanmaan rikkaimmalta mieheltä kopteriyhtiön, ja rajusti arvosteltu hanke viedään äkkiä läpi",2020-10-30T07:00:11+02:00,2020-10-30T11:37:38+02:00,"Iltalehti selvitti erikoiset käänteet, joita liittyy lääkärihelikopteritoiminnan valtiollistamiseen."
058bc696-c2d7-4874-a146-418991968570,http://iltalehti.fi/politiikka/a/058bc696-c2d7-4874-a146-418991968570,Näkökulma: Kun ministeri ei tiedä mitään koronatoimista – tässä syyt,2020-10-09T08:56:46+03:00,2020-10-09T08:56:46+03:00,"Ministerin ulostulolle voi olla muitakin syitä kuin tietämättömyys, kirjoittaa Iltalehden politiikan toimittaja Hanna Gråsten."
d2dca952-dffd-414b-ada7-224f6d0b9291,http://iltalehti.fi/politiikka/a/d2dca952-dffd-414b-ada7-224f6d0b9291,"Marin kertoi uusista koronatoimista – Kiuru ärähti eduskunnalle: ”Ymmärrättekö, miten vakava tämä tilanne on?”",2020-10-08T15:18:52+03:00,2020-10-08T18:37:17+03:00,Kyselytunnilla puhuttivat muun muassa ruuhkamaksut ja koronatilanteen hoitaminen.
a0e304a5-f99d-4125-8e85-bfa3ea2fb569,http://iltalehti.fi/politiikka/a/a0e304a5-f99d-4125-8e85-bfa3ea2fb569,"Vartiaisella vauhti päällä eduskunnassa – ”Liittykääpä kokoomukseen, kun se teitä kiinnostaa kuin kiimaisia kolleja!”",2020-10-08T08:53:36+03:00,2020-10-08T08:53:36+03:00,Hallituksen budjettiesityksen lähetekeskustelu jatkuu eduskunnassa torstaina kello 10.00.
66d5eb1f-6856-4240-9d4a-08d541f63a58,http://iltalehti.fi/paakirjoitus/a/66d5eb1f-6856-4240-9d4a-08d541f63a58,Pääkirjoitus: Hallituksen koronaviestinnän sekavuus uuvuttaa ihmisiä ja antaa Marinin hallituksesta sekavan kuvan,2020-10-07T14:04:50+03:00,2020-10-07T14:04:50+03:00,"Hallitus on aiheuttanut sekavalla koronaviestinnällään ja päätöksillään sellaisen sumun, että sen keskellä yritysten ja kansalaisten on hankala toimia, kirjoittaa Kreeta Karvala."
bd23cf75-1a80-4a37-ad2e-f3c468623e30,http://iltalehti.fi/politiikka/a/bd23cf75-1a80-4a37-ad2e-f3c468623e30,SDP-taustainen ay-pomo: Ministeri Lintilän kannattaa harkita eroamista ”todella vakavasti”,2020-10-07T10:12:40+03:00,2020-10-07T10:12:40+03:00,"Juri Aaltonen: ”Lintilän kannattaisi joko tietää valmistelusta tai sanoa, ettei hänen edes pidä tietää.”"
24b632af-eb20-4f21-92dc-e03e0e65da3d,http://iltalehti.fi/koronavirus/a/24b632af-eb20-4f21-92dc-e03e0e65da3d,Suomen koronatilanne nyt: katso maanantain tiedot,2020-10-05T20:58:37+03:00,2020-10-05T20:58:37+03:00,"Suomessa on nyt koko epidemian aikana todettu 10 702 tartuntaa, joista 1 494 viimeisen kahden viikon aikana."
12deabf6-4c0e-4583-9d19-d2830e92e93a,http://iltalehti.fi/politiikka/a/12deabf6-4c0e-4583-9d19-d2830e92e93a,Hallitus on muuttamassa matkailusääntöjä – THL:n Salminen oikoo tietoja: Kaksi testiä tarvitaan,2020-10-05T18:18:04+03:00,2020-10-06T17:07:16+03:00,Ministeri Kiurun mukaan STM esittää hallitukselle muutoksia aiemmin tehtyihin matkailun terveysturvallisuutta koskeviin sääntöihin.
60d196cc-7285-450a-9e11-4d3b797bc4e6,http://iltalehti.fi/politiikka/a/60d196cc-7285-450a-9e11-4d3b797bc4e6,Omistajaohjausministeri Tuppurainen  valtionyhtiö Vaken lobbauskohusta: ”Paheksun toimintaa” ,2020-10-03T16:10:49+03:00,2020-10-04T08:46:15+03:00,"Omistajaohjausministeri Tytti Tuppurainen sanoo, ettei hän ole mielissään tapauksesta."
90a6978f-0475-4d65-baf7-03296b2093e7,http://iltalehti.fi/politiikka/a/90a6978f-0475-4d65-baf7-03296b2093e7,Suora lähetys - Kuuman välikysymyskeskustelun yllätyshahmot: Lordi Voldemort ja Hannu Karpo,2020-09-30T12:22:48+03:00,2020-09-30T20:48:32+03:00,Keskiviikon välikysymyskeskustelussa syntyi outo kinastelu pääministerin kalenterista.
c3894327-abe3-400a-89dc-18315e2033f0,http://iltalehti.fi/politiikka/a/c3894327-abe3-400a-89dc-18315e2033f0,Poliitikot vetoavat kansalaisia käyttämään suojaimia – moni ministeri saapui ilman maskia Säätytalon koronaneuvotteluun,2020-09-29T18:58:42+03:00,2020-09-29T18:58:42+03:00,"Maskin käyttö jakoi STM:ssä koronasta vastaavat ministerit Säätytalon portailla. Neuvotteluissa sisällä maskit oli kaikilla ministereillä ja virkamiehillä, valtioneuvoston viestintäjohtaja kertoo."
aeac47c2-bd16-47ac-8493-9aaf51fdf26b,http://iltalehti.fi/politiikka/a/aeac47c2-bd16-47ac-8493-9aaf51fdf26b,IL:n tiedot: muuallakin kuin pääkaupunkiseudulla uhkana ravintoloiden sulkeminen jo kello 23,2020-09-29T14:43:49+03:00,2020-09-29T22:54:36+03:00,"Hallitus päätti tiistaina, että ravintolat ja yökerhot menevät ensi viikosta eteenpäin kiinni kello 01 koko Suomessa - anniskelu on sallittu kello 09-24."
bbfb15fa-965c-4076-a616-a2c44d32d1b7,http://iltalehti.fi/kotimaa/a/bbfb15fa-965c-4076-a616-a2c44d32d1b7,"Näkökulma: Missä on Sanna Marin, kun 10 000 työpaikkaa uhkaa mennä ja huskyt joutua saunan taakse?",2020-09-19T18:26:42+03:00,2020-09-19T18:26:42+03:00,"Lapin ahdingon symboliksi nousivat huskykoirat. Sanna Marin kävi kyllä Kaipolassa ja Nesteen jalostamolla, mutta Lapissa häntä ei ole näkynyt, kirjoittaa pohjoisesta Aleksanteri Pikkarainen."
358f2f35-ed9c-4d5e-80ad-dc43dacfd05b,http://iltalehti.fi/kotimaa/a/358f2f35-ed9c-4d5e-80ad-dc43dacfd05b,"Lapin rekikoiria uhkaa lopetus, Hesyltä riipaiseva kirjoitus ministerille: ”Mitä hallitus aikoo tehdä?”",2020-09-19T15:56:11+03:00,2020-09-19T15:56:11+03:00,"Helsingin eläinsuojeluyhdistys (Hesy) kysyy avoimessa kirjeessä elinkeinoministeriltä, mitä hallitus aikoo tehdä Lapin rekikoirien lopetusuhalle."
80e78ab6-0f2e-4837-a457-2440635ff202,http://iltalehti.fi/politiikka/a/80e78ab6-0f2e-4837-a457-2440635ff202,Valtio asettaa henkilön selvittämään Naantalin tilannetta – Marin: ”Tilanne on hyvin valitettava”,2020-09-18T18:03:03+03:00,2020-09-18T21:34:33+03:00,Valtio lupaa rahaa ja erityisen selvityshenkilön Naantaliin Nesteen jalostamon lakkauttamisen takia.
76a51844-fdd5-445e-8477-e1a48dec34dd,http://iltalehti.fi/politiikka/a/76a51844-fdd5-445e-8477-e1a48dec34dd,"Analyysi: Keskusta uhkasi hallituserolla, jos matkailurajoituksia ei höllennetä ",2020-09-12T14:05:03+03:00,2020-09-12T14:05:03+03:00,"Vaikeiden neuvottelujen jälkeen pääministeri Sanna Marin (sd) taipui keskustan tahtoon matkustusrajoitusten höllennyksissä. Tärkein syy lienee se, että hallituksen toimintakyky säilyisi, sillä IL:n tietojen mukaan keskusta oli väläyttänyt jopa hallituseroa, kirjoittaa Iltalehden Kreeta Karvala. "
0bc2a5b9-a848-48f8-8882-f2d156f7a913,http://iltalehti.fi/koronavirus/a/0bc2a5b9-a848-48f8-8882-f2d156f7a913,"THL:n Mika Salminen, onko koronavirus muuttunut vähemmän vaaralliseksi?",2020-09-12T06:27:48+03:00,2020-09-12T06:27:48+03:00,"THL:n johtaja Mika Salmisen mukaan kokonaiskuva koronaviruksen aiheuttamasta tautikirjosta on laajentuneen testauksen myötä tarkentunut, ja siksi keskimääräinen COVID-19-taudin vakavuusaste näyttää nyt pienemmältä kuin keväällä. "
0e64cd27-17dd-4113-9913-fc679327a6c4,http://iltalehti.fi/koronavirus/a/0e64cd27-17dd-4113-9913-fc679327a6c4,Suomen koronatilanne nyt: Katso perjantain tiedot,2020-09-11T20:32:44+03:00,2020-09-11T20:32:44+03:00,Perjantaina kerrottiin altistumisista ravintoloissa ja opetuksessa. Uusia tartuntoja raportoitiin 43. 
2735ccfd-1474-400c-ae4b-65916d529b56,http://iltalehti.fi/politiikka/a/2735ccfd-1474-400c-ae4b-65916d529b56,Ministeri Lintilä paljastaa: Nämä syyt käänsivät hallituksen kelkan matkustusrajoitusten höllentämiseksi,2020-09-11T13:45:47+03:00,2020-09-11T13:45:47+03:00,"Elinkeinoministeri Mika Lintilä (kesk) kertoo syyt, jotka käänsivät Marinin (sd) hallituksen kelkan, kun tiukkoja matkustusrajoituksia aiemmin ylläpitänyt Suomi päätti höllentää rajoituksia vastoin terveysviranomaisten näkemyksiä. "
99b1e073-1c13-4528-acc9-460ffef1bc44,http://iltalehti.fi/politiikka/a/99b1e073-1c13-4528-acc9-460ffef1bc44,IL-Analyysi: Hallituksen matkustuspäätöksessä talous voitti terveyden,2020-09-11T10:08:52+03:00,2020-09-11T10:08:52+03:00,"Marinin (sd) hallituksen tiukka terveyslinja sai väistyä, kun hallituksen elinkeinosiipi yrittää pelastaa kotimaista matkailualaa, kirjoittaa Kreeta Karvala."
48a83880-76b5-4053-9aaf-e6ea65c827b0,http://iltalehti.fi/politiikka/a/48a83880-76b5-4053-9aaf-e6ea65c827b0,Petteri Orpo selitti itkupuheitaan Ylellä: ”Ihan oikeasti pelkään”,2020-09-10T22:23:33+03:00,2020-09-10T22:23:33+03:00,Oppositio ja hallitus ottivat yhteen budjettiriihen mahdollisista sisällöistä.
f431ee31-6de1-479c-93bd-99c7c92bda60,http://iltalehti.fi/koronavirus/a/f431ee31-6de1-479c-93bd-99c7c92bda60,Matkailuhelpotukset kartalla – katso mitkä Euroopan maat jatkossa vihreitä,2020-09-10T21:58:49+03:00,2020-09-11T12:36:39+03:00,Suomalaiset saavat matkustaa vapaammin ensi viikon lauantaista lähtien. 
71d92cf7-0278-4331-a8aa-2ea64160a9f8,http://iltalehti.fi/politiikka/a/71d92cf7-0278-4331-a8aa-2ea64160a9f8,Suomi höllentää maahantulon raja-arvoa - pian tänne pääsee vaikka Ruotsista ja Saksasta,2020-09-10T20:35:06+03:00,2020-09-10T22:05:11+03:00,Suomeen pääsyä ollaan helpottamassa. 
e2526420-db38-4f10-b0e0-e8685243fa9d,http://iltalehti.fi/politiikka/a/e2526420-db38-4f10-b0e0-e8685243fa9d,Näin keskustan puoluekokous etenee – puheenjohtaja valitaan lauantaina,2020-09-04T11:04:41+03:00,2020-09-04T11:04:41+03:00,Puoluekokouksen kohokohta on lauantainen puheenjohtajavaali.
b8d44ce8-f2fd-4144-b92d-59d834ff61d8,http://iltalehti.fi/politiikka/a/b8d44ce8-f2fd-4144-b92d-59d834ff61d8,Kansanedustaja Hoskonen taistelee turpeen puolesta: ”Turpeen alasajo on taivaanrannan maalareiden aiheuttama kotimainen murhenäytelmä”,2020-09-04T08:14:38+03:00,2020-09-04T08:14:38+03:00,Hoskosen mukaan turpeen polton kiihtyvä alasajo johtaa puuhakkeen rahtaamiseen ulkomailta ja kotimaisen kuitupuun polttamiseen lämpökattiloissa.
1e14553a-ad3b-4d92-9c19-7a378f53f9e2,http://iltalehti.fi/politiikka/a/1e14553a-ad3b-4d92-9c19-7a378f53f9e2,Lapin matkailun piina jatkuu: Ei mitään päätöksiä matkustuskuplista,2020-09-03T13:15:14+03:00,2020-09-03T15:23:36+03:00,"Päättäjiltä kysyttiin tiedotustilaisuudessa, onko toivottuja ratkaisuja Lapin matkailun pelastamiseksi tulossa. Vielä mitään ei luvattu."
ea39979b-45da-49ce-9740-d1f1e382c3cc,http://iltalehti.fi/paakirjoitus/a/ea39979b-45da-49ce-9740-d1f1e382c3cc,Pääkirjoitus: Keskusta kipuilee rajusti vasemmistohallituksessa,2020-08-31T18:00:01+03:00,2020-08-31T18:00:01+03:00,"Keskustan ja SDP:n on löydettävä budjettiriihessä toimiva talouslinja, muutoin hallituksen ennuste on huono, kirjoittaa Iltalehden Juha Keskinen."
36377b72-f7f2-4a85-80f3-cfb91f2d864e,http://iltalehti.fi/paakirjoitus/a/36377b72-f7f2-4a85-80f3-cfb91f2d864e,Pääkirjoitus: UPM:n syyttely ei johda mihinkään – kaikki huomio Suomen kilpailukykyyn,2020-08-30T18:05:22+03:00,2020-08-30T18:05:22+03:00,"Vastuullisten päättäjien on syytä muistaa, mitä tapahtui 90-luvun lamassa, kirjoittaa Iltalehden Mika Koskinen"
fba74017-103b-4ce4-8613-d13863d62956,http://iltalehti.fi/politiikka/a/fba74017-103b-4ce4-8613-d13863d62956,Elinkeinoministeri Mika Lintilä varoittaa yt-sumasta HS:n haastattelussa: ”Monta itkua itketään tänä syksynä”,2020-08-29T08:35:58+03:00,2020-08-29T08:35:58+03:00,Lintilän mukan Suomen vientiteollisuus on suurissa vaikeuksissa.
06dd8419-a05b-410f-8225-b433758be399,http://iltalehti.fi/politiikka/a/06dd8419-a05b-410f-8225-b433758be399,Keskusta ja vihreät vastakkain turveselvityksestä - ministeri Mikkonen vaatii yhä kovaa veronkorotusta,2020-08-28T10:59:18+03:00,2020-08-28T10:59:18+03:00,Hallituksen ministerit tulivat täysin erilaisiin johtopäätöksiin tuoreesta laajasta turveselvityksestä.
e1c7efab-0f43-4afa-9483-ec749e53e8b6,http://iltalehti.fi/politiikka/a/e1c7efab-0f43-4afa-9483-ec749e53e8b6,Paperiliiton Vanhala: Miksi UPM:n Pesonen avautui Kaipolan lopettamisen jälkeen?,2020-08-27T16:12:50+03:00,2020-08-27T16:12:50+03:00,"Keskustasta vaaditaan jo hallitukselta lupausta, etteivät teollisuuden kustannukset nouse."
9b690c17-990d-4717-abd7-6eef3d9fed49,http://iltalehti.fi/kotimaa/a/9b690c17-990d-4717-abd7-6eef3d9fed49,Lapin matkailukeisari jyrähtää: Yritykset ovat katastrofin partaalla – näin matkailutalvi yritetään pelastaa,2020-08-25T20:28:44+03:00,2020-08-25T20:28:44+03:00,Lapin matkailun keskuudessa on valmisteltu pelastusohjelmaa keväästä asti.
5064155e-be26-4a17-9436-233f19e3976f,http://iltalehti.fi/paakirjoitus/a/5064155e-be26-4a17-9436-233f19e3976f,Pääkirjoitus: Asiallista matkustusta tarvitaan – rajoilla oltava testikapasiteettia,2020-08-19T14:06:35+03:00,2020-08-19T14:06:35+03:00,"Rajoilla tarvitaan koronavalmiutta, Suomi ei saa kuitenkaan eristäytyä muusta Euroopasta."
d9a1bdc0-a497-44cb-8de5-f215fc739ef0,http://iltalehti.fi/talous/a/d9a1bdc0-a497-44cb-8de5-f215fc739ef0,74 prosenttia kustannustuen hakemuksista hylätty – yrittäjä-Satu lataa suorat sanat hallitukselle: ”Pitää olla aika fakiiri”,2020-08-14T10:38:07+03:00,2020-08-14T10:38:07+03:00,"Kustannustukea on myönnetty alle kolmannes tarjolla olevasta tukipotista, vaikka tuen hakuaika päättyy pian."
533584e3-6cd8-4728-a54b-b3ab0bf53e15,http://iltalehti.fi/politiikka/a/533584e3-6cd8-4728-a54b-b3ab0bf53e15,"Ministeri Lintilä lieventäisi matkustusrajoituksia: ”Jos pidämme näistä kiinni, elintasomme laskee selkeästi”",2020-08-13T21:25:33+03:00,2020-08-14T08:32:29+03:00,"Elinkeinoministeri Mika Lintilä pelkää, että pian kaikki maat ovat Suomen punaisella listalla."
d3cc396d-70cd-4323-a4a9-4d0a66e2fba5,http://iltalehti.fi/politiikka/a/d3cc396d-70cd-4323-a4a9-4d0a66e2fba5,"Analyysi: Liikennevalojupakka ja Kiurun kova linja paljastivat koronajännitteet - IL analysoi, mitä kukin hallituspukari pitää tärkeänä",2020-08-13T20:49:32+03:00,2020-08-13T20:49:32+03:00,"Jos Suomen hallitus haluaa syksyn saapuessa pitää kiinni kevään onnistumisestaan, sen on annettava vasaraniskuja koronalle. "
3212b713-e077-4550-9264-620f0b5408a4,http://iltalehti.fi/politiikka/a/3212b713-e077-4550-9264-620f0b5408a4,Antti Kaikkonen vaunujen kanssa ministeritenttiin –  ”Olen keskittynyt vaipan vaihtoon”,2020-08-13T14:30:42+03:00,2020-08-13T19:38:40+03:00,Keskustan puheenjohtajaehdokkaat ja ministerit olivat tentattavana Tuusulassa.
58a7d9de-e732-47fd-9350-bff551c4bf7a,http://iltalehti.fi/paakirjoitus/a/58a7d9de-e732-47fd-9350-bff551c4bf7a,Pääkirjoitus: Sanna Marinin hallitus luo itse epävarmuutta ja kaaosta koronasyksyyn,2020-08-12T21:06:57+03:00,2020-08-12T21:39:33+03:00,"Kukaan ei tunnu tietävän, mikä Suomen linja ”pakkokaranteenien” suhteen oikein on, kirjoittaa uutispäätoimittaja Perttu Kauppinen."
d372f820-1ed3-431e-93ea-8c39fecf71df,http://iltalehti.fi/politiikka/a/d372f820-1ed3-431e-93ea-8c39fecf71df,"”Ruotsalaiset ilkkuvat” – Juha Sipilän johdolla valmistellaan radikaaleja avauksia siihen, miten suomalaista omistajuutta vahvistetaan ",2020-08-04T19:18:24+03:00,2020-08-04T19:18:24+03:00,Elinkeinoministeri Mika Lintilä haluaa eläkerahastot tukemaan suomalaista omistajuutta.
834052d9-6db7-4137-b7f6-0e685a22c60e,http://iltalehti.fi/politiikka/a/834052d9-6db7-4137-b7f6-0e685a22c60e,Annika Saarikko ärähtää hallituskumppaneiden uhkauksista – Katri Kulmuni kuittaa vakavana haastajilleen: ”Työni on kesken”,2020-08-04T15:28:27+03:00,2020-08-04T15:28:27+03:00,"Keskustan puheenjohtaja Kulmuni selvensi Nokialla, mitä hän tarkoittaa keskustan elitistymisellä."
bd940d24-2a3f-436f-a1a1-16077ca9a59c,http://iltalehti.fi/politiikka/a/bd940d24-2a3f-436f-a1a1-16077ca9a59c,Keskustan puheenjohtajakisa vauhtiin – Katri Kulmunilta kuitti Annika Saarikolle: ”Mitä tekisivät toisin?”,2020-07-30T10:25:42+03:00,2020-07-30T16:54:51+03:00,Keskustan Annika Saarikko vahvisti osallistumisensa puheenjohtajakisaan.
6f4aca26-2710-4836-a898-c298e67ed0a6,http://iltalehti.fi/politiikka/a/6f4aca26-2710-4836-a898-c298e67ed0a6,Mika Lintilä ei hae keskustan puheenjohtajaksi – ”Kisaan lähdetään voittamaan”,2020-07-30T08:23:55+03:00,2020-07-30T14:35:48+03:00,Annika Saarikko ja Katri Kulmuni ovat ilmoittaneet hakevansa keskustan puheenjohtajiksi.
af114376-0fcf-4c3c-8b94-6b28bda4528c,http://iltalehti.fi/politiikka/a/af114376-0fcf-4c3c-8b94-6b28bda4528c,IL selvitti: Näin ministerit ja heidän avustajansa käyttivät valtion luottokorttia – Anna-Maja Henriksson kestitsi Ruotsin ministeriä Savoyssa,2020-07-11T07:09:11+03:00,2020-07-11T07:09:11+03:00,"Iltalehden selvityksen mukaan Sanna Marinin hallituksen ministerit, erityisavustajat ja valtiosihteerit käyttivät valtion luottokorttia perin säästeliäästi."
a4d83fdc-3f2e-4d38-998c-21095616df2a,http://iltalehti.fi/politiikka/a/a4d83fdc-3f2e-4d38-998c-21095616df2a,"Vanhanen tiukkana pääministeriä vastaan työllisyystoimiaikataulukiistassa – ""Omat lausuntoni eivät muutu”",2020-07-08T18:22:22+03:00,2020-07-08T21:00:20+03:00,Valtiovarainministeri Matti Vanhanen (kesk) ei allekirjoittanut pääministeri Sanna Marinin (sd)  näkemyksiä työllisyystoimiaikataulujen muuttumisesta.
7c4e24f8-40c7-44fb-9871-8c3d862a416a,http://iltalehti.fi/politiikka/a/7c4e24f8-40c7-44fb-9871-8c3d862a416a,Hallituksessa julkinen kina työllisyystoimista päättämisestä - keskusta ei vetäydy vaatimuksestaan aikataulussa pysymisestä ,2020-07-08T12:39:57+03:00,2020-07-08T21:18:31+03:00,"”Olemme sopineet, että aikataulu joustaa hieman”, sanoo pääministeri Sanna Marin (sd)."
3791d969-0767-48f6-ac0b-885f9eda6cd2,http://iltalehti.fi/kotimaa/a/3791d969-0767-48f6-ac0b-885f9eda6cd2,Matkailuyrittäjä-Jouni avasi ovet ja liikuttui kyyneliin: kasvua 60 % – alan avointen työpaikkojen määrä silti kaukana vuoden takaisesta,2020-07-03T10:19:21+03:00,2020-07-03T10:19:21+03:00,Rääkkylässä yritystä pyörittävä Jouni Honkanen on positiivisesti yllättynyt kotimaan matkailun elpymisestä. 
e2ff0f6f-17d7-4043-962a-04271c302574,http://iltalehti.fi/koronavirus/a/e2ff0f6f-17d7-4043-962a-04271c302574,"Suomen koronatilanne nyt –  Tapausmäärät näyttävät nousseen, mutta syy voi olla myös raportointiviive",2020-07-01T22:17:11+03:00,2020-07-01T22:17:11+03:00,"Vaikka koronavirusepidemia on hidastunut, virus ei ole vielä poissa."
bf1e412b-3288-45ed-9f41-b07faa0c88cd,http://iltalehti.fi/politiikka/a/bf1e412b-3288-45ed-9f41-b07faa0c88cd,Kotimaan matkailulle 4 000 000 euron tuki - ministeri Lintilä noudattaa omia neuvojaan: ”Perinteisesti ympäri Suomea”,2020-07-01T18:31:35+03:00,2020-07-01T18:31:35+03:00,Elinkeinoministeri Mika Lintilä (kesk) kannustaa koronakriisin keskellä matkailuun Suomessa. Valtio tukee sitä miljoonilla euroilla.
ddfad8c0-bb20-4f70-a8a7-41ae73217b14,http://iltalehti.fi/politiikka/a/ddfad8c0-bb20-4f70-a8a7-41ae73217b14,IL-kysely: Keskustan vaikuttajat haluavat Annika Saarikosta puheenjohtajan - Katri Kulmunin suosio suli,2020-06-09T20:56:19+03:00,2020-06-09T20:56:19+03:00,"Saarikko saa IL-kyselyssä 47 prosentin suosion puheenjohtajaksi, Kulmuni 32 %:n. IL:n tietojen mukaan Saarikko asettuu ehdolle ja haastaa Kulmunin."
8c567aab-1e5c-428d-889a-45ab3798fa70,http://iltalehti.fi/politiikka/a/8c567aab-1e5c-428d-889a-45ab3798fa70,Uusi valtiovarainministeri on Matti Vanhanen - Kulmuni aikoo jatkaa hallituksen johtoviisikossa,2020-06-08T07:46:51+03:00,2020-06-08T16:03:19+03:00,Keskustan puheenjohtaja Katri Kulmuni ei halua eduskunnan puhemieheksi Vanhasen tilalle.
7b2e57d7-6be8-49c7-a34b-c5e92512352e,http://iltalehti.fi/politiikka/a/7b2e57d7-6be8-49c7-a34b-c5e92512352e,Jo kolmas ministeriero - tällä vaalikaudella on ollut salkunkierrätystalkoot: ”Katrin asema melko heikko”,2020-06-07T20:23:56+03:00,2020-06-07T20:23:56+03:00,Keskusta valitsee Katri Kulmunin tilalle uuden valtiovarainministerin maanantaiaamuna.
255eaa3f-d9c7-436e-b976-4c1bd1564aef,http://iltalehti.fi/politiikka/a/255eaa3f-d9c7-436e-b976-4c1bd1564aef,Kommentti: Vääntö Kulmunin seuraajasta valtiovarainministeriksi käy kuumana: Matti Vanhanen on vahvoilla,2020-06-06T22:01:04+03:00,2020-06-07T22:24:38+03:00,"Sunnuntai-iltana näytti, että uudeksi valtiovarainministeriksi on nousemassa entinen pääministeri Matti Vanhanen, kirjoittaa Juha Ristamäki."
f2b66f6b-e132-401f-9187-1ffa306fb0d2,http://iltalehti.fi/politiikka/a/f2b66f6b-e132-401f-9187-1ffa306fb0d2,Kenestä Kulmunin seuraaja – eli kumpi tekee paluun: Lintilä vai Saarikko? Entä mitä tekee Kaikkonen?,2020-06-05T16:37:42+03:00,2020-06-05T16:37:42+03:00,Keskustalla on kolme vahvaa ehdokasta valtiovarainministeriksi Katri Kulmunin tilalle.
d6fabd7a-26c2-4b76-8629-60749e8cd33d,http://iltalehti.fi/politiikka/a/d6fabd7a-26c2-4b76-8629-60749e8cd33d,Näkökulma: Jossain läntisessä sivistysvaltiossa Kulmuni olisi jo eronnut - ja keskustassa pohditaan nyt hänen seuraajaansa,2020-06-05T13:50:44+03:00,2020-06-05T13:50:44+03:00,"Keskusta miettii jo, kenet puolue voisi laittaa uudeksi valtiovarainministeriksi. Olisiko se Matti Vanhanen, kysyy politiikan toimittaja Tommi Parkkonen."
4a874931-052b-4b34-b0f8-07462f477b64,http://iltalehti.fi/talous/a/4a874931-052b-4b34-b0f8-07462f477b64,"Hallituksen ennätyssuuri lisäbudjetti 5,5 miljardia euroa - näin ministerit perustelevat",2020-06-02T10:42:05+03:00,2020-06-02T10:42:05+03:00,Hallituksen lisäbudjettineuvottelu alkoi kuusi tuntia myöhässä.
dde9d1eb-347f-4df0-b041-2a7e084e8f6d,http://iltalehti.fi/koronavirus/a/dde9d1eb-347f-4df0-b041-2a7e084e8f6d,Suomen koronatilanne nyt: Katso perjantain tiedot,2020-05-29T21:25:44+03:00,2020-05-29T21:25:44+03:00,"Hallitus kertoi tänään, että kotimaassa voi matkailla, kunhan terveys-ja turvallisuusohjeita noudatetaan. "
7be23157-e3b3-4c62-b393-35c6edee339c,http://iltalehti.fi/kotimaa/a/7be23157-e3b3-4c62-b393-35c6edee339c,"Hallitus linjasi: Kotimaassa voi matkailla, kun noudattaa terveys- ja turvallisuusohjeita ",2020-05-29T17:42:25+03:00,2020-05-29T18:43:28+03:00,Kotimaanmatkailun avaamisen ei ennakoida nykyisessä epidemiatilanteessa lisäävän merkittävästi epidemian leviämistä
20700298-e705-4de0-bc7b-c3cd7d898de7,http://iltalehti.fi/politiikka/a/20700298-e705-4de0-bc7b-c3cd7d898de7,"Näkökulma: Vastuuministerin ”irtiotto” ärsyttää hallituksessa – kansalaiset epätietoisuudessa mökkeilystä, ministerit jo matkoilla kotimaassa",2020-05-29T10:47:02+03:00,2020-05-29T10:47:02+03:00,"Hallituskumppanit ihmettelevät Lintilän irtiottoa, koska kotimaan matkailun sallimisesta oli jo yhteisymmärrys hallituspuolueiden kesken, kirjoittaa Iltalehden politiikan toimittaja Hanna Gråsten."
fac18af4-bee1-4b5e-b2f3-1f43dde2ed4f,http://iltalehti.fi/politiikka/a/fac18af4-bee1-4b5e-b2f3-1f43dde2ed4f,Hallitus päivittämässä matkailusuosituksia pikavauhdilla – ministeri julkaisi mökkikuulumisia,2020-05-29T01:55:46+03:00,2020-05-29T01:55:46+03:00,"STM:n suositus kotimaan vapaa-ajan matkustamisen välttämisestä on aiheuttanut erimielisyyttä, ja myös ministerit vastustavat sitä esimerkillään."
25e0bfd6-a62f-418c-8462-ff1e3cf7e790,http://iltalehti.fi/politiikka/a/25e0bfd6-a62f-418c-8462-ff1e3cf7e790,"Saako kotimaassa matkustaa vai ei? Virusasiantuntijat eivät rajoittaisi, matkailuala ärähtää kansliapäällikön puheista",2020-05-28T13:52:07+03:00,2020-05-28T20:25:58+03:00,Asiantuntijat eivät pidä tarpeellisena suositella kotimaan matkailun välttämistä. 
4ace6af7-06bf-4fc2-b575-ee972f3cbc4c,http://iltalehti.fi/politiikka/a/4ace6af7-06bf-4fc2-b575-ee972f3cbc4c,Hallitus ei suosittele kotimaassa matkustamista – elinkeinoministeri eri mieltä: ”Suomi liikkeelle”,2020-05-28T09:40:08+03:00,2020-05-28T11:54:37+03:00,Tilannekatsauksessa aiheena olivat koronavirustilanne ja sosiaali- ja terveydenhuollon kantokyky.
2c62b86d-fb30-4e13-8af6-f1f374967b6b,http://iltalehti.fi/koronavirus/a/2c62b86d-fb30-4e13-8af6-f1f374967b6b,Suomen koronatilanne nyt: Katso keskiviikon tiedot,2020-05-27T20:37:16+03:00,2020-05-27T20:37:16+03:00,Katso Suomen koronatilanne tiivistettynä tästä jutusta.
9812265d-43ad-4a07-a706-cd99c8157aa7,http://iltalehti.fi/politiikka/a/9812265d-43ad-4a07-a706-cd99c8157aa7,"Suomalainen suojainvalmistus käynnissä – riittää pian terveydenhuollon tarpeisiin, kansanmaskeihin ei ",2020-05-27T10:03:53+03:00,2020-05-27T17:43:36+03:00,Kolme suomalaista yritystä on käynnistänyt tällä viikolla suojainten valmistuksen.
39a1b3f1-b722-4f18-ac8a-55eeda76d4de,http://iltalehti.fi/politiikka/a/39a1b3f1-b722-4f18-ac8a-55eeda76d4de,"Ex-työministeri Jari Lindström pyytää anteeksi suurinta virhettään: ”Hyväksyin aktiivimallin, vaikka tiesin alusta asti sen olevan torso”",2020-05-20T05:59:10+03:00,2020-05-20T05:59:10+03:00,"Jari Lindström kertoo kirjassaan, ettei olisi perunut aktiivimallia, vaan muokannut sitä."
2c0c745a-48cc-4565-bd9f-14b2d766fb27,http://iltalehti.fi/politiikka/a/2c0c745a-48cc-4565-bd9f-14b2d766fb27,Uutissuomalainen: Puolustusministeri Kaikkonen pitää isyysvapaata loppukesällä,2020-05-19T08:26:03+03:00,2020-05-19T08:26:03+03:00,Kaikkosen ja hänen kihlattunsa Jannika Rannan esikoisen laskettu aika on elokuussa.
43e8dc06-8545-41a3-aa23-b75ac31d686c,http://iltalehti.fi/koronavirus/a/43e8dc06-8545-41a3-aa23-b75ac31d686c,Suomen koronatilanne nyt – katso torstain tiedot,2020-05-14T21:00:48+03:00,2020-05-14T21:00:48+03:00,"Koululaiset palasivat tänään koulunpenkille. Elinkeinoministeri kertoi yritysten suoran tuen mallista, joka valmistellaan pika-aikataululla. "
b9518b50-b9a8-44a6-8131-761fe7745c07,http://iltalehti.fi/paakirjoitus/a/b9518b50-b9a8-44a6-8131-761fe7745c07,Pääkirjoitus: Hallitukselta kului kaksi kuukautta yleisen yritystuen luomisessa – laskusta voi tulla kallis,2020-05-14T18:50:01+03:00,2020-05-14T18:50:01+03:00,Yritysten yleistukimalli julkistettiin torstaina. Ravintoloiden tilanne näyttää yhä tukalalta.
42d31d8d-e48d-4b43-8674-d7268527d02e,http://iltalehti.fi/politiikka/a/42d31d8d-e48d-4b43-8674-d7268527d02e,Tällainen on kustannustuki yrityksille – laki sorvataan pika-aikataululla,2020-05-14T08:03:14+03:00,2020-05-14T08:03:14+03:00,Elinkeinoministeri Mika Lintilä (kesk) kertoi yritysten suoran tuen mallista torstaiaamun tiedotustilaisuudessa.
098319c5-e27f-4a80-8f6a-64ed6e2b9c6b,http://iltalehti.fi/politiikka/a/098319c5-e27f-4a80-8f6a-64ed6e2b9c6b,Yritysten suorasta tukipotista sopu – hallitus kertoo huomenna lisää yksityiskohdista,2020-05-13T19:10:08+03:00,2020-05-13T19:10:08+03:00,"Hallitus on suuntaamassa yritysten suoraan tukeen 500-600 miljoonaa euroa, kertoo MTV Uutiset."
a45925fd-4754-4e50-9ce5-df0a19533d03,http://iltalehti.fi/politiikka/a/a45925fd-4754-4e50-9ce5-df0a19533d03,Ohisalolta vihjaus yökerhojen kohtalosta – Haavisto pitää samoja rajoituksia koko maahan selkeimpänä,2020-05-13T12:55:04+03:00,2020-05-13T21:30:09+03:00,Hallitus neuvotteli keskiviikkona ravintoloiden avaamisen ehdoista ja yritysten suorasta yleistuesta Säätytalolla.
9327a306-11d1-44d6-a438-33bf0049ee56,http://iltalehti.fi/politiikka/a/9327a306-11d1-44d6-a438-33bf0049ee56,Hallitus ottikin aikalisän ravintoloiden tukipaketissa – Lintilä: ”Korvausajankohtaa on syytä eduskunnan vielä tarkastella”,2020-05-07T21:53:46+03:00,2020-05-07T21:53:46+03:00,"Ministeri Mika Lintilä (kesk) tviittasi, että monella ravintolalla alkuvuoden myynti on pientä. Tviitin jakoi myös valtiovarainministeri Katri Kulmuni (kesk)."
02f807f2-80fe-4bf6-a992-4b12dcf69c9b,http://iltalehti.fi/paakirjoitus/a/02f807f2-80fe-4bf6-a992-4b12dcf69c9b,"Pääkirjoitus: Ruotsalaisia emme ole, mutta nyt on aika opetella heidän tavoilleen",2020-05-05T21:43:08+03:00,2020-05-05T21:43:08+03:00,"Kun koronarajoituksia puretaan, suomalaisten on opittava elämään kuin länsinaapurissa – tarkemmat linjaukset olisivat kuitenkin tarpeen, kirjoittaa uutispäätoimittaja Perttu Kauppinen"
b470ac12-5a1d-4ce8-a8f0-ba0cdecf854b,http://iltalehti.fi/kotimaa/a/b470ac12-5a1d-4ce8-a8f0-ba0cdecf854b,Kannattaako mökille lähteä? Näin neuvovat ministerit Sanna Marin ja Mika Lintilä,2020-05-05T21:32:49+03:00,2020-05-05T21:32:49+03:00,Mökkikesää ei ehkä olekaan peruttu.
fc379084-103d-413c-8a4d-eff4ad34c143,http://iltalehti.fi/politiikka/a/fc379084-103d-413c-8a4d-eff4ad34c143,Miksi hallituksen koronakokous venähti? Elinkeinoministeri Mika Lintilä paljastaa IL:lle syyt,2020-05-05T19:22:24+03:00,2020-05-05T19:22:24+03:00,"Elinkeinoministeri Mika Lintilä (kesk) kertoo, mistä asioista oli vaikeinta päättää."
3d394bcc-b238-420e-8f49-440930c7f367,http://iltalehti.fi/politiikka/a/3d394bcc-b238-420e-8f49-440930c7f367,Elinkeinoministeri Lintilä Ylellä: Tavoitteena jakaa yritystukia enemmän kiinteisiin kuluihin – uusia ohjeita ehkä ensi viikolla,2020-04-25T09:13:44+03:00,2020-04-25T09:57:52+03:00,"Elinkeinoministeri Mika Lintilä sanoo Ylen aamussa, että ensi viikolla saattaa olla uutta tiedotettavaa yritystukien jakokriteereistä."
12d17632-c092-4420-8fde-dcf6c8c29696,http://iltalehti.fi/politiikka/a/12d17632-c092-4420-8fde-dcf6c8c29696,"Näkökulma: Marinin hallitus vierittää turhan usein vastuuta virheistään muille, vaikka syyllinen löytyy peilistä",2020-04-24T14:31:30+03:00,2020-04-24T14:31:30+03:00,"Ei ole Business Finlandin vika, jos se toimii sääntöjensä mukaan, kirjoittaa Iltalehden Mika Koskinen."
896c1374-3637-48b3-90ee-d3cfc84b2673,http://iltalehti.fi/politiikka/a/896c1374-3637-48b3-90ee-d3cfc84b2673,Puhemies Vanhanen huomautti kansanedustajaa maalittamisesta - puhui Postin toimitusjohtajan konsulttiyhtiön 100 000 euron koronatuesta,2020-04-23T15:46:08+03:00,2020-04-23T15:46:08+03:00,Koronavirus täytti tälläkin kertaa eduskunnan kyselytunnin.
4236493a-56c2-4e10-ba54-490304dbb9b3,http://iltalehti.fi/kotimaa/a/4236493a-56c2-4e10-ba54-490304dbb9b3,Yrittäjä Alex Nieminen: ”Maalaisjärki on kadonnut tästä touhusta”– Tanskan tukimalli Suomeenkin,2020-04-23T09:19:31+03:00,2020-04-23T09:19:31+03:00,Pitkän yrittäjäuran tehnyt Alex Nieminen moittii Suomen tapaa tukea yrityksiä koronatilanteessa.
95b6f4bd-0227-4507-9fe5-08de98710139,http://iltalehti.fi/politiikka/a/95b6f4bd-0227-4507-9fe5-08de98710139,Kommentti: ”Kepulaisten koirakoulu on ohitse” – Hallitus päättää Päivi Nergin nimittämisestä huippuvirkaan torstaina ,2020-04-23T08:08:34+03:00,2020-04-23T08:08:34+03:00,"Keskustassa koetaan, että hallituskumppanit ovat ajaneet puolueen julkiseen koirakouluun Nergin nimittämisessä, kirjoittaa Iltalehden Juha Ristamäki."
438b3580-9867-4798-984f-a0a8a3947113,http://iltalehti.fi/kotimaa/a/438b3580-9867-4798-984f-a0a8a3947113,Postin toimitusjohtaja yhtiönsä koronatuista IL:lle: ”Minulla ei ole sivutoimea”,2020-04-22T19:06:16+03:00,2020-04-22T19:06:16+03:00,Business Finlandin johtajan mukaan tukien jaossa epäonnistuttiin Kuusiston Idego Consulting Oy:n kohdalla.
9153d9e7-a629-47f8-b1f1-0d0f39c70c84,http://iltalehti.fi/talous/a/9153d9e7-a629-47f8-b1f1-0d0f39c70c84,Business Finlandilta yli 94 000 euron tuki menestyvälle konsulttiyhtiölle – omistajissa kokoomuksen ex-viestintävastaava ja miljonääri Peter Fagernäs,2020-04-22T17:58:34+03:00,2020-04-22T17:58:34+03:00,Blic aikoo käyttää saamansa avustuksen palveluvalikoimansa laajentamiseen.
39d32f6e-b36e-4dc1-9cd9-2ef676317a46,http://iltalehti.fi/iltv-paivarinta/a/39d32f6e-b36e-4dc1-9cd9-2ef676317a46,Business Finlandin johtaja myöntää mokan Postin tj:n yhtiön 100 000 euron tuessa,2020-04-22T17:13:57+03:00,2020-04-22T17:13:57+03:00,Valtion rahoitusyhtiö Business Finlandin johtaja Reijo Kangas joutui keskiviikkona ILTV:n Sensuroimattoman Päivärinnan tenttiin. 
4c7306af-ef54-4ee7-846a-7654174e614f,http://iltalehti.fi/politiikka/a/4c7306af-ef54-4ee7-846a-7654174e614f,"Näkökulma: Business Finlandin koronatuki paljasti suomalaisten bisnespomojen häikäilemättömän ahneuden - ”Hei, nyt me saadaan ihmisten hädällä ilmaista rahaa!”",2020-04-22T10:16:07+03:00,2020-04-22T10:16:07+03:00,"Business Finland on tehnyt koronatukirahoitustyönsä täysin ohjeiden ja lakipykälien mukaan - ja epäonnistunut kansan silmissä surkeasti, kirjoittaa politiikan toimittaja Tommi Parkkonen."
201f5eb6-1d95-40a9-89fb-17c335899b22,http://iltalehti.fi/koronavirus/a/201f5eb6-1d95-40a9-89fb-17c335899b22,Suomen koronatilanne tänään: Katso tiistain tiedot ,2020-04-21T21:09:48+03:00,2020-04-21T21:09:48+03:00,Koronaviruskuolemat nousivat merkittävästi. Business Finlandin tukirahat puhuttavat ja Helsinki arvioi koronaviruksen talousvaikutuksia.
1ecf1775-7ff4-4c41-9f22-8c31e1a0ef8f,http://iltalehti.fi/talous/a/1ecf1775-7ff4-4c41-9f22-8c31e1a0ef8f,"IKH sai Business Finlandilta 100 000 euroa – teki viime vuonna 15,4 miljoonaa euroa voittoa ja jakoi omistajilleen 6 miljoonan euron osingot",2020-04-21T20:09:48+03:00,2020-04-21T20:09:48+03:00,Omistajilleen miljoonien eurojen osinkoja jakava Isojoen Konehalli (IKH) sai Business Finlandilta 100 000 euron korona-avustuksen.
58206d94-992e-4ec2-87d6-7e92d74de165,http://iltalehti.fi/politiikka/a/58206d94-992e-4ec2-87d6-7e92d74de165,Pääministeri Marinin puolison työpaikka saanut Business Finlandilta 45 000 euron koronatukirahan - ”Haluan kertoa avoimesti”,2020-04-21T18:16:19+03:00,2020-04-22T13:24:07+03:00,Pääministerin puolison työllistävä yritys on auttanut muita yrityksiä hakemaan tukirahaa Business Finlandilta ja ELY-keskuksilta.
30771def-2d46-42af-9d15-ef3edf97d6d1,http://iltalehti.fi/politiikka/a/30771def-2d46-42af-9d15-ef3edf97d6d1,Business Finlandin koronatukien jaosta aloitetaan tarkastus - ministeri Lintilä IL:lle: ”Ovatko rahat pois niitä enemmän tarvitsevilta?”,2020-04-21T13:48:18+03:00,2020-04-21T19:18:31+03:00,"Elinkeinoministeri Mika Lintilä (kesk) aikoo viedä valtioneuvoston keskiviikkoiseen istuntoon ehdotuksen, että Business Finlandin koronarahoituksen kehittämisvelvollisuutta lievennettäisiin."
f668a52b-18e6-4b56-92ca-5925e79f6561,http://iltalehti.fi/politiikka/a/f668a52b-18e6-4b56-92ca-5925e79f6561,"Business Finlandin rahanjako kuumentaa tunteita – SDP:n kansanedustajilta kovaa kritiikkiä, selvitystä vaaditaan",2020-04-21T12:30:33+03:00,2020-04-21T14:31:34+03:00,Business Finlandin 800 miljoonan euron avustukset nostattavat kasvavaa kritiikkiä.
c6a36d80-b353-4959-b8df-1fa7feaeffe0,http://iltalehti.fi/paakirjoitus/a/c6a36d80-b353-4959-b8df-1fa7feaeffe0,"Pääkirjoitus: Yritysten koronatuet ovat kuin Suomen maskikaupat – sinänsä sitä mitä tilattiin, mutta kuitenkin sutta ja sekundaa",2020-04-21T11:54:13+03:00,2020-04-21T11:54:13+03:00,"Tukea eivät saa sitä tarvitsevat yritykset vaan ne, jotka osaavat laatia oikeanlaisen hakemuksen, kirjoittaa uutispäätoimittaja Perttu Kauppinen."
bd9073dc-fd80-40e0-958f-4d79f03a2a9c,http://iltalehti.fi/politiikka/a/bd9073dc-fd80-40e0-958f-4d79f03a2a9c,"Ministereiltä kritiikkiä koronatuille – Li Andersson: Eivät kohdennu yrittäjille, jotka ovat suurimmissa vaikeuksissa",2020-04-21T02:24:41+03:00,2020-04-21T11:12:41+03:00,"Hallituksen sisältä on kuulunut kritiikkiä siitä, miten yritystukia on jaettu."
94e78a4b-f17c-44da-b8fc-a4efaa439b10,http://iltalehti.fi/politiikka/a/94e78a4b-f17c-44da-b8fc-a4efaa439b10,Eduskunnan kyselytunnilla tivattiin työministeri Haataisen osuutta HVK:n hengityssuojainsotkuun: ”Oletteko valmis eroamaan?”,2020-04-16T15:48:55+03:00,2020-04-16T19:43:39+03:00,Peruspalveluministeri Krista Kiurun (sd) mukaan hoitokodeissa tapahtuneiden koronaviruslaiminlyöntien ei pitäisi olla mahdollisia Suomessa.
684734ae-f737-4484-935e-6fd8e8d57064,http://iltalehti.fi/talous/a/684734ae-f737-4484-935e-6fd8e8d57064,Tämä firma aloittaa suojainten tuotannon Suomessa – Lifa Air: Tavoite 100 miljoonaa hengityssuojainta ja kasvosuojaa vuodessa ,2020-04-14T19:53:21+03:00,2020-04-14T19:53:21+03:00,Toimitusjohtaja Johan Brandt: Tuotanto Suomessa alkaa näillä näkymin toukokuussa.
85337c7c-ce5f-433b-99c6-1aea20871b2f,http://iltalehti.fi/politiikka/a/85337c7c-ce5f-433b-99c6-1aea20871b2f,Tässä on koko hallituksen mittava koronatoimien lista - suojavarusteiden hankintaan 600 miljoonaa euroa,2020-04-08T14:17:22+03:00,2020-04-08T14:17:22+03:00,"Hallitus on sopinut mittavista uusista toimista koronakriisin torjumiseksi. Vuoden 2020 toisessa lisätalousarvioesityksessä ehdotetaan määrärahoihin noin 3,6 miljardin euron lisäystä."
439986ff-b8df-410d-8d61-d416bee5b0bd,http://iltalehti.fi/koronavirus/a/439986ff-b8df-410d-8d61-d416bee5b0bd,Suojavarusteiden riittävyydestä nousi kova kiista – tästä on kyse,2020-04-08T07:59:38+03:00,2020-04-08T09:03:18+03:00,"Niin suurten kaupunkien johtajat, ministerit kuin ammattiliitot ovat ottaneet osaa kiistaan suojavarusteiden riittävyydestä."
e6e870b3-671e-40aa-a7aa-2dc0a42b0315,http://iltalehti.fi/koronavirus/a/e6e870b3-671e-40aa-a7aa-2dc0a42b0315,Suomen koronatilanne nyt: katso tiistain tiedot,2020-04-07T20:26:17+03:00,2020-04-07T20:26:17+03:00,Tähän juttuun on koottu tiistain tapahtumat koronatilanteeseen liittyen.
5c3d65b2-0dd2-404d-9680-14fe302aeb35,http://iltalehti.fi/politiikka/a/5c3d65b2-0dd2-404d-9680-14fe302aeb35,Ministeri Pekonen suojavarustevajeesta – ” Kaikkien muidenkin olisi pitänyt varautua”,2020-04-07T14:43:16+03:00,2020-04-07T18:18:47+03:00,"Sosiaali- ja terveysministeri Aino-Kaisa Pekonen toteaa, ettei riitä, että valtio on varautunut suojatarvikkeilla."
83c1e5fe-b467-482c-80c6-40789cd13a71,http://iltalehti.fi/koronavirus/a/83c1e5fe-b467-482c-80c6-40789cd13a71,Suomessa aletaan valmistaa hengityssuojaimia,2020-04-07T11:25:02+03:00,2020-04-07T11:25:02+03:00,Ministeriö: ”Ison mittakaavan valmistus käynnistyy toukokuussa”.
020662ce-d4f0-4775-b243-8139a0f30a78,http://iltalehti.fi/politiikka/a/020662ce-d4f0-4775-b243-8139a0f30a78,Näkökulma: Hallituksen velkaralli saa koronasta eeppiset mittasuhteet,2020-04-07T06:01:27+03:00,2020-04-07T06:01:27+03:00,"Marinin hallitusta kritisoitiin siitä, ettei se kerryttänyt puskureita, joita olisi nyt tarvittu, kirjoittaa Mika Koskinen. "
506dc26c-cfb9-4b6a-8d71-16763b404f37,http://iltalehti.fi/paakirjoitus/a/506dc26c-cfb9-4b6a-8d71-16763b404f37,Pääkirjoitus: Leikkauslistalaisten ja huolettomien velkaantujien pitää löytää toisensa hallituksen kehysriihessä,2020-04-06T19:50:37+03:00,2020-04-06T19:50:37+03:00,"Vastakkain ovat ne, jotka pohtisivat väistämättömiä säästötoimia ja ne, joiden mielestä velkaantumalla hoidetaan paitsi korona, myös sen jälkeiset velkaantumishaasteet, kirjoittaa Juha Ristamäki."
1e543d92-a3c6-4de5-9a08-976da5cb930b,http://iltalehti.fi/politiikka/a/1e543d92-a3c6-4de5-9a08-976da5cb930b,"Näkökulma: Marinin hallitus ei täysin ymmärrä, miten vakava tilanne yrityksissä on",2020-04-03T15:53:27+03:00,2020-04-03T15:53:27+03:00,"Elinkelpoisen yrityksen kaatuminen on aina tragedia ja kansantaloudellisesti suurta tuhlausta, kirjoittaa Iltalehden Mika Koskinen."
a52bddd9-be06-4779-9148-653561b45b1e,http://iltalehti.fi/politiikka/a/a52bddd9-be06-4779-9148-653561b45b1e,"Pikavippien enimmäiskorko puolitetaan, suoramarkkinointi kielletään, miljoonatukia yrityksille – Lue lista uusista helpotuksista",2020-04-03T09:27:44+03:00,2020-04-06T14:57:18+03:00,Elinkeinoministeri Mika Lintilän mukaan nyt menossa on Suomen taloushistorian pahin vaihe.
59e783cb-f9db-4018-9ab2-b0ab679f2f54,http://iltalehti.fi/politiikka/a/59e783cb-f9db-4018-9ab2-b0ab679f2f54,Yrittäjärintama arvostelee hallituksen koronatukitoimia riittämättömiksi: ”Konkurssitsunami - palkkatukea irtisanomisten sijaan”,2020-03-21T17:02:55+02:00,2020-03-21T17:02:55+02:00,Suomen Yrittäjät vaati vuokrien laskemista välittömästi.
a9fd096d-1863-4cd8-a956-a9ddf513270c,http://iltalehti.fi/koronavirus/a/a9fd096d-1863-4cd8-a956-a9ddf513270c,Pikalomautukset käyttöön Suomessa? Elinkeinoministeri Mika Lintilä: ”Ilman muuta!”,2020-03-18T20:17:57+02:00,2020-03-18T20:17:57+02:00,"Elinkeinoministeri Mika Lintilä näyttää vihreää valoa sille, että yritykset voisivat lomauttaa henkilöstään huomattavasti nykyistä nopeammin,."
7c12fbcb-c2d9-4eae-8a4f-aba89b5ceb28,http://iltalehti.fi/iltv-paivarinta/a/7c12fbcb-c2d9-4eae-8a4f-aba89b5ceb28,Päättäjille luettiin hätääntyneen ravintoloitsijan viesti: ”Mitä muuta voin tehdä kuin yrittää saada koronatartunnan?”,2020-03-18T20:15:44+02:00,2020-03-18T20:15:44+02:00,Onko vanhusten ja sairaiden rinnalla kolmas merkittävä koronaviruksen riskiryhmä: yrittäjät? Tästä puhuttiin Sensuroimaton Päivärinta -ohjelmassa.
28328486-566b-4b96-90cf-b67140cb5317,http://iltalehti.fi/koronavirus/a/28328486-566b-4b96-90cf-b67140cb5317,"Talousviisaat korona-ahdingosta: ”Tämä on shokki, josta selvitään” – Sensuroimaton Päivärinta kokosi asiantuntijat yhteen",2020-03-17T21:35:53+02:00,2020-03-18T20:22:28+02:00,Sensuroimaton Päivärinta -ohjelman suora erikoislähetys kokosi asiantuntijat saman pöydän ääreen puhumaan koronaviruksesta suorassa lähetyksessä. 
447d8861-e9d1-4e98-bf6c-fe0682b52c69,http://iltalehti.fi/politiikka/a/447d8861-e9d1-4e98-bf6c-fe0682b52c69,Turve kiristää hallituspuolueiden välejä - keskustan Hoskonen: ”Vihreiden puheet täysin vastuuttomia”,2020-03-15T10:08:48+02:00,2020-03-15T10:08:48+02:00,"Hallituspuolueiden keskustan ja vihreiden välit ovat kiristyneet, kun kevään energiaverotuksen ratkaisut lähestyvät. Syykin on tuttu: turve."
fbfc477e-344c-4f09-b657-558d109c3b47,http://iltalehti.fi/politiikka/a/fbfc477e-344c-4f09-b657-558d109c3b47,IL paljastaa: tämä paperi johti ilmiriitaan hallituksessa SDP:n ja keskustan välillä - vaikutti Kulmunin haluun kaataa pääministeri Rinne,2020-02-13T14:37:51+02:00,2020-02-13T14:37:51+02:00,"Antti Rinteen halu avata valtiovarainministeriön kansliapäällikön virkahaku uudelleen suututti keskustan. Tämä oli yksi syy, miksi keskusta menetti luottamuksensa pääministeriin."
76971e6f-64cf-4d7c-975c-4ef4a42a2b74,http://iltalehti.fi/politiikka/a/76971e6f-64cf-4d7c-975c-4ef4a42a2b74,Näkökulma: Juha Sipilän hallituksen aikana tehdyistä Neste-kaupoista on koitunut lähes miljardin euron laskennallinen tappio veronmaksajille,2020-02-12T07:02:42+02:00,2020-02-12T07:02:42+02:00,Onko valtio-omistajan menettely ollut viisasta ja oikein ajoitettua? kysyy Iltalehden Mika Koskinen.
671efc70-6e9d-4117-a6e6-d90c820f1bed,http://iltalehti.fi/politiikka/a/671efc70-6e9d-4117-a6e6-d90c820f1bed,”Ollut aika kiusallista...” – näin keskustalaiset kommentoivat hallitusyhteistyötä ja surkeaa kannatusta ,2020-02-08T21:56:07+02:00,2020-02-08T21:56:07+02:00,"Keskustan kuntapäättäjissä on tyytymättömyyttä hallituskumppaneiden toimintaan, vaikka hallituksessa halutaankin pysytellä."
79e4aebc-cd8e-41b4-b730-ffa5357706ad,http://iltalehti.fi/viihdeuutiset/a/79e4aebc-cd8e-41b4-b730-ffa5357706ad,"Tällainen on Antti Kaikkosen, 45, Jannika-rakas: Kiinaa puhuva nuori uratykki",2020-02-05T17:08:18+02:00,2020-02-05T19:56:12+02:00,"Antti Kaikkosen kihlattu Jannika Ranta, 31, on nuoresta iästään huolimatta tehnyt jo nyt merkittävän uran."
b03d5833-e383-440a-a159-7988db494fe6,http://iltalehti.fi/viihdeuutiset/a/b03d5833-e383-440a-a159-7988db494fe6,Antti Kaikkonen on mennyt kihloihin Jannika-rakkaansa kanssa,2020-02-05T14:42:15+02:00,2020-02-05T16:11:22+02:00,"Antti Kaikkonen kertoi valtiopäivien avajaisissa Iltalehdelle, että hän on mennyt rakkaansa Jannika Rannan kanssa kihloihin. "
57546110-4841-4f52-a91f-b5acefbd9d64,http://iltalehti.fi/politiikka/a/57546110-4841-4f52-a91f-b5acefbd9d64,"Näkökulma: Hallitus nillittää autoista, koska keskustan pyhään turpeeseen ei saa puuttua",2020-02-03T22:04:36+02:00,2020-02-03T22:04:36+02:00,"Hallituksen ilmastokokous oli odotettu lässähdys, kirjoittaa politiikan toimittaja Tommi Parkkonen."
9cfefec3-ffcc-4a17-84a3-3bdd32d0fcdd,http://iltalehti.fi/politiikka/a/9cfefec3-ffcc-4a17-84a3-3bdd32d0fcdd,"Näin 3,3 prosentin palkkaratkaisua kommentoitiin: ”Lisää hallituksen paineita saada aikaan työllisyyttä parantavia toimia”",2020-01-04T18:13:33+02:00,2020-01-04T18:13:33+02:00,"Sopimuksen syntyä pidetään hyvänä, mutta hallitukselta perätään toimia työllisyyden parantamiseksi."
80b2d774-f453-4a38-9a2a-8836e4c71fc6,http://iltalehti.fi/viihdeuutiset/a/80b2d774-f453-4a38-9a2a-8836e4c71fc6,Antti Kaikkonen esitteli uuden rakkaansa – ensi kertaa julkisesti yhdessä: tässä on suloinen Jannika!,2020-01-01T19:13:30+02:00,2020-01-01T19:13:30+02:00,Puolustusministeri Antti Kaikkonen esitteli ensi kertaa naisystävänsä Jannika Rannan Säätytalolla järjestetyllä puolustusministerin uudenvuodenpäivän vastaanotolla.
