id,url,title,date_created,date_modified,lead
4e1d9b29-f079-44f6-990e-e3c10d200c4b,http://iltalehti.fi/politiikka/a/4e1d9b29-f079-44f6-990e-e3c10d200c4b,"Osalle kansanedustajista ei ollut selvää, mistä he äänestävät Juha Mäenpään syyteluvassa",2020-06-25T17:24:02+03:00,2020-06-25T17:44:56+03:00,"Sitä, että valtakunnansyyttäjä aikoo nostaa syytteen Mäenpäätä vastaan, jos saa siihen luvan eduskunnalta, ei kerrottu heti julkisuuteen."
ca25d746-1689-47f3-b3a8-7f127bf135d2,http://iltalehti.fi/politiikka/a/ca25d746-1689-47f3-b3a8-7f127bf135d2,Eduskunnassa käytiin kiivas keskustelu Juha Mäenpään syytesuojan purkamisesta: ”Valtakunnansyyttäjän toimet hämmästyttävät ja huolestuttavat - Kohta vanhatkin kansanedustajat ovat syytteessä”,2020-06-24T10:10:15+03:00,2020-06-24T10:10:15+03:00,Historiallista tapausta puitiin eduskunnassa neljä ja puoli tuntia - keskustelu ryöpsähteli translasten leikkauksista kommunistien toisen maailmansodan aikaisiin rikoksiin. 
5acfa741-2031-44e8-94cd-3c58b611d696,http://iltalehti.fi/politiikka/a/5acfa741-2031-44e8-94cd-3c58b611d696,Kovaa kritiikkiä samoille ravintolarajoituksille koko maahan – ”Bileet jatkuvat muissa ympäristöissä”,2020-05-26T14:00:23+03:00,2020-05-26T19:04:26+03:00,Eduskunta pui tiistaina täysistunnossa ravintolatukia ja ravintoloiden avaamisen rajoituksia.
43b0f457-d2ac-4c49-ae50-b003e3265589,http://iltalehti.fi/politiikka/a/43b0f457-d2ac-4c49-ae50-b003e3265589,IL selvitti: Kansanedustajien taksimatkoihin palanut tällä vaalikaudella 323 000 euroa –  käyttö vähentynyt,2020-05-23T07:00:12+03:00,2020-05-23T07:00:12+03:00,Iltalehti selvitti kansanedustajien taksimatkat ensimmäisen vuoden ajalta.
0e438dbf-e6fe-45d4-b9db-c17def495817,http://iltalehti.fi/politiikka/a/0e438dbf-e6fe-45d4-b9db-c17def495817,Kansalaisaloite lentoverosta jakaa hallituspuolueita – ”Ulkomaalaiset tulevat saastuttavammilla koneilla”,2020-03-06T14:38:12+02:00,2020-03-06T14:38:12+02:00,"Hallituspuolueista vain vasemmistoliitto ja vihreät kannattavat yli 54 000 allekirjoitusta kerännyttä kansalaisaloitetta lentoverosta - muut puolueet viittaavat Ruotsin lentoveroon, jonka vaikutukset ovat jääneet pieniksi."
77d73279-ecc2-4c87-9366-ce34087dd650,http://iltalehti.fi/politiikka/a/77d73279-ecc2-4c87-9366-ce34087dd650,Eduskunnassa kiisteltiin oliko Suomen EU-puheenjohtajuuskausi eleetön vai elegantti: ”Yksikään ihminen ei ole saari”,2020-02-26T22:51:18+02:00,2020-02-26T22:51:18+02:00,Pääministeri Sanna Marin (sd) kehui Suomen EU-puheenjohtajakautta: ”Rahaa säästyi ja hiilijalanjälki pieneni”.
f96572a7-1b6a-45ef-baed-b2b353fd1bb3,http://iltalehti.fi/talviurheilu/a/f96572a7-1b6a-45ef-baed-b2b353fd1bb3,Vanha mestari syyttää rämpiviä Suomen hiihtäjiä väärästä harjoittelusta: ”Ristomatti Hakolalla se on päästä kiinni”,2020-02-01T07:08:21+02:00,2020-02-01T08:10:10+02:00,Matias Strandvall arvioi Suomen sprinttihiihdon tasoa.
