id,url,title,date_created,date_modified,lead
62ac0544-a07a-438b-abdf-e3ea435f2ea3,http://iltalehti.fi/politiikka/a/62ac0544-a07a-438b-abdf-e3ea435f2ea3,Poliisi epäilee kansanedustaja Mikko Kärnää kunnianloukkauksesta,2020-12-18T13:36:33+02:00,2020-12-18T13:36:33+02:00,"Professori Tuomas Ojanen teki rikosilmoituksen kansanedustaja Kärnän vihjailuista. Esitutkintakynnys ylittyy, poliisi sanoo."
b9d90f96-c420-4833-98cb-a55242a78830,http://iltalehti.fi/politiikka/a/b9d90f96-c420-4833-98cb-a55242a78830,Kauhun tasapaino piti hallituksen koossa - Haavisto sai luottamuksen äänin 101- 68,2020-12-15T09:26:42+02:00,2020-12-15T09:26:42+02:00,Hallitusta pitää nyt koossa kauhun tasapaino. Keskellä koronakriisiä kukaan ei halua hallituskriisiä. Kolmekymmentä kansanedustajaa oli poissa äänestyksestä.
82b75177-7465-4996-9104-b6dedd55d812,http://iltalehti.fi/politiikka/a/82b75177-7465-4996-9104-b6dedd55d812,Professori Tuomas Ojanen tekee rikosilmoituksen Mikko Kärnän vihjauksesta Haavisto-asiassa – Kärnä kiistää syyllistyneensä mihinkään rikokseen,2020-12-14T13:36:28+02:00,2020-12-14T14:06:08+02:00,Professori Tuomas Ojanen aikoo tehdä rikosilmoituksen kunnianloukkauksesta.
5701a518-20e8-462f-9d4e-062b89c98ce3,http://iltalehti.fi/politiikka/a/5701a518-20e8-462f-9d4e-062b89c98ce3,Vihreät otti ilon irti Jenni Pitkon ”paitamokasta” – paitaa myydään 30 eurolla puolueen verkkokaupassa,2020-09-11T13:19:36+03:00,2020-09-11T13:19:36+03:00,Kansanedustaja Jenni Pitko (vihr) pukeutui torstain täysistunnossa puolueensa kampanjapaitaan.
ae54c927-af9c-454f-aa16-6567d5ceea2d,http://iltalehti.fi/politiikka/a/ae54c927-af9c-454f-aa16-6567d5ceea2d,Vihreiden Pitko kyselytunnilla feministipaidassa: Puhemies soitti ja nuhteli,2020-09-10T18:28:24+03:00,2020-09-10T18:28:24+03:00,Eduskunnan pukukoodi ei ollut täysin selvä ensimmäisen kauden edustajalle. Hän kertoo laittaneensa paidan Pride-hengessä.
