id,url,title,date_created,date_modified,lead
d2bed36e-1f87-44be-a38b-64952ab7f7ae,http://iltalehti.fi/ulkomaat/a/d2bed36e-1f87-44be-a38b-64952ab7f7ae,Suomalaiset vaalitarkkailijat: Trumpin väitteet perusteettomia - ”Hyvin vahingollista”,2020-11-06T19:18:49+02:00,2020-11-06T19:18:49+02:00,"Vaalitarkkailija Junnila (ps): ”Olemme ""ratsanneet "" ennalta ilmoittamatta lukuisia äänestyspaikkoja”."
d9a1bdc0-a497-44cb-8de5-f215fc739ef0,http://iltalehti.fi/talous/a/d9a1bdc0-a497-44cb-8de5-f215fc739ef0,74 prosenttia kustannustuen hakemuksista hylätty – yrittäjä-Satu lataa suorat sanat hallitukselle: ”Pitää olla aika fakiiri”,2020-08-14T10:38:07+03:00,2020-08-14T10:38:07+03:00,"Kustannustukea on myönnetty alle kolmannes tarjolla olevasta tukipotista, vaikka tuen hakuaika päättyy pian."
2d7fb70e-7384-4c10-a04d-35f78afa1a8b,http://iltalehti.fi/politiikka/a/2d7fb70e-7384-4c10-a04d-35f78afa1a8b,750 miljardin kriisirahasto jakaa eduskuntaa – oppositio huolissaan kansallisesta edusta,2020-07-16T17:37:33+03:00,2020-07-16T17:37:33+03:00,"Satu Hassi: Mikä on perussopimuksen mukaista, sen viime kädessä ratkaisee EU-tuomioistuin."
cd750235-95c9-45fd-a07c-101d2449e647,http://iltalehti.fi/politiikka/a/cd750235-95c9-45fd-a07c-101d2449e647,Kolmasosa kokoomuksen kansanedustajista oli poissa Mäenpää-äänestyksestä – lopputulos ei olisi muuttunut,2020-06-27T11:23:12+03:00,2020-06-27T11:23:12+03:00,Kokoomuksen kansanedustajilla oli Juha Mäenpään (ps) syyttämislupaa koskevan äänestyksen aikaan muita menoja. Peräti kolmasosa oli poissa.
6c454082-8e2c-4aae-b371-bada1faa3237,http://iltalehti.fi/politiikka/a/6c454082-8e2c-4aae-b371-bada1faa3237,Yökerhokesä on peruttu eikä viinejä myydä ulos - oppositio ryöpyttää hallitusta Nukkumatiksi ryhtymisestä ja kieltolain säätämisestä,2020-05-19T18:05:16+03:00,2020-05-19T18:27:08+03:00,Kokoomuslaiset vaativat perustuslakivaliokuntaa lieventämään hallituksen esittämiä rajoituksia ravintoloiden omistajien elinkeinovapauteen.
a65954c0-a95a-4143-8270-02dd3930afc9,http://iltalehti.fi/politiikka/a/a65954c0-a95a-4143-8270-02dd3930afc9,Kokoomuslaiset: Turkista tulevat turvapaikanhakijat ei rajan yli - ”Eurooppalaiset arvot tarvitsevat lujaakin järjestyksen pitoa” ,2020-03-02T20:12:07+02:00,2020-03-02T20:12:07+02:00,Kahdeksan kokoomuksen kansanedustajaa vaatii hallituksen muuttavan pikaisesti ulkomaalaislakia. 
