id,url,title,date_created,date_modified,lead
e6044ded-e45e-498b-8617-c259ac9fcc92,http://iltalehti.fi/politiikka/a/e6044ded-e45e-498b-8617-c259ac9fcc92,Ano Turtiainen uhmasi eduskunnan maskisuositusta – Kertoo nyt miksi maski jäi laittamatta,2020-11-25T16:03:13+02:00,2020-11-26T13:47:26+02:00,"Turtiainen tiedottaa, että hänellä on terveydelliset syyt olla käyttämättä maskia."
11358a59-b5a6-4526-b1b8-2f3da2de5e70,http://iltalehti.fi/politiikka/a/11358a59-b5a6-4526-b1b8-2f3da2de5e70,"Ylen Ylä-Anttila EK:n hallitukseen: Demariedustaja älähti riippumattomuudesta, SAK:n puheenjohtaja perää päätöksen perusteita",2020-11-18T23:02:47+02:00,2020-11-18T23:02:47+02:00,"Merja Ylä-Anttila kertoo, ettei rooli EK:n hallituksessa vaikuta Ylen riippumattomuuteen."
d5ad2dac-ea02-4e7a-adcd-cbc4c391f4db,http://iltalehti.fi/politiikka/a/d5ad2dac-ea02-4e7a-adcd-cbc4c391f4db,Kansanedustaja Ari Koponen sai 500 euroa kirjekuoressa – tällaisia lahjoja edustajat ovat ilmoittaneet saaneensa,2020-10-12T16:49:02+03:00,2020-10-12T16:49:02+03:00,"Kansanedustaja Ari Koponen (ps) sai vuosi sitten sydänkirjekuoren, jossa oli 500 euroa sadan euron seteleinä."
c8379376-4b3e-4ec3-a487-ce344f1a704d,http://iltalehti.fi/politiikka/a/c8379376-4b3e-4ec3-a487-ce344f1a704d,Pääministeri Sanna Marinista Helsinki Priden virallinen suojelija,2020-09-04T10:17:25+03:00,2020-09-04T10:17:25+03:00,Pääministeri Sanna Marin on Helsinki Priden virallinen suojelija.
f668a52b-18e6-4b56-92ca-5925e79f6561,http://iltalehti.fi/politiikka/a/f668a52b-18e6-4b56-92ca-5925e79f6561,"Business Finlandin rahanjako kuumentaa tunteita – SDP:n kansanedustajilta kovaa kritiikkiä, selvitystä vaaditaan",2020-04-21T12:30:33+03:00,2020-04-21T14:31:34+03:00,Business Finlandin 800 miljoonan euron avustukset nostattavat kasvavaa kritiikkiä.
d199c672-504a-4f3e-a182-ca1846aa490e,http://iltalehti.fi/paakirjoitus/a/d199c672-504a-4f3e-a182-ca1846aa490e,Pääkirjoitus: Ratahankkeet näyttävät vihdoin nytkähtävän eteenpäin,2020-02-13T20:07:01+02:00,2020-02-13T20:07:01+02:00,"Raidehankkeet ovat todellisia tulevaisuusinvestointeja, joita Suomi tarvitsee, kirjoittaa Kreeta Karvala."
3e51c4c7-b61e-4c71-a9f2-962a01157d8e,http://iltalehti.fi/kotimaa/a/3e51c4c7-b61e-4c71-a9f2-962a01157d8e,IL:n tiedot: Hallitus aikoo hakea EU-rahaa Turun tunnin junaan ja Suomi-rataan,2020-02-13T16:07:20+02:00,2020-02-13T16:07:20+02:00,"Sanna Marinin (sd) johtamaa hallitusta on syytetty vitkuttelusta raidehankkeiden edistämisessä ja EU-rahojen hakemisessa, mutta valtiovarainministeriöstä kerrotaan, että Turun tunnin junaan ja Suomi-rataan haetaan lähiviikkoina CEF-rahaa."
