id,url,title,date_created,date_modified,lead
0c290d66-9645-4413-9a16-7923876635d8,http://iltalehti.fi/viihdeuutiset/a/0c290d66-9645-4413-9a16-7923876635d8,2020 oli todellinen vauvavuosi! Nämä kaikki eturivin ykköstähdet saivat perheenlisäystä,2020-12-30T06:34:26+02:00,2020-12-30T06:34:26+02:00,Monissa perheissä on juhlittu vauvan syntymää vuoden aikana. Tässä kootusti useita iloisia perheuutisia.
3fc11bba-8ee7-494d-8543-16cba5116f65,http://iltalehti.fi/politiikka/a/3fc11bba-8ee7-494d-8543-16cba5116f65,"Kansanedustaja Iiris Suomelan vauva syntyi – ""paras joululahja otti reilusti etumatkaa”",2020-11-17T21:31:07+02:00,2020-11-17T22:43:14+02:00,Iiris Suomela (vihr) kertoo ilouutisesta sosiaalisessa mediassa.
240329bb-eaa6-438d-963d-3d3622aaeb07,http://iltalehti.fi/politiikka/a/240329bb-eaa6-438d-963d-3d3622aaeb07,Kansanedustaja Iiris Suomela väitti muunsukupuolista mieheksi – pyysi anteeksi,2020-11-04T14:41:40+02:00,2020-11-04T14:41:40+02:00,Iiris Suomela (vihr): ”Minulla oli väärä käsitys.”
cbbca588-4b1d-48de-aa3b-c185e2a7bacd,http://iltalehti.fi/politiikka/a/cbbca588-4b1d-48de-aa3b-c185e2a7bacd,"Tällainen oli tilaisuus, jossa Sanna Marin mahdollisesti altistui koronalle – paikalla kymmeniä kansanedustajia",2020-10-16T14:05:22+03:00,2020-10-16T14:05:22+03:00,Koronan saanut kansanedustaja Tom Packalén (ps) osallistui keskiviikkona pääministerin kuulemistilaisuuteen.
789535d7-eaf1-4cd8-b989-1284b989ae03,http://iltalehti.fi/politiikka/a/789535d7-eaf1-4cd8-b989-1284b989ae03,Oppositio ryöpytti hallituksen budjettiesitystä – Orpo: ”Tämä puhe on pelkkää kuumaa ilmaa teidän suustanne”,2020-10-07T08:26:48+03:00,2020-10-07T15:18:57+03:00,"Kun keskustan Kulmuni kosiskeli oppositiota työllisyystalkoisiin, nousi salissa älämölö, johon puhemies joutui puuttumaan. "
1e7f6907-89a4-44ef-8f8a-80c7a2e193ef,http://iltalehti.fi/politiikka/a/1e7f6907-89a4-44ef-8f8a-80c7a2e193ef,Eduskunnan kuopus Iiris Suomela odottaa lasta – ”Eilen tunsin lapsen liikkeet ensimmäistä kertaa”,2020-08-05T09:59:00+03:00,2020-08-05T09:59:00+03:00,Iiris Suomela: ”Yksi mun elämäni hartaimmista toiveista toteutuu.”
6c454082-8e2c-4aae-b371-bada1faa3237,http://iltalehti.fi/politiikka/a/6c454082-8e2c-4aae-b371-bada1faa3237,Yökerhokesä on peruttu eikä viinejä myydä ulos - oppositio ryöpyttää hallitusta Nukkumatiksi ryhtymisestä ja kieltolain säätämisestä,2020-05-19T18:05:16+03:00,2020-05-19T18:27:08+03:00,Kokoomuslaiset vaativat perustuslakivaliokuntaa lieventämään hallituksen esittämiä rajoituksia ravintoloiden omistajien elinkeinovapauteen.
5fac0919-14fa-421f-8e65-a236445ea28a,http://iltalehti.fi/talous/a/5fac0919-14fa-421f-8e65-a236445ea28a,Tällainen on hallin nimessä kohauttanut miljardiyhtiö Uros – Vain 3000 euron veronmaksu Suomeen herätti kysymyksiä,2020-03-06T07:25:20+02:00,2020-03-06T07:25:20+02:00,"Moni kysyi torstaina, mikä ihmeen Uros. Yritys tekee miljardiliikevaihdolla internetasioita."
ed67f2e1-f6ea-4a1b-a91d-97c696040597,http://iltalehti.fi/politiikka/a/ed67f2e1-f6ea-4a1b-a91d-97c696040597,Tasa-arvo eduskunnassa on parantunut – nuori naiskansanedustaja moittii seksistisiä vitsejä ja nettipalautetta,2020-02-11T15:55:40+02:00,2020-02-11T15:55:40+02:00,Tiistaina julkistetun Terveyden ja hyvinvoinnin laitoksen (THL) selvityksen mukaan tasa-arvo on viime vuosina eduskunnassa parantunut.
bb32007e-1fcd-45d6-8692-baf90d23441b,http://iltalehti.fi/politiikka/a/bb32007e-1fcd-45d6-8692-baf90d23441b,Eduskunta protestoi Antti Rinnettä vastaan - lukuisia protestiääniä varapuhemiehen vaalissa: ”Bussikuski”,2020-02-04T12:49:24+02:00,2020-02-04T15:18:40+02:00,Matti Vanhanen (kesk) jatkaa eduskunnan puhemiehenä.
