id,url,title,date_created,date_modified,lead
28106781-0daa-4699-bb85-9335e5a1ef3d,http://iltalehti.fi/politiikka/a/28106781-0daa-4699-bb85-9335e5a1ef3d,RKP haluaa maksuttomat rintasyöpäseulonnat 40-vuotiaasta alkaen – Henrikssonilta kuitti Halla-ahon kuntavaalistrategiasta,2020-12-07T00:37:27+02:00,2020-12-07T00:37:27+02:00,"”Olisin oikein iloinen, jos oppositiojohtaja alkaisi keskustella sellaisista kysymyksistä, jotka oikeasti vaikuttavat ihmisten arkeen kunnissa”, Anna-Maja Henriksson lähettää terveisensä Jussi Halla-aholle."
02450824-0b53-4901-a034-966412a60d5a,http://iltalehti.fi/politiikka/a/02450824-0b53-4901-a034-966412a60d5a,Perussuomalaiset haluaa kiristää seksuaalirikosten rangaistuksia: ”Tuomio istuttava kokonaan”,2020-11-26T19:19:08+02:00,2020-11-26T19:19:08+02:00,Hallitus tuo seksuaalirikoslainsäädännön kokonaisuudistuksen eduskunnan käsittelyyn ensi syksynä.
d3cecedf-192f-49ce-b97e-ba265d705758,http://iltalehti.fi/politiikka/a/d3cecedf-192f-49ce-b97e-ba265d705758,"Oikeusministeri Henriksson jyrähtää: ”Toivon, että kukaan ei edes esitä Uudenmaan eristämistä”",2020-11-24T19:58:19+02:00,2020-11-24T19:58:19+02:00,"Oikeusministeri Anna-Maja Henriksson painottaa, että koronan torjunnassa pitää edetä tavallista lainsäädäntöä käyttämällä. Häntä harmittaa, kun valmiuslakia luullaan taikasauvaksi."
167b8f14-7e4e-4e17-ba6e-190b4853d0c5,http://iltalehti.fi/politiikka/a/167b8f14-7e4e-4e17-ba6e-190b4853d0c5,Näkökulma: Politiikan kenttä kovassa liikkeessä - SDP siirtyi vasemmalle ja PS oikealle,2020-11-14T12:16:31+02:00,2020-11-14T12:16:31+02:00,"Vihreät, keskusta ja RKP liukuvat vasemmalle, kokoomuksessa on vetoa oikealle, kirjoittaa Juha Keskinen."
1bbee89f-b88a-437a-b11b-f3d4cf19b64b,http://iltalehti.fi/politiikka/a/1bbee89f-b88a-437a-b11b-f3d4cf19b64b,Hallitus valmistelee ammatinharjoittajien ja yrittäjien tukemista – uusista rajoituksista ei päätetty: ”Emme voi vielä huokaista helpotuksesta”,2020-11-03T17:50:53+02:00,2020-11-03T20:29:06+02:00,Hallitus on käynyt tiistaina läpi koronatoimia ja niiden jatkuvuutta.
9d28b4c6-a08a-4c42-b269-9f0aaf95352b,http://iltalehti.fi/politiikka/a/9d28b4c6-a08a-4c42-b269-9f0aaf95352b,"Tässä ovat kansalaisten suosikit seuraavaksi pääministeriksi: Marin, Halla-aho ja Orpo ",2020-10-20T15:29:56+03:00,2020-10-20T15:29:56+03:00,"Sanna Marin herättää kansalaisissa eniten luottamusta, selviää Iltalehden Taloustutkimuksella teettämästä kyselystä."
5fb67979-ce83-4dea-bcd1-1cc2e21a2da8,http://iltalehti.fi/politiikka/a/5fb67979-ce83-4dea-bcd1-1cc2e21a2da8,IL-kysely: Sanna Marin suomalaisten mielestä kiinnostavin puoluejohtaja – myös Andersson ja Halla-aho kärkipaikoilla,2020-10-19T19:00:01+03:00,2020-10-19T19:00:01+03:00,Iltalehden Taloustutkimuksella teettämän kyselyn mukaan kansalaiset haluaisivat tutustua eniten Sanna Mariniin.
ec576466-62ef-42dd-88e7-bb464001a1c8,http://iltalehti.fi/politiikka/a/ec576466-62ef-42dd-88e7-bb464001a1c8,"Voiko Suomi julistaa poikkeusolot uudelleen? Oikeusministerin mukaan vaatisi ”todella, todella hankalaa tilannetta”",2020-10-14T10:28:50+03:00,2020-10-14T10:28:50+03:00,"Kynnys poikkeusolojen toteamiselle on noussut lainsäädäntömuutosten ja tautitietoisuuden takia, arvioi oikeusministeri Anna-Maja Henriksson Iltalehdelle."
ba9d9598-4766-48b6-83de-d958ae6f1bfa,http://iltalehti.fi/politiikka/a/ba9d9598-4766-48b6-83de-d958ae6f1bfa,"Orpolta raju ryöpytys Marinin hallituksen sote-uudistuksesta: ”Mitä huonommin hoidat ihmisiä, sitä enemmän rahaa saat”",2020-09-26T12:10:47+03:00,2020-09-26T12:10:47+03:00,Petteri Orpo: Soten lausuntopalaute ”karmeaa luettavaa.”
e7ff2c8d-3a5f-4952-bc81-c7df33047bab,http://iltalehti.fi/politiikka/a/e7ff2c8d-3a5f-4952-bc81-c7df33047bab,Näkökulma: Napoleon Kiuru keitti koronasopan ja tyrmistytti oikeusministerin,2020-08-11T19:30:31+03:00,2020-08-11T19:30:31+03:00,"Vaikka Suomi olisi poikkeusoloissa, yksikään ministeri ei niidenkään vallitessa voi julistaa omin päin kaikkia koskevia karanteeneja."
ee625c43-9e63-4b15-9631-89ecb2a0e5d4,http://iltalehti.fi/politiikka/a/ee625c43-9e63-4b15-9631-89ecb2a0e5d4,Anna-Maja Henriksson HS:lle: ”Hallituksen sisällä  ei ole keskusteltu pakkokaranteenista”,2020-08-11T14:05:25+03:00,2020-08-11T14:05:25+03:00,"Anna-Maja Henrikssonin mukaan hallituksen maanantaina julkaisemista toimista ei käyty keskustelua hallituksen sisällä, kertoo Helsingin Sanomat."
e059cf43-832d-48c6-97e1-382b5a1972d5,http://iltalehti.fi/politiikka/a/e059cf43-832d-48c6-97e1-382b5a1972d5,IL-erikoishaastattelu: Oikeusministeri Henriksson ei hyväksy koronaleikkauksia lapsilisiin – 12-vuotiaan herttainen puhelu pysäytti,2020-08-09T08:04:09+03:00,2020-08-09T08:04:09+03:00,"Kun Esko Ahon hallitus päätti leikata lapsilisiä, nuoren Anna-Maja Henrikssonin tilillä ei ollut kaikkina päivinä markkaakaan. Oikeusministeri varoittaa 1990-luvun virheiden toistamisesta, kun koronakriisin aiheuttama talouslama vyöryy päälle."
2d3b73ef-ffae-463a-bc8f-48465cb82e6d,http://iltalehti.fi/politiikka/a/2d3b73ef-ffae-463a-bc8f-48465cb82e6d,Legendaaristen leijonien ja lampaiden kesäinen paluu - näin puoluepomot käyttäisivät ”koronasatasen”: ”Lapsille kirjoja”,2020-07-15T22:43:15+03:00,2020-07-15T22:43:15+03:00,MTV:n keskiviikkoisessa puheenjohtajatentissä onnistui Iltalehden yhden miehen raadin mielestä parhaiten perussuomalaisten Jussi Halla-aho.
af114376-0fcf-4c3c-8b94-6b28bda4528c,http://iltalehti.fi/politiikka/a/af114376-0fcf-4c3c-8b94-6b28bda4528c,IL selvitti: Näin ministerit ja heidän avustajansa käyttivät valtion luottokorttia – Anna-Maja Henriksson kestitsi Ruotsin ministeriä Savoyssa,2020-07-11T07:09:11+03:00,2020-07-11T07:09:11+03:00,"Iltalehden selvityksen mukaan Sanna Marinin hallituksen ministerit, erityisavustajat ja valtiosihteerit käyttivät valtion luottokorttia perin säästeliäästi."
a4d83fdc-3f2e-4d38-998c-21095616df2a,http://iltalehti.fi/politiikka/a/a4d83fdc-3f2e-4d38-998c-21095616df2a,"Vanhanen tiukkana pääministeriä vastaan työllisyystoimiaikataulukiistassa – ""Omat lausuntoni eivät muutu”",2020-07-08T18:22:22+03:00,2020-07-08T21:00:20+03:00,Valtiovarainministeri Matti Vanhanen (kesk) ei allekirjoittanut pääministeri Sanna Marinin (sd)  näkemyksiä työllisyystoimiaikataulujen muuttumisesta.
7e86a7f3-defd-4baa-8956-b72c04e67c71,http://iltalehti.fi/politiikka/a/7e86a7f3-defd-4baa-8956-b72c04e67c71,Anna-Maja Henriksson pyrkii jatkokaudelle RKP:n johdossa – oikeusministerin mielestä koronan toinen aalto voidaan torjua ilman poikkeusoloja,2020-07-04T06:02:26+03:00,2020-07-04T06:02:26+03:00,"”Oikealla oleminen tarkoittaa sitä, että olemme yrittäjämyönteinen puolue. Siitä, että on ahkera ja tekee töitä, pitää myös antaa ihmisille palkinto”, Henriksson sanoo."
0e7f9ff8-5f7f-45bb-93a6-943f4ec24289,http://iltalehti.fi/politiikka/a/0e7f9ff8-5f7f-45bb-93a6-943f4ec24289,Pitkä-Matti tuli taloon! Näin viisikon yhteiskuva muuttuu Katri Kulmunin eron myötä,2020-06-15T06:29:58+03:00,2020-06-15T06:29:58+03:00,Tuore valtiovarainministeri Matti Vanhanen (kesk) on viisikon muita ministereitä reilusti päätä pidempi.
4a874931-052b-4b34-b0f8-07462f477b64,http://iltalehti.fi/talous/a/4a874931-052b-4b34-b0f8-07462f477b64,"Hallituksen ennätyssuuri lisäbudjetti 5,5 miljardia euroa - näin ministerit perustelevat",2020-06-02T10:42:05+03:00,2020-06-02T10:42:05+03:00,Hallituksen lisäbudjettineuvottelu alkoi kuusi tuntia myöhässä.
f53a5f80-dd53-4928-ab05-6884465962b6,http://iltalehti.fi/politiikka/a/f53a5f80-dd53-4928-ab05-6884465962b6,Näkökulma: SDP:n ja keskustan taisto alkoi Kela-juonesta – pääministeripuolue janoaa katkeransuloista hyvitystä,2020-05-28T22:25:58+03:00,2020-05-28T22:25:58+03:00,Kansliapäällikkönimityksissä tanner tömisee kesällä. Johtaako pitkämuististen norsujen yhteenotto hallituskriisiin? kysyy Lauri Nurmi.
4406a428-4abc-41a6-92d8-334487f28ad7,http://iltalehti.fi/politiikka/a/4406a428-4abc-41a6-92d8-334487f28ad7,"Pääministeri Marin: Hallituspuolueilla ei eripuraa rajoitusten purkamisesta, Ohisalo: Tästä eteenpäin kahden metrin yhteiskunta",2020-05-04T09:16:18+03:00,2020-05-04T11:02:47+03:00,"Sanna Marinin hallitus neuvottelee Säätytalolla siitä, miten rajoituksia lähdetään asteittain purkamaan."
e72c1fb4-69f4-48dc-91ae-13794ce96550,http://iltalehti.fi/koronavirus/a/e72c1fb4-69f4-48dc-91ae-13794ce96550,Hallitus alkoi pohtia poikkeusolojen päättämistä - erimielisyyttä ravintoloiden tukipaketin aikataulusta,2020-05-03T09:01:41+03:00,2020-05-03T11:07:40+03:00,"Valtiovarainministeri Katri Kulmuni (kesk) muistutti, että koronavirusta ei ole vielä nujerrettu, mikä voi myöhemmin johtaa uusiin rajoitustoimenpiteisiin."
2ca2a04c-20f4-441e-a209-33c343e1a7a4,http://iltalehti.fi/politiikka/a/2ca2a04c-20f4-441e-a209-33c343e1a7a4,"Kommentti: Marin väläyttelee Uudenmaan avaamista, keskusta pistää hanttiin: ”Pääministerin ei kannattaisi ottaa ennakkoa”",2020-04-11T14:02:37+03:00,2020-04-11T14:02:37+03:00,"Keskustapäättäjä kuvailee puolueen asentoa Uudenmaan avaamiseen näin: ”Kyllä meillä tiukilla linjoilla ollaan oltu”, kirjoittaa Juha Ristamäki."
093ad2c6-42b3-4b33-ab3d-8075baaf7ab2,http://iltalehti.fi/politiikka/a/093ad2c6-42b3-4b33-ab3d-8075baaf7ab2,Ahvenanmaalta kovaa kritiikkiä Suomen hallitukselle: Ei ruotsalaislääkäreitä karanteeniin!,2020-04-08T09:35:51+03:00,2020-04-08T09:35:51+03:00,Ahvenanmaan maakuntahallituksen mielestä ruotsalaislääkäreiden karanteeni uhkaa ahvenanmaalaisten koronaviruspotilaiden selviytymismahdollisuuksia.
65f45f82-fa7a-492d-9a52-2053dc81d613,http://iltalehti.fi/koronavirus/a/65f45f82-fa7a-492d-9a52-2053dc81d613,"Hallitus jatkaa rajaliikenteen tiukennuksia - henkilöliikenne laivoilla Ruotsista, Virosta ja Saksasta loppuu",2020-04-07T06:57:04+03:00,2020-04-07T09:24:45+03:00,Sisäministeri Maria Ohisalon mukaan Uudenmaan rajoitusten purkamista pohditaan.
a52bddd9-be06-4779-9148-653561b45b1e,http://iltalehti.fi/politiikka/a/a52bddd9-be06-4779-9148-653561b45b1e,"Pikavippien enimmäiskorko puolitetaan, suoramarkkinointi kielletään, miljoonatukia yrityksille – Lue lista uusista helpotuksista",2020-04-03T09:27:44+03:00,2020-04-06T14:57:18+03:00,Elinkeinoministeri Mika Lintilän mukaan nyt menossa on Suomen taloushistorian pahin vaihe.
f463ffb2-6094-466e-a5e7-404b3e22452b,http://iltalehti.fi/politiikka/a/f463ffb2-6094-466e-a5e7-404b3e22452b,Oikeusministeri Henrikssonin erikoishaastattelu: Kolmen viikon sulun uskotaan riittävän - ”moni on kevytmielisesti heittänyt ajatuksia ulkonaliikkumiskiellosta”,2020-03-27T15:18:37+02:00,2020-03-27T15:18:37+02:00,"Anna-Maja Henrikssonin mukaan sairaan läheisen luokse pääsee. ”Poliisimiehen pitäisi uskoa, kun henkilö näin kertoo.” Oikeusministeri on huolissaan perheväkivallan ja sosiaalisten ongelmien lisääntymisestä, kun ihmisten perusoikeuksia rajoitetaan voimakkaasti."
f48d1c5f-7d53-41e9-ba79-682354f109d8,http://iltalehti.fi/politiikka/a/f48d1c5f-7d53-41e9-ba79-682354f109d8,Näkökulma: Suomen pitää rajoittaa ihmisten liikkumista välittömästi ja sulkea ei-kriittiset kaupat ja palvelut – viivyttely maksaa ihmishenkiä,2020-03-22T17:32:14+02:00,2020-03-22T17:32:14+02:00,"Suomalaisten ja maan hallituksen on valittava, taistelemmeko koronavirusta vastaan ja pelastamme tuhansia ihmishenkiä vai antaudummeko, kirjoittaa Lauri Nurmi."
9932d022-e52f-4984-879b-bb231ad9c24d,http://iltalehti.fi/koronavirus/a/9932d022-e52f-4984-879b-bb231ad9c24d,"IL selvitti: Näin Suomi päätti valmiuslaista: Marin ja vasemmistoliitto epäröivät, muut puolueet ja Niinistö runnoivat läpi",2020-03-18T16:33:51+02:00,2020-03-18T16:33:51+02:00,"Hallitus päätyi valmiuslakiin kovan väännön jälkeen. Pääministeri Marin ja vasemmistoliitto epäröivät THL:n ohjeistamina pitkään kovia toimia, kirjoittavat Lauri Nurmi ja Juha Ristamäki. "
25cea47f-042b-4464-9eca-841717634c0d,http://iltalehti.fi/koronavirus/a/25cea47f-042b-4464-9eca-841717634c0d,Huomenna linjataan valmiuslaista – Tästä siinä on kyse,2020-03-16T19:36:53+02:00,2020-03-16T19:36:53+02:00,Valmiuslain suhteen tarvitaan vielä eduskunnan päätös. Sitä haetaan tiistaina. 
76b20a08-29cf-4747-b6ea-36c1dd735750,http://iltalehti.fi/kotimaa/a/76b20a08-29cf-4747-b6ea-36c1dd735750,Korona sulkee kaikki Suomen vankilat – Lomat perutaan ja omaisten tapaamiset kielletään,2020-03-15T19:29:51+02:00,2020-03-15T19:29:51+02:00,"Suomessa on eristyksissä jo toinen vanki, jolla epäillään koronatartuntaa."
80c9f35c-7acf-43b0-8a2b-08508435d6c2,http://iltalehti.fi/politiikka/a/80c9f35c-7acf-43b0-8a2b-08508435d6c2,Suomen ja Ruotsin oikeusministerit kääntyivät vankilan portilta koronaepäilyn vuoksi: ”Emme halunneet jäädä vankilaan karanteeniin”,2020-03-10T15:41:05+02:00,2020-03-10T15:41:05+02:00,Oikeusministeri Anna-Maja Henrikssonin (r) mukaan vankilan henkilökunta oli saanut tiedon koronaepäilystä vain kymmenen minuuttia ennen vierailun alkamista.
189ad2d4-0d15-4daf-8681-9dbd4743aff3,http://iltalehti.fi/politiikka/a/189ad2d4-0d15-4daf-8681-9dbd4743aff3,"Analyysi: Hallitus ja presidentti hakevat järeämpiä konsteja, jos Venäjä ”tekee Turkit” itärajalla - helppoa siitä ei punaviherhallitukselle tule",2020-03-10T09:29:44+02:00,2020-03-10T09:29:44+02:00,"Suomi voi rajavartiolailla sulkea rajanylityspaikkoja, nyt keinoja sovitellaan järeämpään valmiuslakiin, kirjoittaa Juha Ristamäki."
92947ed7-a89c-47b5-9713-6efcb5b67794,http://iltalehti.fi/politiikka/a/92947ed7-a89c-47b5-9713-6efcb5b67794,"Nämä ovat kokoomuksen seitsemän ehdotusta terrorismilainsäädännön kiristämiseksi: ”Kansalaisuus voitava perua, terroristijärjestöön kuuluminen rikolliseksi...”",2020-02-25T22:19:41+02:00,2020-02-25T22:19:41+02:00,"Kokoomus kiristäisi terrorismirikosten rangaistusasteikkoja kauttaaltaan niin, että Suomen terrorismilainsäädäntö ei ole ”miltään osin muita Pohjoismaita lievempi”."
29962297-25b1-4da2-9fb8-3631726bc40f,http://iltalehti.fi/politiikka/a/29962297-25b1-4da2-9fb8-3631726bc40f,Carl Haglund muistelee Donneria lämmöllä – konkari neuvoi nuorta puolustusministeriä: ”Jörn oli jollain tavalla kuolematon”,2020-01-30T17:47:06+02:00,2020-01-30T21:33:51+02:00,Haglund toimi RKP:n puheenjohtajana Donnerin viimeisen kansanedustajakauden aikana.
