id,url,title,date_created,date_modified,lead
a2211fe8-17cf-4cd7-8a05-d80b84f0d411,http://iltalehti.fi/kotimaa/a/a2211fe8-17cf-4cd7-8a05-d80b84f0d411,"Uutissuomalainen: Perussuomalaiset, SDP ja vasemmistoliitto tyrmäävät lomautusprosessin pysyvän nopeutuksen",2020-11-10T07:02:05+02:00,2020-11-10T07:02:05+02:00,"Keskusta, kokoomus ja kristillisdemokraatit eivät tyrmää ajatusta suoralta kädeltä."
9932d022-e52f-4984-879b-bb231ad9c24d,http://iltalehti.fi/koronavirus/a/9932d022-e52f-4984-879b-bb231ad9c24d,"IL selvitti: Näin Suomi päätti valmiuslaista: Marin ja vasemmistoliitto epäröivät, muut puolueet ja Niinistö runnoivat läpi",2020-03-18T16:33:51+02:00,2020-03-18T16:33:51+02:00,"Hallitus päätyi valmiuslakiin kovan väännön jälkeen. Pääministeri Marin ja vasemmistoliitto epäröivät THL:n ohjeistamina pitkään kovia toimia, kirjoittavat Lauri Nurmi ja Juha Ristamäki. "
dcf7bd80-e3bf-435b-8a06-90b6ec7e00e6,http://iltalehti.fi/politiikka/a/dcf7bd80-e3bf-435b-8a06-90b6ec7e00e6,"Kreikan pakolaistilanne kuumensi tunteita eduskunnassa: ”Ministeri Ohisalo, voisitteko lopettaa venkoilun ja vastata kysymykseen”",2020-03-05T18:08:51+02:00,2020-03-05T18:08:51+02:00,Oppositio ihmetteli keskustan Kulmunin ja vihreiden Ohisalon puheiden ristiriitaa.
91a6e087-f127-48ce-ae89-7a8f078e0c5e,http://iltalehti.fi/politiikka/a/91a6e087-f127-48ce-ae89-7a8f078e0c5e,"Näin oppositio rökitti pääministeri Marinin hallitusta: ”Räyhä-Mykkänen”, susia ja ahdasmielinen vihervasemmisto ",2020-02-11T17:39:12+02:00,2020-02-11T17:39:12+02:00,SDP toivoi oppositiolta yhteistyöhalukkuutta.
13277d7d-35e8-4ce3-b0aa-ca838004ab3b,http://iltalehti.fi/politiikka/a/13277d7d-35e8-4ce3-b0aa-ca838004ab3b,Ruotsalaisprofessori arvostelee Sanna Marinin hallituksen talouspolitiikkaa: ”Suomi on hyvin suurien ongelmien edessä”,2020-02-04T18:42:43+02:00,2020-02-04T18:42:43+02:00,"Ruotsalaisprofessori arvostelee Suomen hallitusta siitä, ettei se ole esittänyt konkreettisia työllisyystoimia. Hallitus kävi työllisyyskeinoista tilannekatsauksen tiistaina. "
29962297-25b1-4da2-9fb8-3631726bc40f,http://iltalehti.fi/politiikka/a/29962297-25b1-4da2-9fb8-3631726bc40f,Carl Haglund muistelee Donneria lämmöllä – konkari neuvoi nuorta puolustusministeriä: ”Jörn oli jollain tavalla kuolematon”,2020-01-30T17:47:06+02:00,2020-01-30T21:33:51+02:00,Haglund toimi RKP:n puheenjohtajana Donnerin viimeisen kansanedustajakauden aikana.
bdcf291e-5f33-4996-8a29-1d104239309d,http://iltalehti.fi/politiikka/a/bdcf291e-5f33-4996-8a29-1d104239309d,”Muistuttaa liivijengiläisten toimintaa” – näin poliitikot kommentoivat ay-liikkeen lakkopainostusta,2020-01-30T09:37:47+02:00,2020-01-30T12:05:16+02:00,Eduskuntaryhmien puheenjohtajat ja varapuheenjohtajat tuomitsevat liittoon kuulumattomien uhkailun.
