id,url,title,date_created,date_modified,lead
0fcc5dc7-6387-4939-b442-d5b32864a855,http://iltalehti.fi/politiikka/a/0fcc5dc7-6387-4939-b442-d5b32864a855,Kansanedustaja Sanni Grahn-Laasosen toinen lapsi on syntynyt,2020-12-04T09:53:29+02:00,2020-12-04T09:53:29+02:00,Kansanedustaja kiittää ammattilaisia hyvästä hoidosta ja hoivasta.
f94a5103-a1dc-4d17-b607-1f2f888d5d30,http://iltalehti.fi/politiikka/a/f94a5103-a1dc-4d17-b607-1f2f888d5d30,"Kokoomuksen Grahn-Laasonen: kielikylpyjä päiväkoteihin, toinen vieras kieli jo kolmosluokalta",2020-09-09T13:26:11+03:00,2020-09-09T13:26:11+03:00,"Edellisen hallituksen opetusministeri, kansanedustaja Sanni Grahn-Laasonen esittää kieliuudistusta: kaikille toinen vieras kieli jo kolmosluokalta, lisää kielikylpyjä, suullisen kielitaidon koe osaksi ylioppilastutkintoa..."
8e64cb97-51af-4034-93e1-09832fef5319,http://iltalehti.fi/politiikka/a/8e64cb97-51af-4034-93e1-09832fef5319,Kansanedustaja Emma Karin somepäivitys aiheutti äläkän – ”Eikö tämä ole aika rumaa monia miespoliitikkoja kohtaan?”,2020-09-04T20:59:33+03:00,2020-09-04T20:59:33+03:00,"Emma Kari julkaisi kuvan, jossa on lapsensa kanssa Kesärannassa. Kuvan yhteyteen hän kirjoitti, että jos olisi saapunut edellisten hallitusten aikana pääministerin virka-asunnolle huutavan vauvan kanssa, se olisi voinut olla ”vähän” ahdistavaa. "
906984bf-baa0-4a4d-b8b0-7cbc840d1913,http://iltalehti.fi/politiikka/a/906984bf-baa0-4a4d-b8b0-7cbc840d1913,"Kokoomus roimii hallitusta - ”Pääministeri ei ymmärrä, miten yritykset toimivat”",2020-09-02T13:43:00+03:00,2020-09-02T15:15:15+03:00,"Kokoomus vaatii, että hallitus tuo uuden hallitusohjelman eduskunnan käsiteltäväksi."
d87a43e6-d0cf-43ff-8c88-6e29494e6c8d,http://iltalehti.fi/politiikka/a/d87a43e6-d0cf-43ff-8c88-6e29494e6c8d,Kansanedustaja Sanni Grahn-Laasonen saa toisen lapsen – laskettu aika loppuvuodesta,2020-06-25T20:07:40+03:00,2020-06-25T20:39:11+03:00,Kansanedustaja on huolissaan äitiysriskin kaatumisesta työnantajien maksettavaksi.
ea31992a-0ec9-4855-b791-2fcba1636da9,http://iltalehti.fi/politiikka/a/ea31992a-0ec9-4855-b791-2fcba1636da9,IL-kysely: Petteri Orpon suosio laskee - yhä useampi kokoomuslainen haluaisi vaihtoon,2020-01-31T14:52:28+02:00,2020-01-31T16:43:37+02:00,Kokoomusvaikuttajille tehdyssä kyselyssä kahden päähaastajan eli Antti Häkkäsen ja Elina Lepomäen yhteenlaskettu kannatus on selvästi yli 50 prosenttia. 
