id,url,title,date_created,date_modified,lead
c19d0b9b-0cc9-458f-81c3-3548f6859196,http://iltalehti.fi/politiikka/a/c19d0b9b-0cc9-458f-81c3-3548f6859196,"Onko vielä epäselvää, mitä Haavisto-kohussa on viime päivinä tapahtunut? Näin piinaviikko eteni: ”Tekopyhää kaksinaismoralismia”",2020-12-16T08:02:03+02:00,2020-12-16T08:02:03+02:00,Ulkoministeri Pekka Haaviston (vihr) vuoden kestänyt roikkuminen löysässä hirressä ei päättynyt perustuslakivaliokunnan viikko sitten tekemään päätökseen – päinvastoin.
723faf6d-4886-4956-83a1-69d7a1e819a9,http://iltalehti.fi/politiikka/a/723faf6d-4886-4956-83a1-69d7a1e819a9,Vihreille rajua sapiskaa Haavisto-viestinnästä: ”Ylimielistä piittaamattomuutta - märkä rätti eduskunnalle”,2020-12-11T12:48:16+02:00,2020-12-11T12:48:16+02:00,Kokoomus yhtyy perussuomalaisten ulkoministeri Pekka Haavistosta (vihr) jättämään epäluottamusesitykseen.
cd750235-95c9-45fd-a07c-101d2449e647,http://iltalehti.fi/politiikka/a/cd750235-95c9-45fd-a07c-101d2449e647,Kolmasosa kokoomuksen kansanedustajista oli poissa Mäenpää-äänestyksestä – lopputulos ei olisi muuttunut,2020-06-27T11:23:12+03:00,2020-06-27T11:23:12+03:00,Kokoomuksen kansanedustajilla oli Juha Mäenpään (ps) syyttämislupaa koskevan äänestyksen aikaan muita menoja. Peräti kolmasosa oli poissa.
912c2aef-7d66-4960-8de8-b8a8831309b3,http://iltalehti.fi/politiikka/a/912c2aef-7d66-4960-8de8-b8a8831309b3,Puhemies Vehviläinen: Kunnioitan eduskunnan päätöstä,2020-06-26T08:01:02+03:00,2020-06-26T14:35:38+03:00,"Vehviläisen muistutti, että perustuslaki takaa kansanedustajille erityisaseman, jonka tavoitteena on turvata heidän tehtäviensä täysimittainen hoitaminen."
2168e540-065f-462f-ac59-41286acb2f7e,http://iltalehti.fi/politiikka/a/2168e540-065f-462f-ac59-41286acb2f7e,Kansanedustajat pohtivat ravintoloiden sulkemisesta: ”Saatava myydä ulos myös vahvempia alkoholijuomia”,2020-03-24T21:03:14+02:00,2020-03-24T21:03:14+02:00,"Hallitus haluaa sulkea ravintolat, baarit, yökerhot ja kahvilat mahdollisimman nopeasti. Kielto ei koskisi ruuan etämyyntiä eikä työmaaruokaloita."
