id,url,title,date_created,date_modified,lead
3bbde2aa-8a4d-4f6e-9a38-49e03bf78226,http://iltalehti.fi/politiikka/a/3bbde2aa-8a4d-4f6e-9a38-49e03bf78226,Kansanedustaja Joonas Köntällä todettiin koronatartunta – ”Haju- ja makuaistini olen menettänyt”,2020-12-12T22:12:22+02:00,2020-12-12T23:10:24+02:00,Mahdollisia altistuksia selvitetään.
390f2dc7-4dd2-4ada-8f69-023f31e519f7,http://iltalehti.fi/politiikka/a/390f2dc7-4dd2-4ada-8f69-023f31e519f7,"Keskustan Könttä vihreiden vaatimuksesta julistaa Suomeen ilmastohätätila: ”Populistisella teatterilla voidaan kosiskella omia kannattajia, mutta sillä ei saavuteta tuloksia”",2020-10-14T10:15:45+03:00,2020-10-14T10:15:45+03:00,"Keskustan kansanedustaja Joonas Könttä pitää vihreiden esitystä ilmastohätätilasta ”julkisuustemppuna, joka kertoo vihreiden tyylistä operoida julkisuuden kautta”."
e041ecc5-1ffe-4742-aebb-f07bfe9b7f60,http://iltalehti.fi/kotimaa/a/e041ecc5-1ffe-4742-aebb-f07bfe9b7f60,"Voitaisiinko Soldiers of Odin lakkauttaa? Professori toivoo, etteivät poliitikot yritä sekaantua poliisin tai oikeuslaitoksen toimintaan",2020-09-13T12:16:06+03:00,2020-09-13T12:16:06+03:00,"Kansanedustaja Mikko Kärnä (kesk) vaatii hallitukselta toimia Soldiers of Odinin lakkauttamiseksi ja kerää nimiä aloitteeseen. Rikos- ja prosessioikeuden professori muistuttaa, että Suomessa on riippumaton poliisi, syyttäjäntoimi ja tuomioistuinlaitos ja toivoo poliitikkojen kunnioittavan sitä."
2bfcaf8a-e402-47d3-b116-f87ff8b3c5d5,http://iltalehti.fi/politiikka/a/2bfcaf8a-e402-47d3-b116-f87ff8b3c5d5,Keskustan Könttä: Soldiers of Odin on syytä lakkauttaa - ”uhka suomalaiselle demokratialle”,2020-09-11T18:37:48+03:00,2020-09-11T18:37:48+03:00,Keskustan kansanedustaja Joonas Köntän mielestä Soldiers of Odin -järjestö on syytä lakkauttaa. 
b5727608-f7f6-4b25-a4ff-46fc84ea25ea,http://iltalehti.fi/politiikka/a/b5727608-f7f6-4b25-a4ff-46fc84ea25ea,"Näin keskustan kansanedustajat kommentoivat puheenjohtajakisaa: ”Annikan karismaa tarvitaan”, ”Kulmuni olisi paras”",2020-07-30T21:08:07+03:00,2020-07-30T21:08:07+03:00,Lukuisat keskustan kansanedustajat pitävät puheenjohtajakisaa hyvänä mahdollisuutena käydä keskustelua puolueen linjasta.
20700298-e705-4de0-bc7b-c3cd7d898de7,http://iltalehti.fi/politiikka/a/20700298-e705-4de0-bc7b-c3cd7d898de7,"Näkökulma: Vastuuministerin ”irtiotto” ärsyttää hallituksessa – kansalaiset epätietoisuudessa mökkeilystä, ministerit jo matkoilla kotimaassa",2020-05-29T10:47:02+03:00,2020-05-29T10:47:02+03:00,"Hallituskumppanit ihmettelevät Lintilän irtiottoa, koska kotimaan matkailun sallimisesta oli jo yhteisymmärrys hallituspuolueiden kesken, kirjoittaa Iltalehden politiikan toimittaja Hanna Gråsten."
25e0bfd6-a62f-418c-8462-ff1e3cf7e790,http://iltalehti.fi/politiikka/a/25e0bfd6-a62f-418c-8462-ff1e3cf7e790,"Saako kotimaassa matkustaa vai ei? Virusasiantuntijat eivät rajoittaisi, matkailuala ärähtää kansliapäällikön puheista",2020-05-28T13:52:07+03:00,2020-05-28T20:25:58+03:00,Asiantuntijat eivät pidä tarpeellisena suositella kotimaan matkailun välttämistä. 
5acfa741-2031-44e8-94cd-3c58b611d696,http://iltalehti.fi/politiikka/a/5acfa741-2031-44e8-94cd-3c58b611d696,Kovaa kritiikkiä samoille ravintolarajoituksille koko maahan – ”Bileet jatkuvat muissa ympäristöissä”,2020-05-26T14:00:23+03:00,2020-05-26T19:04:26+03:00,Eduskunta pui tiistaina täysistunnossa ravintolatukia ja ravintoloiden avaamisen rajoituksia.
43b0f457-d2ac-4c49-ae50-b003e3265589,http://iltalehti.fi/politiikka/a/43b0f457-d2ac-4c49-ae50-b003e3265589,IL selvitti: Kansanedustajien taksimatkoihin palanut tällä vaalikaudella 323 000 euroa –  käyttö vähentynyt,2020-05-23T07:00:12+03:00,2020-05-23T07:00:12+03:00,Iltalehti selvitti kansanedustajien taksimatkat ensimmäisen vuoden ajalta.
5efbdc25-576f-4ae4-9710-ee852f005fbe,http://iltalehti.fi/koronavirus/a/5efbdc25-576f-4ae4-9710-ee852f005fbe,Kansanedustaja hommasi itse jokaiselle kansanedustajalle 50 hengityssuojaa – vaatii eduskuntaa ostamaan vielä paremmat,2020-03-17T22:27:47+02:00,2020-03-18T00:18:08+02:00,Perussuomalaisten Mika Niikko haluaa hengityssuojat kaikille muillekin suomalaisille - THL:n mukaan suoja ei estä koronatartuntoja.
47564391-3254-4efc-8906-7bcf8f381319,http://iltalehti.fi/politiikka/a/47564391-3254-4efc-8906-7bcf8f381319,Eduskunta pohtii mihin suuntaan viisarit siirtyvät - saako lasten iltapäiväliikunta Suomen ikuiseen kesäaikaan: ”Valolla on väliä”,2020-03-05T11:42:44+02:00,2020-03-05T14:40:43+02:00,"Kansanedustajat kannattavat kellojen siirtelyn lopettamista, mutta ovat erimielisiä pitäisikö pysyväksi ajaksi ottaa kesäaika vai talviaika."
