id,url,title,date_created,date_modified,lead
a78b373d-efa4-4ec6-9480-36f0cbeaa00d,http://iltalehti.fi/politiikka/a/a78b373d-efa4-4ec6-9480-36f0cbeaa00d,"Näkökulma: Kokoomuksella on kaksi ongelmaa, vihreillä ulkoministeri – siksi molemmat ovat suosioalamäessä",2020-12-23T17:46:26+02:00,2020-12-23T17:46:26+02:00,"Kokoomuksen suosioalamäkeä ei helpota keskenään taistelevat varapuheenjohtajat, kirjoittaa politiikan toimittaja Tommi Parkkonen."
6f2c2a50-25c8-4374-8b64-4d5930f07e7a,http://iltalehti.fi/politiikka/a/6f2c2a50-25c8-4374-8b64-4d5930f07e7a,HS-gallup: Stubb ja Sinnemäki ovat suosikit Helsingin pormestariehdokkaiksi,2020-11-28T04:09:08+02:00,2020-11-28T04:09:08+02:00,Helsinkiläiset toivovat entisen pääministerin asettuvan ehdolle ensi vuoden kunnallisvaaleissa.
baee72ea-927c-469c-b069-8f6b1a9ee385,http://iltalehti.fi/politiikka/a/baee72ea-927c-469c-b069-8f6b1a9ee385,Alexander Stubbia houkutellaan kokoomuksen ehdokkaaksi Helsingin pormestarikisassa,2020-11-17T12:30:43+02:00,2020-11-17T12:30:43+02:00,Alexander Stubb kertoo kantansa ehdokkuuteen myöhemmin.
72fd2572-84f2-4c82-bb36-005a9b3dde49,http://iltalehti.fi/politiikka/a/72fd2572-84f2-4c82-bb36-005a9b3dde49,Kansanedustaja Juhana Vartiainen ajoi eduskunnan piikkiin Haikon kartanoon – joutui korvaamaan matkat,2020-10-31T10:05:39+02:00,2020-10-31T10:05:39+02:00,Kansanedustaja Juhana Vartiainen (kok) maksoi edestakaisen matkan Haikkoon eduskunnan taksikortilla.
6f535be0-f4db-4f24-ba2e-8fd8906f1603,http://iltalehti.fi/politiikka/a/6f535be0-f4db-4f24-ba2e-8fd8906f1603,Kolumnisti kirjoitti pääministerin rinnoista: Kokoomuksen Juhana Vartiainen ja Elina Lepomäki jakoivat eteenpäin - pyysivät lopulta anteeksi,2020-10-12T23:32:29+03:00,2020-10-12T23:32:29+03:00,Kokoomuksen kansanedustajat Elina Lepomäki ja Juhana Vartiainen jakoivat pääministerin rintoja kommentoinutta kolumnia. 
d2dca952-dffd-414b-ada7-224f6d0b9291,http://iltalehti.fi/politiikka/a/d2dca952-dffd-414b-ada7-224f6d0b9291,"Marin kertoi uusista koronatoimista – Kiuru ärähti eduskunnalle: ”Ymmärrättekö, miten vakava tämä tilanne on?”",2020-10-08T15:18:52+03:00,2020-10-08T18:37:17+03:00,Kyselytunnilla puhuttivat muun muassa ruuhkamaksut ja koronatilanteen hoitaminen.
90a6978f-0475-4d65-baf7-03296b2093e7,http://iltalehti.fi/politiikka/a/90a6978f-0475-4d65-baf7-03296b2093e7,Suora lähetys - Kuuman välikysymyskeskustelun yllätyshahmot: Lordi Voldemort ja Hannu Karpo,2020-09-30T12:22:48+03:00,2020-09-30T20:48:32+03:00,Keskiviikon välikysymyskeskustelussa syntyi outo kinastelu pääministerin kalenterista.
d7c366d0-4926-4468-b59c-08a1cbab260e,http://iltalehti.fi/politiikka/a/d7c366d0-4926-4468-b59c-08a1cbab260e,Kokoomus uhkasi kaataa hallituksen – Paavo Lipponen lataa puolueelle suorat sanat Demokraatissa: ”Saisitte hävetä”,2020-09-07T21:26:23+03:00,2020-09-07T21:26:23+03:00,Paavo Lipponen arvostelee kokoomuksen hallitusta haastavia puheita kolumnissaan.
f3a48822-b746-4952-818d-555f60005cd7,http://iltalehti.fi/paakirjoitus/a/f3a48822-b746-4952-818d-555f60005cd7,Pääkirjoitus: Lepomäen tuuletus on myrskyvaroitus muille ,2020-09-07T13:22:41+03:00,2020-09-07T13:22:41+03:00,Kokoomuksen puheenjohtajistoon sunnuntaina noussut Elina Lepomäki antoi menestyksellään myrskyvaroituksen. 
732c86e1-6000-4cc5-b2a9-3124da9cf404,http://iltalehti.fi/paakirjoitus/a/732c86e1-6000-4cc5-b2a9-3124da9cf404,Pääkirjoitus: Saarikon keskusta on kovan paikan edessä - leimautuuko se vasemmiston pönkäpuolueeksi?,2020-09-06T21:33:19+03:00,2020-09-06T21:33:19+03:00,"Käsillä on ratkaisujen hetkiä siinä, millä tavalla keskustaoikeistolainen puoluekenttä elää, kirjoittaa Juha Ristamäki."
38cf4c0d-c2a8-48a3-ac29-33b65d45e6a7,http://iltalehti.fi/politiikka/a/38cf4c0d-c2a8-48a3-ac29-33b65d45e6a7,"Häkkänen, Lepomäki ja Ikonen kokoomusjohtoon - ”Kaadetaan se hallitus ja pidetään ne vaalit”",2020-09-06T11:42:39+03:00,2020-09-06T11:42:39+03:00,"Etukäteen on uumoiltu, että kokoomuksen varapuheenjohtajavaalissa haetaan jo asetelmia seuraavaa, vuoden 2022, puheenjohtajakisaa silmällä pitäen."
cef1b51b-c6b0-40c1-ac65-865a856fea31,http://iltalehti.fi/politiikka/a/cef1b51b-c6b0-40c1-ac65-865a856fea31,"Orpo ei halua spekuloida jatkollaan: ”Kysymys on kokonaisarviosta, joka joskus aikanaan tehdään”",2020-09-05T14:14:17+03:00,2020-09-05T14:14:17+03:00,Kokoomuksen puheenjohtaja Petteri Orpo antaa puolueensa oppositiopolitiikan kouluarvosanaksi kahdeksan.
64d1f7f7-cbb6-4b5a-a2e8-18155fe98f42,http://iltalehti.fi/politiikka/a/64d1f7f7-cbb6-4b5a-a2e8-18155fe98f42,Orpo valittiin jatkamaan kokoomuksen puheenjohtajana - varapuheenjohtajavaalista odotetaan jännitysnäytelmää,2020-09-05T09:48:55+03:00,2020-09-05T09:48:55+03:00,"Kokoomus pitää puoluekokoustaan Porissa. Etukäteen on uumoiltu, että varapuheenjohtajavaalissa haetaan jo asetelmia seuraavaa, vuoden 2022, puheenjohtajakisaa silmällä pitäen."
de131402-f447-4b82-b10c-a81f8fff2945,http://iltalehti.fi/politiikka/a/de131402-f447-4b82-b10c-a81f8fff2945,Kommentti: Kokoomuksessa kisataan nyt varapuheenjohtajista - puheenjohtajaehdokkaat ajavat jo asemiin,2020-09-03T11:35:29+03:00,2020-09-03T11:35:29+03:00,"Syyskuun puoluekokous on eräänlainen välikokous, jossa todelliset puheenjohtajaehdokkaat ajavat asemiin, kirjoittaa Juha Keskinen."
322deff1-9601-4742-a506-3b16233c8cd1,http://iltalehti.fi/paakirjoitus/a/322deff1-9601-4742-a506-3b16233c8cd1,Pääkirjoitus: Ansiosidonnainen työttömyysturva tulisi jatkossa turvata kaikille,2020-07-14T17:13:19+03:00,2020-07-14T17:13:19+03:00,"Esitys yleisestä ansiosidonnaisesta työttömyysturvasta on nyt mitä ajankohtaisin, kirjoittaa politiikan toimittaja Juha Keskinen."
6b6cc03f-0833-48eb-a2b8-404ad0872e61,http://iltalehti.fi/politiikka/a/6b6cc03f-0833-48eb-a2b8-404ad0872e61,"Suuri joukko suomalaisia maksaa työttömyysetuudesta, jota eivät saa – kokoomus haluaa ansiosidonnaisen kaikille",2020-07-10T10:41:40+03:00,2020-07-10T10:41:40+03:00,Kokoomus ajaa ansiosidonnaista työttömyysturvaa kaikille.
08a21e24-9e97-4c62-ae92-7dc8f843bed2,http://iltalehti.fi/politiikka/a/08a21e24-9e97-4c62-ae92-7dc8f843bed2,"”Riskin realisoituminen ei ole merkki, että on luuseri” – Elina Lepomäki vaatii pienyrityksille helppoa pääsyä pikasaneeraukseen",2020-06-01T09:01:48+03:00,2020-06-01T09:01:48+03:00,"Elina Lepomäki ja kokoomus vaativat 3 000-6 000 euron tukea, jotta pienet yritykset pääsevät yrityssaneeraukseen. Ajatuksena on, että yrityksen voisi jäädyttää hetkeksi."
a9fd096d-1863-4cd8-a956-a9ddf513270c,http://iltalehti.fi/koronavirus/a/a9fd096d-1863-4cd8-a956-a9ddf513270c,Pikalomautukset käyttöön Suomessa? Elinkeinoministeri Mika Lintilä: ”Ilman muuta!”,2020-03-18T20:17:57+02:00,2020-03-18T20:17:57+02:00,"Elinkeinoministeri Mika Lintilä näyttää vihreää valoa sille, että yritykset voisivat lomauttaa henkilöstään huomattavasti nykyistä nopeammin,."
7c12fbcb-c2d9-4eae-8a4f-aba89b5ceb28,http://iltalehti.fi/iltv-paivarinta/a/7c12fbcb-c2d9-4eae-8a4f-aba89b5ceb28,Päättäjille luettiin hätääntyneen ravintoloitsijan viesti: ”Mitä muuta voin tehdä kuin yrittää saada koronatartunnan?”,2020-03-18T20:15:44+02:00,2020-03-18T20:15:44+02:00,Onko vanhusten ja sairaiden rinnalla kolmas merkittävä koronaviruksen riskiryhmä: yrittäjät? Tästä puhuttiin Sensuroimaton Päivärinta -ohjelmassa.
28328486-566b-4b96-90cf-b67140cb5317,http://iltalehti.fi/koronavirus/a/28328486-566b-4b96-90cf-b67140cb5317,"Talousviisaat korona-ahdingosta: ”Tämä on shokki, josta selvitään” – Sensuroimaton Päivärinta kokosi asiantuntijat yhteen",2020-03-17T21:35:53+02:00,2020-03-18T20:22:28+02:00,Sensuroimaton Päivärinta -ohjelman suora erikoislähetys kokosi asiantuntijat saman pöydän ääreen puhumaan koronaviruksesta suorassa lähetyksessä. 
8852a39f-85c6-48ba-a980-97d57228d286,http://iltalehti.fi/politiikka/a/8852a39f-85c6-48ba-a980-97d57228d286,Näkökulma: Kansanedustaja al-Taeen Twitter-viesti edustaa suomettumista - Venäjän-pelolla tehdään jälleen kotiryssähenkistä politiikkaa,2020-03-09T11:58:34+02:00,2020-03-09T11:58:34+02:00,"Iltalehden eduskuntalähteiden mukaan Venäjän duumasta lähetetään viestejä kansanedustajille, jos joku suomalainen poliitikko on kritisoinut Venäjän politiikkaa, kirjoittaa Lauri Nurmi."
b6d25f92-3651-49f4-af1d-1e82394474b2,http://iltalehti.fi/politiikka/a/b6d25f92-3651-49f4-af1d-1e82394474b2,"Pääministeri Marin Ylellä: Suomella on valmius rajoittaa ihmisten liikkumista koronan vuoksi
",2020-03-08T15:19:16+02:00,2020-03-08T17:03:24+02:00,"Marin kertoi Ylen Pääministerin haastattelutunnilla, että Suomen viranomaisilla on valmius rajoittaa ihmisten liikkumista ja julkisia kokoontumisia, mikäli koronatartunnat leviävät epidemiaksi. "
f8b4a4b1-193a-467d-b7f7-b73493357905,http://iltalehti.fi/politiikka/a/f8b4a4b1-193a-467d-b7f7-b73493357905,Kokoomuksen varapuheenjohtajuutta tavoitteleva Elina Lepomäki haluaa eroon tosikon maineestaan,2020-03-08T08:41:01+02:00,2020-03-08T08:41:01+02:00,"Iltalehden haastattelussa Lepomäki kertoo, miten hän päivittäisi kokoomuksen koti, uskonto ja isänmaa -imagon 2020-luvulle."
eaaae971-2494-4aa3-b5bc-0f3c7cc67444,http://iltalehti.fi/politiikka/a/eaaae971-2494-4aa3-b5bc-0f3c7cc67444,Koronasokki saattaa romahduttaa Suomen julkisen talouden - kokoomuksen Elina Lepomäki varoittaa yli 10 miljardin euron alijäämästä,2020-03-07T14:21:20+02:00,2020-03-07T14:21:20+02:00,"Lepomäen mielestä Suomessa ei vielä ymmärretä, miten vakavasta asiasta on kyse. "
a44cf13f-6955-4663-a858-b1792f7f554a,http://iltalehti.fi/politiikka/a/a44cf13f-6955-4663-a858-b1792f7f554a,Ex-kansanedustaja Susanna Koski harkitsee lähtemistä kokoomuksen puheenjohtajakisaan,2020-02-29T15:46:02+02:00,2020-02-29T15:46:02+02:00,"Entinen kokoomuskansanedustaja Susanna Koski (kok) kertoo, että hän harkitsee vakavasti mahdollisuutta lähteä haastamaan kokoomuksen istuvaa puheenjohtajaa, Petteri Orpoa ensi kesänä Porissa pidettävässä kokoomuksen puoluekokouksessa. "
bd2eb8a7-1043-498c-9fb7-b026ed73a8c4,http://iltalehti.fi/politiikka/a/bd2eb8a7-1043-498c-9fb7-b026ed73a8c4,"Jopa 800 euroa kuussa tekemättä mitään? Rajusti puolueita jakava perustulo pöydällä, sosiaaliturvan jättiuudistus käyntiin",2020-02-14T18:03:06+02:00,2020-02-14T18:03:06+02:00,Sosiaali- ja terveysministeri Aino-Kaisa Pekonen kannattaa yhden hakemuksen mallia sosiaaliturvaan.
2ddeb1cc-2da4-43a6-a3bb-8d9018d6821e,http://iltalehti.fi/politiikka/a/2ddeb1cc-2da4-43a6-a3bb-8d9018d6821e,Alma-kysely: Perussuomalaiset jatkaa suosituimpana puolueena – PS:llä on myös uskollisimmat äänestäjät,2020-02-11T19:04:16+02:00,2020-02-11T19:04:16+02:00,"Antti Rinteen joulukuinen ero pääministerin tehtävästä ei ole murentanut hallituspohjan kannatusta: äänestäjistä 53,2 prosenttia luottaa Sdp:n, keskustan, vihreiden, vasemmistoliiton ja Rkp:n viisikkoon."
c9033899-8802-4638-ac9f-dfcd8cc53666,http://iltalehti.fi/kotimaa/a/c9033899-8802-4638-ac9f-dfcd8cc53666,Häkkänen ei lähde puheenjohtajakisaan – Orpo vastaa kokoomuslaisten kritiikkiin ,2020-02-01T16:39:47+02:00,2020-02-01T16:39:47+02:00,Kansanedustajat Elina Lepomäki ja Antti Häkkänen eivät aio haastaa Petteri Orpoa kokoomuksen puheenjohtajakisassa - ainakaan toistaiseksi.
c5a5f0c7-43ef-4317-bf62-9fe68901245a,http://iltalehti.fi/politiikka/a/c5a5f0c7-43ef-4317-bf62-9fe68901245a,Lepomäki ei lähde haastamaan Orpoa kokoomuksen puheenjohtajakisassa – toistaiseksi,2020-02-01T10:43:28+02:00,2020-02-01T10:43:28+02:00,Kokoomuksen kansanedustaja Elina Lepomäki ei lähde haastamaan puolueen puheenjohtaja Petteri Orpoa ensi kesän puoluekokouksessa - ainakaan toistaiseksi.
adbcdfc9-74bd-4017-816f-994ec7b3ea28,http://iltalehti.fi/politiikka/a/adbcdfc9-74bd-4017-816f-994ec7b3ea28,Kannatuslaskussa oleva Orpo tylytti hallitusta Jyväskylässä: ”Lopettakaa käsien päällä istuminen”,2020-01-31T20:13:33+02:00,2020-01-31T20:13:33+02:00,"Iltalehden tekemästä kyselystä kokoomuksen kenttäväelle selviää, että Petteri Orpon asema puolueen puheenjohtajana ei ole vankka."
ea31992a-0ec9-4855-b791-2fcba1636da9,http://iltalehti.fi/politiikka/a/ea31992a-0ec9-4855-b791-2fcba1636da9,IL-kysely: Petteri Orpon suosio laskee - yhä useampi kokoomuslainen haluaisi vaihtoon,2020-01-31T14:52:28+02:00,2020-01-31T16:43:37+02:00,Kokoomusvaikuttajille tehdyssä kyselyssä kahden päähaastajan eli Antti Häkkäsen ja Elina Lepomäen yhteenlaskettu kannatus on selvästi yli 50 prosenttia. 
