id,url,title,date_created,date_modified,lead
0c290d66-9645-4413-9a16-7923876635d8,http://iltalehti.fi/viihdeuutiset/a/0c290d66-9645-4413-9a16-7923876635d8,2020 oli todellinen vauvavuosi! Nämä kaikki eturivin ykköstähdet saivat perheenlisäystä,2020-12-30T06:34:26+02:00,2020-12-30T06:34:26+02:00,Monissa perheissä on juhlittu vauvan syntymää vuoden aikana. Tässä kootusti useita iloisia perheuutisia.
80ffbbbb-8965-4f1c-b199-843234a4a28e,http://iltalehti.fi/politiikka/a/80ffbbbb-8965-4f1c-b199-843234a4a28e,Kansanedustaja hermostui eduskunnan susikeskustelussa: ”Voi jumalauta!”,2020-11-18T19:23:33+02:00,2020-11-18T19:23:33+02:00,Kansanedustajat olivat lähes yksimielisiä susien metsästämisen aloittamisesta uudestaan.
2db7ee43-1abe-410e-8859-08517425277d,http://iltalehti.fi/politiikka/a/2db7ee43-1abe-410e-8859-08517425277d,Perussuomalaiset ovat flirttailleet äärioikeiston kanssa jo vuosia –  puolue vähättelee ongelmaa,2020-09-23T06:12:17+03:00,2020-09-23T06:12:17+03:00,"Perussuomalaiset ovat flirttailleet äärioikeiston suuntaan jo vuosia, kirjoittaa Iltalehden politiikan ja talouden toimittaja Marko-Oskari Lehtonen."
23610757-017c-439c-b6bf-0fefb524c121,http://iltalehti.fi/politiikka/a/23610757-017c-439c-b6bf-0fefb524c121,IL-Analyysi: Keskustaa uhkaa Soinin perussuomalaisten kohtalo – ja se johtaisi radikalisoitumiseen,2020-09-05T10:57:39+03:00,2020-09-05T10:57:39+03:00,"Keskustan uudella puheenjohtajalla on edessään valinta, yrittääkö hän säilyttää keskustan yleispuolueena vai ei, kirjoittaa Lauri Nurmi."
94eda61b-7cb5-45cb-a7f3-ec73224169fb,http://iltalehti.fi/politiikka/a/94eda61b-7cb5-45cb-a7f3-ec73224169fb,Hallitus esittää turvapaikanhakijoiden työnteko-oikeuden parantamista – oppositiolta raivokas kritiikkiryöppy: ”Kuinka te kehtaatte?”,2020-05-13T23:02:22+03:00,2020-05-13T23:02:22+03:00,"Sisäministeri Maria Ohisalo korosti eduskunnassa, että esitys on yksi palanen kausityövoimavajeen paikkaamisessa."
4966f9ac-0d31-4a51-8273-66bcc50fa878,http://iltalehti.fi/politiikka/a/4966f9ac-0d31-4a51-8273-66bcc50fa878,"Perussuomalaiset heivaa PS-nuoret sivuun, perustaa uuden nuorisojärjestön",2020-03-05T10:58:28+02:00,2020-03-05T12:40:56+02:00,Perussuomalaisten puheenjohtaja Jussi Halla-aho ja puoluesihteeri Simo Grönroos kertoivat nuorisojärjestön tilanteesta torstaina.
