id,url,title,date_created,date_modified,lead
2d7fb70e-7384-4c10-a04d-35f78afa1a8b,http://iltalehti.fi/politiikka/a/2d7fb70e-7384-4c10-a04d-35f78afa1a8b,750 miljardin kriisirahasto jakaa eduskuntaa – oppositio huolissaan kansallisesta edusta,2020-07-16T17:37:33+03:00,2020-07-16T17:37:33+03:00,"Satu Hassi: Mikä on perussopimuksen mukaista, sen viime kädessä ratkaisee EU-tuomioistuin."
6eab4e28-4bc1-439c-aabc-8818f8094641,http://iltalehti.fi/politiikka/a/6eab4e28-4bc1-439c-aabc-8818f8094641,He hakivat eduskunnan viestintäpäälliköksi – joukossa entisiä kansanedustajia ja ex-päätoimittajia: Palkka jopa 8 300 euroa,2020-07-09T13:54:01+03:00,2020-07-09T15:24:25+03:00,Eduskunnan viestinnän uudeksi johtajaksi haki 49 henkilöä - viisi heistä ei halua nimeään julkisuuteen.
6c454082-8e2c-4aae-b371-bada1faa3237,http://iltalehti.fi/politiikka/a/6c454082-8e2c-4aae-b371-bada1faa3237,Yökerhokesä on peruttu eikä viinejä myydä ulos - oppositio ryöpyttää hallitusta Nukkumatiksi ryhtymisestä ja kieltolain säätämisestä,2020-05-19T18:05:16+03:00,2020-05-19T18:27:08+03:00,Kokoomuslaiset vaativat perustuslakivaliokuntaa lieventämään hallituksen esittämiä rajoituksia ravintoloiden omistajien elinkeinovapauteen.
e0e2cabc-fce1-4cfa-bae3-1f842e5376f4,http://iltalehti.fi/veikkausliiga/a/e0e2cabc-fce1-4cfa-bae3-1f842e5376f4,Näkökulma: Ministeri Hanna Kosonen teki oman maalin – päättäjät suhtautuvat kevytmielisesti huippu-urheiluun,2020-05-12T16:37:55+03:00,2020-05-12T16:37:55+03:00,"Urheiluasioista vastaava ministeri hapuilee kokoontumisrajoituksia koskevissa lausunnoissaan – miksi huvipuistojen väkimäärää ei rajoiteta, mutta jalkapallo-otteluissa kattona on 500 henkeä, kirjoittaa Santtu Silvennoinen."
24ba9986-84b8-4d5c-b9dc-00591f6a1860,http://iltalehti.fi/politiikka/a/24ba9986-84b8-4d5c-b9dc-00591f6a1860,"Eduskunnan voimamies Ano Turtiainen, 52, nostaa rautaa ja kilometrikorvauksia – IL selvitti eniten omaa autoaan käyttäneet kansanedustajat",2020-01-09T07:00:37+02:00,2020-01-09T07:00:37+02:00,"Kansanedustaja Ano Turtiainen (ps) on laskuttanut kilometrikorvauksia jo lähes 12 000 euroa. Turtiainen, 52, ajaa omalla autollaan kilometrinkin matkat Taka-Töölöstä eduskuntaan."
