id,url,title,date_created,date_modified,lead
4430b683-c79e-462a-9bb6-0f86ebcbfadb,http://iltalehti.fi/politiikka/a/4430b683-c79e-462a-9bb6-0f86ebcbfadb,Juristin koulutus katosi yllättäen hyvin vaikutusvaltaisen viran pätevyysvaatimuksista – ”junailun makua”,2020-12-14T10:02:24+02:00,2020-12-14T11:43:18+02:00,"Asiantuntijat pitävät outona, että merkittävä muutos elintarvikemarkkinavaltuutetun kelpoisuusehtoihin tehtiin viime metreillä, vaikka kukaan ei sitä lausuntokierroksella esittänyt."
723faf6d-4886-4956-83a1-69d7a1e819a9,http://iltalehti.fi/politiikka/a/723faf6d-4886-4956-83a1-69d7a1e819a9,Vihreille rajua sapiskaa Haavisto-viestinnästä: ”Ylimielistä piittaamattomuutta - märkä rätti eduskunnalle”,2020-12-11T12:48:16+02:00,2020-12-11T12:48:16+02:00,Kokoomus yhtyy perussuomalaisten ulkoministeri Pekka Haavistosta (vihr) jättämään epäluottamusesitykseen.
80ffbbbb-8965-4f1c-b199-843234a4a28e,http://iltalehti.fi/politiikka/a/80ffbbbb-8965-4f1c-b199-843234a4a28e,Kansanedustaja hermostui eduskunnan susikeskustelussa: ”Voi jumalauta!”,2020-11-18T19:23:33+02:00,2020-11-18T19:23:33+02:00,Kansanedustajat olivat lähes yksimielisiä susien metsästämisen aloittamisesta uudestaan.
cd750235-95c9-45fd-a07c-101d2449e647,http://iltalehti.fi/politiikka/a/cd750235-95c9-45fd-a07c-101d2449e647,Kolmasosa kokoomuksen kansanedustajista oli poissa Mäenpää-äänestyksestä – lopputulos ei olisi muuttunut,2020-06-27T11:23:12+03:00,2020-06-27T11:23:12+03:00,Kokoomuksen kansanedustajilla oli Juha Mäenpään (ps) syyttämislupaa koskevan äänestyksen aikaan muita menoja. Peräti kolmasosa oli poissa.
43b0f457-d2ac-4c49-ae50-b003e3265589,http://iltalehti.fi/politiikka/a/43b0f457-d2ac-4c49-ae50-b003e3265589,IL selvitti: Kansanedustajien taksimatkoihin palanut tällä vaalikaudella 323 000 euroa –  käyttö vähentynyt,2020-05-23T07:00:12+03:00,2020-05-23T07:00:12+03:00,Iltalehti selvitti kansanedustajien taksimatkat ensimmäisen vuoden ajalta.
