id,url,title,date_created,date_modified,lead
694648a9-e195-4348-8270-dd0e601e9c65,http://iltalehti.fi/politiikka/a/694648a9-e195-4348-8270-dd0e601e9c65,Kommentti: Ja taas lähti kansanedustajilta käsistä,2020-12-31T06:37:57+02:00,2020-12-31T06:37:57+02:00,"Kirjallisten kysymysten tehtailu on monille kansanedustajille lähinnä teatteria, kirjoittaa politiikan toimittaja Tommi Parkkonen."
9bd8fd5b-4826-4d23-8ea8-87ebcbb00e1a,http://iltalehti.fi/politiikka/a/9bd8fd5b-4826-4d23-8ea8-87ebcbb00e1a,Kansanedustajilta lähes tuhat kirjallista kysymystä hallitukselle – yli 230 koronaministeri Kiurulle ,2020-12-31T06:01:35+02:00,2020-12-31T06:01:35+02:00,STM:n kansliapäällikkö Kirsi Varhila: ”Työllistävät melkoisesti”.
ada33dc7-0340-40de-bf3f-b570d7ebde6b,http://iltalehti.fi/politiikka/a/ada33dc7-0340-40de-bf3f-b570d7ebde6b,Näkökulma: SDP:n eri siivet voivat hyvin ja näyttävät jopa vahvistuvan hallitusvastuussa,2020-12-27T18:04:22+02:00,2020-12-27T18:04:22+02:00,"SDP:n historiaa on aina sävyttänyt erilaisten ryhmien ja siipien taistelu puolueessa, kirjoittaa Juha Keskinen."
a78b373d-efa4-4ec6-9480-36f0cbeaa00d,http://iltalehti.fi/politiikka/a/a78b373d-efa4-4ec6-9480-36f0cbeaa00d,"Näkökulma: Kokoomuksella on kaksi ongelmaa, vihreillä ulkoministeri – siksi molemmat ovat suosioalamäessä",2020-12-23T17:46:26+02:00,2020-12-23T17:46:26+02:00,"Kokoomuksen suosioalamäkeä ei helpota keskenään taistelevat varapuheenjohtajat, kirjoittaa politiikan toimittaja Tommi Parkkonen."
75b5027b-8f9d-43b2-8f45-4d76aed53538,http://iltalehti.fi/politiikka/a/75b5027b-8f9d-43b2-8f45-4d76aed53538,Koronarokotteita tulee Suomeen aluksi ”kaksi pizzalaatikollista” – hallitus kertoo tänään ketkä ne saavat,2020-12-22T07:03:48+02:00,2020-12-22T08:46:50+02:00,Eduskunta saadaan tarvittaessa joulunakin koolle kahden päivän varoitusajalla. 
1f90b588-bbc8-442e-a9d3-c7d61c251707,http://iltalehti.fi/politiikka/a/1f90b588-bbc8-442e-a9d3-c7d61c251707,Salaiset barometriluvut: Kokoomuksen kuntavaalipotentiaali suurempi kuin PS:llä ja keskustalla - SDP ennakkosuosikki,2020-12-19T12:20:10+02:00,2020-12-19T12:20:10+02:00,Ykkösaamussa vieraillut Petteri Orpo: ”Olen huolissani hallituksen päätöksentekokyvystä.”
82d986ae-6268-46b8-a917-1811dcf42b7a,http://iltalehti.fi/politiikka/a/82d986ae-6268-46b8-a917-1811dcf42b7a,Näkökulma: Ay-jyrä Rinne palaa päivänpolitiikkaan sekä ulkoisista että SDP:n sisäisistä syistä,2020-12-17T14:02:53+02:00,2020-12-17T14:02:53+02:00,"Ex-pääministeri Antti Rinteen paluulle operatiiviseen politiikkaan on monta syytä, kirjoittaa Juha Keskinen."
2d649d83-24dd-4180-8975-919953ee9466,http://iltalehti.fi/politiikka/a/2d649d83-24dd-4180-8975-919953ee9466,Eduskunnan sote-keskustelu: Nyt vedettiin jo Kari Hotakainenkin kehiin,2020-12-14T13:49:44+02:00,2020-12-14T22:40:10+02:00,Sanna Marinin (sd) hallituksen sote-esitys oli eduskunnan lähetekeskustelussa tänään.
5171f62c-cb93-4a58-a9e8-ac906b35dbd3,http://iltalehti.fi/koronavirus/a/5171f62c-cb93-4a58-a9e8-ac906b35dbd3,Suomen koronatilanne nyt: Kokonaisluku vastaa Riihimäen väkimäärää – STM:n Varhila oikaisi Ruotsin median toiveikasta uutisointia,2020-12-12T20:55:34+02:00,2020-12-12T20:55:34+02:00,Suomen koronatartuntojen kokonaismäärä ylitti viikonloppuun tultaessa 30 000:n rajan.
3e3c63bb-a821-4899-9202-0df31d266cdc,http://iltalehti.fi/politiikka/a/3e3c63bb-a821-4899-9202-0df31d266cdc,Eduskunta keskusteli tartuntatautilain muuttamisesta,2020-12-12T11:12:25+02:00,2020-12-12T11:12:25+02:00,Eduskunta keskusteli lauantaina tartuntatautilain muuttamisesta.
723faf6d-4886-4956-83a1-69d7a1e819a9,http://iltalehti.fi/politiikka/a/723faf6d-4886-4956-83a1-69d7a1e819a9,Vihreille rajua sapiskaa Haavisto-viestinnästä: ”Ylimielistä piittaamattomuutta - märkä rätti eduskunnalle”,2020-12-11T12:48:16+02:00,2020-12-11T12:48:16+02:00,Kokoomus yhtyy perussuomalaisten ulkoministeri Pekka Haavistosta (vihr) jättämään epäluottamusesitykseen.
d1c140b3-fa28-4023-9ff5-135c2b106f6e,http://iltalehti.fi/kotimaa/a/d1c140b3-fa28-4023-9ff5-135c2b106f6e,Tämä tiedetään nyt Olkiluodon ydinvoimalan poikkeuksellisesta häiriötilanteesta ,2020-12-10T16:33:23+02:00,2020-12-10T21:19:55+02:00,Ympäristölle ei ole vaaraa viranomaisten mukaan.
3d942ea6-323a-43ab-80ab-21650e599404,http://iltalehti.fi/politiikka/a/3d942ea6-323a-43ab-80ab-21650e599404,Jatkuuko Haavisto-kohu kyselytunnilla? - Ulkoministeri ei itse paikalla: Suora lähetys kello 16,2020-12-10T15:28:20+02:00,2020-12-10T15:28:20+02:00,Myöskään pääministeri Sanna Marin (sd) ei osallistu tänään eduskunnan kyselytunnille.
ddcd8f0a-ebcd-4d31-a928-77605f1f8af4,http://iltalehti.fi/politiikka/a/ddcd8f0a-ebcd-4d31-a928-77605f1f8af4,Hallitus pohtii koronatilannetta – Sanna Marin ei ottanut kantaa Pekka Haaviston asemaan,2020-12-09T14:26:35+02:00,2020-12-09T16:35:21+02:00,Hallitus neuvottelee Suomen koronatilanteesta. Valmiuslaki ei ole kuitenkaan pöydällä.
cedeb4ce-5dea-45ed-985b-851b7f6d3f96,http://iltalehti.fi/kotimaa/a/cedeb4ce-5dea-45ed-985b-851b7f6d3f96,Emilia Kullas: Riittäisivätkö työttömille ja vanhuksille B-luokan terveyspalvelut? Tätä hallitus esittää ,2020-12-08T10:27:31+02:00,2020-12-08T10:27:31+02:00,"Sote-esitys luo Suomeen kahdet terveyspalvelut: A-luokan palvelut heille, joilla on varaa maksaa, ja B-luokan palvelut työttömille ja vanhuksille, kirjoittaa Emilia Kullas. "
1df56a1e-a47a-4a65-b358-a03c8957d8ff,http://iltalehti.fi/politiikka/a/1df56a1e-a47a-4a65-b358-a03c8957d8ff,Tällainen on uudistettu sote-esitys ,2020-12-08T09:35:44+02:00,2020-12-08T18:52:39+02:00,Hallitus antoi tiistaina eduskunnalle esityksen koskien sote-uudistusta.
f24870d8-2fba-413d-8a08-34ed44be2cef,http://iltalehti.fi/koronavirus/a/f24870d8-2fba-413d-8a08-34ed44be2cef,"Tällainen on koronarokotteen alustava aikataulu: tammikuussa sote-henkilöstö, vuoden aikana loput halukkaat",2020-12-03T09:18:28+02:00,2020-12-03T13:08:31+02:00,Perhe- ja peruspalveluministeri Krista Kiuru on toiveikas koronarokotetutkimuksista ja EU:n kautta hankittujen koronarokotteiden aikataulusta.
525e1352-b8ba-423a-a6b3-fbbc78842540,http://iltalehti.fi/paakirjoitus/a/525e1352-b8ba-423a-a6b3-fbbc78842540,"Pääkirjoitus: Tasan vuosi sitten keskusta kaatoi Rinteen – Marin nosti SDP:n, mutta samat ongelmat vaivaavat häntäkin",2020-12-03T07:57:42+02:00,2020-12-03T07:57:42+02:00,"Rinnettä ja Marinia yhdistää muun muassa se, että he ovat itsepäisiä päättäjiä, jotka eivät epäröi tehdä yllättäviä avauksia, kirjoittaa Juha Ristamäki. "
480e3548-91eb-4816-9e74-acaa3c9772e5,http://iltalehti.fi/koronavirus/a/480e3548-91eb-4816-9e74-acaa3c9772e5,Suomen koronatilanne nyt: ”Perutaanko pikkujoulut vai joulu”,2020-12-02T22:09:55+02:00,2020-12-02T22:09:55+02:00,Suomalaisille on nyt annettu voimakasta viestiä: Kontakteja pitää vähentää. Muuten joulunviettokin on vaarassa.
b58b772f-f48d-4aea-bd38-0c0c8d97cbad,http://iltalehti.fi/koronavirus/a/b58b772f-f48d-4aea-bd38-0c0c8d97cbad,Hallitus linjasi: Tällainen on Suomen koronarokotestrategia,2020-12-02T21:59:39+02:00,2020-12-02T21:59:39+02:00,Ensimmäisenä rokotetaan terveydenhuollon ja vanhushoivan henkilökunta.
718a6ba5-dad2-4531-9344-57d911ca7738,http://iltalehti.fi/politiikka/a/718a6ba5-dad2-4531-9344-57d911ca7738,Pääministeri Marin tarkkaili helsinkiläisiä ministeriautosta: Huolestui näkemästään,2020-12-02T16:26:13+02:00,2020-12-02T20:54:22+02:00,Hallitus on kokoontunut Säätytalolle neuvottelemaan epidemiatilanteesta ja rokotehankinnasta. Ministerit ovat huolissaan koronatilanteen pahenemisesta. Kontakteja pitää vähentää.
ffaa5b43-073f-4514-b345-f38b55f2a845,http://iltalehti.fi/kotimaa/a/ffaa5b43-073f-4514-b345-f38b55f2a845,Joulua saa juhlia! Näin teet sen turvallisesti,2020-12-02T09:58:27+02:00,2020-12-02T09:58:27+02:00,THL:n Mika Salmisen mukaan joulua voi viettää maalaisjärjen rajoissa.
cd013b64-051d-4e20-bf0c-15ab52b6ac9f,http://iltalehti.fi/koronavirus/a/cd013b64-051d-4e20-bf0c-15ab52b6ac9f,Suomen koronatilanne nyt – ”Ei oikea aika matkustaa minnekään”,2020-12-01T21:34:51+02:00,2020-12-01T21:34:51+02:00,Koronatilanne on monin paikoin pahentunut Suomessa. Joulunvietto on iso kysymys.
6bc35c9a-c023-4fd5-9343-9b790ec1d640,http://iltalehti.fi/politiikka/a/6bc35c9a-c023-4fd5-9343-9b790ec1d640,Saako Lappiin mennä joululomalla vai ei? Näin ministeriö vastaa,2020-12-01T16:14:57+02:00,2020-12-01T16:14:57+02:00,Sosiaali- ja terveysministeriön (STM) mukaan rajoitusten noudattaminen on nyt entistä tärkeämpää. 
6d4e602f-af6d-4592-a6e8-147bbc9cfd03,http://iltalehti.fi/politiikka/a/6d4e602f-af6d-4592-a6e8-147bbc9cfd03,Analyysi: VM:n myrkkypilleristä virittyy Marinin ja Saarikon hallituslemmen happotesti,2020-11-30T21:05:19+02:00,2020-11-30T21:05:19+02:00,"Vaikka Marin ja Saarikko kuinka hehkuisivat poliittista lämpöä, edes heidän karismansa ja lämpönsä tuskin riittävät eheyttämään sosialidemokraattisen ay-liikkeen ja keskustan kehnoja välejä."
fb1ce0cc-b735-4432-96b9-db49ed3700af,http://iltalehti.fi/politiikka/a/fb1ce0cc-b735-4432-96b9-db49ed3700af,Eduskunta kiristi turvaohjeitaan - vain 11 ministeriä kyselytunnille: Suora lähetys kello 16,2020-11-26T15:41:37+02:00,2020-11-26T15:41:37+02:00,IL-TV näyttää eduskunnan kyselytunnin suorana lähetyksenä.
e12d0b27-305c-4862-a994-891b4cfda4d1,http://iltalehti.fi/politiikka/a/e12d0b27-305c-4862-a994-891b4cfda4d1,Analyysi: Eikö keväästä opittu mitään vai veikö sisäinen vääntö syksyllä hallituksen voimat?,2020-11-26T07:59:05+02:00,2020-11-26T07:59:05+02:00,"Suurin syy pieneen hapuiluun taitaa löytyä hallituksen sisäisistä jännitteistä. Vääntöön on kulunut ministereiltä paljon energiaa ja aikaa, kirjoittaa Lauri Nurmi."
16ce0fb0-387d-48ae-89c6-ba9e716f89fe,http://iltalehti.fi/politiikka/a/16ce0fb0-387d-48ae-89c6-ba9e716f89fe,Vakavia vetoomuksia joulun juhlien välttämiseksi: Näin hallituksen tiedotustilaisuus eteni,2020-11-26T07:00:20+02:00,2020-11-26T07:00:20+02:00,Hallitus ja THL antoivat tilannekatsauksen pahemmaksi muuttuneesta koronavirustilanteesta torstaina.
2ce17bdc-145f-454f-ba4f-9ece6113b838,http://iltalehti.fi/politiikka/a/2ce17bdc-145f-454f-ba4f-9ece6113b838,"Sanna Marin Suomen koronatilanteesta: maskipakkoa ei ole tulossa, alueiden toimissa kiristämisen varaa",2020-11-25T14:45:28+02:00,2020-11-26T09:42:02+02:00,Hallitus kokoontuu Säätytalolle käymään läpi pahentunutta koronaepidemiatilannetta. Uusia päätöksiä ei kuitenkaan vielä tänään todennäköisesti tehdä.
da343540-e718-4a4c-83ce-cf910d0746b6,http://iltalehti.fi/politiikka/a/da343540-e718-4a4c-83ce-cf910d0746b6,Kommentti: Hallitus laittoi pullikoivan pääkaupunkiseudun ruotuun – vielä viime viikolla Vapaavuorta syytettiin ”puuhastelusta”,2020-11-24T13:29:26+02:00,2020-11-24T14:03:44+02:00,"Hallitus hermostui pääkaupunkiseudun viime viikolla julkistamista ”löysistä” koronarajoituksista, kirjoittaa politiikan toimittaja Tommi Parkkonen."
462b8d31-d421-468e-aa50-46447289e227,http://iltalehti.fi/politiikka/a/462b8d31-d421-468e-aa50-46447289e227,Kommentti: Kiuru ja Saarikko - jäitä hattuun ja johtajuus haltuun konkreettisilla esityksillä,2020-11-24T10:03:13+02:00,2020-11-24T10:03:13+02:00,"Seuraavaksi Kiurun ja Saarikon olisi arvokasta kertoa Aluehallintovirastoille ja eri alueiden korkeimmille päättäjille, mitä he konkreettisesti toivovat näiden tekevän seuraavaksi."
0b7e55f3-f607-474e-96f3-2a75b3100d2c,http://iltalehti.fi/koronavirus/a/0b7e55f3-f607-474e-96f3-2a75b3100d2c,Husin johtajaylilääkäri Ylellä: Uudet rajoitukset mahdollisia – päätökset ovat venymässä loppuviikkoon,2020-11-24T10:01:01+02:00,2020-11-24T10:01:01+02:00,"Husin johtajaylilääkäri Markku Mäkijärvi arvioi Ylen Ykkösaamussa, ettei uusia päätöksiä ole vielä tulossa tiistaina tai keskiviikkona. "
307030d1-c9a6-46af-b592-b98ccf6a05e3,http://iltalehti.fi/kotimaa/a/307030d1-c9a6-46af-b592-b98ccf6a05e3,Asiantuntija tyrmää poikkeusoloilla uhkailun – vertaa ydinaseisiin: ”Yksinkertaisesti sopimatonta”,2020-11-24T09:51:33+02:00,2020-11-24T09:51:33+02:00,"Suomessa tarvitaan kipeästi laadukkaampaa keskustelua valmiuslakiasiassa, kirjoittaa apulaisprofessori Pauli Rautiainen."
baac9f08-8868-4f39-bd16-5dc88a5ba23a,http://iltalehti.fi/politiikka/a/baac9f08-8868-4f39-bd16-5dc88a5ba23a,"Pääkaupunkiseudulle tulossa uusia rajoituksia viimeistään perjantaina: kielto lopuillekin yleisötilaisuuksille, liikuntapaikat kiinni ja toinen aste etäopetukseen",2020-11-24T09:20:34+02:00,2020-11-24T14:27:56+02:00,Ainakin pääkaupunkiseudulle on tulossa uusia koronarajoituksia viimeistään perjantaina. 
919567dd-79a6-48f6-8d15-e5735d0a1402,http://iltalehti.fi/politiikka/a/919567dd-79a6-48f6-8d15-e5735d0a1402,"Lähteet IL:lle: Valmiuslaki otettaneen harkintaan, jos Suomessa kirjataan 1 000 tai Uudellamaalla 700 tautitapausta päivässä  ",2020-11-23T16:22:21+02:00,2020-11-23T16:22:21+02:00,"Ensin uusia koronarajoituksia pitäisi antaa STM:n ohjauskirjeillä, mikä vaatii hallitukselta poliittista tahtoa."
5bec88ac-4979-46da-b0a4-78f785356f02,http://iltalehti.fi/kotimaa/a/5bec88ac-4979-46da-b0a4-78f785356f02,Näkökulma: Hallituksen on määrättävä kovemmat koronarajoitukset - muuten uusimaalaiset vievät jouluna tartunnat maakuntiin,2020-11-22T21:03:33+02:00,2020-11-23T06:18:51+02:00,"Nykyiset rajoitukset tuovat lisää tartuntoja ja kiristävät ihmisten hermoja, kirjoittaa Iltalehden toimittaja Sami Koski."
ed619e8d-ae85-4bb6-a01d-d81b93d93306,http://iltalehti.fi/politiikka/a/ed619e8d-ae85-4bb6-a01d-d81b93d93306,Osa kunnista leikkaa rajusti ympärivuorokautisesta hoidosta – Attendo uskoo välimallin ratkaisuun ,2020-11-22T07:03:03+02:00,2020-11-22T07:03:03+02:00,"Ministeri Kiuru katsoo, ettei pelkkä tehostetun palveluasumisen paikkojen leikkaus käy."
d2465b18-6d97-4e49-bba6-09173f20ba0d,http://iltalehti.fi/politiikka/a/d2465b18-6d97-4e49-bba6-09173f20ba0d,"Kiuru näpäytti Ylellä keskustaa, jonka Lapin piiri on vaatinut hänen eroaan: ”Me esitimme alunperin Lapin matkailuun kuplaa”",2020-11-21T13:45:30+02:00,2020-11-21T13:45:30+02:00,"Kiurun mukaan ensi viikolla hallituksessa otetaan kantaa, millä perustein turistitkin voisivat jatkossa tulla Suomeen."
981221ac-59d0-474e-b279-d17aecbc98dc,http://iltalehti.fi/politiikka/a/981221ac-59d0-474e-b279-d17aecbc98dc,"Näkökulma: Älkää huoliko Jussi ja Petteri, kyllä kansa vielä hylkää Sannan",2020-11-21T09:01:10+02:00,2020-11-21T09:01:10+02:00,"Kun asiakysymykset eivät ole riittäneet, kokoomus yrittää saada pääministeri Sanna Marinin (sd) suuttumaan julkisesti, kirjoittaa politiikan toimittaja Tommi Parkkonen."
453a822f-2f37-43df-a4d2-b5f5a33a1eb1,http://iltalehti.fi/politiikka/a/453a822f-2f37-43df-a4d2-b5f5a33a1eb1,Ravintoloiden rajoituksia pohditaan ensi viikolla – IL:n tiedot: hallitus haluaa puuttua yökahviloissa riekkumiseen,2020-11-20T21:11:26+02:00,2020-11-20T21:11:26+02:00,Uudenmaan tuoreet koronarajoitukset ovat lievempiä kuin hallituksen suositukset leviämisvaiheessa.
74153679-d03a-432f-98bf-ed9c9fa53ad6,http://iltalehti.fi/politiikka/a/74153679-d03a-432f-98bf-ed9c9fa53ad6,Jälleen eduskunnan kyselytunnin vuoro - suora lähetys kello 16,2020-11-19T15:49:06+02:00,2020-11-19T15:49:06+02:00,Sisäministeri Maria Ohisalo (vihr) pitää tiedotustilaisuuden kyselytunnin jälkeen.
39a8b963-82e4-4b11-8465-0216d6ce8f3c,http://iltalehti.fi/koronavirus/a/39a8b963-82e4-4b11-8465-0216d6ce8f3c,Uusimaa lähellä leviämisvaihetta: torstai on koronan suhteen kohtalon päivä,2020-11-18T18:59:24+02:00,2020-11-18T18:59:24+02:00,"Torstaina kuultaneen, että pääkaupunkiseudulla koronavirus leviää osin hallitsemattomasti. Uusista rajoitustoimista päätetään."
7a6bf4ee-21a3-417e-8bae-b7d0c45c18b6,http://iltalehti.fi/paakirjoitus/a/7a6bf4ee-21a3-417e-8bae-b7d0c45c18b6,Pääkirjoitus: Keskustan kenttä oireilee hallitusyhteistyöstä,2020-11-16T16:54:08+02:00,2020-11-16T16:54:08+02:00,"Keskustan pohjoinen väki vierastaa hallitusta ja pelkää perussuomalaisia, kirjoittaa Juha Keskinen."
d084cd12-f90a-4374-8158-a3b76d970148,http://iltalehti.fi/politiikka/a/d084cd12-f90a-4374-8158-a3b76d970148,"Näin tärkeät turistimaat rajoittavat matkustusta Lappiin, vaikka Suomi helpottaisi rajoituksiaan",2020-11-15T21:52:23+02:00,2020-11-15T21:52:23+02:00,"Vaikka Suomi helpottaisi matkailijoiden maahantuloa, se ei välttämättä toisi lisää turisteja."
94261ac5-296e-42d2-a255-d6f41ee06941,http://iltalehti.fi/politiikka/a/94261ac5-296e-42d2-a255-d6f41ee06941,Demareilta kritiikkiä Kiurun erovaatimuksille – ”Keskustassa siirrytty käymään yksittäisten ministerien nilkkaan”,2020-11-15T12:01:41+02:00,2020-11-15T18:07:17+02:00,"Keskustan Lapin piiri vaatii ministeri Krista Kiurun (sd) eroa siksi, että Lapin matkailun vaikeaa tilannetta ei ole edistetty tarpeeksi."
23083ca9-d735-4096-aa86-7fce8a634509,http://iltalehti.fi/politiikka/a/23083ca9-d735-4096-aa86-7fce8a634509,Hallitus esittää henkilötunnuksen muutosten nopeuttamista tietomurtotilanteissa,2020-11-12T12:54:53+02:00,2020-11-12T12:54:53+02:00,"Hallitus kertoi, miten Vastaamo-kohuun puututaan. Henkilötunnuksen muuttamista ja tietojen käytön sulkuja helpotetaan."
5c89ba25-121d-46c5-ae39-86397fc395da,http://iltalehti.fi/politiikka/a/5c89ba25-121d-46c5-ae39-86397fc395da,Sitova hoitajamitoitus tuli – pettyneet hoitajat: ”Mikään ei muuttunut” ,2020-11-06T07:00:13+02:00,2020-11-06T07:00:13+02:00,"Yksityisiä hoivayrityksiä edustavan Halin mukaan nyt on välitetty liian mustavalkoista kuvaa siitä, että hoitajat eivät enää lainkaan pyykkäisi tai siivoaisi."
a7cf0951-db89-4e1c-87ad-00f55dc86370,http://iltalehti.fi/kotimaa/a/a7cf0951-db89-4e1c-87ad-00f55dc86370,Tässä 11 poimintaa tienesteistä – koronavuosi on nostanut esiin ihmisiä eri tuloluokista,2020-11-04T18:10:52+02:00,2020-11-04T18:10:52+02:00,Koronakriisi on saanut yhteiskunnan eri alojen vaikuttajat astumaan esiin ja antamaan panoksensa yhteiseen taisteluun.
be9a6433-b8df-4984-ad2c-d451d8601368,http://iltalehti.fi/kotimaa/a/be9a6433-b8df-4984-ad2c-d451d8601368,Näkökulma: Koronakriisi paljasti laiminlyönnit suojavarusteissa - niitäkö haluttiin peitellä?,2020-10-30T07:59:28+02:00,2020-10-30T07:59:28+02:00,"Totuus kirpaisee, mutta enemmän kirpaisee, jos sen peittelemiseksi syötetään kansalle puolitotuuksia, kirjoittaa Juha Ristamäki."
5b3ac4d5-4f18-403b-910b-8f7908964cdb,http://iltalehti.fi/politiikka/a/5b3ac4d5-4f18-403b-910b-8f7908964cdb,IL-selvitys: Näin Suomi syöksyi ”hyvästä” koronavarautumisesta maskipuutteen kautta maskien vähättelyyn,2020-10-30T07:03:45+02:00,2020-10-30T07:03:45+02:00,"Iltalehden selvitys kertoo, miten Suomi ajautui hyväksi väitetystä kasvomaskitilanteesta niiden puutteeseen, kasvomaskien hyötyjen vähättelyyn ja lopulta niiden suositteluun."
2cf4a179-17ac-481b-8b90-b336b4e613ef,http://iltalehti.fi/politiikka/a/2cf4a179-17ac-481b-8b90-b336b4e613ef,"Salamyhkäisyyttä, oikeustaisteluita ja kiisteltyjä laskelmia – Valtio osti Ahvenanmaan rikkaimmalta mieheltä kopteriyhtiön, ja rajusti arvosteltu hanke viedään äkkiä läpi",2020-10-30T07:00:11+02:00,2020-10-30T11:37:38+02:00,"Iltalehti selvitti erikoiset käänteet, joita liittyy lääkärihelikopteritoiminnan valtiollistamiseen."
760938af-c115-4679-8eee-cc74de435e83,http://iltalehti.fi/politiikka/a/760938af-c115-4679-8eee-cc74de435e83,Hallituksen uusien koronarajoitusten ihmeellisyydet: Ravintolan voi avata keskellä yötä ja alkoholia saa myydä jo aamuseitsemältä,2020-10-29T14:50:00+02:00,2020-10-29T19:21:18+02:00,"Hallitus kertoi uusista ravintolarajoituksista, joiden mukaan ruokaravintolat ja huoltoasemat saavat olla auki myöhempään kuin alkoholin anniskeluun keskittyneet baarit."
58dc9952-ff71-4932-aeb6-a3eb62fc5b52,http://iltalehti.fi/politiikka/a/58dc9952-ff71-4932-aeb6-a3eb62fc5b52,Hallitus pui Vastaamon tietomurtoa ensi viikolla – Ohisalo: Uhrien auttaminen nyt tärkeintä,2020-10-25T22:55:01+02:00,2020-10-25T22:55:01+02:00,Osa ministereistä kokoontui keskustelemaan tietomurtotapauksesta jo sunnuntaina.
d9f5e10c-a681-4447-9a03-6007fb8d00a8,http://iltalehti.fi/politiikka/a/d9f5e10c-a681-4447-9a03-6007fb8d00a8,"Hallituksen maskiviestintä saa tyrmäyksen kansalta - Saarikko myöntää: ”Viestintä on selvästi sekavaa""",2020-10-20T17:25:07+03:00,2020-10-20T17:25:07+03:00,"Hallitusta johtavalta pääministeri Sanna Marinilta (sd) ei saatu selvää vastausta siihen, miksi maskiviestinnässä epäonnistuttiin. "
31fcf6d0-f551-40b7-8720-4f29bdfafeed,http://iltalehti.fi/politiikka/a/31fcf6d0-f551-40b7-8720-4f29bdfafeed,Näkökulma: Tom Packalén saapui eduskuntaan oireisena muista vähät välittäen,2020-10-19T15:50:12+03:00,2020-10-19T15:50:12+03:00,"Kansanedustaja Tom Packalénin toiminta oli tökeröä, kirjoittaa Iltalehden politiikan ja talouden toimittaja Marko-Oskari Lehtonen."
39460306-d260-4354-8b4f-be40b8f2edd2,http://iltalehti.fi/politiikka/a/39460306-d260-4354-8b4f-be40b8f2edd2,"Oppositio penäsi lukuja tiskiin ravintoloiden tartunnoista – Saarikko: ”Kyllä, hallituksen sisälläkin on ollut ristiriitoja”",2020-10-15T15:43:12+03:00,2020-10-15T22:07:54+03:00,"Oppositio penäsi hallitukselta tarkkoja lukuja, joiden perusteella ravintolatoimintaa rajoitetaan."
b4ce1e2e-98bf-4116-9630-fc51afa39314,http://iltalehti.fi/politiikka/a/b4ce1e2e-98bf-4116-9630-fc51afa39314,Viestit julki: Näin THL:n Tervahauta selventää  pääministeri Marinille maskilinjaa,2020-10-15T15:27:39+03:00,2020-10-15T16:11:47+03:00,Iltalehti sai THL:n pääjohtajan antaman selvityksen maskisuosituksesta.
e8a383eb-66f6-4d6c-ae99-0537b46430b3,http://iltalehti.fi/politiikka/a/e8a383eb-66f6-4d6c-ae99-0537b46430b3,Hallitus kertoi uusista koronasuosituksista – katso oman alueesi tilanne,2020-10-15T12:59:17+03:00,2020-10-15T17:22:54+03:00,Hallitus kertoi torstaina uusista koronasuosituksista. 
891a5570-ccdd-4475-b92b-3ac97e20c886,http://iltalehti.fi/politiikka/a/891a5570-ccdd-4475-b92b-3ac97e20c886,Pääministeri ja THL:n pääjohtaja oudossa yöllisessä sanasodassa koronamaskeista - jopa THL:n Twitter-tili puuttui kinasteluun ,2020-10-14T21:56:37+03:00,2020-10-14T21:56:37+03:00,"Pääministeri Sanna Marinin (sd) lausahduksesta Ylen A-studiossa kehkeytyi Twitterissä omituinen kinastelu, johon osallistui myös lomalla oleva STM:n kansliapäällikkö - sekä THL:n virallinen Twitter-tilikin."
d2495480-8a9c-4f87-84fd-f0d0988f244b,http://iltalehti.fi/politiikka/a/d2495480-8a9c-4f87-84fd-f0d0988f244b,"Marin maskisotkusta – ”En osaa sanoa, miksi THL:n pääjohtajalla on ollut eri kanta” ",2020-10-14T14:55:55+03:00,2020-10-14T14:55:55+03:00,Tartuntatautilain muutokset toisivat merkittäviä uusia keinoja koronan leviämisen estämiseen.
288cbdd7-9534-41f5-b9ae-f7cd9856920a,http://iltalehti.fi/politiikka/a/288cbdd7-9534-41f5-b9ae-f7cd9856920a,Juuri nyt: Kiurulle eduskunnan luottamus äänin 106-79,2020-10-14T13:34:19+03:00,2020-10-14T13:34:19+03:00,Yksi kansanedustaja äänesti tyhjää.
a44e143c-00b5-4b9e-ad2d-1647a3eed401,http://iltalehti.fi/koronavirus/a/a44e143c-00b5-4b9e-ad2d-1647a3eed401,Ministeri Kiuru: Huhti-toukokuussa asiantuntijatieto ei suositellut laajaa maskisuositusta ,2020-10-14T13:09:37+03:00,2020-10-14T13:51:00+03:00,Paikalla on Kiurun lisäksi sekä STM:n ja THL:n virkamiehiä.
eebad091-d2e7-4f37-855e-f4502e6da203,http://iltalehti.fi/politiikka/a/eebad091-d2e7-4f37-855e-f4502e6da203,STM:n kansliapäällikkö Kirsi Varhila: Maskiselvitykseen ei liity ”poliittista tai muutakaan ohjausta”,2020-10-14T10:41:52+03:00,2020-10-14T10:41:52+03:00,Varhila selvittää maskijupakan taustaa keskiviikkona julkaistussa blogikirjoituksessa. 
ec576466-62ef-42dd-88e7-bb464001a1c8,http://iltalehti.fi/politiikka/a/ec576466-62ef-42dd-88e7-bb464001a1c8,"Voiko Suomi julistaa poikkeusolot uudelleen? Oikeusministerin mukaan vaatisi ”todella, todella hankalaa tilannetta”",2020-10-14T10:28:50+03:00,2020-10-14T10:28:50+03:00,"Kynnys poikkeusolojen toteamiselle on noussut lainsäädäntömuutosten ja tautitietoisuuden takia, arvioi oikeusministeri Anna-Maja Henriksson Iltalehdelle."
2b71089b-4074-4275-b471-411440bc2d9e,http://iltalehti.fi/politiikka/a/2b71089b-4074-4275-b471-411440bc2d9e,Kiuru Ylellä THL:n sivuuttamisesta: ”Haluttiin viestiä yksiäänisesti”,2020-10-13T21:57:33+03:00,2020-10-13T21:57:33+03:00,Perhe- ja peruspalveluministeri Krista Kiuru (sd) kiisti poliittisen painostuksen maskisuosituksissa.
585e0c48-e042-432a-ac9e-96598f7ed9b7,http://iltalehti.fi/koronavirus/a/585e0c48-e042-432a-ac9e-96598f7ed9b7,STM:n oma muistio paljastaa - näin ministeriö puolustaa maskilinjauksiaan: ”Suomi selvinnyt hyvin”,2020-10-13T20:35:05+03:00,2020-10-13T20:35:05+03:00,Iltalehden käsiinsä saaman muistion mukaan sosiaali- ja terveysministeriön ja THL:n ”tavoitteena on ollut saada selkeät ja yhdenmukaiset viestit kansalaisille”.
e914561a-d33a-4dd4-be78-390ae38674c8,http://iltalehti.fi/paakirjoitus/a/e914561a-d33a-4dd4-be78-390ae38674c8,Pääkirjoitus: Sote runnotaan nyt maaliin  – mutta kukaan ei tiedä paraneeko hoito ja riittävätkö rahat,2020-10-13T19:12:59+03:00,2020-10-13T21:46:46+03:00,"Tiistain esitys jätti vielä rutkasti avoimia kysymyksiä, kirjoittaa vastaava päätoimittaja Erja Yläjärvi."
d3ad0ee7-d75e-48aa-a8fb-d893dfa98ebf,http://iltalehti.fi/politiikka/a/d3ad0ee7-d75e-48aa-a8fb-d893dfa98ebf,Kiuru hehkutti yksityisiä sote-yrityksiä ”kullanarvoisiksi” – yksityinen puoli ei lämmennyt,2020-10-13T16:19:29+03:00,2020-10-13T16:19:29+03:00,"HALI ry:n Rajakangas: ”Kyse on siitä, kuinka paljon enemmän yritysten ja järjestöjen hyödyntämisen mahdollisuuksia rajoitetaan suhteessa nykytilaan.”"
4d3b8971-a87d-4dd4-a240-c40f4abd7456,http://iltalehti.fi/politiikka/a/4d3b8971-a87d-4dd4-a240-c40f4abd7456,Hallituksen soteuudistus joutui heti Twitterin hupinikkareiden pilkan kohteeksi – ”Hyvinvointialueet ja Helsingin pahoinvointialue”,2020-10-13T14:08:40+03:00,2020-10-13T14:08:40+03:00,Hallituksen lanseeraama termi sai heti nettikansan valloilleen.
10d97da1-2abb-4928-8354-1e84611da112,http://iltalehti.fi/politiikka/a/10d97da1-2abb-4928-8354-1e84611da112,Tällainen on uusi sote: voittaja-alueille lisää rahaa jopa 200 euroa/asukas ,2020-10-13T12:31:38+03:00,2020-10-14T09:16:56+03:00,Sote-maakuntia kutsutaankin hyvinvointialueiksi.
cca45288-ded9-43a1-9a24-a206a5973bf5,http://iltalehti.fi/10kysymysta/a/cca45288-ded9-43a1-9a24-a206a5973bf5,Mitä maata juoksija Alica Schmidt edustaa? Pelaa maanantain 10 kysymystä!,2020-10-12T06:00:00+03:00,2020-10-12T06:00:00+03:00,Iltalehden perinteinen urheiluvisa on myös verkossa. Montako tiedät?
f4a43d9c-2220-4db7-902a-75bdae05e65c,http://iltalehti.fi/paakirjoitus/a/f4a43d9c-2220-4db7-902a-75bdae05e65c,Pääkirjoitus: Maskikohun selvittäminen kuuluu myös pääministerille,2020-10-11T18:01:40+03:00,2020-10-11T18:01:40+03:00,"Maskikohua on hyvä selvitellä tulevia tarpeita ajatellen, kirjoittaa Iltalehden politiikan toimittaja Juha Keskinen."
e1209aca-37a4-428a-9fc6-0d9325ddf485,http://iltalehti.fi/politiikka/a/e1209aca-37a4-428a-9fc6-0d9325ddf485,Marin kiistää THL:n pääjohtajan maskipainostuksen: ”Kohtuuton syytös”,2020-10-11T15:45:06+03:00,2020-10-11T15:45:06+03:00,Sanna Marin (sd) jatkoi Ylellä opposition toiminnan ihmettelyä: ”Tällainen keskustelukulttuuri ei ole asiallista”.
63814cc2-1814-41c8-b71c-a5cf7527fa6f,http://iltalehti.fi/koronavirus/a/63814cc2-1814-41c8-b71c-a5cf7527fa6f,Suomen koronatilanne nyt: katso lauantain tiedot,2020-10-10T21:02:10+03:00,2020-10-10T21:02:10+03:00,THL ilmoitti lauantaina 269 uudesta koronatartunnasta.
01430092-f5ce-4178-b9c8-270b9b0c1fc0,http://iltalehti.fi/politiikka/a/01430092-f5ce-4178-b9c8-270b9b0c1fc0,"Krista Kiuru vastaa eroa vaativalle kokoomukselle: ”Olen tehnyt kaikkeni, että Suomi saisi tämän epidemian hallintaan”",2020-10-10T11:56:20+03:00,2020-10-10T11:56:20+03:00,Perhe- ja peruspalveluministerin mukaan Suomen tietoisuus koronavirustoimista on kasvanut epidemian aikana.
8bf6b030-5744-48ee-91a8-aa340be0f219,http://iltalehti.fi/politiikka/a/8bf6b030-5744-48ee-91a8-aa340be0f219,Hallitus pääsi sote-sopuun,2020-10-09T20:31:41+03:00,2020-10-09T21:14:40+03:00,Hallituksen sote-neuvottelut ovat päättyneet
82ada472-124d-46bd-b3d1-07e2aa55a664,http://iltalehti.fi/politiikka/a/82ada472-124d-46bd-b3d1-07e2aa55a664,Kokoomus esittää epäluottamusta ministeri Kiurulle,2020-10-09T16:08:40+03:00,2020-10-09T18:11:54+03:00,Epäluottamusäänestys on keskiviikkona täysistunnon alussa.
c1ca30d2-df21-4c69-b010-f1575509a6d5,http://iltalehti.fi/politiikka/a/c1ca30d2-df21-4c69-b010-f1575509a6d5,"Sote-maraton jatkuu, rahoitusmalliin tulossa muutoksia – häviäjille helpotusta",2020-10-09T15:50:42+03:00,2020-10-09T15:50:42+03:00,Ministerit vääntävät sote-uudistuksen yksityiskohdista perjantai-iltana.
c453f033-39e5-4011-8a2a-70c8a8f0c13f,http://iltalehti.fi/kotimaa/a/c453f033-39e5-4011-8a2a-70c8a8f0c13f,"Ravintola-alalta vahva vetoomus satakuntalaislehtien etusivuilla: ”Krista Kiuru, miksi meitä rääkätään?”",2020-10-09T11:05:34+03:00,2020-10-09T11:05:34+03:00,Avoimessa kirjeessä ravintola-alan yrittäjät esittävät huolensa ravintolatoiminnan tulevaisuudesta.
058bc696-c2d7-4874-a146-418991968570,http://iltalehti.fi/politiikka/a/058bc696-c2d7-4874-a146-418991968570,Näkökulma: Kun ministeri ei tiedä mitään koronatoimista – tässä syyt,2020-10-09T08:56:46+03:00,2020-10-09T08:56:46+03:00,"Ministerin ulostulolle voi olla muitakin syitä kuin tietämättömyys, kirjoittaa Iltalehden politiikan toimittaja Hanna Gråsten."
d2dca952-dffd-414b-ada7-224f6d0b9291,http://iltalehti.fi/politiikka/a/d2dca952-dffd-414b-ada7-224f6d0b9291,"Marin kertoi uusista koronatoimista – Kiuru ärähti eduskunnalle: ”Ymmärrättekö, miten vakava tämä tilanne on?”",2020-10-08T15:18:52+03:00,2020-10-08T18:37:17+03:00,Kyselytunnilla puhuttivat muun muassa ruuhkamaksut ja koronatilanteen hoitaminen.
576e843f-69bf-4152-8856-860d8cbe6647,http://iltalehti.fi/koronavirus/a/576e843f-69bf-4152-8856-860d8cbe6647,Suomen koronatilanne nyt: katso kuntasi tilanne,2020-10-07T21:46:42+03:00,2020-10-07T21:46:42+03:00,"Kiihtymisvaiheessa ovat tällä hetkellä hallituksen mukaan maakunnista Uusimaa, Varsinais-Suomi, Pirkanmaa ja Kanta-Häme."
8247959c-8a5f-45b9-9aec-1273722139ff,http://iltalehti.fi/politiikka/a/8247959c-8a5f-45b9-9aec-1273722139ff,Ravintoloiden aukiolo lyhenee tänään – vielä tiukemmat rajoitukset tulossa viidelle alueelle,2020-10-07T13:52:55+03:00,2020-10-08T09:20:30+03:00,Tiukemmat ravintolarajoitukset koskevat viittä aluetta.
789535d7-eaf1-4cd8-b989-1284b989ae03,http://iltalehti.fi/politiikka/a/789535d7-eaf1-4cd8-b989-1284b989ae03,Oppositio ryöpytti hallituksen budjettiesitystä – Orpo: ”Tämä puhe on pelkkää kuumaa ilmaa teidän suustanne”,2020-10-07T08:26:48+03:00,2020-10-07T15:18:57+03:00,"Kun keskustan Kulmuni kosiskeli oppositiota työllisyystalkoisiin, nousi salissa älämölö, johon puhemies joutui puuttumaan. "
5940c4da-d41c-4b56-8132-37344c4fe937,http://iltalehti.fi/kotimaa/a/5940c4da-d41c-4b56-8132-37344c4fe937,Hallituslähteet: Ravintoloiden tiukennuksista päätetään vasta ensi viikolla – samalla päätökset uusista suosituksista ja ohjeista,2020-10-06T21:18:49+03:00,2020-10-06T21:18:49+03:00,Hallituslähteiden mukaan päätöksiä uusista ravintoloita koskevista rajoituksista joudutaan odottamaan ensi viikkoon.
12deabf6-4c0e-4583-9d19-d2830e92e93a,http://iltalehti.fi/politiikka/a/12deabf6-4c0e-4583-9d19-d2830e92e93a,Hallitus on muuttamassa matkailusääntöjä – THL:n Salminen oikoo tietoja: Kaksi testiä tarvitaan,2020-10-05T18:18:04+03:00,2020-10-06T17:07:16+03:00,Ministeri Kiurun mukaan STM esittää hallitukselle muutoksia aiemmin tehtyihin matkailun terveysturvallisuutta koskeviin sääntöihin.
4899bf49-1d56-4ed0-b2cc-b164813fe96a,http://iltalehti.fi/koronavirus/a/4899bf49-1d56-4ed0-b2cc-b164813fe96a,Onko ”normaalielämä mahdollista” vai ”tiedot  hälyttäviä”? Näin sävy koronapuheissa on muuttunut parissa viikossa,2020-10-01T09:35:50+03:00,2020-10-01T09:35:50+03:00,Kesä sai uskomaan koronavirustilanteen kohentumiseen ja viranomaiset antoivat varovaisia arvioita elämän palautumisesta uomiinsa. Nyt on viesti muuttunut.
3ffe773f-fd4b-4ccc-9cc2-196baa2679b6,http://iltalehti.fi/politiikka/a/3ffe773f-fd4b-4ccc-9cc2-196baa2679b6,Tällaiset rajoitukset kuuluvat epidemian kiihtymisvaiheeseen – katso missä järjestyksessä toimet astuvat voimaan,2020-10-01T07:01:01+03:00,2020-10-01T10:08:34+03:00,Perhe- ja peruspalveluministeri Krista Kiurun mukaan esimerkiksi Kainuun ”lockdown” oli onnistunut tapa tehdä toimia epidemian nujertamiseksi.
2fb489e8-94de-41e2-9fad-eb5daae2df72,http://iltalehti.fi/politiikka/a/2fb489e8-94de-41e2-9fad-eb5daae2df72,Sitova hoitajamitoitus voimaan – Kiuru: ”Hoitajien määrä lisääntyy huomisesta alkaen”,2020-09-30T14:47:52+03:00,2020-09-30T14:47:52+03:00,"Ministeri Krista Kiuru (sd) kertoo, että kotihoidon tilanteen parantaminen on nyt selvityksessä."
df8807ca-c116-4539-8de7-8bc5edbdf7f6,http://iltalehti.fi/paakirjoitus/a/df8807ca-c116-4539-8de7-8bc5edbdf7f6,Pääkirjoitus: Alkoholin etämyyntisotkuun on vihdoin saatava selvyys – hallitus ei voi sysätä vastuuta poliisille ja oikeuslaitokselle,2020-09-30T07:38:14+03:00,2020-09-30T07:38:14+03:00,"Alkoholin etämyyntiä Suomeen koskevan sääntelyn tila on saanut jo koomisiakin piirteitä, kirjoittaa Juha Ristamäki."
ad3dda82-41cf-4742-93b0-5184ba5238a2,http://iltalehti.fi/politiikka/a/ad3dda82-41cf-4742-93b0-5184ba5238a2,"Valvira tekee alkoholin etämyyjistä tutkintapyynnön poliisille, vaikkei laki sitä kiellä: ”Ongelmallista”",2020-09-30T06:00:57+03:00,2020-09-30T06:00:57+03:00,"Valvira toivoo, että alkoholin etämyynnin oikeustilaan saataisiin selvyys."
c3894327-abe3-400a-89dc-18315e2033f0,http://iltalehti.fi/politiikka/a/c3894327-abe3-400a-89dc-18315e2033f0,Poliitikot vetoavat kansalaisia käyttämään suojaimia – moni ministeri saapui ilman maskia Säätytalon koronaneuvotteluun,2020-09-29T18:58:42+03:00,2020-09-29T18:58:42+03:00,"Maskin käyttö jakoi STM:ssä koronasta vastaavat ministerit Säätytalon portailla. Neuvotteluissa sisällä maskit oli kaikilla ministereillä ja virkamiehillä, valtioneuvoston viestintäjohtaja kertoo."
aeac47c2-bd16-47ac-8493-9aaf51fdf26b,http://iltalehti.fi/politiikka/a/aeac47c2-bd16-47ac-8493-9aaf51fdf26b,IL:n tiedot: muuallakin kuin pääkaupunkiseudulla uhkana ravintoloiden sulkeminen jo kello 23,2020-09-29T14:43:49+03:00,2020-09-29T22:54:36+03:00,"Hallitus päätti tiistaina, että ravintolat ja yökerhot menevät ensi viikosta eteenpäin kiinni kello 01 koko Suomessa - anniskelu on sallittu kello 09-24."
e1ac280a-db0a-4b15-be76-723d6bffc77e,http://iltalehti.fi/paakirjoitus/a/e1ac280a-db0a-4b15-be76-723d6bffc77e,Pääkirjoitus: Soten rauhoitusaika päättyi – kaupungit kapinoivat,2020-09-28T16:56:16+03:00,2020-09-28T16:56:16+03:00,"Hallituspuolueissakin on ristiriitoja sote-esityksestä, kirjoittaa Juha Keskinen."
e088d51a-ad81-4c83-ac60-8b579d04af09,http://iltalehti.fi/politiikka/a/e088d51a-ad81-4c83-ac60-8b579d04af09,"Hallituslähteet: Ravintolat ja yökerhot kiinni aikaisemmin koko maassa, ylimääräisiä tiukennuksia luvassa kiihtymisvaiheessa oleviin maakuntiin – katso lista alueista",2020-09-28T15:53:00+03:00,2020-09-28T15:53:00+03:00,Iltalehden tietojen mukaan koko ravintoloita koskevien rajoitusten osalta keskusteluissa on nyt kaksi mallia ja kaksi aukiolon tiukennusvaihtoehtoa.
6631293b-16c4-4cfa-b772-f700c216ea9e,http://iltalehti.fi/yleisurheilu/a/6631293b-16c4-4cfa-b772-f700c216ea9e,Juha Mieto löi tiskiin hurjan lukeman Cooperin testissä: ”Olin aika laiha”,2020-09-28T06:13:56+03:00,2020-09-28T06:13:56+03:00,SM-maastojuoksuja seurannut hiihtolegenda kertoo juosseensa Cooperissa yli 4 000 metriä ja tuoneensa joukkueensa ykkösenä vaihtoon Jukolan viestissä.
0ec944c2-2cd8-4755-9448-76bc382263d5,http://iltalehti.fi/koronavirus/a/0ec944c2-2cd8-4755-9448-76bc382263d5,Suomen koronatilanne nyt: Katso sunnuntain tiedot,2020-09-27T22:02:44+03:00,2020-09-27T22:02:44+03:00,Iltalehti kokosi tuoreimman koronauutiset sunnuntailta.
0455c637-8a87-47f6-af3b-1d1c9e312a74,http://iltalehti.fi/politiikka/a/0455c637-8a87-47f6-af3b-1d1c9e312a74,HS:n tiedot: Hallituksessa eripuraa ravintoloiden aukiolosta – valomerkki kello 24 vai yhdeltä yöllä? ,2020-09-27T17:14:24+03:00,2020-09-27T17:14:24+03:00,"Hallitus ei ole päässyt ravintoloiden aukiolorajoituksista yksimielisyyteen, kertoo Helsingin Sanomat. "
5a5cda8c-6665-4ded-a231-2fc43fec1a74,http://iltalehti.fi/politiikka/a/5a5cda8c-6665-4ded-a231-2fc43fec1a74,Riitapukarien repivät lausunnot julki - miten käy savolaisten sote-tappelussa?,2020-09-27T09:04:00+03:00,2020-09-27T09:04:00+03:00,"Keskusta pitää kiinni kannastaan, ettei se hyväksy Etelä-Savon maakunnan pilkkomista sote-uudistuksessa."
fd81b071-5dd6-4039-92c7-fb9c938adfb4,http://iltalehti.fi/talous/a/fd81b071-5dd6-4039-92c7-fb9c938adfb4,"Yökerhoyrittäjät pelkäävät, että uudet koronarajoitukset olisivat tappotuomio - ”Tässä on kyse ihmisten työpaikoista”",2020-09-26T17:39:59+03:00,2020-09-26T17:39:59+03:00,"Yrittäjät muistuttavat, että yökerhojen tili tehdään nimenomaan keskiyön ja aamuneljän välisenä aikana. "
7e2ebcae-2467-4667-9a2f-7a02fdb93c2a,http://iltalehti.fi/politiikka/a/7e2ebcae-2467-4667-9a2f-7a02fdb93c2a,Hallitus aikoo rajoittaa ravintoloiden aukioloa ,2020-09-25T18:46:16+03:00,2020-09-25T18:46:16+03:00,Iltalehden tietojen mukaan sosiaali- ja terveysministeriö on valmistellut mahdollisia ravintolarajoituksia hallituksen ensi viikon neuvottelua varten.
e8a03976-83e8-490c-87f3-11a7ac47cddc,http://iltalehti.fi/politiikka/a/e8a03976-83e8-490c-87f3-11a7ac47cddc,Li Andersson Vantaan kouluväkivallasta – ”Olemme yhteiskuntana epäonnistuneet”,2020-09-24T15:11:57+03:00,2020-09-24T19:40:17+03:00,Torstain kyselytunti keskittyi koulukiusaamisen ja -väkivallan ehkäisyyn.
e62b2607-82a0-4d99-8b61-18cee3c38adf,http://iltalehti.fi/politiikka/a/e62b2607-82a0-4d99-8b61-18cee3c38adf,"Seuraa suorana: Ministerit aukaisevat hallituksen päätöksiä työllisyystoimista, ilmastosta ja kuntapalveluista",2020-09-17T10:41:20+03:00,2020-09-17T10:41:20+03:00,Ministerit avaavat tänään kello 11 alkaen hallituksen budjettiriihen päätöksiä eri tilaisuuksissa. Voit katsoa tilaisuudet suorana tästä. 
5f15babe-f29f-449f-8f8e-7e0e97b7b89b,http://iltalehti.fi/paakirjoitus/a/5f15babe-f29f-449f-8f8e-7e0e97b7b89b,Pääkirjoitus: Vapaavuori kaataa taas sotea - tällekin hallitukselle tulee kiire jättiuudistuksen kanssa,2020-09-15T20:37:31+03:00,2020-09-15T20:37:31+03:00,"Palaute hallituksen esityksestä on ollut paikoin tyrmäävää, kirjoittaa Juha Ristamäki."
76a51844-fdd5-445e-8477-e1a48dec34dd,http://iltalehti.fi/politiikka/a/76a51844-fdd5-445e-8477-e1a48dec34dd,"Analyysi: Keskusta uhkasi hallituserolla, jos matkailurajoituksia ei höllennetä ",2020-09-12T14:05:03+03:00,2020-09-12T14:05:03+03:00,"Vaikeiden neuvottelujen jälkeen pääministeri Sanna Marin (sd) taipui keskustan tahtoon matkustusrajoitusten höllennyksissä. Tärkein syy lienee se, että hallituksen toimintakyky säilyisi, sillä IL:n tietojen mukaan keskusta oli väläyttänyt jopa hallituseroa, kirjoittaa Iltalehden Kreeta Karvala. "
2735ccfd-1474-400c-ae4b-65916d529b56,http://iltalehti.fi/politiikka/a/2735ccfd-1474-400c-ae4b-65916d529b56,Ministeri Lintilä paljastaa: Nämä syyt käänsivät hallituksen kelkan matkustusrajoitusten höllentämiseksi,2020-09-11T13:45:47+03:00,2020-09-11T13:45:47+03:00,"Elinkeinoministeri Mika Lintilä (kesk) kertoo syyt, jotka käänsivät Marinin (sd) hallituksen kelkan, kun tiukkoja matkustusrajoituksia aiemmin ylläpitänyt Suomi päätti höllentää rajoituksia vastoin terveysviranomaisten näkemyksiä. "
99b1e073-1c13-4528-acc9-460ffef1bc44,http://iltalehti.fi/politiikka/a/99b1e073-1c13-4528-acc9-460ffef1bc44,IL-Analyysi: Hallituksen matkustuspäätöksessä talous voitti terveyden,2020-09-11T10:08:52+03:00,2020-09-11T10:08:52+03:00,"Marinin (sd) hallituksen tiukka terveyslinja sai väistyä, kun hallituksen elinkeinosiipi yrittää pelastaa kotimaista matkailualaa, kirjoittaa Kreeta Karvala."
6d1d0ca6-e031-42ce-ac34-91eb9a614027,http://iltalehti.fi/politiikka/a/6d1d0ca6-e031-42ce-ac34-91eb9a614027,Krista Kiurun koronatesti on negatiivinen – jatkaa tehtäviä normaalisti,2020-09-07T17:14:41+03:00,2020-09-10T18:19:12+03:00,Valtioneuvosto tiedotti asiasta torstaina. 
1e14553a-ad3b-4d92-9c19-7a378f53f9e2,http://iltalehti.fi/politiikka/a/1e14553a-ad3b-4d92-9c19-7a378f53f9e2,Lapin matkailun piina jatkuu: Ei mitään päätöksiä matkustuskuplista,2020-09-03T13:15:14+03:00,2020-09-03T15:23:36+03:00,"Päättäjiltä kysyttiin tiedotustilaisuudessa, onko toivottuja ratkaisuja Lapin matkailun pelastamiseksi tulossa. Vielä mitään ei luvattu."
31320c5d-404c-43eb-a0c5-db6d458bc67d,http://iltalehti.fi/kotimaa/a/31320c5d-404c-43eb-a0c5-db6d458bc67d,Suomeen lentäviä ei voida pakkotestata – THL:n ”liikennevalojen” piti olla valmiina jo aikaa sitten,2020-08-26T07:55:52+03:00,2020-08-26T07:55:52+03:00,Aluehallintovirastot odottavat edelleen THL:n liikennevalomallia riskimaista.
bc04513a-b498-4d74-9625-9253120557af,http://iltalehti.fi/kotimaa/a/bc04513a-b498-4d74-9625-9253120557af,"Ministeriö mokasi ohjeen yleisörajoituksista jo pari viikkoa sitten, virhe viuhui ohi laajalta jakelulta – ”Semmonen maanantai töissä sitten”",2020-08-24T20:12:19+03:00,2020-08-24T20:12:19+03:00,"STM väitti aiemmin virheellisesti, että kokoontumisrajoitukset muuttuisivat 500 henkilöstä 50 henkilöön."
7eab4c40-baaa-44bf-b931-41ccb630f807,http://iltalehti.fi/politiikka/a/7eab4c40-baaa-44bf-b931-41ccb630f807,Analyysi: Tänä viikonloppuna Marinin kruunajaisten varjossa demarit käyvät armotonta taistelua vallasta,2020-08-22T08:36:06+03:00,2020-08-22T08:36:06+03:00,"SDP:n uudeksi valta-akseliksi on nousemassa Sanna Marin - Krista Kiuru. Antti Lindtman on menettämässä asemiaan, kirjoittavat Lauri Nurmi ja Juha Ristamäki. "
eec91bb8-b77c-412b-ac4b-b6662d1f5931,http://iltalehti.fi/koronavirus/a/eec91bb8-b77c-412b-ac4b-b6662d1f5931,HUS:n erikoislääkäri: ”Ilman testaamista ei voida tunnistaa koronavirusinfektiota muista infektioista”,2020-08-20T22:50:48+03:00,2020-08-20T22:50:48+03:00,Lasten koronavirustestaamiseen saatiin torstaina vastauksia.
4fcc76d2-9ddf-4d92-bcae-35520aaafe3e,http://iltalehti.fi/koronavirus/a/4fcc76d2-9ddf-4d92-bcae-35520aaafe3e,THL:n Puumalainen: ”Lapsen jokainen uusi infektio on syytä testata”,2020-08-20T09:43:51+03:00,2020-08-20T21:19:18+03:00,Koululla tai päivähoidolla ei ole kuitenkaan mahdollisuutta vaatia perheeltä testaustodistuksia. 
cbb4f831-d769-4c32-bffc-ca3ab55e2ff0,http://iltalehti.fi/kotimaa/a/cbb4f831-d769-4c32-bffc-ca3ab55e2ff0,Näin hallitus yrittää päästä kovaan testaustavoitteeseen - vähäoireisten lasten tilanteeseen ei ratkaisua,2020-08-19T17:21:54+03:00,2020-08-19T20:11:01+03:00,Kansallista testauskapasiteettia kaksinkertaistetaan. Suomen testauskapasiteetti saattaa olla kuitenkin rajallinen esimerkiksi influenssakaudella. Husin Mäkijärven mukaan oireellisen lapsen testitulosta tulee odottaa ennen kouluun tai päiväkotiin palaamista.
0911d640-7168-4675-82c0-187717a431df,http://iltalehti.fi/koronavirus/a/0911d640-7168-4675-82c0-187717a431df,Helsinki-Vantaan koronatoimet edelleen sekasortoisia – Avi ei ole määrännyt pakkotestausta ja karanteenikriteereissäkin epäselvää,2020-08-14T17:18:46+03:00,2020-08-14T17:18:46+03:00,Ketään ei edelleenkään voi pakottaa koronatestiin. Jutussa avataan asiaa myös tartuntatautilain näkökulmasta.
d3cc396d-70cd-4323-a4a9-4d0a66e2fba5,http://iltalehti.fi/politiikka/a/d3cc396d-70cd-4323-a4a9-4d0a66e2fba5,"Analyysi: Liikennevalojupakka ja Kiurun kova linja paljastivat koronajännitteet - IL analysoi, mitä kukin hallituspukari pitää tärkeänä",2020-08-13T20:49:32+03:00,2020-08-13T20:49:32+03:00,"Jos Suomen hallitus haluaa syksyn saapuessa pitää kiinni kevään onnistumisestaan, sen on annettava vasaraniskuja koronalle. "
776f9414-8e63-4498-a56d-293314a87f48,http://iltalehti.fi/kotimaa/a/776f9414-8e63-4498-a56d-293314a87f48,Ei pakkokaranteeneja tai pakkotestejä Tornioon – Näin Ruotsin rajalla toimitaan,2020-08-13T11:29:03+03:00,2020-08-13T11:29:03+03:00,Työmatkaliikenteen halutaan säilyvän joustavana länsirajalla. Pakon sijasta työryhmä esittää kansalaisten vastuun korostamista ja neuvontapistettä.
9bb99934-4abe-4fc0-845a-edd9bda52c95,http://iltalehti.fi/koronavirus/a/9bb99934-4abe-4fc0-845a-edd9bda52c95,Pääministeri Marin ja Husin Lasse Lehtonen kommentoivat testausruuhkia A-studiossa – ”Olemme rekrynneet paljon väkeä”,2020-08-12T23:08:57+03:00,2020-08-13T06:20:49+03:00,Husin diagnostiikkajohtaja on pahoillaan alueella tulleista viivästyksistä koronatestien suhteen. 
4f95893e-759d-4dc6-8a02-ed6b786578dc,http://iltalehti.fi/koronavirus/a/4f95893e-759d-4dc6-8a02-ed6b786578dc,Ruotsissa koronaluvut laskeneet – tällainen naapurimaan tilanne on nyt,2020-08-12T22:11:10+03:00,2020-08-13T14:48:55+03:00,"Ruotsin koronaluvut ovat laskeneet, mutta ovat edelleen huomattavasti esimerkiksi Suomen lukuja korkeammat."
90350ee0-3995-4f28-bc6f-b5ec258e651a,http://iltalehti.fi/politiikka/a/90350ee0-3995-4f28-bc6f-b5ec258e651a,Nyt se selvisi: Hallitus ei määrääkään pakkokaranteenia – päätöksen tekevät viranomaiset ,2020-08-12T21:23:28+03:00,2020-08-13T06:22:18+03:00,"Peruspalveluministeri Krista Kiuru totesi maanantaina, että riskimaista saapuvat määrätään jatkossa pakkokaranteeniin. Näin yksinkertaista määrääminen ei kuitenkaan ole."
58a7d9de-e732-47fd-9350-bff551c4bf7a,http://iltalehti.fi/paakirjoitus/a/58a7d9de-e732-47fd-9350-bff551c4bf7a,Pääkirjoitus: Sanna Marinin hallitus luo itse epävarmuutta ja kaaosta koronasyksyyn,2020-08-12T21:06:57+03:00,2020-08-12T21:39:33+03:00,"Kukaan ei tunnu tietävän, mikä Suomen linja ”pakkokaranteenien” suhteen oikein on, kirjoittaa uutispäätoimittaja Perttu Kauppinen."
e8e31cae-5aa2-4503-88f0-1ffcaf704e94,http://iltalehti.fi/politiikka/a/e8e31cae-5aa2-4503-88f0-1ffcaf704e94,"Sanna Marin: Hallitus ei anna poliittista päätöstä pakkokaranteenista – torstaina päätös maskeista, etätyöstä ja rajoista",2020-08-12T20:53:44+03:00,2020-08-12T21:17:11+03:00,Hallitus kokoontui lomien jälkeiseen ensimmäiseen iltakouluun Helsingissä tänään keskiviikkona. Pääministeri Marin kertoo neuvotteluista noin kello 20.
bad23c6f-7e85-47ab-a907-455db5f09cb1,http://iltalehti.fi/koronavirus/a/bad23c6f-7e85-47ab-a907-455db5f09cb1,IL länsirajalla: Paikallisille pakkokaranteeni täysi mahdottomuus - ”Rajat auki ja äkkiä”,2020-08-12T17:14:02+03:00,2020-08-12T17:14:02+03:00,Torniolaiset pettyivät jo kerran aiemmin valtion koronatoimiin. Nyt esitetty pakkokaranteeni on työssäkäyntialueella mahdoton ajatus.
befc4d98-4cd0-4872-83b5-e44fd7aeb6c7,http://iltalehti.fi/politiikka/a/befc4d98-4cd0-4872-83b5-e44fd7aeb6c7,HUS:n johto esitti lentomatkustajien laajoja koronatestejä jo 3. kesäkuuta - toimet alkavat vasta kaksi kuukautta myöhemmin,2020-08-12T13:59:47+03:00,2020-08-12T13:59:47+03:00,"HUS:n johto ja Vantaan kaupunki ilmaisivat kesäkuun alkaessa kirjeessä maan hallitukselle huolensa siitä, että järjestelmällistä koronatestausta ei ollut aloitettu Helsinki-Vantaan lentoasemalla. STM:n johto sai kirjeen."
44c6c1ea-3250-4755-8f79-e67adc6b8acb,http://iltalehti.fi/politiikka/a/44c6c1ea-3250-4755-8f79-e67adc6b8acb,Ohisalo ”koronalomasta” Kelan piikkiin: ”Tarpeettomasta riskinotosta pitäisi vastuuta kantaa itsekin”,2020-08-12T13:47:41+03:00,2020-08-12T13:47:41+03:00,Ohisalon mukaan järjestely on vastoin hänen oikeustajuaan.
29995fec-e7b8-4cd8-8909-baf368f9a24a,http://iltalehti.fi/koronavirus/a/29995fec-e7b8-4cd8-8909-baf368f9a24a,Kyllä se totta on: Pakkokaranteeni avaa absurdin porsaanreiän – Koronakohteen loman päälle luvassa kahden viikon palkallinen loma Kelan piikkiin,2020-08-12T12:59:55+03:00,2020-08-12T14:21:02+03:00,Peruspalveluministeri Krista Kiurun ilmoitus pakkokaranteenien aloittamisesta aiheuttaa arvaamattomia ketjureaktioita.
d1035b93-c919-465e-a905-ae567306d1b7,http://iltalehti.fi/politiikka/a/d1035b93-c919-465e-a905-ae567306d1b7,"Keskustan Saarikko: ”Ei ole oikein, että korkean tautiriskin maahan matkustava saisi valtiolta korvauksen menetystä toimeentulosta” ",2020-08-12T12:27:56+03:00,2020-08-12T12:27:56+03:00,Ministeriksi palanneen keskustan Annika Saarikon mukaan linjaukset matkustajien testaamisesta ja pakkokaranteenista ovat oikeita ja välttämättömiä.
33f8f5d5-1c91-42c2-a5e0-06d19f92982c,http://iltalehti.fi/koronavirus/a/33f8f5d5-1c91-42c2-a5e0-06d19f92982c,Yksityisen sektorin testauskapasiteettia ei vieläkään hyödynnetä täysin koronan torjumiseksi – ”En rehellisesti sanoen tiedä miksi”,2020-08-12T11:53:24+03:00,2020-08-12T11:53:24+03:00,Lääkäripalvelun yritysten toiminnanjohtaja Ismo Partasen mukaan STM:n selitykset yksityisen sektorin testien alihyödyntämiseen ovat vaihdelleet kesän mittaan.
4a1085d8-b9a4-481d-9a83-3aafc1cfa844,http://iltalehti.fi/politiikka/a/4a1085d8-b9a4-481d-9a83-3aafc1cfa844,Pääministeri Marin suomalaisten matkustamisesta: ”Vapauteen kuuluu vastuu”,2020-08-12T09:27:13+03:00,2020-08-12T09:27:13+03:00,Marin: ”Osa on matkustanut myös korkean tautitilanteen maihin.”
cfa8af96-0d66-48c5-97b7-8b92d16df369,http://iltalehti.fi/koronavirus/a/cfa8af96-0d66-48c5-97b7-8b92d16df369,Tornion kaupunginjohtaja yllättyi hallituksen karanteenipäätöksestä – rajan pakkokaranteeni voimaan aikaisintaan kahden viikon päästä,2020-08-12T08:25:20+03:00,2020-08-12T16:09:07+03:00,Tornion kaupunginjohtaja Timo Nousiainen pitää Krista Kiurun ilmoitusta yllättävänä.
ce3d1255-cc2b-4d9e-ab9d-861413ffb034,http://iltalehti.fi/koronavirus/a/ce3d1255-cc2b-4d9e-ab9d-861413ffb034,Riskimaista Suomeen palaavat saavat Kelan maksamaa tartuntatautipäivärahaa,2020-08-11T22:37:12+03:00,2020-08-11T22:37:12+03:00,Tartuntatautipäiväraha vastaa karanteeniin määrätyn palkkaa.
5fea61a1-3de5-4fac-97be-283e30ea377e,http://iltalehti.fi/politiikka/a/5fea61a1-3de5-4fac-97be-283e30ea377e,Li Anderssonilta suorat sanat pitkistä koronatestijonoista – ministeri puuttuisi tartuntojen lisääntymiseen kolmella keinolla,2020-08-11T20:18:23+03:00,2020-08-11T20:18:23+03:00,"Opetusministeri Li Andersson pitää kynnystä koulujen sulkemiselle hyvin suurena, vaikka epidemia kiihtyisi."
e7ff2c8d-3a5f-4952-bc81-c7df33047bab,http://iltalehti.fi/politiikka/a/e7ff2c8d-3a5f-4952-bc81-c7df33047bab,Näkökulma: Napoleon Kiuru keitti koronasopan ja tyrmistytti oikeusministerin,2020-08-11T19:30:31+03:00,2020-08-11T19:30:31+03:00,"Vaikka Suomi olisi poikkeusoloissa, yksikään ministeri ei niidenkään vallitessa voi julistaa omin päin kaikkia koskevia karanteeneja."
b88df9e6-5374-4143-9118-e3eda6b9c65a,http://iltalehti.fi/koronavirus/a/b88df9e6-5374-4143-9118-e3eda6b9c65a,"Satamissa ollaan valmiita testaukseen, mutta avoimia kysymyksiä riittää – ”Ketä tästä suuresta joukosta testataan?”",2020-08-11T17:33:31+03:00,2020-08-11T17:33:31+03:00,Turun Satamassa testaukseen tarkoitettu tila on jo valmiina. 
ddf520f2-dcd8-459f-8b0e-4acc7b384e51,http://iltalehti.fi/koronavirus/a/ddf520f2-dcd8-459f-8b0e-4acc7b384e51,Bukarestin-lennon matkustajat ohjattiin Helsinki-Vantaalla suoraan koronatesteihin – ”Ei ollut mikään mieluisin kokemus”,2020-08-11T16:08:57+03:00,2020-08-11T16:08:57+03:00,Koronatesti tarjottiin matkustajille heti lentokenttäbussista noustessa. Testi oli vapaaehtoinen.
0002c271-d4a8-43f7-aaac-09a598237d7d,http://iltalehti.fi/politiikka/a/0002c271-d4a8-43f7-aaac-09a598237d7d,"Näkökulma: Eikö keväästä opittu mitään? - Koronatestaus ei toimi rajoilla, eikä maan sisällä",2020-08-11T14:31:28+03:00,2020-08-11T14:31:28+03:00,"Luulisi, että lähes 20 miljardin koronalasku kannustaa Marinin hallitusta patoamaan koronan toisen aallon, kirjoittaa Iltalehden Mika Koskinen."
ee625c43-9e63-4b15-9631-89ecb2a0e5d4,http://iltalehti.fi/politiikka/a/ee625c43-9e63-4b15-9631-89ecb2a0e5d4,Anna-Maja Henriksson HS:lle: ”Hallituksen sisällä  ei ole keskusteltu pakkokaranteenista”,2020-08-11T14:05:25+03:00,2020-08-11T14:05:25+03:00,"Anna-Maja Henrikssonin mukaan hallituksen maanantaina julkaisemista toimista ei käyty keskustelua hallituksen sisällä, kertoo Helsingin Sanomat."
a4f4dd3a-f205-4da5-a991-94bb3344c32f,http://iltalehti.fi/kotimaa/a/a4f4dd3a-f205-4da5-a991-94bb3344c32f,Suomi ottaa käyttöön pakkokaranteenin ja -testit – tätä se tarkoittaa,2020-08-11T12:23:40+03:00,2020-08-11T12:23:40+03:00,"Hallitus aikoo ottaa kovat keinot käyttöön, jotta koronavirusepidemia saadaan pysäytettyä rajoille."
dc0c50d7-59a1-4d8c-83d3-06e9b70de9c4,http://iltalehti.fi/koronavirus/a/dc0c50d7-59a1-4d8c-83d3-06e9b70de9c4,"Suomen koronatilanne nyt: katso maanantain tiedot, kaksi kuollut",2020-08-10T22:57:40+03:00,2020-08-10T22:57:40+03:00,THL tänään: COVID-19 on vaatinut kaksi ihmishenkeä – yksi tehohoidossa.
1a3bc676-963f-4dd6-98e4-008f38c8aff2,http://iltalehti.fi/koronavirus/a/1a3bc676-963f-4dd6-98e4-008f38c8aff2,"Riskimaista saapuvat pakkotestaukseen, karanteenin rikkomisesta rangaistus – tällaisia tiukennuksia hallitus kaavailee matkustamiseen ",2020-08-10T22:33:03+03:00,2020-08-10T22:33:03+03:00,STM kertoi maanantaina matkustusrajoitusten kiristyksistä.
5721fb18-8067-46df-b070-3619a56ae3ce,http://iltalehti.fi/terveysuutiset/a/5721fb18-8067-46df-b070-3619a56ae3ce,Kuuletko viruslingon kutsun? Juuri siksi alle 30-vuotiailla on nyt eniten koronatartuntoja ,2020-08-07T07:00:51+03:00,2020-08-07T12:42:28+03:00,Suurin osa tuoreista koronatartunnoista on havaittu alle 30-vuotiailla. Huolta nostattavat joukkokokoontumiset ja niissä käyvät mahdolliset supertartuttajat.
d13fcd6d-c674-408d-a936-a15ef052d3d9,http://iltalehti.fi/politiikka/a/d13fcd6d-c674-408d-a936-a15ef052d3d9,Marinin hallitus aikoo panna yksityiset terveysjätit kuriin – Kiuru ei pelkää mahdollisia miljoonasakkoja,2020-08-06T11:04:35+03:00,2020-08-06T11:04:35+03:00,"Marinin (sd) hallitus aikoo panna yksityiset terveysjätit kuriin, jos eduskunta hyväksyy hallituksen esityksen uudeksi sote-laiksi. Hallituksen suunnitelmista huolimatta esimerkiksi Päijät-Hämeessä puuhataan parhaillaan jättimäistä terveyskeskusten siirtämistä Mehiläisen ja kuntien omistamalle yhteisyritykselle. "
722661c9-b31f-4570-8353-08835989c3b7,http://iltalehti.fi/koronavirus/a/722661c9-b31f-4570-8353-08835989c3b7,"Husin toimitusjohtaja: Koronan toinen aalto on jo täällä – ”Jos me jatkamme samalla tavalla, silloin meillä on ongelma kuukauden kuluessa”",2020-08-05T22:32:58+03:00,2020-08-06T10:08:31+03:00,Juha Tuomisen mukaan tartuntojen lisääntyminen liittyy ihmisten liikkumisen lisääntymiseen. 
56e84682-49c2-488a-9b76-7734e16ae5a2,http://iltalehti.fi/kotimaa/a/56e84682-49c2-488a-9b76-7734e16ae5a2,Koronatestien kysyntä kasvanut hurjasti – Helsingin keskustaan avataan kaksi uutta näytteenottopistettä,2020-08-05T17:59:43+03:00,2020-08-05T17:59:43+03:00,Koronatestien määrä on jopa kaksinkertaistunut viime viikosta.
8829a18d-b69c-4348-b059-e8c8389cfacc,http://iltalehti.fi/politiikka/a/8829a18d-b69c-4348-b059-e8c8389cfacc,"Koronatartunnat kasvussa, ministeri pyysi suosituksen päivittämistä – ”Aihetta arvioida etätöiden jatkamista”",2020-08-05T14:21:19+03:00,2020-08-05T14:21:19+03:00,"Sosiaali- ja terveysministeri Aino-Kaisa Pekonen kertoo, että etätöiden jatkoa on aiheellista arvioida työpaikoilla, joilla se on mahdollista."
3b821986-72a5-48e2-b6f7-6cedf96ff9c3,http://iltalehti.fi/politiikka/a/3b821986-72a5-48e2-b6f7-6cedf96ff9c3,Tiedeministeri: Maskisuositus annettava – ”Suomi ollut kummajainen tässä”,2020-08-05T10:47:15+03:00,2020-08-05T10:47:15+03:00,"Hallituksen tiede- ja kulttuuriministeri Hanna Kosonen katsoo, että näyttö maskisuosituksen antamiseksi on riittävää. "
64c7a17a-c006-4a5c-84f1-890744642f2d,http://iltalehti.fi/politiikka/a/64c7a17a-c006-4a5c-84f1-890744642f2d,Ministeri Kiuru vastaa koronakysymyksiin: Uudet etätyösuositukset mahdollisia – ”Tässä on olemassa suuria riskejä”,2020-08-05T07:00:39+03:00,2020-08-05T07:00:39+03:00,"Myös ravintoloihin ja kokoontumisiin harkitaan Kiurun mukaan uusia rajoituksia, jos koronatilanne pahenee. Testauskapasiteetti nostetaan Kiurun mukaan 20 000 testiin päivässä."
976e8572-f1a6-41e0-8e7e-54a1308b28dd,http://iltalehti.fi/kotimaa/a/976e8572-f1a6-41e0-8e7e-54a1308b28dd,"Maskisuositus sittenkin vasta ensi viikolla? THL:n pääjohtaja kertoo nyt, missä hän itse käyttää maskia ja missä ei ",2020-08-04T07:01:26+03:00,2020-08-04T07:01:26+03:00,THL:n ja ministeriön maskineuvotteluista ei odoteta tuloksia vielä tällä viikolla.
05a32c14-c667-4174-b1ae-11ff67a5ed58,http://iltalehti.fi/koronavirus/a/05a32c14-c667-4174-b1ae-11ff67a5ed58,Suomen koronatilanne nyt – katso keskiviikon tiedot,2020-07-08T22:32:11+03:00,2020-07-08T22:32:11+03:00,Päivän uutisagendaa hallitsi hallituksen pitämä tiedotustilaisuus rajaratkaisuista.
cf8bdb6a-9a34-4267-8299-9fdfaecbc4e7,http://iltalehti.fi/politiikka/a/cf8bdb6a-9a34-4267-8299-9fdfaecbc4e7,Ulkomaalaiset marjanpoimijat pääsevät Suomeen maanantaina – vastuu koronaturvasta työnantajilla,2020-07-08T20:35:38+03:00,2020-07-08T20:35:38+03:00,Ulkoministeri Pekka Haavisto toivotti marjanpoimijat tervetulleiksi. Vastuu heidän terveydentilastaan on työnantajilla.
64caf82e-19f5-414e-bab1-e1d76e469178,http://iltalehti.fi/kotimaa/a/64caf82e-19f5-414e-bab1-e1d76e469178,Katso koko lista Suomen sallimista matkustusmaista - Kiuru: Suomessa koronatartunnoissa ”suvantovaihe”,2020-07-07T21:05:02+03:00,2020-07-08T20:31:09+03:00,Ruotsin raja pysyy edelleen kiinni normaalilta turismilta.
f350b5aa-4aa2-4b75-9e54-cac4f7091cfa,http://iltalehti.fi/politiikka/a/f350b5aa-4aa2-4b75-9e54-cac4f7091cfa,Kiuru vaatii lisää rahaa koronan vuoksi kasvaneiden hoitojonojen purkuun,2020-07-05T08:14:06+03:00,2020-07-05T08:14:06+03:00,"Perhe- ja peruspalveluministeri Krista Kiurun (sd) mukaan koronakriisin vuoksi pidentyneet hoitojonot pitää saada nopeasti purettua: ”Monet ovat lykänneet hoitoon hakeutumista, ja sitä minä pelkään eniten”."
49105cee-240d-47a2-a7e6-ef5c8c48db18,http://iltalehti.fi/politiikka/a/49105cee-240d-47a2-a7e6-ef5c8c48db18,IL-erikoishaastattelu: Koronakriisistä vastaava terveysministeri Krista Kiuru avautuu raskaasta keväästään – ei ehtinyt soittaa edes äidilleen,2020-07-04T17:39:47+03:00,2020-07-05T08:24:18+03:00,Tiukkaotteista Krista Kiurua pidetään pääministeri Sanna Marinin (sd) luottoministerinä.
ed1af593-9c14-4337-9395-9d8833de2982,http://iltalehti.fi/politiikka/a/ed1af593-9c14-4337-9395-9d8833de2982,"Kuva: Näin maakuntasi saa heti rahaa sote-palveluiden parantamiseen – jonot lyhyemmiksi, iltapalveluita lisää",2020-06-30T09:30:05+03:00,2020-06-30T14:38:35+03:00,Perhe- ja peruspalveluministeri esitteli sote-uudistuksen alueellisen valmistelun valtionavustukset.
6e663e21-fb5d-4c1f-9d01-ea5607e33943,http://iltalehti.fi/koronavirus/a/6e663e21-fb5d-4c1f-9d01-ea5607e33943,Suomen koronatilanne nyt: katso keskiviikon tiedot,2020-06-24T20:34:07+03:00,2020-06-24T20:34:07+03:00,Yhteensä tartuntoja on todettu Suomessa 7 167.
9fb5ad86-0b1a-46c9-a424-ffe011ef8254,http://iltalehti.fi/kotimaa/a/9fb5ad86-0b1a-46c9-a424-ffe011ef8254,Hallitukselta 320 miljoonan euron paketti lasten ja nuorten korona-ajan tukemiseen - ”Eriarvoisuus lisääntynyt”,2020-06-24T13:35:31+03:00,2020-06-24T13:35:31+03:00,"Hallitus on ottanut jo ensi askeleet suomalaisten lasten ja nuorten eriarvoisuuden vähentämiseen, kertoo perhe- ja peruspalveluministeri Krista Kiuru."
abd6dc93-6015-4149-9d95-2a2b3bdf9a9d,http://iltalehti.fi/politiikka/a/abd6dc93-6015-4149-9d95-2a2b3bdf9a9d,IL-kysely: Keskusta haluaa pitää hallituksen koossa – ”Emme ole luistaneet hallitusvastuusta kuten esimerkiksi perussuomalaiset”,2020-06-24T05:59:38+03:00,2020-06-24T05:59:38+03:00,"Keskustapuolueen sisällä vaikuttaa pieni, mutta suorapuheinen sisäinen oppositio: ”Uskon, että ainut ratkaisu on pelata poliittisesti kovaa peliä ja lähteä hallituksesta.”"
142ea225-0871-4817-af91-61a7843d29aa,http://iltalehti.fi/koronavirus/a/142ea225-0871-4817-af91-61a7843d29aa,Suomen koronatilanne nyt: katso tiistain tiedot,2020-06-23T22:09:39+03:00,2020-06-23T22:09:39+03:00,Yhteensä tartuntoja on todettu Suomessa 7 155 kappaletta.
379d1788-bf68-4ef9-a882-e99775f3d2bf,http://iltalehti.fi/politiikka/a/379d1788-bf68-4ef9-a882-e99775f3d2bf,Hoitajamitoitus kuumentaa tunteita eduskunnassa: ”Kannattaa kysyä päivystäviltä feministeiltä!”,2020-06-23T09:10:59+03:00,2020-06-23T20:03:03+03:00,Hoitajamitoituksen käsittely on parhaillaan käynnissä eduskunnan täysistunnossa.
de7266ba-21e7-4ac8-afb4-cbaf8b4158d2,http://iltalehti.fi/koronavirus/a/de7266ba-21e7-4ac8-afb4-cbaf8b4158d2,Hallitus poistaa yli 70-vuotiaiden koronasuositukset - näihin maihin heinäkuussa saanee matkustaa,2020-06-23T08:10:34+03:00,2020-06-23T20:11:44+03:00,"Koronaepidemia on rauhoittunut Suomessa, joten hallitus voi purkaa entistä enemmän koronarajoituksia."
cc96f609-28b8-4c7f-b682-f58bc6f030b8,http://iltalehti.fi/kotimaa/a/cc96f609-28b8-4c7f-b682-f58bc6f030b8,"Emilia Kullaksen kolumni: Jos Krista Kiurun suunnitelma terveydenhuollosta käy toteen, Suomesta tulee EU:n kummajainen",2020-06-22T14:22:52+03:00,2020-06-22T14:22:52+03:00,"Terveys on miljardien eurojen kysymys – ja juuri siksi meillä ei ole varaa jättää niitä kilpailun ulkopuolelle, kirjoittaa Iltalehden kolumnisti Emilia Kullas."
f0f724f4-11e9-4e14-a836-72be6f40a20c,http://iltalehti.fi/koronavirus/a/f0f724f4-11e9-4e14-a836-72be6f40a20c,Suomen koronatilanne nyt: katso keskiviikon tiedot,2020-06-17T21:12:36+03:00,2020-06-17T21:12:36+03:00,Hallitus perui keskiviikkona suosituksen välttää vierailuja hoivakodeissa ja sairaaloissa.
01529d97-9f44-49d3-a6ff-8a65bbaebb59,http://iltalehti.fi/koronavirus/a/01529d97-9f44-49d3-a6ff-8a65bbaebb59,"Hallitus pääsi sopuun koronaviruskieltojen purkamisesta: yli 500 henkilön tapaamiset ja buffet-ruokailu sallitaan, ravintolat saavat olla auki pitempään",2020-06-17T14:06:28+03:00,2020-06-17T20:17:53+03:00,Hallitus on miettinyt illan kokouksessaan mitä nykyisille koronarajoituksille pitäisi tehdä. Asialistalla ovat olleet ainakin ravintolat ja hoivakodit
4dd801f6-ea32-4e03-ac14-e8f37cbe5bbf,http://iltalehti.fi/politiikka/a/4dd801f6-ea32-4e03-ac14-e8f37cbe5bbf,Seuraa livenä: Hallitus laittaa sote-uudistuksensa lausunnolle - 15 vuoden jälkeenkin ongelmia on,2020-06-15T08:26:02+03:00,2020-06-15T08:26:02+03:00,Sote-uudistusta on valmisteltu 15 vuotta. Lait on tällä kertaa tarkoitus saada voimaan vuonna 2021. Hallituksen info alkaa kello 9.
525748a6-c094-4769-afd1-c1eb92f7be2a,http://iltalehti.fi/paakirjoitus/a/525748a6-c094-4769-afd1-c1eb92f7be2a,"Pääkirjoitus: 15 vuotta on väännetty - soten tiellä on vieläkin ongelmia, mutta nyt hallituksella on kohtuullinen korttikäsi",2020-06-10T19:56:09+03:00,2020-06-10T19:56:09+03:00,"Vaikka malli ei ole paras mahdollinen, täytyy sille toivoa kohtuullista menestystä, kirjoittaa Juha Ristamäki."
07d4ae50-7292-4a7a-9fb1-b14299d7124f,http://iltalehti.fi/politiikka/a/07d4ae50-7292-4a7a-9fb1-b14299d7124f,Näkökulma: Hallituskriisi uhkaa ja kustannukset paisuvat - nämä ovat mustat pilvet soten yllä,2020-06-06T12:29:19+03:00,2020-06-06T12:29:19+03:00,"Hyvistä lähtökohdista huolimatta taival sote-uudistuksen valmistumiselle ei ole helppo, kirjoittaa Iltalehden politiikan toimittaja Hanna Gråsten. "
ff964702-db76-4765-a9a1-76f651c28d9d,http://iltalehti.fi/politiikka/a/ff964702-db76-4765-a9a1-76f651c28d9d,Hallituskin on vaarassa kaatua – Länsi-Savo: Keskusta tekee sotesta hallituskysymyksen,2020-06-05T15:25:29+03:00,2020-06-05T15:25:29+03:00,Länsi-Savon haastatteleman maa- ja metsätalousministerin Jari Lepän mukaan keskusta tekee Itä-Savon sote-asemasta hallituskysymyksen.
71ebb4c1-2a44-4e6c-b7da-3dd17e8f53ee,http://iltalehti.fi/politiikka/a/71ebb4c1-2a44-4e6c-b7da-3dd17e8f53ee,"Sote-maakuntia tulee 21, Helsinki saa itse järjestää – Jättiulkoistukset voidaan mitätöidä: ”Sokka ei ole irti”",2020-06-05T09:13:25+03:00,2020-06-05T13:41:29+03:00,Kiistakapulana olevan Itä-Savon kohtalo ratkeaa vasta lausuntokierroksen jälkeen.
520a22d6-585a-4587-a81c-14790411a039,http://iltalehti.fi/politiikka/a/520a22d6-585a-4587-a81c-14790411a039,Professori oudoksuu hallituksen maskilinjaa ja sen perusteita – erityisessä vaarassa yli miljoona suomalaista,2020-06-04T19:19:33+03:00,2020-06-04T19:19:33+03:00,"Professorista iso periaatteellinen kysymys on, halutaanko yhteisönä suojella riskiryhmiin kuuluvia."
a1f2a2c8-a743-4bea-adad-b39b4485055a,http://iltalehti.fi/politiikka/a/a1f2a2c8-a743-4bea-adad-b39b4485055a,"Koronaepidemia hidastunut lisää, hoitovelka piinaa Suomea – Mökillä ei saa odotella oireisena ",2020-06-04T09:29:00+03:00,2020-06-04T12:00:07+03:00,STM ja THL kertoivat tiedotustilaisuudessa koronavirustilanteesta.
801225b3-4b77-48bd-86fb-d2f56e83e34c,http://iltalehti.fi/koronavirus/a/801225b3-4b77-48bd-86fb-d2f56e83e34c,Suomen koronatilanne nyt: Katso keskiviikon tiedot,2020-06-03T22:38:17+03:00,2020-06-03T22:38:17+03:00,Suomessa on todettu 24 uutta koronavirustartuntaa ja yksi tautiin liittyvä kuolema.
9dbecadc-c336-48db-bf07-97f38a9f27d6,http://iltalehti.fi/politiikka/a/9dbecadc-c336-48db-bf07-97f38a9f27d6,Ministeri Kiuru: Hallitus ei anna yleistä suositusta kasvosuojusten käytöstä - ”Asiaan liittyy monenlaisia mielipiteitä”,2020-06-03T20:15:22+03:00,2020-06-03T20:15:22+03:00,Hallituksen mukaan ensisijaista on noudattaa riittäviä fyysisiä etäisyyksiä sekä hyvää käsi- ja yskimishygieniaa tartuntojen ehkäisemiseksi.
1f1fb283-ef07-4ebf-ac41-bfd3d2a1130d,http://iltalehti.fi/muutlajit/a/1f1fb283-ef07-4ebf-ac41-bfd3d2a1130d,Erikoista pompottelua: urheilun katsomorajoitusten vastuuministeriö vaihtui taas – määräaika meni jo,2020-06-03T12:11:10+03:00,2020-06-03T12:11:10+03:00,Kansanedustaja Pauli Kiurun (kok) kirjalliseen kysymykseen vastaakin opetus- ja kulttuuriministeriöstä ministeri Hanna Kosonen (kesk).
1f1cc84f-18e0-40d2-9877-f43e5c00ef77,http://iltalehti.fi/muutlajit/a/1f1cc84f-18e0-40d2-9877-f43e5c00ef77,Outo käänne hallituksen urheilukatsomorajoituksissa – vastuuministeriö vaihtuu,2020-06-01T10:59:16+03:00,2020-06-01T11:21:18+03:00,Kansanedustaja Pauli Kiurun (kok) esittämään kirjalliseen kysymykseen urheilun katsomorajoituksista vastaa perhe- ja peruspalveluministeri Krista Kiuru (sd).
e436e918-9b24-412c-953d-7066b5658637,http://iltalehti.fi/kotimaa/a/e436e918-9b24-412c-953d-7066b5658637,"Kolumni: Terassit auki, hellettä pukkaa, koronakaranteeni ohi – mikä voisi mennä pieleen?",2020-06-01T07:01:15+03:00,2020-06-01T07:01:15+03:00,"Toinen aalto voi olla edessä tai olla tulematta, mutta markkinataloudella on paljon annettavaa terveydenhuollolle, kirjoittaa Iltalehden kolumnisti Emilia Kullas."
dec53fe5-f418-41ec-b1c0-a596df5dc675,http://iltalehti.fi/politiikka/a/dec53fe5-f418-41ec-b1c0-a596df5dc675,Eduskunta hyväksyi – ravintolat aukeavat maanantaina rajoituksilla,2020-05-29T12:50:42+03:00,2020-05-29T13:18:36+03:00,Presidentin on tarkoitus vahvistaa laki vielä tänään.
54432594-3163-48e6-bb10-b92a422ed6b2,http://iltalehti.fi/paakirjoitus/a/54432594-3163-48e6-bb10-b92a422ed6b2,Pääkirjoitus: Väkivahva Alko-puolue nitisti taas ravintoloiden toiveet viinin ulosmyynnistä,2020-05-27T17:33:37+03:00,2020-05-27T17:33:37+03:00,"Helle ja terassien aukeaminen panee suomalaisten koronakurin todelliseen testiin, kirjoittaa uutispäätoimittaja Perttu Kauppinen."
1a2007d4-761e-49d4-94db-d0db9e072f0a,http://iltalehti.fi/koronavirus/a/1a2007d4-761e-49d4-94db-d0db9e072f0a,Suomen koronatilanne nyt: Katso tiistain tiedot,2020-05-26T21:16:06+03:00,2020-05-26T21:16:06+03:00,Sairaaloissa on entistä vähemmän potilaita COVID-19-taudin vuoksi.
5acfa741-2031-44e8-94cd-3c58b611d696,http://iltalehti.fi/politiikka/a/5acfa741-2031-44e8-94cd-3c58b611d696,Kovaa kritiikkiä samoille ravintolarajoituksille koko maahan – ”Bileet jatkuvat muissa ympäristöissä”,2020-05-26T14:00:23+03:00,2020-05-26T19:04:26+03:00,Eduskunta pui tiistaina täysistunnossa ravintolatukia ja ravintoloiden avaamisen rajoituksia.
85116acf-34ea-45f7-8120-0ef8748baded,http://iltalehti.fi/politiikka/a/85116acf-34ea-45f7-8120-0ef8748baded,Analyysi: Sote vaikeuksissa - riita 40 000 savolaisen asemasta voi jäädyttää koko uudistuksen,2020-05-22T18:45:02+03:00,2020-05-22T18:45:02+03:00,"Asukasmäärältään pieni Itä-Savo pitää panttivankinaan koko sote-uudistusta, kirjoittaa Juha Ristamäki."
7379a697-fed9-467e-89cf-77160df9f54a,http://iltalehti.fi/koronavirus/a/7379a697-fed9-467e-89cf-77160df9f54a,Nyt ne selvennettiin: 20 ohjetta ja suositusta yli 70-vuotiaille koronakriisiin – joukossa vain yksi kielto,2020-05-20T09:46:21+03:00,2020-05-20T09:46:21+03:00,Terveyden ja hyvinvoinnin laitos (THL) on päivittänyt ohjeistukset ikääntyneille koronavirusepidemian aikana.
020f1a58-054f-4bc1-9181-6306a7e8da15,http://iltalehti.fi/politiikka/a/020f1a58-054f-4bc1-9181-6306a7e8da15,"Ravintoloille koittaa uusi korona-aika: Asiakkaita sisälle vain puolet, istutaan omissa pöydissä, anniskeluun ankara rajoitus",2020-05-19T12:11:17+03:00,2020-05-19T12:11:17+03:00,"Perhe- ja peruspalveluministeri Krista Kiurun (sd) mukaan hallitus arvioi ennen juhannusta, voidaanko ravintolatoimintaa avata yhä enemmän."
3496bf43-103b-484e-9993-97aa6ab5e71d,http://iltalehti.fi/politiikka/a/3496bf43-103b-484e-9993-97aa6ab5e71d,"Esitys ravintoloiden avaamisesta tänään eduskuntaan – Marin: Samat säännöt koko maahan, terasseillekin turvavälit",2020-05-19T07:03:06+03:00,2020-05-19T10:55:00+03:00,Hallitus neuvottelee ravintoloiden avaamisen ehdoista tänään Säätytalolla.
777e9efa-d1dd-402c-bfd2-f9c3efd8c872,http://iltalehti.fi/politiikka/a/777e9efa-d1dd-402c-bfd2-f9c3efd8c872,Näkökulma: Sanna Marinin tie huipulle – taitava taktikko ja SDP:n onnekkain poliitikko,2020-05-17T06:03:22+03:00,2020-05-17T06:03:22+03:00,"Taitavat taktiset vedot ja onnekkaat sattumat nostivat Sanna Marinin pääministeriksi, kirjoittaa Juha Keskinen."
f0221139-b9ec-4800-b793-f6b5d141a628,http://iltalehti.fi/politiikka/a/f0221139-b9ec-4800-b793-f6b5d141a628,Pääministeri Sanna Marin: ”Hallitus ei tavoittele laumaimmuniteettia sairastamisen kautta”,2020-05-15T08:55:13+03:00,2020-05-15T11:57:57+03:00,Suomen koronastrategian yksityiskohdat olivat ennakkoon herättäneet kysymyksiä.
43e8dc06-8545-41a3-aa23-b75ac31d686c,http://iltalehti.fi/koronavirus/a/43e8dc06-8545-41a3-aa23-b75ac31d686c,Suomen koronatilanne nyt – katso torstain tiedot,2020-05-14T21:00:48+03:00,2020-05-14T21:00:48+03:00,"Koululaiset palasivat tänään koulunpenkille. Elinkeinoministeri kertoi yritysten suoran tuen mallista, joka valmistellaan pika-aikataululla. "
6fd50231-7553-426f-bb30-d7508f132a8f,http://iltalehti.fi/politiikka/a/6fd50231-7553-426f-bb30-d7508f132a8f,Hallituksen koronastrategia hämmensi kyselytunnilla – Kysymys laumasuojasta sai Kiurun kimpaantumaan,2020-05-14T15:56:15+03:00,2020-05-14T20:48:53+03:00,Oppositio grillasi hallitusta kyselytunnilla muun muassa koronastrategiasta ja Suomen EU-vastuiden kasvusta.
f9c8bc86-7e21-4762-b7d3-15b8541d9ded,http://iltalehti.fi/politiikka/a/f9c8bc86-7e21-4762-b7d3-15b8541d9ded,Koronatesteissä ei ole saavutettu tavoitetta – ministeri Kiuru: ”Testattavia henkilöitä ei ole tämän enempää”,2020-05-14T14:12:26+03:00,2020-05-14T14:12:26+03:00,"Ministeri Krista Kiuru kertoo, että testausmäärät ovat pieniä Suomen koronaepidemian hiipumisen vuoksi."
44b9d908-8512-4196-a8b5-254c1001ea09,http://iltalehti.fi/politiikka/a/44b9d908-8512-4196-a8b5-254c1001ea09,Koronatestien määrä ei ole lähelläkään tavoitetta – terveysfirmat: Valtion maksettava kansalaisten 200 euron testit yksityisellä,2020-05-11T08:07:00+03:00,2020-05-11T08:07:00+03:00,Ministeriön arvion mukaan 10 000 testiin vuorokaudessa voitaisiin päästä kesän alussa.
1d0e3b9e-2456-495e-a1f9-c74fb78a9484,http://iltalehti.fi/politiikka/a/1d0e3b9e-2456-495e-a1f9-c74fb78a9484,Kommentti: Kansa tykkää selkokielisen pääministerin tv-luennoista ,2020-05-01T19:01:39+03:00,2020-05-01T19:01:39+03:00,"Puheenjohtaja Rinne unohtui nopeasti ja se on ollut yksi syy SDP:n kannatuksen nousuun - silti vertailu Mariniin ei ole reilu, kirjoittaa politiikan toimittaja Tommi Parkkonen. "
b782ef56-82eb-4cfe-880e-e44b7b87d31f,http://iltalehti.fi/kotimaa/a/b782ef56-82eb-4cfe-880e-e44b7b87d31f,"Järjestöt arvioivat: Iäkkäiden rajoitukset jatkuvat – ”Ei ole kohtuullista, että yli 70-vuotiaat eristetään vuoden loppuun asti”",2020-04-28T16:59:44+03:00,2020-04-28T16:59:44+03:00,"Ikäihmisten järjestöt kertovat, että rajoitusten jatkuessa ikäihmiset tarvitsevat tukea sekä omiin koteihin että asumiskeskuksiin."
12d17632-c092-4420-8fde-dcf6c8c29696,http://iltalehti.fi/politiikka/a/12d17632-c092-4420-8fde-dcf6c8c29696,"Näkökulma: Marinin hallitus vierittää turhan usein vastuuta virheistään muille, vaikka syyllinen löytyy peilistä",2020-04-24T14:31:30+03:00,2020-04-24T14:31:30+03:00,"Ei ole Business Finlandin vika, jos se toimii sääntöjensä mukaan, kirjoittaa Iltalehden Mika Koskinen."
c209f03b-c3a7-4597-894f-008c10ff24ea,http://iltalehti.fi/koronavirus/a/c209f03b-c3a7-4597-894f-008c10ff24ea,Suomen koronatilanne tänään: Katso torstain tiedot ,2020-04-23T22:19:33+03:00,2020-04-23T22:19:33+03:00,"Helsingin pormestari Jan Vapaavuori sanoi tiedotustilaisuudessaan, ettei suuria tapahtumia todennäköisesti järjestetä elokuussakaan."
612da5e6-2495-406c-88d8-b30809d9be6b,http://iltalehti.fi/koronavirus/a/612da5e6-2495-406c-88d8-b30809d9be6b,Yle: Ministeriltä vahvistus – yli 70-vuotiaiden karanteeni ei tule päättymään pitkään aikaan,2020-04-23T21:45:24+03:00,2020-04-23T21:45:24+03:00,Yli 70-vuotiaiden karanteenivelvoite ei pääty toukokuussa. Krista Kiuru puhui asiasta A-studiossa.
896c1374-3637-48b3-90ee-d3cfc84b2673,http://iltalehti.fi/politiikka/a/896c1374-3637-48b3-90ee-d3cfc84b2673,Puhemies Vanhanen huomautti kansanedustajaa maalittamisesta - puhui Postin toimitusjohtajan konsulttiyhtiön 100 000 euron koronatuesta,2020-04-23T15:46:08+03:00,2020-04-23T15:46:08+03:00,Koronavirus täytti tälläkin kertaa eduskunnan kyselytunnin.
94e78a4b-f17c-44da-b8fc-a4efaa439b10,http://iltalehti.fi/politiikka/a/94e78a4b-f17c-44da-b8fc-a4efaa439b10,Eduskunnan kyselytunnilla tivattiin työministeri Haataisen osuutta HVK:n hengityssuojainsotkuun: ”Oletteko valmis eroamaan?”,2020-04-16T15:48:55+03:00,2020-04-16T19:43:39+03:00,Peruspalveluministeri Krista Kiurun (sd) mukaan hoitokodeissa tapahtuneiden koronaviruslaiminlyöntien ei pitäisi olla mahdollisia Suomessa.
a501a7dd-7e64-43dd-8745-1ce7e1c441b0,http://iltalehti.fi/koronavirus/a/a501a7dd-7e64-43dd-8745-1ce7e1c441b0,Naiset kiilasivat koronavirustartunnoissa miesten ohi – monessa muussa maassa tilanne on toisin: Professori arvioi syitä,2020-04-13T07:40:56+03:00,2020-04-13T07:40:56+03:00,"Koronaviruksia on todettu sunnuntaihin 12. huhtikuuta mennessä 2974. Tapauksista 50,8 prosenttia on naisia."
7d83f915-865d-4769-8eae-0e00df886340,http://iltalehti.fi/koronavirus/a/7d83f915-865d-4769-8eae-0e00df886340,Ministeri Kiuru Ylellä: kaikkia oireellisia ei pystytä testaamaan – kolmella ryhmällä etuoikeus,2020-04-09T22:14:50+03:00,2020-04-10T07:03:21+03:00,"Perhe- ja peruspalveluministeri Krista Kiuru vahvisti Ylen A-Talkissa, ettei kaikkia koronaoireisia suomalaisia pystytä testaamaan juuri nyt."
5c82f7af-690a-4148-a7c8-b55a7c24d5c9,http://iltalehti.fi/politiikka/a/5c82f7af-690a-4148-a7c8-b55a7c24d5c9,Hallitus ei niele Vapaavuoren kritiikkiä valtion vähäisestä kuntayhteistyöstä - STM: ”Skype-palavereita on pidetty jo kaksi viikkoa”,2020-04-09T10:36:01+03:00,2020-04-09T10:36:01+03:00,Helsingin pormestari Jan Vapaavuori on kritisoinut Marinin (sd) hallituksen ja Helsingin vähäistä yhteistyötä koronakriisissä.
d887332a-b039-4582-aa43-81d898dea845,http://iltalehti.fi/koronavirus/a/d887332a-b039-4582-aa43-81d898dea845,Pormestari Vapaavuori ei niele Marinin kritiikkiä heikosta varautumisesta: ”En hyväksy syytöstä”,2020-04-08T19:32:26+03:00,2020-04-08T19:32:26+03:00,Helsingin pormestari Jan Vapaavuori ei hyväksy pääministeri Sanna Marinin (sd) esittämää kritiikkiä.
f17b49db-a705-45eb-8804-702332b45724,http://iltalehti.fi/koronavirus/a/f17b49db-a705-45eb-8804-702332b45724,Hus-johtajalta sapiskaa hallitukselle: Suojavarusteista annettu liian epäselviä tietoja,2020-04-06T10:25:54+03:00,2020-04-06T10:25:54+03:00,"Husin diagnostiikkajohtaja Lasse Lehtonen tuo esille, että valtiohallinto ei ole kertonut suojavarusteiden kulutusmääriä tai tarvearviota epidemia-ajalle."
46114fec-0041-4079-ba53-4eec1a4ad657,http://iltalehti.fi/koronavirus/a/46114fec-0041-4079-ba53-4eec1a4ad657,"THL:n johtajat uskovat, että Suomi voi tehdä täyskäännöksen koronataistelussa:  ”Palikat alkavat olla vähitellen kohdallaan”",2020-04-05T11:47:32+03:00,2020-04-05T15:36:45+03:00,Suomen siirtymisen hybridistrategiaan nosti ensimmäisenä esiin Helsingin Sanomat. 
d7fbdc9b-2459-43ca-9138-443e7deb7f82,http://iltalehti.fi/koronavirus/a/d7fbdc9b-2459-43ca-9138-443e7deb7f82,Näin Suomi laajentaa koronavirustestausta – vasta-ainetestit alkamassa,2020-04-03T20:12:33+03:00,2020-04-03T20:12:33+03:00,"Sosiaali- ja terveysministeriön lääkintöneuvos Anni-Riitta Virolainen-Julkunen kertoo, että käsien pesu on edelleen tehokkaampi keino koronaa vastaan kuin testaukset."
a38d9bb9-b477-400b-adc8-e9740184f3ec,http://iltalehti.fi/politiikka/a/a38d9bb9-b477-400b-adc8-e9740184f3ec,Oppositio haastoi hallitusta virheistä – Marin moitti kentän toimintaa: ”Me joudumme nyt joka päivä paimentamaan”,2020-04-02T19:19:50+03:00,2020-04-02T19:19:50+03:00,Oppositio haastoi hallitusta eduskunnan kyselytunnilla koronaepidemiakriisin hoitamisesta. 
aae958f8-2cc1-4f81-a4a0-0f60b797d4a5,http://iltalehti.fi/koronavirus/a/aae958f8-2cc1-4f81-a4a0-0f60b797d4a5,"Norja kehitti koronatestin lähes heti, kun tauti oli tunnistettu Kiinassa – näin Pohjoismaiden testaushuiput seuraavat epidemiaa",2020-04-01T19:52:13+03:00,2020-04-01T19:52:13+03:00,Kansalaisiaan ahkerimmin testaavassa Islannissa testiyritys tarjoutui itse avuksi valtiolle.
2b641eb4-0e4e-4d56-bbf8-6ae34632aecf,http://iltalehti.fi/politiikka/a/2b641eb4-0e4e-4d56-bbf8-6ae34632aecf,Rajoitukset ovat hidastaneet koronan leviämistä – THL:n johtaja kiittää suomalaisia,2020-04-01T10:01:31+03:00,2020-04-01T14:03:26+03:00,Valtioneuvoston kansliaan perustetaan koronavirusta käsittelevä operaatiokeskus.
92f1d881-0e0c-43ab-989f-ce3f8225ce7d,http://iltalehti.fi/politiikka/a/92f1d881-0e0c-43ab-989f-ce3f8225ce7d,"Hallitus eristää Uudenmaan, ravintolat eivät väkisin kiinni vielä viikonloppuna - pääministeri vetoaa ihmisiä palaamaan mökeiltä",2020-03-25T20:29:47+02:00,2020-03-25T20:29:47+02:00,"Hallitus vetoaa, että ihmiset noudattaisivat kehotusta ilman poliisin puutumista liikkumiseen. Uudenmaan eristäminen voimaan 27.3."
dec9d60d-2cbd-46fa-be4b-57bedc97ca63,http://iltalehti.fi/politiikka/a/dec9d60d-2cbd-46fa-be4b-57bedc97ca63,IL:n tiedot: Hallitus on rajoittamassa poistumista Uudeltamaalta ja sulkemassa ravintolat – Kiina tarjonnut apua Suomelle ja Virolle,2020-03-23T23:52:21+02:00,2020-03-23T23:52:21+02:00,"Iltalehti on varmistanut useista eri lähteistä, että Kiinan valtio on tarjonnut apua koronaepidemian pysäyttämisessä Suomelle ja Virolle."
d1b1047f-adec-485b-b6e9-dd219c3f6c5b,http://iltalehti.fi/politiikka/a/d1b1047f-adec-485b-b6e9-dd219c3f6c5b,Orpo vaatii Suomeen tiukkaa koronalinjaa: ”Juhlimisen loputtava - liikkumista rajoitettava”,2020-03-22T19:16:38+02:00,2020-03-22T19:16:38+02:00,Kokoomus on valmis sulkemaan Uudenmaan rajat.
37f83701-3390-4f8e-9af1-823d8b338b52,http://iltalehti.fi/politiikka/a/37f83701-3390-4f8e-9af1-823d8b338b52,"Pääministeri Marin avaa IL:n haastattelussa miten koronapäätökset tehtiin - ”Emme pysty pysäyttämään tautia, emmekä pyri siihen”",2020-03-22T10:47:16+02:00,2020-03-22T10:47:16+02:00,"Pääministeri Marin kertoo IL:n haastattelussa, miten koronapäätökset tehtiin. Marin sanoo, että koronaa ei pysty pysäyttämään, eikä siihen edes pyritä."
f32d0097-a99a-42e9-8227-6cd4ec19b16d,http://iltalehti.fi/paakirjoitus/a/f32d0097-a99a-42e9-8227-6cd4ec19b16d,Pääkirjoitus: Suomi ei ole sotatilassa – viranomaiset eivät saa pantata koronatietoja,2020-03-20T15:46:31+02:00,2020-03-20T15:46:31+02:00,"Mitä vähemmän kerrotaan avoimesti, sitä enemmän jää tilaa huhuille, kirjoittaa uutispäätoimittaja Perttu Kauppinen."
09068904-9989-4ea2-9c35-a63a2977ec9c,http://iltalehti.fi/koronavirus/a/09068904-9989-4ea2-9c35-a63a2977ec9c,IL seuraa: Lapin hiihtokeskuksissa altistumisia - koko Suomessa noin 450 koronatartuntaa ,2020-03-20T13:28:48+02:00,2020-03-20T13:28:48+02:00,"Tällä hetkellä koronaviruksen vuoksi on 17 henkilöä vuodeosastohoidossa ja tehohoidossa viisi. Jo kotiutettuja on ""muutama"", tiedossa ei yhtään kuolemantapausta."
ae8c7502-96cc-456f-9c6b-1145a80acd3a,http://iltalehti.fi/politiikka/a/ae8c7502-96cc-456f-9c6b-1145a80acd3a,Ministeri Kiuru paljasti ”arkaluontoisen luvun”: Viisi suomalaista tehohoidossa koronan vuoksi,2020-03-19T13:59:51+02:00,2020-03-19T13:59:51+02:00,Perustuslakivaliokunta haluaa vielä selvittää valmiuslakia koulujen osalta. Kansanedustajista päästettiin koronaviruksen takia eduskunnan istuntosaliin vain joka neljäs.
834b79fd-7a1f-459c-9d96-f029dc8c58f4,http://iltalehti.fi/koronavirus/a/834b79fd-7a1f-459c-9d96-f029dc8c58f4,"Tuore ohjeistus yli 70-vuotiaille: Vältä ulos menemistä, pidä muihin ainakin metrin väli",2020-03-19T10:57:12+02:00,2020-03-19T10:57:12+02:00,Sosiaali- ja terveysministeriö on julkaissut uuden ohjeen liittyen yli 70-vuotiaiden liikkumiseen. 
15ef38ec-be73-4f72-9565-5a581961b072,http://iltalehti.fi/koronavirus/a/15ef38ec-be73-4f72-9565-5a581961b072,Koronatestejä lisätty selvästi: eilen testattiin 1 100 suomalaista,2020-03-19T09:06:55+02:00,2020-03-19T12:25:45+02:00,Suomessa on tällä hetkellä tehohoidossa ”yhden tai kahden käden sormilla laskettava” määrä ihmisiä.
9932d022-e52f-4984-879b-bb231ad9c24d,http://iltalehti.fi/koronavirus/a/9932d022-e52f-4984-879b-bb231ad9c24d,"IL selvitti: Näin Suomi päätti valmiuslaista: Marin ja vasemmistoliitto epäröivät, muut puolueet ja Niinistö runnoivat läpi",2020-03-18T16:33:51+02:00,2020-03-18T16:33:51+02:00,"Hallitus päätyi valmiuslakiin kovan väännön jälkeen. Pääministeri Marin ja vasemmistoliitto epäröivät THL:n ohjeistamina pitkään kovia toimia, kirjoittavat Lauri Nurmi ja Juha Ristamäki. "
b5e307f4-9a11-4132-9f62-1391a013b60a,http://iltalehti.fi/koronavirus/a/b5e307f4-9a11-4132-9f62-1391a013b60a,"Näin Suomi hiljenee: Suljetaanko ravintolat, baarit, hotellit ja kauppakeskukset? Niin voidaan tehdä, kun valmiuslaki otetaan käyttöön",2020-03-17T04:50:16+02:00,2020-03-17T09:50:15+02:00,Valmiuslaki antaa valtioneuvostolle väkevän määräysvallan. 
075a5daf-5472-4bad-80a4-8a32eb374204,http://iltalehti.fi/koronavirus/a/075a5daf-5472-4bad-80a4-8a32eb374204,"10 hengen kokoontumiset kielletään, mutta menevätkö baarit ja ravintolat kiinni? Lue täältä koko lista hallituksen koronatoimista",2020-03-16T12:21:49+02:00,2020-03-16T21:27:03+02:00,"Hallitus on ottanut käyttöön kovat keinot koronavirusepidemian hillitsemiseksi. Lue täältä, mitä kaikkea päätettiin."
adef7f79-dfb9-4e17-9538-466e623568b7,http://iltalehti.fi/koronavirus/a/adef7f79-dfb9-4e17-9538-466e623568b7,Näin THL:n koronalausunnot ovat muuttuneet – 20.1.2020: ”Tapausten todennäköisyys Suomessa on hyvin pieni”,2020-03-13T10:11:11+02:00,2020-03-13T10:11:11+02:00,Terveyden ja hyvinvoinnin laitoksen (THL) koronalausunnot olivat aluksi hyvin erilaisia kuin mitä ne ovat nyt.
3f0ecaee-f720-4d72-87e8-0c5a0ea6bfc2,http://iltalehti.fi/paakirjoitus/a/3f0ecaee-f720-4d72-87e8-0c5a0ea6bfc2,Pääkirjoitus: Hallitus osoitti kaivattua jämäköitymistä koronaviruksen torjuntatoimissa,2020-03-12T16:44:08+02:00,2020-03-12T16:44:08+02:00,Pääministeri Sanna Marinin (sd) johtama hallitus listasi torstaina konkreettiset toimet koronaviruksen leviämisen hillitsemiseksi.
494c5f45-6592-42c0-9d17-0b0aa9fa6885,http://iltalehti.fi/koronavirus/a/494c5f45-6592-42c0-9d17-0b0aa9fa6885,Hallitus suosittaa: Kaikki suuret yleisötapahtumat perutaan toukokuun loppuun saakka – Marin: ”Jokaiselta vaaditaan nyt harkintaa”,2020-03-12T13:16:01+02:00,2020-03-13T07:59:13+02:00,Suomen hallitus päätti perua kaikki yli 500 hengen yleisötapahtumat.
fb54d265-1cdf-4656-9383-b4fcb64a29e5,http://iltalehti.fi/koronavirus/a/fb54d265-1cdf-4656-9383-b4fcb64a29e5,Koronavirusta ei haluta Suomen sairaaloihin – hoitohenkilökunnan testausta lisätään,2020-03-11T19:15:15+02:00,2020-03-11T19:15:15+02:00,Ministerit kertoivat tiukennetuista ohjeistuksista toimittajille järjestetyssä tilaisuudessa.
d78cef08-df7c-4660-96b3-9d46cf25fb7d,http://iltalehti.fi/politiikka/a/d78cef08-df7c-4660-96b3-9d46cf25fb7d,"Hallitusta ja viranomaisia syytetään koronaviruksen hissuttelusta, näin he vastaavat ",2020-03-04T16:28:34+02:00,2020-03-04T16:28:34+02:00,Hallitus ja viranomaiset ovat saaneet osakseen kritiikkiä koronaviruksesta tiedottamisesta.
14a3dcd0-ad4f-4a56-8439-37add0395d96,http://iltalehti.fi/politiikka/a/14a3dcd0-ad4f-4a56-8439-37add0395d96,Maksuton koronaviruksen neuvontapuhelin on nyt auki suomalaisille – infopisteitä tulossa ,2020-03-04T13:42:51+02:00,2020-03-04T14:41:44+02:00,Koronaviruksesta voi kysyä yleistä tietoa asiantuntijoilta puhelinpalvelussa.
7de0d890-cf6d-4085-80a7-ab218d390eb9,http://iltalehti.fi/kotimaa/a/7de0d890-cf6d-4085-80a7-ab218d390eb9,"Lara König kuoli 14-vuotiaana keuhkokuumeeseen – äidin mielestä tytön annettiin kuolla, koska hän oli kehitysvammainen",2020-03-02T20:17:30+02:00,2020-03-02T20:17:30+02:00,"Lara König kuoli 14-vuotiaana keuhkokuumeeseen. Tytön annettiin äidin mielestä kuolla, koska hän oli kehitysvammainen."
ed3c6cd1-d743-474e-95f2-739c788bc89b,http://iltalehti.fi/politiikka/a/ed3c6cd1-d743-474e-95f2-739c788bc89b,"Pääministeri puhui eduskunnalle koronaviruksesta - hallitus rauhoittelee kansalaisia: ""Väärä tieto ja epävarmuus leviävät itse epidemiaa nopeammin""",2020-02-27T12:58:32+02:00,2020-02-27T19:01:27+02:00,"Terveydenhuollon henkilökunnalle on varattu 400 000 hengityssuojainta. Budjetissa on 8,9 miljoonan euron vara koronaviruksen kaltaisiin tilanteisiin. "
b15a4b91-5996-48d1-b5ed-7338ce59f680,http://iltalehti.fi/kotimaa/a/b15a4b91-5996-48d1-b5ed-7338ce59f680,STM:n johtaja kertoo: Näin Suomessa on varauduttu koronaviruksen leviämiseen: ”Mahdollinen potilas ja tartuntaketjussa olevat päätyvät karanteeniin”,2020-02-25T17:04:57+02:00,2020-02-25T17:04:57+02:00,"Sosiaali- ja terveysministeriöstä kerrotaan, että Suomella on valmiudet toimia eri olosuhteissa. "
d0ad1fc7-7575-4db0-a175-efc6332708c8,http://iltalehti.fi/perheartikkelit/a/d0ad1fc7-7575-4db0-a175-efc6332708c8,”Kunpa vain joku olisi tarttunut apua hakevaan käteeni aikaisemmin” - Huostaanotetut nuoret vaativat koskettavissa kirjeissä lisää sosiaalityöntekijöitä,2020-02-18T15:03:33+02:00,2020-02-18T15:03:33+02:00,"Huostaan otetut nuoret kirjoittivat yli sata kirjettä, joissa kertovat päättäjille tilanteestaan."
e6873745-a064-47e7-85a5-d719338c1fc2,http://iltalehti.fi/politiikka/a/e6873745-a064-47e7-85a5-d719338c1fc2,"Huonokuntoiset vanhukset kärvistelevät kotona, ja nyt hoitajamitoitus uhkaa pahentaa kotihoidon kriisiä – Kiuru: ”Aidosti vakava huoli”",2020-02-13T07:01:18+02:00,2020-02-13T07:01:18+02:00,"Perhe- ja peruspalveluministeri Krista Kiuru lupaa, ettei ympärivuorokautisen hoidon parantaminen ole pois kotihoidosta."
5dbe00c6-5968-4d90-8844-157d6bd2f9e4,http://iltalehti.fi/politiikka/a/5dbe00c6-5968-4d90-8844-157d6bd2f9e4,Eduskunta väänsi hoitajamitoituksesta – ”Se imuroidaan muista palveluista”,2020-02-12T15:57:58+02:00,2020-02-12T15:57:58+02:00,Vanhuspalvelulaki oli eduskunnan lähetekeskustelussa keskiviikkona.
3d4898b4-17f5-46e4-975e-260568348250,http://iltalehti.fi/politiikka/a/3d4898b4-17f5-46e4-975e-260568348250,Lähes miljoonan suomalaisen terveysmaksut pienenemässä – hoitajalla käynnistä tulossa maksutonta,2020-02-12T11:00:02+02:00,2020-02-12T13:30:27+02:00,"Maksukatto laajenee ja perusterveydenhuollon hoitajavastaanotot olisivat jatkossa kaikille maksuttomia, ehdottaa lakiluonnos."
e91bcf6e-fcd8-4190-a903-97afecf2322b,http://iltalehti.fi/politiikka/a/e91bcf6e-fcd8-4190-a903-97afecf2322b,Tässä ovat hoitajamitoituksen rahoituskeinot – Yksityisen hoidon Kela-korvaukset leikkuriin: ”Kansalaiset ovat voineet käyttää ohituskaistana”,2020-02-06T14:50:37+02:00,2020-02-06T14:50:37+02:00,Hallitus antoi torstaina eduskunnalle esityksen sitovasta hoitajamitoituksesta. Ministeri Kiuru esitteli uudistuksen yksityiskohtia mediatilaisuudessaan.
f7fe16bf-635c-4d71-9ef2-3720c69197c8,http://iltalehti.fi/politiikka/a/f7fe16bf-635c-4d71-9ef2-3720c69197c8,"Analyysi: Näin hallitus rahoittaa hoitajamitoituksen: Yksityisen hoidon Kela-korvaukset pienenevät, apteekkarien voitot syyniin",2020-02-05T21:36:46+02:00,2020-02-06T14:04:58+02:00,"Hallitus aikoo ottaa rahat 0,7 hoitajamitoitukseen neljällä keinolla, kirjoittaa Iltalehden politiikan toimittaja Hanna Gråsten."
e9d77d0f-84e3-4663-86b9-949e40231c1c,http://iltalehti.fi/politiikka/a/e9d77d0f-84e3-4663-86b9-949e40231c1c,"Pääministeri Sanna Marin: Laki vanhuspalveluiden 0,7 hoitajamitoituksesta eduskunnalle",2020-02-04T21:20:02+02:00,2020-02-04T21:52:48+02:00,Hallitus on päässyt sopuun hoitajamitoituksen yksityiskohdista.
fc461f22-4c65-481b-99e5-779e9140551a,http://iltalehti.fi/politiikka/a/fc461f22-4c65-481b-99e5-779e9140551a,Tällainen on ministerin kohuttu avustajan avustaja – pitkää päivää 3 000 euron palkalla: ”Ministerin ei mielekästä käydä itse kopiokoneella”,2020-01-24T07:00:47+02:00,2020-01-24T07:00:47+02:00,"Ministeriön sihteeri kuvaa työtään puolueettomaksi kutsumusammatiksi, joka mahdollistaa ministereiden ja näiden erityisavustajien keskittymisen politiikan tekemiseen."
cecfd34c-8aea-4204-898a-2647a531ccc3,http://iltalehti.fi/politiikka/a/cecfd34c-8aea-4204-898a-2647a531ccc3,Ministeri Krista Kiuru: Hallituksella on jo kiire sote-uudistuksen kanssa - sote-lait saatava eduskuntaan ennen joulua,2020-01-17T12:01:02+02:00,2020-01-17T14:21:34+02:00,Peruspalveluministeri Krista Kiuru (sd) kertoi perjantaina soten edistymisestä Krista Kiurun (sd) mukaan perusterveydenhuolto on ensisijaista ja se on saatava nyt kuntoon.
01a368db-e7ca-4c74-a959-ad177ee339a0,http://iltalehti.fi/politiikka/a/01a368db-e7ca-4c74-a959-ad177ee339a0,"Sitova 0,7 hoitajamitoitus tulossa voimaan elokuussa – toimiluvan voisi silti saada vaatimuksen alittava hoivakoti ",2020-01-06T09:33:50+02:00,2020-01-06T09:33:50+02:00,"Hoitajamitoitusta koskevaan esitykseen tarkennetaan, miten siirtymäaika vaikuttaa uusiin toimilupahakemuksiin. "
