id,url,title,date_created,date_modified,lead
ffcf51f6-8848-44bc-84af-ce439a318dd9,http://iltalehti.fi/politiikka/a/ffcf51f6-8848-44bc-84af-ce439a318dd9,"Kommentti: Persujen toimiva kuntavaalistrategia: ”Missä EU, siellä äänestäjä”",2020-12-05T09:37:58+02:00,2020-12-05T09:37:58+02:00,"Kansainvälinen politiikka auttaa perussuomalaisia pienissä suomalaiskunnissa, kirjoittaa politiikan toimittaja Tommi Parkkonen."
e78d4932-f9b1-4ff8-829a-60fdf549ae6a,http://iltalehti.fi/politiikka/a/e78d4932-f9b1-4ff8-829a-60fdf549ae6a,"Analyysi: SDP ja perussuomalaiset jyräävät, keskusta ei ole enää suurin yhdessäkään vaalipiirissä",2020-11-20T19:54:31+02:00,2020-11-20T19:54:31+02:00,"Vaalipiirikohtaiset kannatusluvut paljastavat, mihin suuntaan ollaan menossa tulevissa vaaleissa, kirjoittaa Iltalehden Juha Ristamäki."
80ffbbbb-8965-4f1c-b199-843234a4a28e,http://iltalehti.fi/politiikka/a/80ffbbbb-8965-4f1c-b199-843234a4a28e,Kansanedustaja hermostui eduskunnan susikeskustelussa: ”Voi jumalauta!”,2020-11-18T19:23:33+02:00,2020-11-18T19:23:33+02:00,Kansanedustajat olivat lähes yksimielisiä susien metsästämisen aloittamisesta uudestaan.
b4bf65d5-1354-45d0-9615-1e6a596f6926,http://iltalehti.fi/politiikka/a/b4bf65d5-1354-45d0-9615-1e6a596f6926,Eduskunta päätti: Tyttöjen silpominen kiellettävä nykylakia selvemmin - erimielisyyttä poikien kohtalosta,2020-11-06T17:02:46+02:00,2020-11-06T17:02:46+02:00,"Kansanedustajat olivat erimielisiä siitä, pitäisikö lakimuutoksen koskea myös poikia."
2db7ee43-1abe-410e-8859-08517425277d,http://iltalehti.fi/politiikka/a/2db7ee43-1abe-410e-8859-08517425277d,Perussuomalaiset ovat flirttailleet äärioikeiston kanssa jo vuosia –  puolue vähättelee ongelmaa,2020-09-23T06:12:17+03:00,2020-09-23T06:12:17+03:00,"Perussuomalaiset ovat flirttailleet äärioikeiston suuntaan jo vuosia, kirjoittaa Iltalehden politiikan ja talouden toimittaja Marko-Oskari Lehtonen."
b0b3bb1e-d707-42ca-91ff-ee0a38d388db,http://iltalehti.fi/politiikka/a/b0b3bb1e-d707-42ca-91ff-ee0a38d388db,Lakialoite: Ano Turtiainen haluaa Suomen EU-jäsenyydestä kansanäänestyksen – mukana 11 PS-edustajaa,2020-09-07T16:24:25+03:00,2020-09-07T16:24:25+03:00,Kansanedustaja Ano Turtiaisen lakialoite laitettiin tänään vireille eduskunnassa. 
23610757-017c-439c-b6bf-0fefb524c121,http://iltalehti.fi/politiikka/a/23610757-017c-439c-b6bf-0fefb524c121,IL-Analyysi: Keskustaa uhkaa Soinin perussuomalaisten kohtalo – ja se johtaisi radikalisoitumiseen,2020-09-05T10:57:39+03:00,2020-09-05T10:57:39+03:00,"Keskustan uudella puheenjohtajalla on edessään valinta, yrittääkö hän säilyttää keskustan yleispuolueena vai ei, kirjoittaa Lauri Nurmi."
04eec505-bd74-46aa-8b0f-2a126322673a,http://iltalehti.fi/paakirjoitus/a/04eec505-bd74-46aa-8b0f-2a126322673a,Pääkirjoitus: Poliitikon räävittömiä puheita on turha ihmetellä – ne voivat tehdä hänestä sosiaalisen median tähden,2020-07-28T18:24:05+03:00,2020-07-28T18:24:05+03:00,"Kansanedustajan puheita on vaikea suitsia, jos tylyn kielenkäytön koetaan miellyttävän äänestäjiä, kirjoittaa uutispäätoimittaja Perttu Kauppinen."
ec23d3cd-695e-4be4-b11e-0653aec3e7af,http://iltalehti.fi/politiikka/a/ec23d3cd-695e-4be4-b11e-0653aec3e7af,Sanna Marinin EU-neuvotteluista tullut jo 13 kantelua oikeuskanslerille – PS:n Tynkkynen syyttää ”tuhlaamisesta” ja ”epäisänmaallisuudesta”,2020-07-23T11:30:13+03:00,2020-07-23T11:30:13+03:00,"Oikeuskansleri ei ole vielä aloittanut tutkintaa, mutta kantelut menevät normaalisti käsittelyyn."
ca25d746-1689-47f3-b3a8-7f127bf135d2,http://iltalehti.fi/politiikka/a/ca25d746-1689-47f3-b3a8-7f127bf135d2,Eduskunnassa käytiin kiivas keskustelu Juha Mäenpään syytesuojan purkamisesta: ”Valtakunnansyyttäjän toimet hämmästyttävät ja huolestuttavat - Kohta vanhatkin kansanedustajat ovat syytteessä”,2020-06-24T10:10:15+03:00,2020-06-24T10:10:15+03:00,Historiallista tapausta puitiin eduskunnassa neljä ja puoli tuntia - keskustelu ryöpsähteli translasten leikkauksista kommunistien toisen maailmansodan aikaisiin rikoksiin. 
65787a83-3605-4500-a196-15d96a1ae931,http://iltalehti.fi/politiikka/a/65787a83-3605-4500-a196-15d96a1ae931,Demarivaltuutettu Husu Hussein julkaisi mauttoman tviitin – pyysi anteeksi,2020-06-15T08:18:39+03:00,2020-06-15T08:18:39+03:00,Husu Husseinin julkaisema tviitti pilkkasi perussuomalaisten kansanedustaja Sebastian Tynkkystä jä tämän puolisoa.
1b0724e9-135d-46d0-95b7-0d5fcc131f64,http://iltalehti.fi/politiikka/a/1b0724e9-135d-46d0-95b7-0d5fcc131f64,IL selvitti: Näillä kansanedustajilla on uusia ulosottomerkintöjä – ministeri unohti maksaa parkkisakon,2020-05-04T06:08:24+03:00,2020-05-04T06:08:24+03:00,Iltalehti selvitti kansanedustajien ulosottoasiat ja uudet merkinnät ulosottorekisterissä.
dcf7bd80-e3bf-435b-8a06-90b6ec7e00e6,http://iltalehti.fi/politiikka/a/dcf7bd80-e3bf-435b-8a06-90b6ec7e00e6,"Kreikan pakolaistilanne kuumensi tunteita eduskunnassa: ”Ministeri Ohisalo, voisitteko lopettaa venkoilun ja vastata kysymykseen”",2020-03-05T18:08:51+02:00,2020-03-05T18:08:51+02:00,Oppositio ihmetteli keskustan Kulmunin ja vihreiden Ohisalon puheiden ristiriitaa.
b889ce1e-2f34-48c3-ba76-feac0c5ae25e,http://iltalehti.fi/iltv-paivarinta/a/b889ce1e-2f34-48c3-ba76-feac0c5ae25e,Jo kaksi uutta rikosepäilyä Päivi Räsäsestä – ”En pyydä anteeksi”,2020-03-04T19:00:00+02:00,2020-03-04T19:00:00+02:00,"Kohut kansanedustaja Päivi Räsäsen ympärillä eivät laannu. Hän paljasti Sensuroimaton Päivärinta -ohjelmassa, että hänestä on tehty kaksi tuoretta tutkintapyyntöä."
4931f1e3-45ba-400e-ad60-1aee1850075b,http://iltalehti.fi/politiikka/a/4931f1e3-45ba-400e-ad60-1aee1850075b,IL selvitti kansanedustajien valiokuntapoissaolot – yksi nousi ylitse muiden: ”Viime syksy oli ihan hirveä”,2020-01-21T08:19:17+02:00,2020-01-21T08:19:17+02:00,Kansanedustaja Riitta Mäkinen (sd) sai syksyllä 33 poissaolomerkintää omista valiokunnistaan.
