id,url,title,date_created,date_modified,lead
d2dca952-dffd-414b-ada7-224f6d0b9291,http://iltalehti.fi/politiikka/a/d2dca952-dffd-414b-ada7-224f6d0b9291,"Marin kertoi uusista koronatoimista – Kiuru ärähti eduskunnalle: ”Ymmärrättekö, miten vakava tämä tilanne on?”",2020-10-08T15:18:52+03:00,2020-10-08T18:37:17+03:00,Kyselytunnilla puhuttivat muun muassa ruuhkamaksut ja koronatilanteen hoitaminen.
515fb677-55b0-436c-940a-8e1de3bb7042,http://iltalehti.fi/kotimaa/a/515fb677-55b0-436c-940a-8e1de3bb7042,Pekka Katajan murhan yrityksestä vangituilla aiempia rikostuomioita: ampuma-aserikos ja rattijuopumus,2020-09-14T20:08:07+03:00,2020-09-14T20:08:07+03:00,Perussuomalaisten puoluetoimijan Pekka Katajan murhan yrityksestä epäillyt vangittiin perjantaina. 
3ce79f7e-aefe-4385-bffb-8a78cb5fa02a,http://iltalehti.fi/politiikka/a/3ce79f7e-aefe-4385-bffb-8a78cb5fa02a,Kokoomus vaati hallitukselta 100 000 uutta työpaikkaa - Valtiovarainministeri Vanhanen: ”Minulla ei ole hokkuspokkustemppuja”,2020-06-25T15:32:54+03:00,2020-06-25T15:32:54+03:00,Kansanedustajat jäävät huomenna istuntotauolle ja palaavat eduskuntaan syyskuussa.
4a742eb1-c62b-4841-bccb-942e582ee8e4,http://iltalehti.fi/kotimaa/a/4a742eb1-c62b-4841-bccb-942e582ee8e4,"Näin Kelaa on jouduttu ojentamaan – Tukiasioista kymmeniä moitteita vuosittain, mutta virheet jatkuvat ",2020-01-28T08:09:51+02:00,2020-01-28T08:09:51+02:00,Kelan toimeentulotukiasioiden hoidosta on tehty kolmen edellisvuoden aikana lähes 2 000 kantelua.
