id,url,title,date_created,date_modified,lead
ada33dc7-0340-40de-bf3f-b570d7ebde6b,http://iltalehti.fi/politiikka/a/ada33dc7-0340-40de-bf3f-b570d7ebde6b,Näkökulma: SDP:n eri siivet voivat hyvin ja näyttävät jopa vahvistuvan hallitusvastuussa,2020-12-27T18:04:22+02:00,2020-12-27T18:04:22+02:00,"SDP:n historiaa on aina sävyttänyt erilaisten ryhmien ja siipien taistelu puolueessa, kirjoittaa Juha Keskinen."
2d32850b-1a30-4612-947e-63785dce508d,http://iltalehti.fi/politiikka/a/2d32850b-1a30-4612-947e-63785dce508d,Sanna Marin vastaa SDP:n eduskuntaryhmästä tulleeseen kritiikkiin: Koronavuosi on tuonut etäisyyttä,2020-12-22T11:16:00+02:00,2020-12-22T11:16:00+02:00,SDP:n eduskuntaryhmässä on ihmetelty pääministerin omavaltaisia toimia ja ”pääministeritautiin” sairastumista. Viimeksi närää aiheutti perustuslakivaliokunnan puheenjohtajanimitys. 
82d986ae-6268-46b8-a917-1811dcf42b7a,http://iltalehti.fi/politiikka/a/82d986ae-6268-46b8-a917-1811dcf42b7a,Näkökulma: Ay-jyrä Rinne palaa päivänpolitiikkaan sekä ulkoisista että SDP:n sisäisistä syistä,2020-12-17T14:02:53+02:00,2020-12-17T14:02:53+02:00,"Ex-pääministeri Antti Rinteen paluulle operatiiviseen politiikkaan on monta syytä, kirjoittaa Juha Keskinen."
4ebc5651-797b-4554-8a4b-2c5949bbce1a,http://iltalehti.fi/politiikka/a/4ebc5651-797b-4554-8a4b-2c5949bbce1a,"Poliittinen jättiskandaali toi Suomen johtoon naisen, joka on nyt ulkomaillakin palvottu keulakuva – näin Sanna Marin nousi vuodessa suursuosioon",2020-12-10T05:02:05+02:00,2020-12-10T05:02:05+02:00,"Sanna Marinin (sd) ensimmäiseen pääministerivuoteen mahtui iloa, surua ja koronakriisin hoitamista."
d5926d43-19fa-4595-a2eb-118bec3d696d,http://iltalehti.fi/politiikka/a/d5926d43-19fa-4595-a2eb-118bec3d696d,"Näin dramaattinen Haavisto-päivä eteni: Valiokunnassa vastalause, rikosilmoitus ja kurinpalautus - puheenjohtaja ilmoitti aivokasvaimesta ja haukkui median",2020-12-09T21:26:45+02:00,2020-12-09T21:26:45+02:00,"Perustuslakivaliokunnan selvitys ulkoministeri Pekka Haaviston (vihr) toimien lainmukaisuudesta kesti rauhallisesti lähes vuoden, mutta päättyi dramaattiseen päivään eduskunnassa."
4b8f8b64-666c-429a-8163-8e2bd8654150,http://iltalehti.fi/politiikka/a/4b8f8b64-666c-429a-8163-8e2bd8654150,Antti Rinne nousemassa perustuslakivaliokunnan johtoon - puoluetoveri Johanna Ojala-Niemelällä aivokasvain,2020-12-09T08:05:05+02:00,2020-12-09T08:05:05+02:00,Sosiaalidemokraatti Ojala-Niemelä on sairastunut vakavasti. Uudeksi perustuslakivaliokunnan puheenjohtajaksi on nousemassa eduskunnan varapuhemies Antti Rinne.
288cbdd7-9534-41f5-b9ae-f7cd9856920a,http://iltalehti.fi/politiikka/a/288cbdd7-9534-41f5-b9ae-f7cd9856920a,Juuri nyt: Kiurulle eduskunnan luottamus äänin 106-79,2020-10-14T13:34:19+03:00,2020-10-14T13:34:19+03:00,Yksi kansanedustaja äänesti tyhjää.
7eab4c40-baaa-44bf-b931-41ccb630f807,http://iltalehti.fi/politiikka/a/7eab4c40-baaa-44bf-b931-41ccb630f807,Analyysi: Tänä viikonloppuna Marinin kruunajaisten varjossa demarit käyvät armotonta taistelua vallasta,2020-08-22T08:36:06+03:00,2020-08-22T08:36:06+03:00,"SDP:n uudeksi valta-akseliksi on nousemassa Sanna Marin - Krista Kiuru. Antti Lindtman on menettämässä asemiaan, kirjoittavat Lauri Nurmi ja Juha Ristamäki. "
58feef87-450c-41d9-a94e-c223f37a5bac,http://iltalehti.fi/politiikka/a/58feef87-450c-41d9-a94e-c223f37a5bac,Sormensa jalkapallokentällä murtanut Antti Lindtman avasi SDP:n kesäkokouksen – lähetti kipakat terveiset kokoomuksen Orpolle,2020-08-18T13:02:37+03:00,2020-08-18T13:02:37+03:00,Antti Lindtman: Kunnat tarvitsevat tukipaketin ensi vuodelle.
ca25d746-1689-47f3-b3a8-7f127bf135d2,http://iltalehti.fi/politiikka/a/ca25d746-1689-47f3-b3a8-7f127bf135d2,Eduskunnassa käytiin kiivas keskustelu Juha Mäenpään syytesuojan purkamisesta: ”Valtakunnansyyttäjän toimet hämmästyttävät ja huolestuttavat - Kohta vanhatkin kansanedustajat ovat syytteessä”,2020-06-24T10:10:15+03:00,2020-06-24T10:10:15+03:00,Historiallista tapausta puitiin eduskunnassa neljä ja puoli tuntia - keskustelu ryöpsähteli translasten leikkauksista kommunistien toisen maailmansodan aikaisiin rikoksiin. 
d3aed73e-995f-43dc-a7e8-1bf238817fcb,http://iltalehti.fi/politiikka/a/d3aed73e-995f-43dc-a7e8-1bf238817fcb,SDP:n Timo Harakka ja Antti Lindtman lounastivat pitkän kaavan kautta – kuohuviiniä keskellä päivää ja 300 euron lasku veronmaksajille,2020-06-19T07:07:20+03:00,2020-06-19T07:07:20+03:00,Liikenne- ja viestintäministeri Timo Harakka (sd) järjesti tyyriin lounaan.
e98eba0e-8163-48e5-bb60-78a261da03b5,http://iltalehti.fi/politiikka/a/e98eba0e-8163-48e5-bb60-78a261da03b5,Vasemmistonuorten ”tunkkaiselle ja loukkaavalle” patsasaloitteelle sapekasta palautetta poliitikoilta: ”Mannerheim kuuluu minun historiassani suurmiehiin”,2020-06-17T18:38:02+03:00,2020-06-17T18:38:02+03:00,Vasemmistonuorten halut siirtää Mannerheim-patsas pois Helsingin keskustasta ärsyttää muun muassa SDP:ssä ja keskustassa.
f53a5f80-dd53-4928-ab05-6884465962b6,http://iltalehti.fi/politiikka/a/f53a5f80-dd53-4928-ab05-6884465962b6,Näkökulma: SDP:n ja keskustan taisto alkoi Kela-juonesta – pääministeripuolue janoaa katkeransuloista hyvitystä,2020-05-28T22:25:58+03:00,2020-05-28T22:25:58+03:00,Kansliapäällikkönimityksissä tanner tömisee kesällä. Johtaako pitkämuististen norsujen yhteenotto hallituskriisiin? kysyy Lauri Nurmi.
f668a52b-18e6-4b56-92ca-5925e79f6561,http://iltalehti.fi/politiikka/a/f668a52b-18e6-4b56-92ca-5925e79f6561,"Business Finlandin rahanjako kuumentaa tunteita – SDP:n kansanedustajilta kovaa kritiikkiä, selvitystä vaaditaan",2020-04-21T12:30:33+03:00,2020-04-21T14:31:34+03:00,Business Finlandin 800 miljoonan euron avustukset nostattavat kasvavaa kritiikkiä.
a903c5bc-3868-4677-87dc-de484d66dc70,http://iltalehti.fi/politiikka/a/a903c5bc-3868-4677-87dc-de484d66dc70,Analyysi: Sanna Marinin on lunastettava valtansa - näin ärhäkästi Sauli Niinistö otti yhteen entisten pääministereiden kanssa,2020-04-04T15:21:31+03:00,2020-04-04T15:21:31+03:00,"Tasavallan presidentit ovat 2000-luvulla kamppailleet vallasta pääministereiden kanssa, kirjoittaa Iltalehden politiikan toimittaja Lauri Nurmi."
1d8d6cbc-e232-4658-85f4-7a702a77456d,http://iltalehti.fi/politiikka/a/1d8d6cbc-e232-4658-85f4-7a702a77456d,Ulkoasiainvaliokunta lensi USA:han bisnesluokassa ja majoittui luksushotellissa –  Ville Tavion lentoihin paloi 12 000 euroa,2020-03-04T06:59:24+02:00,2020-03-04T06:59:24+02:00,Kansanedustaja Ville Tavion (ps) USA:n lennot maksoivat maltaita.
ea31992a-0ec9-4855-b791-2fcba1636da9,http://iltalehti.fi/politiikka/a/ea31992a-0ec9-4855-b791-2fcba1636da9,IL-kysely: Petteri Orpon suosio laskee - yhä useampi kokoomuslainen haluaisi vaihtoon,2020-01-31T14:52:28+02:00,2020-01-31T16:43:37+02:00,Kokoomusvaikuttajille tehdyssä kyselyssä kahden päähaastajan eli Antti Häkkäsen ja Elina Lepomäen yhteenlaskettu kannatus on selvästi yli 50 prosenttia. 
