id,url,title,date_created,date_modified,lead
10ff969c-c7ed-4848-9240-bdd16f2cbf7c,http://iltalehti.fi/viihdeuutiset/a/10ff969c-c7ed-4848-9240-bdd16f2cbf7c,70 vuotta täyttävä Aake Kalliala sai tiukan viestin presidentin kansliasta: ”Siihen loppui Ahtisaaren imitoinnit”,2020-10-03T09:27:22+03:00,2020-10-03T09:27:22+03:00,"70 vuotta täyttävä Aake Kalliala myöntää, että takavuosien Martti Ahtisaari -imitoinneista tullut moite oli aiheellinen."
40b48741-1d3f-4de1-a985-402ec32a18e0,http://iltalehti.fi/viihdeuutiset/a/40b48741-1d3f-4de1-a985-402ec32a18e0,"Jope Ruonansuu jätti Suomi-viihteeseen mittavan aukon - nyt kollegat kertovat, miksi hän oli ainutlaatuinen ",2020-07-26T07:30:07+03:00,2020-07-26T07:30:07+03:00,"Jorma Olavi ""Jope"" Ruonansuu (1964-2020) oli kansantaiteilija täydellä sydämellä. Tuttavat ja kollegat kertovat, mikä teki hänestä ainutlaatuisen."
ba367ecc-a9f1-4e51-95ae-15657f5ddc30,http://iltalehti.fi/viihdeuutiset/a/ba367ecc-a9f1-4e51-95ae-15657f5ddc30,"Jope Ruonansuu oli kansan syvien rivien viihdetaiteilija, jolla oli myös herkkä puolensa – ”Ei kuolemaa kannata pelätä”",2020-07-18T14:12:05+03:00,2020-07-18T14:12:05+03:00,"Jope Ruonansuu oli monitaitoinen taiteilija, joka saavutti miljoonayleisön radion, elokuvien ja television kautta."
0e438dbf-e6fe-45d4-b9db-c17def495817,http://iltalehti.fi/politiikka/a/0e438dbf-e6fe-45d4-b9db-c17def495817,Kansalaisaloite lentoverosta jakaa hallituspuolueita – ”Ulkomaalaiset tulevat saastuttavammilla koneilla”,2020-03-06T14:38:12+02:00,2020-03-06T14:38:12+02:00,"Hallituspuolueista vain vasemmistoliitto ja vihreät kannattavat yli 54 000 allekirjoitusta kerännyttä kansalaisaloitetta lentoverosta - muut puolueet viittaavat Ruotsin lentoveroon, jonka vaikutukset ovat jääneet pieniksi."
