id,url,title,date_created,date_modified,lead
904d35ba-6f6b-4b2d-9d2f-8d11899d1472,http://iltalehti.fi/politiikka/a/904d35ba-6f6b-4b2d-9d2f-8d11899d1472,Eduskunnassa kuultiin jankkaava puheenvuoro sateenkaariverkostosta – Sanna Marin ihmetteli: ”Mikä tässä on se haaste?” ,2020-10-08T20:23:59+03:00,2020-10-08T20:43:38+03:00,"Kristillisdemokraattien kansanedustaja kysyi, onko hallitus antanut joillekin ryhmille erityisaseman."
bbc13d6f-6515-48ad-8762-9d21e1b67770,http://iltalehti.fi/kotimaa/a/bbc13d6f-6515-48ad-8762-9d21e1b67770,Oudolta haissut vuokratalo päätettiin otsonoida ja siitä alkoivat Annan ja Miran ahdistavat oireet,2020-03-10T07:34:44+02:00,2020-03-10T07:34:44+02:00,"Anna ja Mira Preisfreund kertovat, että eivät voineet terveyssyistä palata otsonoituun vuokrakotiinsa, jonne he joutuivat jättämään omaisuutensa."
bdcf291e-5f33-4996-8a29-1d104239309d,http://iltalehti.fi/politiikka/a/bdcf291e-5f33-4996-8a29-1d104239309d,”Muistuttaa liivijengiläisten toimintaa” – näin poliitikot kommentoivat ay-liikkeen lakkopainostusta,2020-01-30T09:37:47+02:00,2020-01-30T12:05:16+02:00,Eduskuntaryhmien puheenjohtajat ja varapuheenjohtajat tuomitsevat liittoon kuulumattomien uhkailun.
14243e27-627d-49a6-805d-bb3ae7222ae1,http://iltalehti.fi/politiikka/a/14243e27-627d-49a6-805d-bb3ae7222ae1,Jo lapsuudessa elimistöön jäänyt virus yllätti kansanedustajan - Antero Laukkaselle kasvohalvaus,2020-01-25T20:59:28+02:00,2020-01-25T20:59:28+02:00,Kansanedustaja Antero Laukkanen (kd) kiidätettiin ambulanssilla sairaalaan yllättävien halvausoireiden vuoksi.
