id,url,title,date_created,date_modified,lead
4ebc5651-797b-4554-8a4b-2c5949bbce1a,http://iltalehti.fi/politiikka/a/4ebc5651-797b-4554-8a4b-2c5949bbce1a,"Poliittinen jättiskandaali toi Suomen johtoon naisen, joka on nyt ulkomaillakin palvottu keulakuva – näin Sanna Marin nousi vuodessa suursuosioon",2020-12-10T05:02:05+02:00,2020-12-10T05:02:05+02:00,"Sanna Marinin (sd) ensimmäiseen pääministerivuoteen mahtui iloa, surua ja koronakriisin hoitamista."
a61839e4-14c7-42bb-9517-8228e1d1e19a,http://iltalehti.fi/politiikka/a/a61839e4-14c7-42bb-9517-8228e1d1e19a,Lähes vuoden käsittely päättymässä -  Haaviston rikosepäilyyn ratkaisu tiistaina,2020-12-07T21:09:12+02:00,2020-12-07T21:09:12+02:00,Eduskunnan perustuslakivaliokunta kävi maanantaina läpi ulkoministeri Pekka Haaviston (vihr) rikosepäilystä tekemäänsä mietintöä.
de257843-4169-4364-a51d-5e3c0309ea13,http://iltalehti.fi/politiikka/a/de257843-4169-4364-a51d-5e3c0309ea13,Oikeusministeriö haravoi netin vihapuhetta – ostaa työkalun kansanedustaja Tom Packalénin firmalta,2020-11-01T11:17:00+02:00,2020-11-01T11:17:00+02:00,Oikeusministeriö aikoo haravoida verkossa esiintyvää vihapuhetta kansanedustaja Tom Packalénin (ps) osittain omistaman yrityksen avulla.
29a476c3-ce36-4ef6-af5c-87dc9ae3d9c4,http://iltalehti.fi/politiikka/a/29a476c3-ce36-4ef6-af5c-87dc9ae3d9c4,Perussuomalaiset ihmettelivät miksi hallitus ei tuominnut ranskalaisopettajan surmaa: ”Hyväksyttekö ääri-islamilaisen toiminnan osana nykymenoa?”,2020-10-22T15:28:32+03:00,2020-10-22T15:28:32+03:00,Eduskunnalle valittiin torstaina uusi viestintäpäällikkö.
7256b935-3646-452a-8c72-da9362b5656d,http://iltalehti.fi/politiikka/a/7256b935-3646-452a-8c72-da9362b5656d,Pääministeri Sanna Marinin toinenkin koronatesti negatiivinen,2020-10-20T14:48:08+03:00,2020-10-20T14:48:08+03:00,Marin jatkaa töitään normaalisti negatiivisen koronatestituloksen myötä.
2d9274e5-3e07-4353-8604-d9ad530e1dfd,http://iltalehti.fi/politiikka/a/2d9274e5-3e07-4353-8604-d9ad530e1dfd,Marinin toinenkin koronatesti negatiivinen,2020-10-20T14:43:42+03:00,2020-10-20T14:47:45+03:00,Kasvomaskisuositus laajenee kaikkiin eduskunnan yleisiin tiloihin.
8a0b3178-fdc3-4257-a499-46bbeb139f62,http://iltalehti.fi/politiikka/a/8a0b3178-fdc3-4257-a499-46bbeb139f62,Perustuslakivaliokunta peruu kokouksiaan Tom Packalénin koronan takia – Haavisto-käsittely siirtyy,2020-10-20T12:30:18+03:00,2020-10-20T12:30:18+03:00,Perustuslakivaliokunta (PeV) joutuu perumaan tämän viikon kokouksiaan kansanedustaja Tom Packalénin (ps) koronatartunnan takia.
31fcf6d0-f551-40b7-8720-4f29bdfafeed,http://iltalehti.fi/politiikka/a/31fcf6d0-f551-40b7-8720-4f29bdfafeed,Näkökulma: Tom Packalén saapui eduskuntaan oireisena muista vähät välittäen,2020-10-19T15:50:12+03:00,2020-10-19T15:50:12+03:00,"Kansanedustaja Tom Packalénin toiminta oli tökeröä, kirjoittaa Iltalehden politiikan ja talouden toimittaja Marko-Oskari Lehtonen."
dbdd820f-5a48-425e-9460-7f656d8478d1,http://iltalehti.fi/koronavirus/a/dbdd820f-5a48-425e-9460-7f656d8478d1,Suomen koronatilanne nyt – yli puolet tartunnoista alle 30-vuotiailla ,2020-10-17T20:49:20+03:00,2020-10-17T20:49:20+03:00,Valtaosa lauantain tartunnoista todettiin Helsingin ja Uudenmaan sairaanhoitopiirin alueelta. 
addae13d-5e3f-4e0c-9ea1-1765c4589e56,http://iltalehti.fi/politiikka/a/addae13d-5e3f-4e0c-9ea1-1765c4589e56,"Marinia kuljettanut yksityiskone laskeutui iltapäivällä - valtioneuvoston turvallisuusjohtaja IL:lle: ”Minä suosittelin, että pääministeri jättää kokouksen kesken”",2020-10-16T16:02:50+03:00,2020-10-16T16:02:50+03:00,Myös eurooppa- ja omistajaohjausministeri Tytti Tuppurainen (sd) joutui karanteeniin.
c50b5294-4488-4d4f-8e14-ed429855364d,http://iltalehti.fi/politiikka/a/c50b5294-4488-4d4f-8e14-ed429855364d,Pääministerin koronalle altistanut Packalén moittii Marinin poistumista Brysselistä lintsaamiseksi: ”No johan on vastuun pakoilua!”,2020-10-16T15:08:46+03:00,2020-10-16T15:08:46+03:00,Perussuomalaisten kansanedustaja avautuu asiasta Facebookissa.
cbbca588-4b1d-48de-aa3b-c185e2a7bacd,http://iltalehti.fi/politiikka/a/cbbca588-4b1d-48de-aa3b-c185e2a7bacd,"Tällainen oli tilaisuus, jossa Sanna Marin mahdollisesti altistui koronalle – paikalla kymmeniä kansanedustajia",2020-10-16T14:05:22+03:00,2020-10-16T14:05:22+03:00,Koronan saanut kansanedustaja Tom Packalén (ps) osallistui keskiviikkona pääministerin kuulemistilaisuuteen.
3eede348-24fe-4170-bec3-a51b46691c15,http://iltalehti.fi/politiikka/a/3eede348-24fe-4170-bec3-a51b46691c15,Kansanedustaja Tom Packalénilla korona – eduskunnassa ei pelätä laajoja altistuksia,2020-10-16T08:42:29+03:00,2020-10-16T08:42:29+03:00,Perussuomalaisten kansanedustajalla Tom Packalénilla on todettu koronavirustartunta.
90d59e35-df86-4b97-aa1f-a543ab6844f3,http://iltalehti.fi/politiikka/a/90d59e35-df86-4b97-aa1f-a543ab6844f3,Kansanedustaja Tom Packalénin tekoälyfirma sai 100 000 euroa tukea Business Finlandilta,2020-04-22T12:43:46+03:00,2020-04-22T12:43:46+03:00,Packalén on yksi yrityksen pääomistajista.
