id,url,title,date_created,date_modified,lead
4b8f8b64-666c-429a-8163-8e2bd8654150,http://iltalehti.fi/politiikka/a/4b8f8b64-666c-429a-8163-8e2bd8654150,Antti Rinne nousemassa perustuslakivaliokunnan johtoon - puoluetoveri Johanna Ojala-Niemelällä aivokasvain,2020-12-09T08:05:05+02:00,2020-12-09T08:05:05+02:00,Sosiaalidemokraatti Ojala-Niemelä on sairastunut vakavasti. Uudeksi perustuslakivaliokunnan puheenjohtajaksi on nousemassa eduskunnan varapuhemies Antti Rinne.
fc37acf7-41c8-4bbc-a9b0-5f03ab32fe2a,http://iltalehti.fi/politiikka/a/fc37acf7-41c8-4bbc-a9b0-5f03ab32fe2a,Törkeästä lahjusrikoksesta epäilty kokoomuspoliitikko Tapani Mäkinen valehteli poliisille 20 000 eurosta: ”Sain rahat isältäni”,2020-11-30T09:39:27+02:00,2020-11-30T15:56:57+02:00,Törkeästä lahjusrikoksesta epäiltyä kokoomuspoliitikko Tapani Mäkistä kuultiin maanantaina oikeudessa.
b8ac7435-96b0-4001-bbfb-13e9724f903c,http://iltalehti.fi/politiikka/a/b8ac7435-96b0-4001-bbfb-13e9724f903c,Li Anderssonilta kysyttiin Ylellä työn ja lapsiarjen yhteensovittamisesta: ”Miksi se ei onnistuisi Sanna Marinilta ja minulta?”,2020-10-17T11:14:38+03:00,2020-10-17T11:14:38+03:00,Opetusministeri Anderssonin mukaan raskausaika on sujunut ”yllättävän hyvin”. 
c8d4b988-d9ce-437c-b009-e766113df087,http://iltalehti.fi/politiikka/a/c8d4b988-d9ce-437c-b009-e766113df087,SDP:n toripuhekuvalle moitteita kokoomuksesta – Puolue piti omaa tilaisuuttaan vieressä,2020-10-10T19:31:13+03:00,2020-10-10T19:31:13+03:00,Pääministeripuolue SDP:n ja opposition välille kehkeytyi yhdestä kuvasta kiivas taisto.
c43ced17-be0e-46cd-b0b2-13953c4eed8d,http://iltalehti.fi/politiikka/a/c43ced17-be0e-46cd-b0b2-13953c4eed8d,Kansanedustaja syyttää kokoomusta kansanmurhasta - ”ainoa meidän modernin ajan kansanmurha”,2020-09-23T15:28:46+03:00,2020-09-23T15:28:46+03:00,Anna Kontula: ”Siis tietysti vuodesta 1918. Se on ainoa meidän modernin ajan kansanmurha.”
f3a48822-b746-4952-818d-555f60005cd7,http://iltalehti.fi/paakirjoitus/a/f3a48822-b746-4952-818d-555f60005cd7,Pääkirjoitus: Lepomäen tuuletus on myrskyvaroitus muille ,2020-09-07T13:22:41+03:00,2020-09-07T13:22:41+03:00,Kokoomuksen puheenjohtajistoon sunnuntaina noussut Elina Lepomäki antoi menestyksellään myrskyvaroituksen. 
38cf4c0d-c2a8-48a3-ac29-33b65d45e6a7,http://iltalehti.fi/politiikka/a/38cf4c0d-c2a8-48a3-ac29-33b65d45e6a7,"Häkkänen, Lepomäki ja Ikonen kokoomusjohtoon - ”Kaadetaan se hallitus ja pidetään ne vaalit”",2020-09-06T11:42:39+03:00,2020-09-06T11:42:39+03:00,"Etukäteen on uumoiltu, että kokoomuksen varapuheenjohtajavaalissa haetaan jo asetelmia seuraavaa, vuoden 2022, puheenjohtajakisaa silmällä pitäen."
68d4f87a-df41-44a9-b812-228223a2c75c,http://iltalehti.fi/politiikka/a/68d4f87a-df41-44a9-b812-228223a2c75c,Nyt linjaa EU-ministerivaliokunta: EU:n elvytyspaketin oikeusperusta kunnossa – perustuslakivaliokunta näki ongelmia,2020-07-03T11:30:05+03:00,2020-07-03T12:14:26+03:00,Suuri valiokunta ja perustuslakivaliokunta ovat olleet lausunnoissaan eri linjoilla EU:n elvytyspaketista.
101d5010-8f41-46f4-8a39-742bac970523,http://iltalehti.fi/politiikka/a/101d5010-8f41-46f4-8a39-742bac970523,Ex-kansanedustaja Tapani Mäkiselle syytteet törkeästä lahjuksesta – syyttäjä: Sai 20 000 euroa käteisenä yrittäjiltä,2020-02-25T11:38:26+02:00,2020-02-25T11:38:26+02:00,Vantaan kaupunginhallituksen ex-puheenjohtaja Tapani Mäkinen kiistää jyrkästi kaikki rikosepäilyt ja vaatii syytteen hylkäämistä.
119a6b17-d684-41e6-a4a5-fc44cdcec7d5,http://iltalehti.fi/politiikka/a/119a6b17-d684-41e6-a4a5-fc44cdcec7d5,Häkkänen: EU:lta on turha odottaa turvatakuita ,2020-02-08T10:49:31+02:00,2020-02-08T10:49:31+02:00,"Kansanedustaja Antti Häkkänen (kok) varoittaa suomalaisia uusista turvallisuusuhista, ja patistaa poliitikkoja laadukkaampaan ulko- ja turvallisuuspoliittiseen keskusteluun. "
12bdcf55-97e7-4eb3-abd5-d873299048f3,http://iltalehti.fi/politiikka/a/12bdcf55-97e7-4eb3-abd5-d873299048f3,"Antti Häkkänen paljastaa nyt, miksi kokoomus oikeasti tyrmäsi Halla-ahon persut hallituksesta",2020-02-07T06:58:23+02:00,2020-02-07T06:58:23+02:00,"Kokoomuksen varapuheenjohtaja, kansanedustaja Antti Häkkänen on tyytymätön puolueen nykyiseen linjanmuodostukseen ja viestintään. "
1b859522-29d6-4398-9771-8e84201c41e6,http://iltalehti.fi/politiikka/a/1b859522-29d6-4398-9771-8e84201c41e6,"Näkökulma: Jos kokoomuslaisen helvetti jäätyy, Marinin hallitus voi kaatua rytisten - pienehkö keskusta on kuningattarentekijä Suomessa ja Ruotsissa ",2020-02-05T12:27:06+02:00,2020-02-05T12:27:06+02:00,Marinin arvoliberaali hallitus voi vaihtua yhtä yllättäen konservatiivihallitukseen kuin se syntyikin.
c9033899-8802-4638-ac9f-dfcd8cc53666,http://iltalehti.fi/kotimaa/a/c9033899-8802-4638-ac9f-dfcd8cc53666,Häkkänen ei lähde puheenjohtajakisaan – Orpo vastaa kokoomuslaisten kritiikkiin ,2020-02-01T16:39:47+02:00,2020-02-01T16:39:47+02:00,Kansanedustajat Elina Lepomäki ja Antti Häkkänen eivät aio haastaa Petteri Orpoa kokoomuksen puheenjohtajakisassa - ainakaan toistaiseksi.
c5a5f0c7-43ef-4317-bf62-9fe68901245a,http://iltalehti.fi/politiikka/a/c5a5f0c7-43ef-4317-bf62-9fe68901245a,Lepomäki ei lähde haastamaan Orpoa kokoomuksen puheenjohtajakisassa – toistaiseksi,2020-02-01T10:43:28+02:00,2020-02-01T10:43:28+02:00,Kokoomuksen kansanedustaja Elina Lepomäki ei lähde haastamaan puolueen puheenjohtaja Petteri Orpoa ensi kesän puoluekokouksessa - ainakaan toistaiseksi.
ea31992a-0ec9-4855-b791-2fcba1636da9,http://iltalehti.fi/politiikka/a/ea31992a-0ec9-4855-b791-2fcba1636da9,IL-kysely: Petteri Orpon suosio laskee - yhä useampi kokoomuslainen haluaisi vaihtoon,2020-01-31T14:52:28+02:00,2020-01-31T16:43:37+02:00,Kokoomusvaikuttajille tehdyssä kyselyssä kahden päähaastajan eli Antti Häkkäsen ja Elina Lepomäen yhteenlaskettu kannatus on selvästi yli 50 prosenttia. 
cac61c42-65ed-479d-b414-88d866bc84d1,http://iltalehti.fi/politiikka/a/cac61c42-65ed-479d-b414-88d866bc84d1,MT-gallup: Antti Häkkänen nousi suosiossa Petteri Orpon rinnalle – Lepomäen kannatus notkahti,2020-01-22T05:00:10+02:00,2020-01-22T05:00:10+02:00,Kansanedustaja Antti Häkkäsen (kok) suosio on vankistunut kokoomusäänestäjien keskuudessa.
