id,url,title,date_created,date_modified,lead
694648a9-e195-4348-8270-dd0e601e9c65,http://iltalehti.fi/politiikka/a/694648a9-e195-4348-8270-dd0e601e9c65,Kommentti: Ja taas lähti kansanedustajilta käsistä,2020-12-31T06:37:57+02:00,2020-12-31T06:37:57+02:00,"Kirjallisten kysymysten tehtailu on monille kansanedustajille lähinnä teatteria, kirjoittaa politiikan toimittaja Tommi Parkkonen."
9bd8fd5b-4826-4d23-8ea8-87ebcbb00e1a,http://iltalehti.fi/politiikka/a/9bd8fd5b-4826-4d23-8ea8-87ebcbb00e1a,Kansanedustajilta lähes tuhat kirjallista kysymystä hallitukselle – yli 230 koronaministeri Kiurulle ,2020-12-31T06:01:35+02:00,2020-12-31T06:01:35+02:00,STM:n kansliapäällikkö Kirsi Varhila: ”Työllistävät melkoisesti”.
6f2c2a50-25c8-4374-8b64-4d5930f07e7a,http://iltalehti.fi/politiikka/a/6f2c2a50-25c8-4374-8b64-4d5930f07e7a,HS-gallup: Stubb ja Sinnemäki ovat suosikit Helsingin pormestariehdokkaiksi,2020-11-28T04:09:08+02:00,2020-11-28T04:09:08+02:00,Helsinkiläiset toivovat entisen pääministerin asettuvan ehdolle ensi vuoden kunnallisvaaleissa.
baee72ea-927c-469c-b069-8f6b1a9ee385,http://iltalehti.fi/politiikka/a/baee72ea-927c-469c-b069-8f6b1a9ee385,Alexander Stubbia houkutellaan kokoomuksen ehdokkaaksi Helsingin pormestarikisassa,2020-11-17T12:30:43+02:00,2020-11-17T12:30:43+02:00,Alexander Stubb kertoo kantansa ehdokkuuteen myöhemmin.
b4ce1e2e-98bf-4116-9630-fc51afa39314,http://iltalehti.fi/politiikka/a/b4ce1e2e-98bf-4116-9630-fc51afa39314,Viestit julki: Näin THL:n Tervahauta selventää  pääministeri Marinille maskilinjaa,2020-10-15T15:27:39+03:00,2020-10-15T16:11:47+03:00,Iltalehti sai THL:n pääjohtajan antaman selvityksen maskisuosituksesta.
42beb1c6-22d7-4e3c-bee9-cbb226b726a5,http://iltalehti.fi/politiikka/a/42beb1c6-22d7-4e3c-bee9-cbb226b726a5,Marin on saanut selvityksen THL:n Tervahaudalta – ”Asia loppuun käsitelty”,2020-10-15T08:03:21+03:00,2020-10-15T14:09:39+03:00,Hallitus neuvotteli torstaina koronatoimista.
891a5570-ccdd-4475-b92b-3ac97e20c886,http://iltalehti.fi/politiikka/a/891a5570-ccdd-4475-b92b-3ac97e20c886,Pääministeri ja THL:n pääjohtaja oudossa yöllisessä sanasodassa koronamaskeista - jopa THL:n Twitter-tili puuttui kinasteluun ,2020-10-14T21:56:37+03:00,2020-10-14T21:56:37+03:00,"Pääministeri Sanna Marinin (sd) lausahduksesta Ylen A-studiossa kehkeytyi Twitterissä omituinen kinastelu, johon osallistui myös lomalla oleva STM:n kansliapäällikkö - sekä THL:n virallinen Twitter-tilikin."
789535d7-eaf1-4cd8-b989-1284b989ae03,http://iltalehti.fi/politiikka/a/789535d7-eaf1-4cd8-b989-1284b989ae03,Oppositio ryöpytti hallituksen budjettiesitystä – Orpo: ”Tämä puhe on pelkkää kuumaa ilmaa teidän suustanne”,2020-10-07T08:26:48+03:00,2020-10-07T15:18:57+03:00,"Kun keskustan Kulmuni kosiskeli oppositiota työllisyystalkoisiin, nousi salissa älämölö, johon puhemies joutui puuttumaan. "
72e4b2b5-3fd5-4b39-b234-719de1388b6c,http://iltalehti.fi/politiikka/a/72e4b2b5-3fd5-4b39-b234-719de1388b6c,Eduskunnassa budjettiriihen kuumat jälkikäräjät – kokoomus syytti hallitusta ankarasti vääristä työllisyysluvuista,2020-09-17T19:12:10+03:00,2020-09-17T19:12:10+03:00,Kokoomusedustajat: Hallitus ei ole saanut kasaan kuin noin puolet kertomistaan lisätyöllisistä.
2b8bcb17-10cc-4902-84cf-db9e01d8978c,http://iltalehti.fi/politiikka/a/2b8bcb17-10cc-4902-84cf-db9e01d8978c,Näkökulma: Hallitus sai pienen opetuksen – Twitterissä ei voi kirjoitella mitä tahansa satuja,2020-05-25T22:24:04+03:00,2020-05-25T22:24:04+03:00,"Oppositiopuolueiden puheenjohtajat voivat muistuttaa television vaalitenteissä, että hallituspuolueet eivät halunneet Finnairin lentävän koronakriisin aikana maakuntakentille."
a38d9bb9-b477-400b-adc8-e9740184f3ec,http://iltalehti.fi/politiikka/a/a38d9bb9-b477-400b-adc8-e9740184f3ec,Oppositio haastoi hallitusta virheistä – Marin moitti kentän toimintaa: ”Me joudumme nyt joka päivä paimentamaan”,2020-04-02T19:19:50+03:00,2020-04-02T19:19:50+03:00,Oppositio haastoi hallitusta eduskunnan kyselytunnilla koronaepidemiakriisin hoitamisesta. 
b13e3242-2395-4026-b0b8-6addd479ba0a,http://iltalehti.fi/koronavirus/a/b13e3242-2395-4026-b0b8-6addd479ba0a,Kansanedustajat huolissaan: viekö koronavirus suomalaisten lääkkeet?,2020-03-05T20:40:20+02:00,2020-03-05T20:40:20+02:00,Koronaviruksen pelätään vaikuttavan monien lääkkeiden tuotantoon Kiinassa ja Intiassa.
bdcf291e-5f33-4996-8a29-1d104239309d,http://iltalehti.fi/politiikka/a/bdcf291e-5f33-4996-8a29-1d104239309d,”Muistuttaa liivijengiläisten toimintaa” – näin poliitikot kommentoivat ay-liikkeen lakkopainostusta,2020-01-30T09:37:47+02:00,2020-01-30T12:05:16+02:00,Eduskuntaryhmien puheenjohtajat ja varapuheenjohtajat tuomitsevat liittoon kuulumattomien uhkailun.
4a742eb1-c62b-4841-bccb-942e582ee8e4,http://iltalehti.fi/kotimaa/a/4a742eb1-c62b-4841-bccb-942e582ee8e4,"Näin Kelaa on jouduttu ojentamaan – Tukiasioista kymmeniä moitteita vuosittain, mutta virheet jatkuvat ",2020-01-28T08:09:51+02:00,2020-01-28T08:09:51+02:00,Kelan toimeentulotukiasioiden hoidosta on tehty kolmen edellisvuoden aikana lähes 2 000 kantelua.
