id,url,title,date_created,date_modified,lead
f816fa4a-d401-45ed-ae97-6022fc435e28,http://iltalehti.fi/politiikka/a/f816fa4a-d401-45ed-ae97-6022fc435e28,"Kommentti: Koska keskusta ei hyväksy lainvastaista toimintaa, se hyväksyy ministerin lainvastaisen toiminnan",2020-12-15T14:32:37+02:00,2020-12-15T14:32:37+02:00,"Keskustan näkemys siitä, milloin se voi puuttua toisen puolueen ministerin asioihin, vaihtelee tilanteen mukaan, kirjoittaa politiikan toimittaja Tommi Parkkonen."
4ebc5651-797b-4554-8a4b-2c5949bbce1a,http://iltalehti.fi/politiikka/a/4ebc5651-797b-4554-8a4b-2c5949bbce1a,"Poliittinen jättiskandaali toi Suomen johtoon naisen, joka on nyt ulkomaillakin palvottu keulakuva – näin Sanna Marin nousi vuodessa suursuosioon",2020-12-10T05:02:05+02:00,2020-12-10T05:02:05+02:00,"Sanna Marinin (sd) ensimmäiseen pääministerivuoteen mahtui iloa, surua ja koronakriisin hoitamista."
525e1352-b8ba-423a-a6b3-fbbc78842540,http://iltalehti.fi/paakirjoitus/a/525e1352-b8ba-423a-a6b3-fbbc78842540,"Pääkirjoitus: Tasan vuosi sitten keskusta kaatoi Rinteen – Marin nosti SDP:n, mutta samat ongelmat vaivaavat häntäkin",2020-12-03T07:57:42+02:00,2020-12-03T07:57:42+02:00,"Rinnettä ja Marinia yhdistää muun muassa se, että he ovat itsepäisiä päättäjiä, jotka eivät epäröi tehdä yllättäviä avauksia, kirjoittaa Juha Ristamäki. "
6d4e602f-af6d-4592-a6e8-147bbc9cfd03,http://iltalehti.fi/politiikka/a/6d4e602f-af6d-4592-a6e8-147bbc9cfd03,Analyysi: VM:n myrkkypilleristä virittyy Marinin ja Saarikon hallituslemmen happotesti,2020-11-30T21:05:19+02:00,2020-11-30T21:05:19+02:00,"Vaikka Marin ja Saarikko kuinka hehkuisivat poliittista lämpöä, edes heidän karismansa ja lämpönsä tuskin riittävät eheyttämään sosialidemokraattisen ay-liikkeen ja keskustan kehnoja välejä."
2b964188-3286-4fd4-b1f8-42257360b081,http://iltalehti.fi/politiikka/a/2b964188-3286-4fd4-b1f8-42257360b081,Katri Kulmuni tulevaisuudestaan: ”Jos keskusta listoilleen ottaa”,2020-11-26T06:00:53+02:00,2020-11-26T06:00:53+02:00,"Sensuroimaton Päivärinta -ohjelmassa vieraillut Katri Kulmuni kertoo, mitä ajattelee omasta ja puolueensa tulevaisuudesta."
7287a255-e9a7-4246-b4ff-3b881c46e796,http://iltalehti.fi/iltv-paivarinta/a/7287a255-e9a7-4246-b4ff-3b881c46e796,”Olen itkenyt” - Katri Kulmuni puhuu nyt kohuerosta ja syrjäyttämisestään,2020-11-25T19:00:00+02:00,2020-11-25T19:00:00+02:00,Miltä tuntui tulla omiensakin hylkäämäksi ja syrjäytetyksi? Kuka lohdutti? 
aa19906e-8e0d-4791-b613-68bd6bfa9e46,http://iltalehti.fi/politiikka/a/aa19906e-8e0d-4791-b613-68bd6bfa9e46,Näkökulma: Annika Saarikko valmistautuu rahaministerin salkkuun – kepun kulisseissa käydään kovaa ministeripeliä,2020-11-23T14:13:51+02:00,2020-11-23T14:13:51+02:00,"Rahaministerin raskasta salkkua talkoohengessä kantanut Matti Vanhanen saa kohta keskittyä talonrakennuspuuhiin, kirjoittaa Iltalehden politiikan ja talouden toimittaja Marko-Oskari Lehtonen."
167b8f14-7e4e-4e17-ba6e-190b4853d0c5,http://iltalehti.fi/politiikka/a/167b8f14-7e4e-4e17-ba6e-190b4853d0c5,Näkökulma: Politiikan kenttä kovassa liikkeessä - SDP siirtyi vasemmalle ja PS oikealle,2020-11-14T12:16:31+02:00,2020-11-14T12:16:31+02:00,"Vihreät, keskusta ja RKP liukuvat vasemmalle, kokoomuksessa on vetoa oikealle, kirjoittaa Juha Keskinen."
172d2159-4354-47b2-a046-d30d9157da1f,http://iltalehti.fi/politiikka/a/172d2159-4354-47b2-a046-d30d9157da1f,Kulmunin erityisavustajana erokohun aikaan toiminut Kari Jääskeläinen palkattiin Kymen Yrittäjiin,2020-11-10T11:21:20+02:00,2020-11-10T11:21:20+02:00,Pitkän linjan keskustavaikuttaja on palkattu Kymen Yrittäjiin.
37efa93f-d670-4f1b-a706-63cfd28df6f6,http://iltalehti.fi/politiikka/a/37efa93f-d670-4f1b-a706-63cfd28df6f6,Valtiovarainministeriön kansliapäällikön virka uudelleen hakuun ,2020-10-28T09:52:49+02:00,2020-10-28T09:52:49+02:00,"Perusteluna on valtiovarainministeriön mukaan se, että ”kansainväliset ja kansalliset olosuhteet ovat muuttuneet”."
c3df9992-3b06-4cd6-a6f5-b64443b2ff47,http://iltalehti.fi/kotimaa/a/c3df9992-3b06-4cd6-a6f5-b64443b2ff47,Myrskyn silmään joutunut Vastaamo palkkasi Tekirin hoitamaan kriisiviestintää,2020-10-26T13:32:42+02:00,2020-10-26T13:32:42+02:00,Laajan tietomurron kohteeksi joutunut psykoterapiakeskus Vastaamo on palkannut Tekirin hoitamaan kriisiviestintäänsä.
63c92883-6f2e-4eca-b4bb-bfc48e3221b0,http://iltalehti.fi/paakirjoitus/a/63c92883-6f2e-4eca-b4bb-bfc48e3221b0,Pääkirjoitus: Marinin ”tähtipöly” ei ole tarttunut Saarikkoon ,2020-10-08T11:13:54+03:00,2020-10-08T11:13:54+03:00,Keskustan kannatustilanne ei näytä parantuneen puheenjohtajaa vaihtamalla - punamullasta yritetään nyt ulosmitata hallituksessa kaikki hyöty irti.
a0e304a5-f99d-4125-8e85-bfa3ea2fb569,http://iltalehti.fi/politiikka/a/a0e304a5-f99d-4125-8e85-bfa3ea2fb569,"Vartiaisella vauhti päällä eduskunnassa – ”Liittykääpä kokoomukseen, kun se teitä kiinnostaa kuin kiimaisia kolleja!”",2020-10-08T08:53:36+03:00,2020-10-08T08:53:36+03:00,Hallituksen budjettiesityksen lähetekeskustelu jatkuu eduskunnassa torstaina kello 10.00.
d9c25e20-3f7b-48ab-b457-e8275184609d,http://iltalehti.fi/politiikka/a/d9c25e20-3f7b-48ab-b457-e8275184609d,"Ylen gallup: SDP jatkaa johdossa, Saarikon valinta ei auttanut keskustaa",2020-10-08T06:52:04+03:00,2020-10-08T06:52:04+03:00,Perussuomalaiset kasvatti asemaansa kakkosena. Vihreät putosi keskustan taakse.
789535d7-eaf1-4cd8-b989-1284b989ae03,http://iltalehti.fi/politiikka/a/789535d7-eaf1-4cd8-b989-1284b989ae03,Oppositio ryöpytti hallituksen budjettiesitystä – Orpo: ”Tämä puhe on pelkkää kuumaa ilmaa teidän suustanne”,2020-10-07T08:26:48+03:00,2020-10-07T15:18:57+03:00,"Kun keskustan Kulmuni kosiskeli oppositiota työllisyystalkoisiin, nousi salissa älämölö, johon puhemies joutui puuttumaan. "
33ddd260-16dd-4acb-88bd-a40697844d0e,http://iltalehti.fi/politiikka/a/33ddd260-16dd-4acb-88bd-a40697844d0e,Pankkisektorista vastaavan ministeri Vanhasen erityisavustaja istuu pankin hallituksessa – Professori: ”Voi muodostua ongelmaksi”,2020-09-19T06:24:23+03:00,2020-09-21T10:04:08+03:00,"Ministeriö vastaa pankkisektorin sääntelystä ja valvonnasta. Erityisavustaja Jari Flinck ei näe kaksoisroolissa mitään ongelmaa, hallinto-oikeuden professori on eri mieltä."
80906d84-57f0-4f4f-b0aa-976b735c4f7b,http://iltalehti.fi/politiikka/a/80906d84-57f0-4f4f-b0aa-976b735c4f7b,Uusi puheenjohtaja Saarikko linjapuheessaan: Keskusta on valmis rohkeisiin talousuudistuksiin - ”velkavaihde ei saa jäädä päälle”,2020-09-18T09:21:03+03:00,2020-09-18T09:21:03+03:00,Keskustan kaksi viikkoa sitten valittu uusi puheenjohtaja Annika Saarikko piti perjantaina linjapuheensa.
5452f444-9241-4992-b005-b198c494e3e9,http://iltalehti.fi/politiikka/a/5452f444-9241-4992-b005-b198c494e3e9,HS-gallup: SDP jatkaa suosituimpana puolueena – ”Tyyntä myrskyn edellä”,2020-09-16T03:27:41+03:00,2020-09-16T03:27:41+03:00,Gallupin tulokset ovat pysyneet samankaltaisina edelliseen mittaukseen verrattuna.
0578357c-0967-4943-8d43-e215066d71e2,http://iltalehti.fi/politiikka/a/0578357c-0967-4943-8d43-e215066d71e2,A-studio: Näin kävi Saarikon ja Kulmunin hyytäville väleille pj-kamppailun jälkeen – ”Olen häntä viestillä lähestynyt”,2020-09-07T22:20:47+03:00,2020-09-07T22:20:47+03:00,Keskustan tuore puheenjohtaja Annika Saarikko (kesk) vieraili A-studiossa maanantaina.
b42140c6-92eb-4c17-ab3f-2a2684cb6034,http://iltalehti.fi/politiikka/a/b42140c6-92eb-4c17-ab3f-2a2684cb6034,"Stetsonistaan tunnettu Jari Tasanen, 60, piti keskustan puoluekokouksen ikimuistoisimman puheen",2020-09-06T13:25:43+03:00,2020-09-06T13:25:43+03:00,Puheenjohtajakisassa neljä ääntä saanut Jari Tasanen piti elämänsä kiitospuheen Ouluhallin lavalla.
4e3c188d-a46c-43c0-b16c-b9677756f50a,http://iltalehti.fi/politiikka/a/4e3c188d-a46c-43c0-b16c-b9677756f50a,Valta vaihtui keskustassa – näin Saarikko lohdutti juuri lyötyä Kulmunia,2020-09-06T11:51:09+03:00,2020-09-06T11:51:09+03:00,Katri Kulmuni: ”Vaaleissa välillä voittaa ja välillä häviää.”
23610757-017c-439c-b6bf-0fefb524c121,http://iltalehti.fi/politiikka/a/23610757-017c-439c-b6bf-0fefb524c121,IL-Analyysi: Keskustaa uhkaa Soinin perussuomalaisten kohtalo – ja se johtaisi radikalisoitumiseen,2020-09-05T10:57:39+03:00,2020-09-05T10:57:39+03:00,"Keskustan uudella puheenjohtajalla on edessään valinta, yrittääkö hän säilyttää keskustan yleispuolueena vai ei, kirjoittaa Lauri Nurmi."
20f4afa0-dd80-403a-96b6-275cdbfa9d61,http://iltalehti.fi/politiikka/a/20f4afa0-dd80-403a-96b6-275cdbfa9d61,"Keskustan puheenjohtajaksi valittu Annika Saarikko: ”Katri, oveni on sinulle aina auki”",2020-09-05T10:49:43+03:00,2020-09-05T20:22:36+03:00,Annika Saarikko valittiin lauantaina keskustan uudeksi puheenjohtajaksi.
02c5007d-e579-47ab-bcee-45f43358858c,http://iltalehti.fi/politiikka/a/02c5007d-e579-47ab-bcee-45f43358858c,Ryhmäpomo kommentoi Katri Kulmunin ja Annika Saarikon jäätäviä välejä: ”Ei kai se ole mikään salaisuus”,2020-09-05T08:58:18+03:00,2020-09-05T08:58:18+03:00,Keskustan puheenjohtaja valitaan lauantaina iltapäivällä.
00a0fe68-c04e-4886-b34e-60ef8e5bbbd8,http://iltalehti.fi/politiikka/a/00a0fe68-c04e-4886-b34e-60ef8e5bbbd8,Katri Kulmuni kunnioitti asuvalinnallaan koronakevään aikana menehtynyttä isoäitiään,2020-09-04T19:35:57+03:00,2020-09-04T19:35:57+03:00,Katri Kulmuni pukeutui perjantaina isoäitinsä vanhaan kansallispukuun.
862e8c4b-3bc2-4600-a2bc-87dbfc7ea1fb,http://iltalehti.fi/paakirjoitus/a/862e8c4b-3bc2-4600-a2bc-87dbfc7ea1fb,"Pääkirjoitus: Jos keskusta ei keksi keinoja auttaa yrittäjiä, sen ahdinko syvenee puheenjohtajasta riippumatta ",2020-09-04T19:11:15+03:00,2020-09-04T19:11:15+03:00,"Keskusta selvinnee mahdollisesta puheenjohtajavaihdoksesta ilman suurempia arpia, kirjoittaa uutispäätoimittaja Perttu Kauppinen."
7bc46f39-d34c-4f4c-a295-fd772b2080b2,http://iltalehti.fi/politiikka/a/7bc46f39-d34c-4f4c-a295-fd772b2080b2,Puoluekokousedustajat ratkaisevat – Saarikon kannattaja: ”Hän on ihmisläheinen ja inhimillinen,2020-09-04T13:17:18+03:00,2020-09-04T13:17:18+03:00,Keskustan puoluekokouksen avajaiset käynnistyvät kello 15.
e2526420-db38-4f10-b0e0-e8685243fa9d,http://iltalehti.fi/politiikka/a/e2526420-db38-4f10-b0e0-e8685243fa9d,Näin keskustan puoluekokous etenee – puheenjohtaja valitaan lauantaina,2020-09-04T11:04:41+03:00,2020-09-04T11:04:41+03:00,Puoluekokouksen kohokohta on lauantainen puheenjohtajavaali.
b0b3a2a0-12d9-4ade-b0e9-502169ea0df9,http://iltalehti.fi/politiikka/a/b0b3a2a0-12d9-4ade-b0e9-502169ea0df9,Eihän keskustassa näin pitänyt käydä – taas armoton kamppailu puheenjohtajuudesta ,2020-09-04T07:54:43+03:00,2020-09-04T07:54:43+03:00,Pj-ehdokas Petri Honkonen: ”Puolueen kannatuskehitys ei ole ollut kenttäväkeä tyydyttävä.”
c1aade00-8bdd-4e64-a2cb-86aebc4f78ec,http://iltalehti.fi/politiikka/a/c1aade00-8bdd-4e64-a2cb-86aebc4f78ec,IL-kysely: Saarikko jyräämässä voittoon - keskustan johtajakilvassa voi silti tulla kaksi kierrosta,2020-09-03T08:05:19+03:00,2020-09-03T08:05:19+03:00,"Katri Kulmunin tilanne on vaikea, hänen on laitettava Oulussa kaikki peliin voittaakseen. Petri Honkonen on nousemassa puheenjohtajakilvan yllättäjäksi."
97dcc840-4809-429f-b435-b0f7eed8b178,http://iltalehti.fi/politiikka/a/97dcc840-4809-429f-b435-b0f7eed8b178,HS-gallup: Saarikko saa Kulmunia enemmän kannatusta kansalta keskustan puheenjohtajakisassa,2020-09-02T06:30:25+03:00,2020-09-02T06:30:25+03:00,44 prosenttia vastaajista ei osannut valita suosikkiaan.
ea39979b-45da-49ce-9740-d1f1e382c3cc,http://iltalehti.fi/paakirjoitus/a/ea39979b-45da-49ce-9740-d1f1e382c3cc,Pääkirjoitus: Keskusta kipuilee rajusti vasemmistohallituksessa,2020-08-31T18:00:01+03:00,2020-08-31T18:00:01+03:00,"Keskustan ja SDP:n on löydettävä budjettiriihessä toimiva talouslinja, muutoin hallituksen ennuste on huono, kirjoittaa Iltalehden Juha Keskinen."
1981c8b8-cc16-4991-afb7-a1f73cd36027,http://iltalehti.fi/politiikka/a/1981c8b8-cc16-4991-afb7-a1f73cd36027,"Saarikon ja Kulmunin jäätävä kohtaaminen – ”Annika, sinähän olisit voinut minulle kilauttaa”",2020-08-31T13:37:16+03:00,2020-08-31T13:37:16+03:00,"Annika Saarikon (kesk) mukaan keskustassa ei tiedetty Kulmunin eron jälkeen, jatkaako puolue hallituksessa."
bb70dd64-15f3-4a35-956a-405fca5b856c,http://iltalehti.fi/politiikka/a/bb70dd64-15f3-4a35-956a-405fca5b856c,Keskustan Kulmuni ehdottaa Suomelle omaa avaruushallintoa – ”Suomen tulee olla kunnianhimoinen”,2020-08-28T20:05:13+03:00,2020-08-28T20:05:13+03:00,Keskustan puheenjohtaja Katri Kulmuni on julkaissut oman investointiohjelmansa Suomelle. 
bf0465c6-9f95-49ff-8e53-ca02022b827f,http://iltalehti.fi/politiikka/a/bf0465c6-9f95-49ff-8e53-ca02022b827f,Ministerit tilasivat lähes 20 000 euron konsultoinnin Tekiriltä – Annika Saarikko: ”Emme ostaneet esiintymiskoulutusta”,2020-08-13T20:49:59+03:00,2020-08-13T20:49:59+03:00,"Keväällä 2018 ostettu konsultointi oli Saarikosta huomattavan hintainen, mutta se hyödytti Saarikon mukaan koko ministeriryhmää ja virkamiehiä."
48bb7215-4d62-4f5c-9809-8890c90f9e74,http://iltalehti.fi/politiikka/a/48bb7215-4d62-4f5c-9809-8890c90f9e74,LM: Keskustaministerit tilasivat 20 000 euron konsultoinnin Harri Saukkomaalta – soten uhkakuvaksi nimettiin Jan Vapaavuori,2020-08-13T13:49:18+03:00,2020-08-13T13:49:18+03:00,"Konsultointi maksoi arvonlisäveroineen 19 500 euroa, uutisoi Lännen Media."
e7f81ca5-6757-4b05-beff-74bd7d564783,http://iltalehti.fi/politiikka/a/e7f81ca5-6757-4b05-beff-74bd7d564783,"""Vieläkö he sinua pelkäävät?"" – Paavo Väyrynen on joutunut paitsioon eikä ole enää varma tulevaisuudestaan",2020-08-08T18:04:26+03:00,2020-08-08T18:04:26+03:00,Paavo Väyrynen antaa tiukkaa kritiikkiä moneen suuntaan.
80977f67-3e74-4bdd-b395-6d6d2ba64fa6,http://iltalehti.fi/politiikka/a/80977f67-3e74-4bdd-b395-6d6d2ba64fa6,"IL-erikoishaastattelu: Keskustan puheenjohtajuutta tavoitteleva Annika Saarikko listaa syyt, joiden takia hän haastaa Katri Kulmunin",2020-08-08T07:08:33+03:00,2020-08-08T07:08:33+03:00,Saarikko myöntää tavoittelevansa nyt ensimmäistä kertaa tietoisesti valtaa. 
8be3ddcb-ed07-4344-834c-ccf2d30e6ba3,http://iltalehti.fi/politiikka/a/8be3ddcb-ed07-4344-834c-ccf2d30e6ba3,"Ministeri Annika Saarikko yleisötapahtumista: ”On loogista, että niiden rajoitusten palauttamisesta aloitetaan”",2020-08-06T13:55:44+03:00,2020-08-06T15:56:56+03:00,"Tiede- ja kulttuuriministeriksi torstaina nimitetty Annika Saarikko korostaa, että koronavirustilannetta tulee seurata herkästi. "
74718f71-7bb4-4992-9f7d-dac03cd162bb,http://iltalehti.fi/politiikka/a/74718f71-7bb4-4992-9f7d-dac03cd162bb,Kommentti: Keskusta vaeltaa varjojen mailla – Kulmunin epäonnistuminen hipoo täydellisyyttä,2020-08-06T08:44:32+03:00,2020-08-06T08:44:32+03:00,"Puolue käy puheenjohtajavaaliin kaikkien aikojen alin kannatus niskassaan, kirjoittaa Iltalehden Mika Koskinen."
834052d9-6db7-4137-b7f6-0e685a22c60e,http://iltalehti.fi/politiikka/a/834052d9-6db7-4137-b7f6-0e685a22c60e,Annika Saarikko ärähtää hallituskumppaneiden uhkauksista – Katri Kulmuni kuittaa vakavana haastajilleen: ”Työni on kesken”,2020-08-04T15:28:27+03:00,2020-08-04T15:28:27+03:00,"Keskustan puheenjohtaja Kulmuni selvensi Nokialla, mitä hän tarkoittaa keskustan elitistymisellä."
4abbe7d6-0120-428b-9c4b-562b72c5a091,http://iltalehti.fi/politiikka/a/4abbe7d6-0120-428b-9c4b-562b72c5a091,Keskustan Kulmuni ja Saarikko kohtasivat Ylen A-studiossa – ”Keskusta on vuosien saatossa elitistynyt”,2020-08-03T22:15:53+03:00,2020-08-03T22:15:53+03:00,Keskustan Katri Kulmuni ja Annika Saarikko kohtasivat maanantaina ensimmäistä kertaa sen jälkeen kun Saarikko ilmoitti lähtevänsä mukaan puheenjohtajakisaan. 
1434d967-ac89-4d3b-a14c-68836c841567,http://iltalehti.fi/politiikka/a/1434d967-ac89-4d3b-a14c-68836c841567,Petri Honkonen mukaan keskustan puheenjohtajakisaan – ”Puolue pois merkillisestä välitilasta”,2020-08-03T12:04:03+03:00,2020-08-03T13:28:47+03:00,"Keskustan varapuheenjohtaja, kansanedustaja Petri Honkonen tavoittelee keskustan puheenjohtajuutta."
1701d871-a961-47f3-a7ac-b4a875036e58,http://iltalehti.fi/politiikka/a/1701d871-a961-47f3-a7ac-b4a875036e58,Keskustan puheenjohtajakisaan yllätyshaastaja: Ilkka Tiainen haluaa myös ministeriksi,2020-08-03T10:28:46+03:00,2020-08-03T10:28:46+03:00,Ilkka Tiainen kertoi tänään tiedotteessaan aikovansa osallistua keskustan puheenjohtajakisaan.
21951387-4792-4245-b35c-74484370eb40,http://iltalehti.fi/politiikka/a/21951387-4792-4245-b35c-74484370eb40,Kulmunille uusi haastaja keskustan puheenjohtajakisaan? Petri Honkosen tiedotustilaisuus maanantaina,2020-08-02T21:34:09+03:00,2020-08-02T21:34:09+03:00,Puheenjohtajakisaan on toistaiseksi ilmoittautunut Katri Kulmunin lisäksi keskustan kansanedustaja Annika Saarikko.
b5727608-f7f6-4b25-a4ff-46fc84ea25ea,http://iltalehti.fi/politiikka/a/b5727608-f7f6-4b25-a4ff-46fc84ea25ea,"Näin keskustan kansanedustajat kommentoivat puheenjohtajakisaa: ”Annikan karismaa tarvitaan”, ”Kulmuni olisi paras”",2020-07-30T21:08:07+03:00,2020-07-30T21:08:07+03:00,Lukuisat keskustan kansanedustajat pitävät puheenjohtajakisaa hyvänä mahdollisuutena käydä keskustelua puolueen linjasta.
cc1bccc0-92c4-459f-b3bc-5e0e579f3a0a,http://iltalehti.fi/politiikka/a/cc1bccc0-92c4-459f-b3bc-5e0e579f3a0a,Näkökulma: Annika Saarikko luo itsestään kuvaa pullantuoksuisena perheenäitinä ja käy raakaan vaalitaistoon,2020-07-30T19:56:20+03:00,2020-07-30T19:56:20+03:00,"Annika Saarikosta toivotaan keskustan pelastajaa samalla tavalla kuin Katri Kulmunista 2019, kirjoittaa Iltalehden Mika Koskinen. "
483ae77a-c450-4192-a694-8db515441209,http://iltalehti.fi/politiikka/a/483ae77a-c450-4192-a694-8db515441209,"IL kysyi Annika Saarikolta, mitä vikaa on Katri Kulmunissa – vastauksesta tuli pitkä ja lavea",2020-07-30T14:17:21+03:00,2020-07-30T14:17:21+03:00,Saarikolta irtosi naseva kuitti kokoomuksen puheenjohtajavallinoista.
bd940d24-2a3f-436f-a1a1-16077ca9a59c,http://iltalehti.fi/politiikka/a/bd940d24-2a3f-436f-a1a1-16077ca9a59c,Keskustan puheenjohtajakisa vauhtiin – Katri Kulmunilta kuitti Annika Saarikolle: ”Mitä tekisivät toisin?”,2020-07-30T10:25:42+03:00,2020-07-30T16:54:51+03:00,Keskustan Annika Saarikko vahvisti osallistumisensa puheenjohtajakisaan.
55ebb5ff-1441-43c9-83e4-cdfc7033764a,http://iltalehti.fi/paakirjoitus/a/55ebb5ff-1441-43c9-83e4-cdfc7033764a,Pääkirjoitus: Kulmuni saa Saarikosta kovan haastajan,2020-07-29T17:00:44+03:00,2020-07-29T17:00:44+03:00,"Iltalehden tietojen mukaan kansanedustaja Annika Saarikko aikoo haastaa istuvan puheenjohtaja Katri Kulmunin keskustan puheenjohtajakisassa, kirjoittaa toimittaja Kreeta Karvala."
0302e709-2104-4848-a13f-17adc18ea45b,http://iltalehti.fi/politiikka/a/0302e709-2104-4848-a13f-17adc18ea45b,IL:n tiedot: Saarikko haastaa Kulmunin keskustan puheenjohtajakisassa,2020-07-29T15:29:59+03:00,2020-07-29T15:29:59+03:00,Iltalehden tietojen mukaan keskustan kansanedustaja Annika Saarikko aikoo haastaa puheenjohtaja Katri Kulmunin keskustan puheenjohtajakisassa. 
b2062416-15df-4f05-9d7d-518a912196f0,http://iltalehti.fi/politiikka/a/b2062416-15df-4f05-9d7d-518a912196f0,Annika Saarikko keskustan pj-kisaan? – tiedotustilaisuus torstaina,2020-07-29T12:32:51+03:00,2020-07-29T12:32:51+03:00,Keskustan puheenjohtajavaali pidetään Oulun puoluekokouksessa syyskuun alussa.
b793f020-d118-49ac-9928-3d213eff0d50,http://iltalehti.fi/politiikka/a/b793f020-d118-49ac-9928-3d213eff0d50,Mikä muutti keskustan kannan? Katri Kulmuni torjui aiemmin EU:n yhteisen velanoton,2020-07-22T20:03:25+03:00,2020-07-22T20:03:25+03:00,"Aiempi valtiovarainministeri, keskustan puheenjohtaja Katri Kulmuni vastusti keväällä tiukasti EU:n yhteistä lainanottoa."
ec3e34f2-a530-4072-87cc-7ca9a7f57e21,http://iltalehti.fi/viihdeuutiset/a/ec3e34f2-a530-4072-87cc-7ca9a7f57e21,Antti Kaikkonen ja Jannika Ranta - Poikavauva on syntynyt: ”Pienet lenkkarit ovat odottaneet käyttäjäänsä”,2020-07-22T18:32:33+03:00,2020-07-23T02:16:58+03:00,Puolustusministeri kertoo asiasta Facebookissa.
023e81f5-26f5-48fc-b996-97a24b69ff76,http://iltalehti.fi/politiikka/a/023e81f5-26f5-48fc-b996-97a24b69ff76,IL-erikoishaastattelu: Antti Kaikkonen lapsensa lähestyvästä syntymästä: ”Vaikea löytää sanoja”,2020-07-18T08:02:31+03:00,2020-07-18T08:02:31+03:00,"Puolustusministeri Antti Kaikkonen (kesk) toteaa, että työllisyystoimista pitää päättää – pääministerin vastakkaisista puheista huolimatta – jo syyskuun budjettiriihessä."
2d3b73ef-ffae-463a-bc8f-48465cb82e6d,http://iltalehti.fi/politiikka/a/2d3b73ef-ffae-463a-bc8f-48465cb82e6d,Legendaaristen leijonien ja lampaiden kesäinen paluu - näin puoluepomot käyttäisivät ”koronasatasen”: ”Lapsille kirjoja”,2020-07-15T22:43:15+03:00,2020-07-15T22:43:15+03:00,MTV:n keskiviikkoisessa puheenjohtajatentissä onnistui Iltalehden yhden miehen raadin mielestä parhaiten perussuomalaisten Jussi Halla-aho.
1cdc21c1-c56b-4697-b2e5-50bdda9fca25,http://iltalehti.fi/paakirjoitus/a/1cdc21c1-c56b-4697-b2e5-50bdda9fca25,"Pääkirjoitus: Pekka Haaviston tilanne on tukala, mutta onko naisministerin asema Suomessa silti turvattomampi kuin miehen?",2020-07-12T18:11:17+03:00,2020-07-12T18:11:17+03:00,"Ulkoministeri Pekka Haaviston asema herättää yhä kysymyksiä, kirjoittaa Iltalehden Juha Keskinen."
47ba05e5-dc39-4e36-9401-6ddf565287bc,http://iltalehti.fi/politiikka/a/47ba05e5-dc39-4e36-9401-6ddf565287bc,HäSa: Katri Kulmuni väläyttelee paluuta hallitukseen jo kuntavaalien jälkeen,2020-07-10T14:28:22+03:00,2020-07-10T14:28:22+03:00,Jatkokaudelle keskustan puheenjohtajana hamuava ex-valtiovarainministeri ei hamua ministerinsalkkua ennen ensi vaaleja.
a4d83fdc-3f2e-4d38-998c-21095616df2a,http://iltalehti.fi/politiikka/a/a4d83fdc-3f2e-4d38-998c-21095616df2a,"Vanhanen tiukkana pääministeriä vastaan työllisyystoimiaikataulukiistassa – ""Omat lausuntoni eivät muutu”",2020-07-08T18:22:22+03:00,2020-07-08T21:00:20+03:00,Valtiovarainministeri Matti Vanhanen (kesk) ei allekirjoittanut pääministeri Sanna Marinin (sd)  näkemyksiä työllisyystoimiaikataulujen muuttumisesta.
ed322ca5-a0a6-4662-8c3c-d3b32da159a8,http://iltalehti.fi/politiikka/a/ed322ca5-a0a6-4662-8c3c-d3b32da159a8,"Kommentti: Politiikan normipäivä Suomessa: Hallituspuolueen puheenjohtaja moittii omaa hallitusta, eivätkä ministerit tiedä, milloin työllisyyspäätöksiä pitäisi tehdä",2020-07-08T15:23:51+03:00,2020-07-08T15:23:51+03:00,"On hieman huolestuttavaa, että edes Suomen valtiovarainministerillä ei ole tarkkaa tietoa siitä, milloin Suomen talouden ja kansalaisten työllistymisen kannalta kirjaimellisesti elintärkeitä päätöksiä on tarkoitus tehdä, kirjoittaa politiikan toimittaja Tommi Parkkonen."
65161a06-4757-4133-8e5d-afdeaa5a3fb8,http://iltalehti.fi/politiikka/a/65161a06-4757-4133-8e5d-afdeaa5a3fb8,TEM ja VM vahvistavat: Katri Kulmuni maksoi 56 203 euroa – soitti perjantaina ja pyysi tilinumeroa,2020-07-06T14:43:36+03:00,2020-07-06T14:43:36+03:00,Katri Kulmuni (kesk) maksoi 56 203 euroa entisille ministeriöilleen.
a21bafe2-eb2d-4644-8980-aeb557d241de,http://iltalehti.fi/politiikka/a/a21bafe2-eb2d-4644-8980-aeb557d241de,Ministeriero voi maksaa Katri Kulmunille yli 200 000 euroa – Matti Vanhanen ansaitsee ministerinä enemmän kuin eduskunnan puhemiehenä,2020-07-06T07:30:21+03:00,2020-07-06T07:30:21+03:00,Matti Vanhanen (kesk) ansaitsee valtiovarainministerinä noin sata euroa enemmän kuin eduskunnan puhemiehenä.
7a00bc86-1413-47fa-815f-2b23a9680a8e,http://iltalehti.fi/kotimaa/a/7a00bc86-1413-47fa-815f-2b23a9680a8e,HS-gallup: Tyytyväisyys hallitukseen ennätyskorkealla – Ohisalo saa muita keskeisiä ministereitä heikomman arvosanan omiensa keskuudessa,2020-07-05T05:31:52+03:00,2020-07-05T08:32:10+03:00,"Yli 70 prosenttia vastaajista oli sitä mieltä, että Sanna Marinin hallitus on onnistunut tehtävässään hyvin."
2ae377e2-2858-47cc-b6d3-4bddb0bf1e6a,http://iltalehti.fi/politiikka/a/2ae377e2-2858-47cc-b6d3-4bddb0bf1e6a,"Pienpanimoiden etämyynti koronatoimena kuopattu, liitot pettyneitä: ”Ulkomailta saan tilata ihan mitä vain alkoholia kotiovelle”",2020-07-04T13:39:43+03:00,2020-07-04T13:39:43+03:00,Hallitus selvittää nyt muun muassa Alkon valikoimien laajentamista.
943a5877-8e7e-478b-91c4-3a2a06d83ade,http://iltalehti.fi/politiikka/a/943a5877-8e7e-478b-91c4-3a2a06d83ade,"HS: Tällainen Sanna Marin on kulisseissa – kiroilee paljon, siivoaa rentoutuakseen",2020-07-04T09:33:48+03:00,2020-07-04T09:33:48+03:00,Sanna Marinin tuntevat kuvailevat HS:lle Marinin persoonan useita puolia.
68d4f87a-df41-44a9-b812-228223a2c75c,http://iltalehti.fi/politiikka/a/68d4f87a-df41-44a9-b812-228223a2c75c,Nyt linjaa EU-ministerivaliokunta: EU:n elvytyspaketin oikeusperusta kunnossa – perustuslakivaliokunta näki ongelmia,2020-07-03T11:30:05+03:00,2020-07-03T12:14:26+03:00,Suuri valiokunta ja perustuslakivaliokunta ovat olleet lausunnoissaan eri linjoilla EU:n elvytyspaketista.
88b9dad7-ff14-4c4b-a025-7804cd369c7f,http://iltalehti.fi/politiikka/a/88b9dad7-ff14-4c4b-a025-7804cd369c7f,Matti Vanhanen sai myytyä hulppean talonsa – hyväksyi ostotarjouksen juuri ennen Kulmunin taivuttelusoittoa,2020-07-03T08:43:38+03:00,2020-07-03T08:43:38+03:00,Valtiovarainministeri Matti Vanhasen uuden talon rakennusprojekti on jo hyvässä vauhdissa.
48b12980-360f-4fba-9077-4e688fdc67a6,http://iltalehti.fi/politiikka/a/48b12980-360f-4fba-9077-4e688fdc67a6,Katri Kulmunin entinen erityisavustaja varmisti itselleen 30 000 euron karenssikorvauksen – ilmoitus konsulttiyhtiön perustamisesta riitti,2020-07-02T05:53:18+03:00,2020-07-02T05:53:18+03:00,Koulutuskohun takia eronneen Katri Kulmunin erityisavustajana toiminut Kari Jääskeläinen saa valtiolta lähes 30 000 euron karenssikorvauksen.
abd6dc93-6015-4149-9d95-2a2b3bdf9a9d,http://iltalehti.fi/politiikka/a/abd6dc93-6015-4149-9d95-2a2b3bdf9a9d,IL-kysely: Keskusta haluaa pitää hallituksen koossa – ”Emme ole luistaneet hallitusvastuusta kuten esimerkiksi perussuomalaiset”,2020-06-24T05:59:38+03:00,2020-06-24T05:59:38+03:00,"Keskustapuolueen sisällä vaikuttaa pieni, mutta suorapuheinen sisäinen oppositio: ”Uskon, että ainut ratkaisu on pelata poliittisesti kovaa peliä ja lähteä hallituksesta.”"
40eb213b-1719-4401-b814-f19f2d75ba6e,http://iltalehti.fi/politiikka/a/40eb213b-1719-4401-b814-f19f2d75ba6e,Poliisi tutkii viestintähankinnat Katri Kulmunille – virkamiestä epäillään rikoksesta,2020-06-23T16:10:38+03:00,2020-06-23T16:10:38+03:00,Poliisi aloittaa esitutkinnan Katri Kulmunille (kesk) hankituista viestintäpalveluista.
61659fcc-f6ca-4dda-b2a0-1236d8beaf08,http://iltalehti.fi/politiikka/a/61659fcc-f6ca-4dda-b2a0-1236d8beaf08,HS:n gallup: Joka toisen mielestä Kulmuni teki oikein erotessaan,2020-06-20T09:01:30+03:00,2020-06-20T09:01:30+03:00,Matti Vanhasen nousua Kulmunin tilalle pidetään myös hyvänä asiana.
2941b159-9819-4085-bca0-b311ba31c3a8,http://iltalehti.fi/politiikka/a/2941b159-9819-4085-bca0-b311ba31c3a8,Timo Harakka pyrkii SDP:n varapuheenjohtajaksi,2020-06-17T13:11:54+03:00,2020-06-17T13:11:54+03:00,Liikenne- ja viestintäministeri Timo Harakka aikoo asettua ehdolle myös kuntavaaleissa.
1b31b683-6fd8-4af9-b9b6-89d2a56e5dbe,http://iltalehti.fi/politiikka/a/1b31b683-6fd8-4af9-b9b6-89d2a56e5dbe,HS:n gallup: SDP yhä suosituin puolue,2020-06-17T03:33:53+03:00,2020-06-17T03:33:53+03:00,"Vihreiden, vasemmistoliiton ja perussuomalaisten suosiossa on laskua."
c57e48b7-7346-4a6b-a644-0d4ce4d57ae0,http://iltalehti.fi/politiikka/a/c57e48b7-7346-4a6b-a644-0d4ce4d57ae0,"Erityisavustaja Jääskeläinen: Kulmuni pyysi minua selvittämään, miten koulutus voidaan järjestää",2020-06-16T15:56:15+03:00,2020-06-16T15:56:15+03:00,"Työ- ja elinkeinoministeriön julkaisemista asiakirjoista ilmenee, että ministerinä toimineen Katri Kulmunin ja erityisavustaja Kari Jääskeläisen kertomukset eivät ole kaikin osin yhteneväisiä."
2b48959d-dc04-49e4-9f8a-390cab5cf707,http://iltalehti.fi/politiikka/a/2b48959d-dc04-49e4-9f8a-390cab5cf707,"Näin Tekir valmensi Katri Kulmunia – ensimmäinen valmennus juuri ennen pj-kampanjan starttia, ilman hankintasopimusta",2020-06-16T13:58:20+03:00,2020-06-16T13:58:20+03:00,Työ- ja elinkeinoministeriön (TEM) selvityksen mukaan Katri Kulmunin valmennukset alkoivat heinäkuussa 2019 jo ennen tarjouksen jättämistä.
aae10734-c52e-4edd-ba2a-4aa763553f99,http://iltalehti.fi/politiikka/a/aae10734-c52e-4edd-ba2a-4aa763553f99,TEM:in sisäinen tarkastus suosittelee jatkotoimenpiteitä Katri Kulmunin avustajan suhteen – Kari Jääskeläinen toimi ministerin selän takana,2020-06-16T12:33:51+03:00,2020-06-16T12:33:51+03:00,"Sisäinen tarkastus suosittelee, että työ- ja elinkeinoministeriö ryhtyy jatkotoimenpiteisiin Katri Kulmunin (kesk) avustajan ja Tekirin suhteen."
1e269006-6c61-407e-84b0-14be05ff0e81,http://iltalehti.fi/politiikka/a/1e269006-6c61-407e-84b0-14be05ff0e81,Soini perussuomalaisten kohuista: ”Eihän tällainen käytös vetele - käyttäydytään huonosti ja ylpeillään sillä”,2020-06-15T17:08:55+03:00,2020-06-15T17:08:55+03:00,Ex-ulkoministerin mielestä nykyinen ”järkyttävä hallitus” on pärjännyt ”kohtuullisesti” koronakriisin hoitamisessa.
0e7f9ff8-5f7f-45bb-93a6-943f4ec24289,http://iltalehti.fi/politiikka/a/0e7f9ff8-5f7f-45bb-93a6-943f4ec24289,Pitkä-Matti tuli taloon! Näin viisikon yhteiskuva muuttuu Katri Kulmunin eron myötä,2020-06-15T06:29:58+03:00,2020-06-15T06:29:58+03:00,Tuore valtiovarainministeri Matti Vanhanen (kesk) on viisikon muita ministereitä reilusti päätä pidempi.
53240425-9e58-47c4-91f8-d1d79f059716,http://iltalehti.fi/politiikka/a/53240425-9e58-47c4-91f8-d1d79f059716,"10 vuotta sitten nähtiin legendaarinen marssi ulos puoluekokouksesta – nyt Jarmo Korhonen kertoo, ”miten ne tuhosivat ison puolueen”",2020-06-13T12:06:26+03:00,2020-06-13T12:06:26+03:00,Keskustan entisen puoluesihteeri Jarmo Korhosen mukaan myös Katri Kulmuni ajettiin miinaan.
79c973b8-7775-4cf4-8144-5b61ca1367a0,http://iltalehti.fi/politiikka/a/79c973b8-7775-4cf4-8144-5b61ca1367a0,Katri Kulmuni kiemurteli ministerikysymyksen edessä – lähtee luottavaisena puheenjohtajakisaan,2020-06-13T09:19:46+03:00,2020-06-13T15:15:37+03:00,Keskustan puoluevaltuusto on kokoustanut tänään kello 10 alkaen. Katri Kulmuni kävi median haastateltavana noin kello 13.40.
043089ec-1f6d-4464-9ac3-5453d5524572,http://iltalehti.fi/politiikka/a/043089ec-1f6d-4464-9ac3-5453d5524572,Jussi Halla-aho kommentoi kohuja ja nauratti yleisöä lööppivitsillään,2020-06-13T09:08:13+03:00,2020-06-13T11:44:09+03:00,Halla-aho puhui perussuomalaisten puoluevaltuustolle lauantaiaamuna.
c4a672b4-8684-4713-b2f9-544d5e45f35a,http://iltalehti.fi/politiikka/a/c4a672b4-8684-4713-b2f9-544d5e45f35a,Väyrynen: Kulmunin tulee jatkaa puheenjohtajana - epäilee keskustaliberaalien junailevan Saarikkoa tilalle,2020-06-12T11:27:54+03:00,2020-06-12T11:27:54+03:00,Paavo Väyrysen mukaan keskustan ei pidä vaihtaa puheenjohtajaa syyskuun puoluekokouksessa.
eaaa1142-6d50-4cca-9798-04b9afe3ce36,http://iltalehti.fi/politiikka/a/eaaa1142-6d50-4cca-9798-04b9afe3ce36,"Katri Kulmuni myönsi erheensä tupaillassa – ""En toivoisi kenellekään vastaavaa”",2020-06-11T20:48:59+03:00,2020-06-11T20:48:59+03:00,Keskustan puheenjohtaja kävi läpi tuntojaan kohun keskeltä Keskustan virtuaalisessa tupaillassa.
f3696ef5-2d0b-4926-bb63-bfbb41ecca6e,http://iltalehti.fi/politiikka/a/f3696ef5-2d0b-4926-bb63-bfbb41ecca6e,"Katri Kulmunin Tekir-selvitys ei valmistukaan tänään, TEM pyytää osapuolilta lisätietoja – vastausaikaa tasan viikko",2020-06-11T14:16:27+03:00,2020-06-11T14:16:27+03:00,Työ- ja elinkeinoministeriön sisäisen tarkastuksen selvitys Katri Kulmunin viestintäkoulutuksesta saattaa olla valmis vasta juhannuksen jälkeen.
bda9adb2-d8a8-4d86-8d08-e9b763c1757e,http://iltalehti.fi/kotimaa/a/bda9adb2-d8a8-4d86-8d08-e9b763c1757e,Kolumni: Onko eronnut Katri Kulmuni nyt maalituksen kohteena? Tästä kohussa on kyse ,2020-06-11T06:00:43+03:00,2020-06-11T06:00:43+03:00,"Toimittaja ei maalita poliitikkoa, kun kertoo väärinkäytöksistä – hän tekee työtään, kirjoittaa Iltalehden kolumnisti Sanna Ukkola."
ddfad8c0-bb20-4f70-a8a7-41ae73217b14,http://iltalehti.fi/politiikka/a/ddfad8c0-bb20-4f70-a8a7-41ae73217b14,IL-kysely: Keskustan vaikuttajat haluavat Annika Saarikosta puheenjohtajan - Katri Kulmunin suosio suli,2020-06-09T20:56:19+03:00,2020-06-09T20:56:19+03:00,"Saarikko saa IL-kyselyssä 47 prosentin suosion puheenjohtajaksi, Kulmuni 32 %:n. IL:n tietojen mukaan Saarikko asettuu ehdolle ja haastaa Kulmunin."
813b096e-68af-4f69-90d5-ce3f4260026e,http://iltalehti.fi/politiikka/a/813b096e-68af-4f69-90d5-ce3f4260026e,"Katri Kulmuni aikoi jäädä viisikkoon, näin hän muutti puheitaan: ”Siellä on tietenkin Matti Vanhanen”",2020-06-09T11:42:08+03:00,2020-06-09T11:42:08+03:00,"Katri Kulmuni korostaa nyt, että viisikko tekee hallituksen valmistelutyötä, eikä hän voi valtioneuvoston ulkopuolisena henkilönä siihen osallistua."
a9ab948f-3cbf-4e06-bc30-328beec73ea8,http://iltalehti.fi/politiikka/a/a9ab948f-3cbf-4e06-bc30-328beec73ea8,"Vanhanen osaksi viisikkoa, kertoo pääministeri Marin Twitterissä",2020-06-09T10:31:40+03:00,2020-06-09T10:31:40+03:00,Pääministeri kertoo asiasta Twitterissä.
02df0f66-74d1-4cf1-aad6-1d947d7162a2,http://iltalehti.fi/politiikka/a/02df0f66-74d1-4cf1-aad6-1d947d7162a2,TEM vaatii Katri Kulmunilta selvityksen kohutusta Tekir-hankinnasta vielä tänään – tunnustus muutti tilanteen,2020-06-09T09:49:38+03:00,2020-06-09T09:49:38+03:00,Työ- ja elinkeinoministeriö vaatii Katri Kulmunilta (kesk) selvityksen 24 100 euron Tekir-hankinnasta.
3cf103ba-812c-459c-810e-2857d9e9eaf0,http://iltalehti.fi/politiikka/a/3cf103ba-812c-459c-810e-2857d9e9eaf0,Katri Kulmunin tiukat talouspuheet eivät innosta hallituskumppaneita – ”Eivät ole luomassa luottamusta”,2020-06-09T09:02:27+03:00,2020-06-09T15:51:54+03:00,Pääministeri Sanna Marinin mukaan nyt ei ole sopeutustoimien aika.
347cb1aa-467e-449b-90c2-2ca0c2143c7b,http://iltalehti.fi/politiikka/a/347cb1aa-467e-449b-90c2-2ca0c2143c7b,Vanhanen nousee pääministerin sijaiseksi ja johtaa keskustan ministeriryhmää,2020-06-09T08:42:41+03:00,2020-06-09T08:42:41+03:00,Uusi valtiovarainministeri Matti Vanhanen on keskustan ykköshenkilö hallitustasolla.
c9ec72a8-0a61-42a5-870c-c975033835cc,http://iltalehti.fi/politiikka/a/c9ec72a8-0a61-42a5-870c-c975033835cc,Keskusta sai moitteita työnjaosta – Matti Vanhanen A-studiossa: ”Valtio-oppineet ovat hätiköineet”,2020-06-08T22:47:02+03:00,2020-06-08T22:47:02+03:00,"Tuleva valtiovarainministeri Matti Vanhanen sanoi Ylen A-studiossa, että hän aikoo olla tarkkana siinä, ettei ota puoluejohtajan asemaa."
7d7776f3-5eb0-42de-971f-dd2b03c9198a,http://iltalehti.fi/politiikka/a/7d7776f3-5eb0-42de-971f-dd2b03c9198a,Oppositiojohtajat kritisoivat Kulmunin aikeita jatkaa viisikossa – Orpo: ”Iso ongelma”,2020-06-08T19:14:53+03:00,2020-06-08T19:14:53+03:00,"Mistä Kulmuni oikein päättää, kun ministerit vastaavat omista alueistaan? kysyy Liike Nytin Harry Harkimo."
a47f0187-26c1-4383-bae6-117c0054972e,http://iltalehti.fi/politiikka/a/a47f0187-26c1-4383-bae6-117c0054972e,Keskusta valitsi Anu Vehviläisen puhemiesehdokkaaksi: ”Valinta oli selkeä”,2020-06-08T17:55:49+03:00,2020-06-08T19:11:31+03:00,Keskusta valitsi Anu Vehviläisen puolueen puhemiesehdokkaaksi.
35c60b16-fb86-499f-bdd4-0af41d275716,http://iltalehti.fi/politiikka/a/35c60b16-fb86-499f-bdd4-0af41d275716,Työ- ja elinkeinoministeriön sisäinen tarkastus selvittää Tekir-hankinnan – Kulmunin viestintäkoulutus hankittiin poikkeuksellisella tavalla,2020-06-08T17:34:12+03:00,2020-06-08T17:34:12+03:00,Työ- ja elinkeinoministeriö ei ole tehnyt oikeudellista arviota Katri Kulmunin (kesk) Tekir-hankinnasta.
b73b6a5c-f5b6-4494-8791-a19f7506f137,http://iltalehti.fi/politiikka/a/b73b6a5c-f5b6-4494-8791-a19f7506f137,Suomenmaa: Kulmunin erityisavustaja Kari Jääskeläinen pyysi keskustalaisilta anteeksi,2020-06-08T16:46:45+03:00,2020-06-08T18:53:39+03:00,Katri Kulmunin erityisavustaja Kari Jääskeläinen pahoittelee Suomenmaa-lehden mukaan toimintaansa.
c40e2e0c-18e0-4280-ac7e-6f66183b5e31,http://iltalehti.fi/politiikka/a/c40e2e0c-18e0-4280-ac7e-6f66183b5e31,SAK tyrmää Katri Kulmunin ”puskista tulleen” idean eläkeiän nostosta – EK:kin hämmästyi,2020-06-08T15:49:00+03:00,2020-06-08T17:45:44+03:00,SAK ja STTK eivät näe nyt tarvetta eläkeiän nostolle. EK kannattaa asiaa pidemmällä tähtäimellä.
3830cf04-9709-45b6-a204-e52dab8da5a1,http://iltalehti.fi/paakirjoitus/a/3830cf04-9709-45b6-a204-e52dab8da5a1,"Pääkirjoitus: Katri Kulmuni unohti, mitä  poliittisen vastuun kantaminen on - kyynelien jälkeen tuli kouristuksenomainen takertuminen valtaan",2020-06-08T14:22:49+03:00,2020-06-08T14:22:49+03:00,"Entistä ministeriä ei pidä yrittää puliveivata hallitusvallan kammareihin, kirjoittaa uutispäätoimittaja Perttu Kauppinen."
3033baa0-6b70-491e-9cb6-ab143ef63f9f,http://iltalehti.fi/politiikka/a/3033baa0-6b70-491e-9cb6-ab143ef63f9f,"Professori pitää Kulmunin viisikkoon jäämistä kestämättömänä: ""Ei ole enää siinä asemassa"" ",2020-06-08T12:52:38+03:00,2020-06-08T21:17:16+03:00,"Valtiosääntöoikeuden professori toteaa, ettei valtioneuvoston päätöksiä voi olla tekemässä valtioneuvoston ulkopuolinen henkilö."
72c4fe33-1fab-49d6-be66-72c9acee269a,http://iltalehti.fi/politiikka/a/72c4fe33-1fab-49d6-be66-72c9acee269a,Professori Vanhasen ministeripestistä: ”Ilmeisesti keskustassa oli kova paine”,2020-06-08T12:34:29+03:00,2020-06-08T12:34:29+03:00,"Valtio-opin professori Ilkka Ruostetsaari pitää luonnollisena, ettei Katri Kulmuni ole kiinnostunut siirtymään Vanhasen tilalle eduskunnan puhemieheksi."
c135da49-3217-47e4-adcc-50a85339a1ad,http://iltalehti.fi/politiikka/a/c135da49-3217-47e4-adcc-50a85339a1ad,Jussi Halla-aho vaikeasta päätöksestä erottaa Ano Turtiainen eduskuntaryhmästä: ”Yksittäinen jäsen ei uhraa eduskuntaryhmää”,2020-06-08T11:02:05+03:00,2020-06-08T14:13:43+03:00,Perussuomalaisten puheenjohtajan Jussi Halla-ahon mukaan Katri Kulmunin ero johtui  kepulaisesta perisynnistä: ”Hän sekoitti omat rahat ja veronmaksajan rahat”.
8c567aab-1e5c-428d-889a-45ab3798fa70,http://iltalehti.fi/politiikka/a/8c567aab-1e5c-428d-889a-45ab3798fa70,Uusi valtiovarainministeri on Matti Vanhanen - Kulmuni aikoo jatkaa hallituksen johtoviisikossa,2020-06-08T07:46:51+03:00,2020-06-08T16:03:19+03:00,Keskustan puheenjohtaja Katri Kulmuni ei halua eduskunnan puhemieheksi Vanhasen tilalle.
38c10559-4d25-4879-af5b-581b18dc1646,http://iltalehti.fi/politiikka/a/38c10559-4d25-4879-af5b-581b18dc1646,Kulmuni vihjaisi seuraavasta valtiovarainministeristä Ylellä: ”Suomen kannalta paras henkilö”,2020-06-07T21:33:40+03:00,2020-06-07T21:33:40+03:00,Kulmunin mukaan valtiovarainministerin pesti on erityisen vaikea koronakevään takia.
7b2e57d7-6be8-49c7-a34b-c5e92512352e,http://iltalehti.fi/politiikka/a/7b2e57d7-6be8-49c7-a34b-c5e92512352e,Jo kolmas ministeriero - tällä vaalikaudella on ollut salkunkierrätystalkoot: ”Katrin asema melko heikko”,2020-06-07T20:23:56+03:00,2020-06-07T20:23:56+03:00,Keskusta valitsee Katri Kulmunin tilalle uuden valtiovarainministerin maanantaiaamuna.
cfe2f23f-d5b2-4ad5-8309-2824da48bbde,http://iltalehti.fi/paakirjoitus/a/cfe2f23f-d5b2-4ad5-8309-2824da48bbde,Pääkirjoitus: Keskusta yrittää rytminvaihdosta hallituksessa Kulmunin kaaduttua,2020-06-07T20:09:46+03:00,2020-06-07T20:09:46+03:00,"Valtiovarainministeriksi esillä olleet nimet kielivät siitä, että keskusta hakee selvää rytminvaihdosta nimenomaan talous- ja työllisyysasioissa, kirjoittaa Juha Ristamäki."
47ff3a41-a097-424b-a9ed-de56e2664364,http://iltalehti.fi/politiikka/a/47ff3a41-a097-424b-a9ed-de56e2664364,Katri Kulmuni tyrmää spekulaatiot somessa: ”Keskusta jatkaa hallituksessa”,2020-06-07T13:48:20+03:00,2020-06-07T13:48:20+03:00,"Katri Kulmuni tviittasi, että uusi valtionvarainministeri valitaan maanantaina."
255eaa3f-d9c7-436e-b976-4c1bd1564aef,http://iltalehti.fi/politiikka/a/255eaa3f-d9c7-436e-b976-4c1bd1564aef,Kommentti: Vääntö Kulmunin seuraajasta valtiovarainministeriksi käy kuumana: Matti Vanhanen on vahvoilla,2020-06-06T22:01:04+03:00,2020-06-07T22:24:38+03:00,"Sunnuntai-iltana näytti, että uudeksi valtiovarainministeriksi on nousemassa entinen pääministeri Matti Vanhanen, kirjoittaa Juha Ristamäki."
1b3fbedd-0b56-42a8-aa74-67735530762a,http://iltalehti.fi/politiikka/a/1b3fbedd-0b56-42a8-aa74-67735530762a,"SK: Osa keskustan johdosta epäilee, että Katri Kulmuni yrittää kaataa hallituksen",2020-06-06T20:12:30+03:00,2020-06-06T21:00:53+03:00,Vasta eronneen valtiovarainministerin ympärillä kuohuu.
86c6caa1-02d8-4791-ac51-8d0a0f2d89d9,http://iltalehti.fi/politiikka/a/86c6caa1-02d8-4791-ac51-8d0a0f2d89d9,Paavo Väyrynen asettuu Kulmunin tueksi – on valmis maksamaan kohukoulutuksesta ”tuntuvalla summalla”,2020-06-06T13:15:09+03:00,2020-06-06T13:15:09+03:00,Väyrynen ehdottaa blogikirjoituksessaan Keskustaa maksajaksi Kulmunin esiintymiskoulutuksille jatkossa. Hän tarjoutuu myös itse maksumieheksi.
47afa9e0-ca1d-4491-9069-cad4f4d1ac6b,http://iltalehti.fi/politiikka/a/47afa9e0-ca1d-4491-9069-cad4f4d1ac6b,Kulmuni haluaa jatkaa keskustan johdossa - keskustan valinta uudeksi valtiovarainministeriksi siirtyy maanantaille,2020-06-06T12:30:08+03:00,2020-06-06T21:02:24+03:00,Valtiovarainministerin paikalta eronnut keskustan puheenjohtaja Katri Kulmuni aikoo asettua ehdolle puoluekokouksessa syyskuussa.
e8b07597-fad7-4311-9fe5-0998363d38f9,http://iltalehti.fi/politiikka/a/e8b07597-fad7-4311-9fe5-0998363d38f9,Kohukonsultti Saukkomaa kertoo Kulmunin koulutuksesta: ”Ensisijaisesti valmensimme ministeriä”,2020-06-06T08:23:57+03:00,2020-06-06T08:23:57+03:00,"Tekir ja sen perustaja Harri Saukkomaa antoivat Katri Kulmunille (kesk) esiintymisvalmennusta yli 50 000 eurolla. Lopulta syntyi kohu, joka johti ministerin eroon."
1d7a3ad0-d1b9-48aa-9483-73900f10cbee,http://iltalehti.fi/politiikka/a/1d7a3ad0-d1b9-48aa-9483-73900f10cbee,Katri Kulmunin kujanjuoksu – Näin ministerin eroon johtanut piinaviikko eteni,2020-06-06T07:00:48+03:00,2020-06-06T07:00:48+03:00,"Kohun keskelle joutunut Katri Kulmuni (kesk) ilmoitti perjantaina, ettei hän jatka enää ministerinä."
87c82bea-e0bd-45cd-97c4-81970491cf71,http://iltalehti.fi/politiikka/a/87c82bea-e0bd-45cd-97c4-81970491cf71,Matti Vanhanen ja puoluesihteeri kertovat Ylellä keskustan tuskasta: ”Väki oli itku silmässä”,2020-06-05T21:27:27+03:00,2020-06-05T21:27:27+03:00,Eduskunnan puhemies Matti Vanhanen ei ole käytettävissä valtiovarainministeriksi.
794d6777-5d1b-443e-ba46-b5a5373103e0,http://iltalehti.fi/politiikka/a/794d6777-5d1b-443e-ba46-b5a5373103e0,Kulmunin ero huomattiin maailmalla – ”Suomalaisministeri eroaa”,2020-06-05T21:05:30+03:00,2020-06-05T21:05:30+03:00,Tapauksesta ovat uutisoineet muun muassa BBC ja Aftonbladet.
1704dd98-d977-4e78-9a7f-f02b8adc490a,http://iltalehti.fi/politiikka/a/1704dd98-d977-4e78-9a7f-f02b8adc490a,"Kommentti: Kulmuni kaatui rikosepäilyn mahdollisuuteen, vaihtoehdot loppuivat sen takia",2020-06-05T18:21:34+03:00,2020-06-05T18:21:34+03:00,"Ratkaisevaa Katri Kulmunin kannalta ei ollut se, millainen mielikuva kalliista konsulttipalkkioista syntyi, vaan se, mistä niissä tosiasiallisesti oli kyse, kirjoittavat Lauri Nurmi ja Juha Ristamäki."
a031dbb4-9a7b-413a-8a6e-3781f6db464f,http://iltalehti.fi/politiikka/a/a031dbb4-9a7b-413a-8a6e-3781f6db464f,"""Poikkeamiset nousevat helposti otsikoihin"" - IL paljastaa viestinvaihdon Kulmunin kohukoulutuksen taustalla",2020-06-05T18:12:53+03:00,2020-06-06T07:44:03+03:00,"Sähköpostiviestit elokuulta 2019 paljastavat, miten paljon keskusta halusi Katri Kulmunin sparraajaksi juuri Tekirin ja Harri Saukkomaan."
824b2d9c-4123-4f58-942a-e9787343ca59,http://iltalehti.fi/politiikka/a/824b2d9c-4123-4f58-942a-e9787343ca59,Kulmuni-kohu: Näin Harri Saukkomaa opastaa kirjassa ohjailemaan toimittajia – ”Tämä temppu saattaa pudottaa kärryiltä”,2020-06-05T18:10:19+03:00,2020-06-05T18:10:19+03:00,"Ministerin rahankäyttökohun sivuhahmo Harri Saukkomaa on sattumalta haastattelujen asiantuntijana kirjassa, joka julkaistaan ensi viikolla. "
dbf226b3-87e9-464b-a1c2-6db34cf2d3ac,http://iltalehti.fi/politiikka/a/dbf226b3-87e9-464b-a1c2-6db34cf2d3ac,Kolme ministeriä ulos vuodessa – selviytyykö hallitus tehtävistään? RKP:n Henriksson: ”Politiikasta on tullut raadollisempaa”,2020-06-05T17:38:04+03:00,2020-06-05T17:38:04+03:00,"Konkariministeri Anna-Maja Henriksson vaatii, että hallitus pysyy toimintakykyisenä myös Katri Kulmunin erottua."
15d1ab0d-1635-469b-9991-70112c3950b4,http://iltalehti.fi/politiikka/a/15d1ab0d-1635-469b-9991-70112c3950b4,Kommentti: Kyynelsilmäinen ministeri on pysäyttävä näky,2020-06-05T17:18:30+03:00,2020-06-05T17:18:30+03:00,"Valtiosalissa oli harvinainen tunnelma, kirjoittaa toimittaja Mari Pudas."
9814da6a-7c2a-44e5-9ba4-9136b2ae06e8,http://iltalehti.fi/politiikka/a/9814da6a-7c2a-44e5-9ba4-9136b2ae06e8,Keskusta nimeää Kulmunin seuraajan sunnuntaina,2020-06-05T17:17:03+03:00,2020-06-05T17:32:18+03:00,Kokous pidetään Helsingissä.
a1165ee9-55cb-4df8-b99a-9c8d9f4012ee,http://iltalehti.fi/politiikka/a/a1165ee9-55cb-4df8-b99a-9c8d9f4012ee,"Tässä on Katri Kulmunin eropuhe sanasta sanaan – ”Jälkiviisaana ymmärrän, että maailman kaikista puheista juuri tuota ei olisi tullut käyttää”",2020-06-05T16:44:16+03:00,2020-06-05T16:44:16+03:00,"Katri Kulmuni jatkaa keskustan johdossa, mutta eroaa valtiovarainministerin tehtävästä. Taustalla on kohu hänelle hankitusta esiintymiskoulutuksesta."
f2b66f6b-e132-401f-9187-1ffa306fb0d2,http://iltalehti.fi/politiikka/a/f2b66f6b-e132-401f-9187-1ffa306fb0d2,Kenestä Kulmunin seuraaja – eli kumpi tekee paluun: Lintilä vai Saarikko? Entä mitä tekee Kaikkonen?,2020-06-05T16:37:42+03:00,2020-06-05T16:37:42+03:00,Keskustalla on kolme vahvaa ehdokasta valtiovarainministeriksi Katri Kulmunin tilalle.
54d70297-db2b-4afc-a9cb-76fab62ae3c9,http://iltalehti.fi/paakirjoitus/a/54d70297-db2b-4afc-a9cb-76fab62ae3c9,Pääkirjoitus: Kulmuni teki eroamalla oikean ratkaisun,2020-06-05T16:01:17+03:00,2020-06-05T16:01:17+03:00,"Valtiovarainministerin erolla on valtava vaikutus myös hallitusyhteistyöhön, kirjoittaa vastaava päätoimittaja Erja Yläjärvi."
54a0d285-744d-47cc-96e4-10965a5164ed,http://iltalehti.fi/politiikka/a/54a0d285-744d-47cc-96e4-10965a5164ed,Pääministeri Marin tukee Kulmunin eropäätöstä: ”Oli varmasti vaikea”,2020-06-05T15:50:09+03:00,2020-06-05T15:50:09+03:00,Hallituspuolueiden johtajat kiittävät Katri Kulmunia yhteistyöstä.
2a7ffd89-8cbc-4101-a6b7-d38f3858795c,http://iltalehti.fi/politiikka/a/2a7ffd89-8cbc-4101-a6b7-d38f3858795c,Kulmuni eroaa ministerin virasta - ”Minun on kannettava vastuu”,2020-06-05T14:48:54+03:00,2020-06-05T15:53:24+03:00,Keskustan puheenjohtaja piti lyhyen tiedotustilaisuuden eduskunnan Valtiosalissa.
e833e9c6-e69c-42bd-b98c-a78a09f8f011,http://iltalehti.fi/politiikka/a/e833e9c6-e69c-42bd-b98c-a78a09f8f011,"Antti Rinne, nauttiiko Katri Kulmuni vielä SDP:n luottamusta?",2020-06-05T14:36:37+03:00,2020-06-05T14:36:37+03:00,Kulmunin joulukuussa kaatama SDP:n puheenjohtaja ei halunnut avata puolueensa kantaa. 
d6fabd7a-26c2-4b76-8629-60749e8cd33d,http://iltalehti.fi/politiikka/a/d6fabd7a-26c2-4b76-8629-60749e8cd33d,Näkökulma: Jossain läntisessä sivistysvaltiossa Kulmuni olisi jo eronnut - ja keskustassa pohditaan nyt hänen seuraajaansa,2020-06-05T13:50:44+03:00,2020-06-05T13:50:44+03:00,"Keskusta miettii jo, kenet puolue voisi laittaa uudeksi valtiovarainministeriksi. Olisiko se Matti Vanhanen, kysyy politiikan toimittaja Tommi Parkkonen."
cf24b1cb-3257-45d9-b29c-9149b6e4af2f,http://iltalehti.fi/politiikka/a/cf24b1cb-3257-45d9-b29c-9149b6e4af2f,Oppositiojohtajat kritisoivat Katri Kulmunia – Halla-aho: ”Kulmuni on toiminut vähintään moraalisesti kestämättömällä tavalla”,2020-06-05T12:41:24+03:00,2020-06-05T12:41:24+03:00,"Perussuomalaisten puheenjohtaja Jussi Halla-aho toivoo, että Katri Kulmuni ja keskusta vetävät Tekir-kohusta tarvittavat johtopäätökset."
2954ac79-7ad9-4ba6-ab3e-557e82f316ac,http://iltalehti.fi/politiikka/a/2954ac79-7ad9-4ba6-ab3e-557e82f316ac,"Poliisi selvittää Katri Kulmunin koulutusvyyhtiä: ”Arvioidaan, onko syytä epäillä rikosta”",2020-06-05T12:08:45+03:00,2020-06-05T15:28:03+03:00,Keskustajohtajan esiintymiskoulutusten lasku on päätynyt poliisin työpöydälle.
ab9ea29c-67bb-418c-a80f-946bc28c911f,http://iltalehti.fi/politiikka/a/ab9ea29c-67bb-418c-a80f-946bc28c911f,IL-Analyysi: Katri Kulmuni käytti valtion rahoja oman etunsa edistämiseen,2020-06-05T01:27:00+03:00,2020-06-05T01:27:00+03:00,"Rahojen palauttaminen ei nyt riitä, kirjoittavat Iltalehden Marko-Oskari Lehtonen, Lauri Nurmi ja Juha Ristamäki."
3e915a30-51b2-4b16-b086-f6aea385deff,http://iltalehti.fi/paakirjoitus/a/3e915a30-51b2-4b16-b086-f6aea385deff,Pääkirjoitus: Lobbarikonsultit kairaavat reikiä päätöksenteon avoimuuteen ja luotettavuuteen,2020-06-04T17:41:22+03:00,2020-06-04T17:41:22+03:00,"Katri Kulmunin viestintäkoulutuskohussa on kyse muustakin kuin siitä, kuka laskut maksaa, kirjoittaa uutispäätoimittaja Perttu Kauppinen."
ddd8ef91-ea98-4c0b-b26d-2d1547a514ca,http://iltalehti.fi/politiikka/a/ddd8ef91-ea98-4c0b-b26d-2d1547a514ca,”Erinomainen esiintyjä” – näin Katri Kulmunin tukijat kehuivat ministeriä ennen keskustan puoluekokousta,2020-06-04T17:17:13+03:00,2020-06-04T17:17:13+03:00,Tukijoiden mukaan Katri Kulmuni (kesk) olisi pärjännyt ministerinä ja keskustan puheenjohtajana ilman kallista esiintymiskoulutustakin.
7c9fef61-ce79-4988-899d-ccf936a8fbb3,http://iltalehti.fi/politiikka/a/7c9fef61-ce79-4988-899d-ccf936a8fbb3,Hallitus ihmetteli kyselytunnilla kokoomuksen politiikkaa: ”Olen hämmentynyt - haluaako kokoomus lisätä menoja vai vähentää menoja?”,2020-06-04T15:53:41+03:00,2020-06-04T17:21:52+03:00,Kyselytuntia johtanut eduskunnan 2. varapuhemies Juho Eerola (ps) joutui puuttumaan oman puoluekollegansa valehtelusyytteisiin.
7418203e-6ebe-4769-8f33-9ca731bf08dd,http://iltalehti.fi/politiikka/a/7418203e-6ebe-4769-8f33-9ca731bf08dd,Ministeriö tutki Kulmunin puhekoulutuksen jättilaskun: kokonaishintaa ei sovittu – toisen ministeriön hankinnat paljastuivat myöhemmin,2020-06-04T08:54:16+03:00,2020-06-04T08:54:16+03:00,Valtiovarainministeriö ja työ- ja elinkeinoministeriö ovat laatineet oikeudellisen arvion Katri Kulmunille tehdyistä hankintasopimuksista.
8fa9beff-e611-46b6-a3f4-0363968a6924,http://iltalehti.fi/politiikka/a/8fa9beff-e611-46b6-a3f4-0363968a6924,Näkökulma: Politiikkaa veronmaksajien rahoilla – Katri Kulmunilla menivät puurot ja vellit sekaisin,2020-06-04T05:54:29+03:00,2020-06-04T05:54:29+03:00,"Katri Kulmunille hankittu kallis koulutus näyttää liittyneen keskustan puheenjohtajakisaan, kirjoittaa politiikan ja talouden toimittaja Marko-Oskari Lehtonen."
91276ac9-69ad-4c87-9981-1660b638530b,http://iltalehti.fi/politiikka/a/91276ac9-69ad-4c87-9981-1660b638530b,Kulmuni kohukoulutuksestaan: ”Summa yllätti minutkin - maksan kaiken takaisin”,2020-06-03T20:57:24+03:00,2020-06-03T21:00:01+03:00,"Valtiovarainministeri Katri Kulmuni (kesk) aikoo maksaa takaisin noin 50 000 euron summan, mitä ministeriöt ovat käyttäneet hänen esiintymiskoulutukseensa."
24994571-e7de-4875-b3dd-9cc182ab8e0c,http://iltalehti.fi/politiikka/a/24994571-e7de-4875-b3dd-9cc182ab8e0c,Katri Kulmuni sai kallista puhekoulutusta – Asiantuntija: Rinteen eroon johtanut esiintyminen oli selvästi harjoiteltu ,2020-06-03T20:12:41+03:00,2020-06-03T20:12:41+03:00,Katri Kulmuni on saanut kallista viestintäkonsultointia. Asiantuntija arvioi Kulmunin Rinteen eroon liittyvää viestintää.
99d829cf-e385-409f-9fee-2cc054dc5969,http://iltalehti.fi/politiikka/a/99d829cf-e385-409f-9fee-2cc054dc5969,Katri Kulmunille hankittiin esiintymiskoulutusta pika-aikataululla pj-kampanjan alla – Tekirin omistaja oli paikalla kampanjastartissa,2020-06-03T18:25:56+03:00,2020-06-03T18:25:56+03:00,"Ministeriö hankki Katri Kulmunille (kesk) kallista esiintymiskoulutusta samaan aikaan, kun Kulmuni aloitti puheenjohtajakampanjansa kesällä 2019."
531b38ec-2567-425d-ac5f-bdf75465ff77,http://iltalehti.fi/politiikka/a/531b38ec-2567-425d-ac5f-bdf75465ff77,Keskusta sai aiemmin vaalirahaa Kulmunia valmentaneelta firmalta – viestintäpomo Saukkomaa: kyse seminaariosallistumisesta ,2020-06-03T12:50:04+03:00,2020-06-03T16:48:17+03:00,Tekir Oy:n hallituksen puheenjohtaja Harri Saukkomaa ei halua kommentoida Kulmunin valmennuspalveluista noussutta kohua. 
3d7883b1-9be8-4db6-8d52-908484ea4d94,http://iltalehti.fi/politiikka/a/3d7883b1-9be8-4db6-8d52-908484ea4d94,"Kun 5,5 miljardin koronabudjetti meni julki, alkoi hallituksesta kehujen tulva maakuntien tierahoihin",2020-06-03T09:38:00+03:00,2020-06-03T09:38:00+03:00,Kansanedustajat kiirehtivät iloitsemaan omalle alueelleen saaduista panostuksista.
b1a68107-1cfe-4c23-b4d1-c1188aabc9c7,http://iltalehti.fi/politiikka/a/b1a68107-1cfe-4c23-b4d1-c1188aabc9c7,"Näkökulma: Ostiko Katri Kulmuni konsulttiapua verorahoilla hallituskriisissä, jonka keskusta junaili? ",2020-06-02T22:22:13+03:00,2020-06-02T22:22:13+03:00,"Keskustan puheenjohtajan Katri Kulmunin saama viestintäkoulutus Antti Rinteen kaatopäivänä herättää paljon kysymyksiä, kirjoittaa Juha Ristamäki."
2d22b9ae-ae4c-48cf-93ed-338a0cbc0779,http://iltalehti.fi/politiikka/a/2d22b9ae-ae4c-48cf-93ed-338a0cbc0779,Näin Katri Kulmunia kouluttanut yhtiö on laskuttanut ministeriöitä,2020-06-02T22:18:59+03:00,2020-06-02T22:18:59+03:00,Alle kahdessa vuodessa Tekir on laskuttanut ministeriöiltä noin 80 000 euroa.
d246f631-d4b0-48b8-a047-6c97d1e969af,http://iltalehti.fi/politiikka/a/d246f631-d4b0-48b8-a047-6c97d1e969af,Oppositio hämmästelee Kulmunin koulutusten maksamista valtion pussista – Halla-aho: ”Maksaisimme omista rahoistamme”,2020-06-02T21:56:13+03:00,2020-06-02T22:44:53+03:00,Halla-aho ei halunnut lähteä ilkeämieliseen spekulointiin pääministerin kaatamisesta.
55247eee-16f4-423c-b7fa-1114d274731a,http://iltalehti.fi/politiikka/a/55247eee-16f4-423c-b7fa-1114d274731a,SK: Katri Kulmunille esiintymiskoulutusta lähes 50 000 eurolla – ministeriöt maksoivat,2020-06-02T20:21:42+03:00,2020-06-02T22:43:02+03:00,"Tekir ja työ- ja elinkeinoministeriö sopivat Kulmunin viestintävalmentamisesta elokuussa, kertoo Suomen Kuvalehti."
4a874931-052b-4b34-b0f8-07462f477b64,http://iltalehti.fi/talous/a/4a874931-052b-4b34-b0f8-07462f477b64,"Hallituksen ennätyssuuri lisäbudjetti 5,5 miljardia euroa - näin ministerit perustelevat",2020-06-02T10:42:05+03:00,2020-06-02T10:42:05+03:00,Hallituksen lisäbudjettineuvottelu alkoi kuusi tuntia myöhässä.
f53a5f80-dd53-4928-ab05-6884465962b6,http://iltalehti.fi/politiikka/a/f53a5f80-dd53-4928-ab05-6884465962b6,Näkökulma: SDP:n ja keskustan taisto alkoi Kela-juonesta – pääministeripuolue janoaa katkeransuloista hyvitystä,2020-05-28T22:25:58+03:00,2020-05-28T22:25:58+03:00,Kansliapäällikkönimityksissä tanner tömisee kesällä. Johtaako pitkämuististen norsujen yhteenotto hallituskriisiin? kysyy Lauri Nurmi.
0381c6e3-d3d4-4a46-b472-cfa6cf7f8657,http://iltalehti.fi/politiikka/a/0381c6e3-d3d4-4a46-b472-cfa6cf7f8657,Oikeusoppineet: Valtiovarainministerin toiminta EU-tukipaketin suhteen ongelmallista – Kulmuni tyrmää,2020-05-28T18:10:32+03:00,2020-05-28T18:10:32+03:00,"Professorit arvioivat, että valtiovarainministeri ei olisi toiminnassaan noudattanut perustuslakivaliokunnan linjaa. Kulmuni katsoo toimineensa eduskunnan linjan mukaisesti."
85fb41dd-baf4-4316-a550-cdc15021bd05,http://iltalehti.fi/kotimaa/a/85fb41dd-baf4-4316-a550-cdc15021bd05,Sanna Ukkolan kolumni: Sanna Marinin ja Katri Kulmunin välisestä kitkasta tihkuu tietoja – tästä on kyse,2020-05-28T06:04:21+03:00,2020-05-28T06:04:21+03:00,"Kuvaavatko nämä ominaisuudet sinua? Sympaattinen, ystävällinen, hyväntahtoinen ja kohtelias? Jos kuvaavat, ikävämpi juttu – sinulle, kirjoittaa Sanna Ukkola."
87b785e0-3dd4-4d33-b19b-35a86eddefd0,http://iltalehti.fi/politiikka/a/87b785e0-3dd4-4d33-b19b-35a86eddefd0,Ohisalo ja Tuppurainen haluavat EU:n keräävän omaa rahaa uudella muovimaksulla,2020-05-27T21:07:33+03:00,2020-05-27T21:32:42+03:00,Suorien tukien suuruus on Eurooppa-ministeri Tytti Tuppuraisen mukaan hienoinen yllätys.
777e9efa-d1dd-402c-bfd2-f9c3efd8c872,http://iltalehti.fi/politiikka/a/777e9efa-d1dd-402c-bfd2-f9c3efd8c872,Näkökulma: Sanna Marinin tie huipulle – taitava taktikko ja SDP:n onnekkain poliitikko,2020-05-17T06:03:22+03:00,2020-05-17T06:03:22+03:00,"Taitavat taktiset vedot ja onnekkaat sattumat nostivat Sanna Marinin pääministeriksi, kirjoittaa Juha Keskinen."
9f0a997a-73b6-4678-9b5a-465f904e3c90,http://iltalehti.fi/digiuutiset/a/9f0a997a-73b6-4678-9b5a-465f904e3c90,Ministeri paljasti MTV:llä hallitusviisikon Whatsapp-ringin – ”Tällaisiin palveluihin liittyy tietoturvahaasteita”,2020-05-11T22:11:22+03:00,2020-05-12T06:26:03+03:00,Hallitus käyttää omaa Whatsapp-ryhmää.
9327a306-11d1-44d6-a438-33bf0049ee56,http://iltalehti.fi/politiikka/a/9327a306-11d1-44d6-a438-33bf0049ee56,Hallitus ottikin aikalisän ravintoloiden tukipaketissa – Lintilä: ”Korvausajankohtaa on syytä eduskunnan vielä tarkastella”,2020-05-07T21:53:46+03:00,2020-05-07T21:53:46+03:00,"Ministeri Mika Lintilä (kesk) tviittasi, että monella ravintolalla alkuvuoden myynti on pientä. Tviitin jakoi myös valtiovarainministeri Katri Kulmuni (kesk)."
e72c1fb4-69f4-48dc-91ae-13794ce96550,http://iltalehti.fi/koronavirus/a/e72c1fb4-69f4-48dc-91ae-13794ce96550,Hallitus alkoi pohtia poikkeusolojen päättämistä - erimielisyyttä ravintoloiden tukipaketin aikataulusta,2020-05-03T09:01:41+03:00,2020-05-03T11:07:40+03:00,"Valtiovarainministeri Katri Kulmuni (kesk) muistutti, että koronavirusta ei ole vielä nujerrettu, mikä voi myöhemmin johtaa uusiin rajoitustoimenpiteisiin."
6c38044e-74c1-4fa2-970d-65450a0021cd,http://iltalehti.fi/politiikka/a/6c38044e-74c1-4fa2-970d-65450a0021cd,"Alman kysely: SDP:n kannatus jo yli 24 %, perussuomalaisten laskenut – ”Mediahuomio keskittyy pääministeriin”",2020-05-01T19:00:02+03:00,2020-05-01T19:00:02+03:00,Perussuomalaisten puheenjohtaja Jussi Halla-aho sanoo koronaviruskriisin aiheuttaman hallituksen kannatusilmiön olevan samanlainen monessa muussakin maassa.
13e4f930-49e5-4f05-a645-09365afc95b5,http://iltalehti.fi/politiikka/a/13e4f930-49e5-4f05-a645-09365afc95b5,"Katri Kulmuni: Luvassa ei ole yltäkylläisten pitoja, vaan uusiin rajallisiin resursseihin sopeutumista",2020-04-30T18:45:57+03:00,2020-04-30T18:45:57+03:00,"Keskustan puheenjohtajan, valtiovarainministeri Katri Kulmunin mukaan tulevaisuuden odotuksista pitää tinkiä. Uudistuksia pitää siirtää tulevaisuuteen odottamaan parempia aikoja."
d12b005c-b006-4e24-883c-b1f9033d28d4,http://iltalehti.fi/politiikka/a/d12b005c-b006-4e24-883c-b1f9033d28d4,Takaisin kouluun 14.5. - kevätjuhlat peruttu: THL:n mukaan koulujen avaaminen on riskitöntä,2020-04-29T15:16:39+03:00,2020-04-29T15:16:39+03:00,Koronaviruspelko ei ole jatkossa hyväksyttävä syy olla pois koulusta.
1a8400c1-8be9-4f5e-a4d3-0797224e7610,http://iltalehti.fi/talous/a/1a8400c1-8be9-4f5e-a4d3-0797224e7610,Suomen vastuut EU:n uusista koronatuista voivat olla miljardiluokkaa – Tuppurainen: Enimmäismäärien oltava selkeät,2020-04-24T17:51:00+03:00,2020-04-24T17:51:00+03:00,"Eurooppaministeri Tytti Tuppuraisen mukaan Suomi ei ole antamassa avointa velkakirjaa, vaikka haluaakin osallistua EU:n talouden vahvistamiseen kriisin keskellä."
95b6f4bd-0227-4507-9fe5-08de98710139,http://iltalehti.fi/politiikka/a/95b6f4bd-0227-4507-9fe5-08de98710139,Kommentti: ”Kepulaisten koirakoulu on ohitse” – Hallitus päättää Päivi Nergin nimittämisestä huippuvirkaan torstaina ,2020-04-23T08:08:34+03:00,2020-04-23T08:08:34+03:00,"Keskustassa koetaan, että hallituskumppanit ovat ajaneet puolueen julkiseen koirakouluun Nergin nimittämisessä, kirjoittaa Iltalehden Juha Ristamäki."
38cb0ad3-664f-4e28-8fa9-5d4364d6205e,http://iltalehti.fi/politiikka/a/38cb0ad3-664f-4e28-8fa9-5d4364d6205e,"IL-Analyysi: Keskustan nimitys Suomen ykkösvirkaan takkuaa pahoin - SDP, vasemmistoliitto ja RKP haraavat vastaan",2020-04-16T18:38:19+03:00,2020-04-16T18:38:19+03:00,"Päivi Nergin nimitys kansliapäälliköksi takkuaa, muut hallituspuolueet saavat epäilyilleen tukea oikeusoppineilta, kirjoittavat Lauri Nurmi ja Juha Ristamäki."
ea6a8a23-a585-4f5e-8e79-7727d21dce2f,http://iltalehti.fi/politiikka/a/ea6a8a23-a585-4f5e-8e79-7727d21dce2f,Keskusta esittää kokoontumisrajoituksen tiukentamista viiteen ihmiseen - muut hallituspuolueet nihkeinä ,2020-04-15T22:39:12+03:00,2020-04-15T22:39:12+03:00,"Keskusta aikoo Iltalehden tietojen mukaan esittää hallituksessa, että koronaviruksen torjumiseksi säädetty kokoontumisrajoitus lasketaan kymmenestä ihmisestä viiteen ihmiseen."
19b6fcc1-d1ee-4dcc-855f-565e9eade4bc,http://iltalehti.fi/politiikka/a/19b6fcc1-d1ee-4dcc-855f-565e9eade4bc,Valtiovarainministeriö juhli pikkujouluja vasta tammikuussa – lasku 22 000 euroa,2020-04-14T09:01:35+03:00,2020-04-14T09:01:35+03:00,Valtiovarainministeriön henkilöstö juhli 1920-luvun tyyliin Sokos Hotel Presidentissä.
8c326c99-37a0-4ee4-98f3-fa20f4512f85,http://iltalehti.fi/koronavirus/a/8c326c99-37a0-4ee4-98f3-fa20f4512f85,Euroryhmä pääsi sopuun 500 miljardin euron koronatukipaketista,2020-04-09T23:56:43+03:00,2020-04-09T23:56:43+03:00,Pitkään venyneet neuvottelut saatiin pakettiin.
5ef82119-7b14-4e89-8fe3-43dec6aaff76,http://iltalehti.fi/politiikka/a/5ef82119-7b14-4e89-8fe3-43dec6aaff76,Päivi Nerg nousemassa huippuvirkaan valtiovarainministeriön kansliapäälliköksi,2020-04-08T19:30:58+03:00,2020-04-08T19:30:58+03:00,Iltalehden tietojen mukaan alivaltiosihteeri Päivi Nerg on nousemassa hyvin vaikutusvaltaiseen virkaan valtiovarainministeriön kansliapäälliköksi.
fccc22ff-aaf1-4ffa-ac2d-9791c27ec637,http://iltalehti.fi/politiikka/a/fccc22ff-aaf1-4ffa-ac2d-9791c27ec637,"Näkökulma: Suomen valtiosta tulee 2020-luvulla kuin tosi-tv:n tähti, joka ihailee Kim Kardashiania",2020-04-08T19:12:54+03:00,2020-04-08T19:12:54+03:00,"Toivoa sopii, että ekologisuus ja vihreä teknologia ovat se valtti, jolla kulutusluottoja pakon edessä vinhaa vauhtia ottava tosi-tv:n Suomi-neito ponnistaa aitoon ja kestävään vaurauteen, kirjoittaa Iltalehden politiikan toimittaja Lauri Nurmi."
10534fd7-d620-452c-9ea0-13d7befd7b1f,http://iltalehti.fi/politiikka/a/10534fd7-d620-452c-9ea0-13d7befd7b1f,Kulmuni muistuttaa ikävästä tosiasiasta: ”Eiväthän ne Suomen rakenteelliset ongelmat ole kadonneet”,2020-04-07T16:08:31+03:00,2020-04-07T16:08:31+03:00,"Suomi ikääntyy, mikä johtaa siihen, että sosiaali- ja terveyspalveluihin pitäisi käyttää vuosittain miljardeja euroja nykyistä enemmän, mikäli julkinen palvelulupaus aiotaan pitää ennallaan."
020662ce-d4f0-4775-b243-8139a0f30a78,http://iltalehti.fi/politiikka/a/020662ce-d4f0-4775-b243-8139a0f30a78,Näkökulma: Hallituksen velkaralli saa koronasta eeppiset mittasuhteet,2020-04-07T06:01:27+03:00,2020-04-07T06:01:27+03:00,"Marinin hallitusta kritisoitiin siitä, ettei se kerryttänyt puskureita, joita olisi nyt tarvittu, kirjoittaa Mika Koskinen. "
506dc26c-cfb9-4b6a-8d71-16763b404f37,http://iltalehti.fi/paakirjoitus/a/506dc26c-cfb9-4b6a-8d71-16763b404f37,Pääkirjoitus: Leikkauslistalaisten ja huolettomien velkaantujien pitää löytää toisensa hallituksen kehysriihessä,2020-04-06T19:50:37+03:00,2020-04-06T19:50:37+03:00,"Vastakkain ovat ne, jotka pohtisivat väistämättömiä säästötoimia ja ne, joiden mielestä velkaantumalla hoidetaan paitsi korona, myös sen jälkeiset velkaantumishaasteet, kirjoittaa Juha Ristamäki."
a8a9fb28-36dd-4ea7-99bf-d0f14bbdb4bd,http://iltalehti.fi/politiikka/a/a8a9fb28-36dd-4ea7-99bf-d0f14bbdb4bd,"Näiden keinojen avulla EU voi nousta koronakriisistä – Rehn, Kulmuni ja Tuppurainen arvioivat",2020-04-05T18:39:17+03:00,2020-04-05T18:39:17+03:00,"Eurooppaa on syytetty hampaattomuudesta koronasta johtuvan talouskriisin hoitamisessa. Olli Rehn, Katri Kulmuni (kesk) ja Tytti Tuppurainen (sd) arvioivat keinoja, joilla kriisiä etenkin euromaissa yritetään selättää. "
b9170eb2-3ae1-4888-a5d6-f67738113506,http://iltalehti.fi/politiikka/a/b9170eb2-3ae1-4888-a5d6-f67738113506,"Katri Kulmuni antaa koronakriisille kohtalonluvut: 3 kuukautta, alle 30 miljardia velkaa",2020-04-05T09:25:17+03:00,2020-04-05T09:25:17+03:00,"Valtiovarainministeri Katri Kulmuni (kesk) totesi Helsingin Sanomien (5.4.) haastattelussa, että Suomen talous ei kestä, jos koronaviruksen vuoksi pantu sulku kestää yli kolme kuukautta. "
fd5b60ea-f631-48ff-90f3-cae1ace360c5,http://iltalehti.fi/koronavirus/a/fd5b60ea-f631-48ff-90f3-cae1ace360c5,Hallituslähde: Uusista liikkumisen rajoituksista kerrotaan tiistaina,2020-03-23T12:30:38+02:00,2020-03-23T12:49:39+02:00,"Tiistaina kuullaan esimerkiksi, eristetäänkö Uusimaa muusta Suomesta."
f48d1c5f-7d53-41e9-ba79-682354f109d8,http://iltalehti.fi/politiikka/a/f48d1c5f-7d53-41e9-ba79-682354f109d8,Näkökulma: Suomen pitää rajoittaa ihmisten liikkumista välittömästi ja sulkea ei-kriittiset kaupat ja palvelut – viivyttely maksaa ihmishenkiä,2020-03-22T17:32:14+02:00,2020-03-22T17:32:14+02:00,"Suomalaisten ja maan hallituksen on valittava, taistelemmeko koronavirusta vastaan ja pelastamme tuhansia ihmishenkiä vai antaudummeko, kirjoittaa Lauri Nurmi."
37f83701-3390-4f8e-9af1-823d8b338b52,http://iltalehti.fi/politiikka/a/37f83701-3390-4f8e-9af1-823d8b338b52,"Pääministeri Marin avaa IL:n haastattelussa miten koronapäätökset tehtiin - ”Emme pysty pysäyttämään tautia, emmekä pyri siihen”",2020-03-22T10:47:16+02:00,2020-03-22T10:47:16+02:00,"Pääministeri Marin kertoo IL:n haastattelussa, miten koronapäätökset tehtiin. Marin sanoo, että koronaa ei pysty pysäyttämään, eikä siihen edes pyritä."
d3f4b187-94f6-476b-b147-9219f6aec30f,http://iltalehti.fi/koronavirus/a/d3f4b187-94f6-476b-b147-9219f6aec30f,Hallituksen viisikko koolla pian – miten käy koulujen ja päiväkotien?,2020-03-15T15:57:47+02:00,2020-03-15T15:57:47+02:00,Hallituksen keskeiset ministerit keskustelevat koronaviruksesta sunnuntaina alkuillasta.
494c5f45-6592-42c0-9d17-0b0aa9fa6885,http://iltalehti.fi/koronavirus/a/494c5f45-6592-42c0-9d17-0b0aa9fa6885,Hallitus suosittaa: Kaikki suuret yleisötapahtumat perutaan toukokuun loppuun saakka – Marin: ”Jokaiselta vaaditaan nyt harkintaa”,2020-03-12T13:16:01+02:00,2020-03-13T07:59:13+02:00,Suomen hallitus päätti perua kaikki yli 500 hengen yleisötapahtumat.
feb09ba8-07a8-4b10-81a0-581987e760d4,http://iltalehti.fi/koronavirus/a/feb09ba8-07a8-4b10-81a0-581987e760d4,Professori: Suomen taloudessa on tapahtunut äkkipysähdys,2020-03-12T12:33:23+02:00,2020-03-12T12:33:23+02:00,"Professori Puttonen: ”Kysymys on nyt siitä, mitkä yritykset pysyvät pystyssä”."
27900116-d14c-4c0e-b61f-b9fe442383e6,http://iltalehti.fi/politiikka/a/27900116-d14c-4c0e-b61f-b9fe442383e6,"Ohisalo selvensi Suomen kantaa: Suomi tukee Kreikkaa, mutta ei hyväksy sen toimintaa",2020-03-06T11:48:37+02:00,2020-03-06T11:48:37+02:00,Vihreiden puheenjohtaja Maria Ohisalo yritti selventää Suomen kantaa Kreikan pakolaiskriisiin.
dcf7bd80-e3bf-435b-8a06-90b6ec7e00e6,http://iltalehti.fi/politiikka/a/dcf7bd80-e3bf-435b-8a06-90b6ec7e00e6,"Kreikan pakolaistilanne kuumensi tunteita eduskunnassa: ”Ministeri Ohisalo, voisitteko lopettaa venkoilun ja vastata kysymykseen”",2020-03-05T18:08:51+02:00,2020-03-05T18:08:51+02:00,Oppositio ihmetteli keskustan Kulmunin ja vihreiden Ohisalon puheiden ristiriitaa.
3f1759b3-bf46-4110-8eb1-4439079791d0,http://iltalehti.fi/politiikka/a/3f1759b3-bf46-4110-8eb1-4439079791d0,"Sipilä jyrähtää kyberturvallisuudesta: ”Emme pysty takaamaan, että henkilötietojamme ei käytetä väärin”",2020-02-29T11:00:13+02:00,2020-02-29T11:00:13+02:00,Keskustan kansanedustaja Juha Sipilän mukaan EU on jäänyt Kiinan ja USA:n jalkoihin kyberturvallisuudessa sekä tietoteknisten tuotteiden kehittämisessä.
022096de-2bd1-4b4b-a515-931f985adaee,http://iltalehti.fi/politiikka/a/022096de-2bd1-4b4b-a515-931f985adaee,Pääministerin kaatamisesta syytetty kokoomuspoliitikko: ”Surkuhupaisa salaliitto” ,2020-02-28T06:32:17+02:00,2020-02-28T06:32:17+02:00,Kokoomuksen eduskuntaryhmän puheenjohtaja Kai Mykkänen pitää EK:n entisen työmarkkinajohtajan Lasse Laatusen torstaina esittämiä syytöksiä pääministeri Antti Rinteen (sd)  kaatamiseen liittyvistä EK-kytköksistä ”surkuhupaisana salaliittoteoriana”.
1a0bf612-7c85-4e07-a981-0e37674a37f6,http://iltalehti.fi/politiikka/a/1a0bf612-7c85-4e07-a981-0e37674a37f6,EK:n ex-pomo Laatunen: Nämä henkilöt olivat syypäitä Rinteen eroon,2020-02-27T13:57:42+02:00,2020-02-27T13:57:42+02:00,"Entinen EK-pomo Lasse Laatunen nimeää EK:n ohella kaksi keskeistä henkilöä, jotka hänen mukaansa olivat syypäitä pääministeri Antti Rinteen (sd) eroon."
db8c4d0d-d1cc-49f9-8625-79a783c34cf0,http://iltalehti.fi/politiikka/a/db8c4d0d-d1cc-49f9-8625-79a783c34cf0,Näkökulma: Hoitajat virittävät kehysriiheen vaatimusgiljotiinin Marinin hallitukselle - tekeekö koronavirus lakot mahdottomiksi?,2020-02-27T12:13:47+02:00,2020-02-27T12:13:47+02:00,"Hoitajat pelaavat työmarkkinapokeria, jossa kaikki panokset on lyöty yhden korttikäden varaan. "
361b4a22-83cf-4695-aa6c-364b4d6546d6,http://iltalehti.fi/politiikka/a/361b4a22-83cf-4695-aa6c-364b4d6546d6,"Hallituksen kokouksesta ulos kävellyt Maria Ohisalo: ”Haluaisin keskittyä työn tekemiseen, enkä ihmeellisiin henkilöristiriitoihin”",2020-02-22T15:45:33+02:00,2020-02-22T15:45:33+02:00,"Vihreiden puheenjohtajan, sisäministeri Maria Ohisalon mukaan hallituksessa ei ole ongelmia niin kauan kun kaikki puolueet pitävät kiinni hallitusohjelmasta."
540ad6d4-7663-4f0a-8b1f-19b2c2559df0,http://iltalehti.fi/politiikka/a/540ad6d4-7663-4f0a-8b1f-19b2c2559df0,"HS: Hallituspuolueiden välillä syviä jännitteitä – Maria Ohisalo marssi ulos neuvotteluista, vihreillä kriisikokous",2020-02-21T07:52:43+02:00,2020-02-21T08:25:55+02:00,"Vihreät piti ylimääräisen kriisikokouksen hallituksen ilmastokokouksen alla, kertoo Helsingin Sanomat."
668f3630-689f-4311-bcf3-c24186fbec8b,http://iltalehti.fi/politiikka/a/668f3630-689f-4311-bcf3-c24186fbec8b,Katri Kulmuni yllättyi Ohisalon puheista Kreikan pakolaislapsista – ”Pitäisi pystyä pureutumaan juurisyihin”,2020-02-15T09:04:38+02:00,2020-02-15T09:04:38+02:00,Keskustan puheenjohtaja Katri Kulmuni yllättyi sisäministerin puheista alaikäisten perheettömien turvapaikanhakijoiden tuomisesta Kreikan leireiltä Suomeen
cc94e78a-310b-416f-8006-84fb0d809302,http://iltalehti.fi/politiikka/a/cc94e78a-310b-416f-8006-84fb0d809302,Hallituspuolue Vasemmistoliiton puoluelehti linjaa: ”Keskusta on rasite hallituksessa”,2020-02-14T23:59:01+02:00,2020-02-14T23:59:01+02:00,"Kansan Uutiset tylyttää istuvaa valtiovarainministeri Katri Kulmunia (kesk), vaikka Vasemmistoliitto on itse hallituskumppani."
52ad597f-dd60-49ea-9ca3-1882a93fc152,http://iltalehti.fi/politiikka/a/52ad597f-dd60-49ea-9ca3-1882a93fc152,Turun tunnin juna ja Suomi-rata nytkähtivät eteenpäin – valtio ja iso joukko kuntia sopuun  suurhankkeiden edistämisestä,2020-02-14T09:22:31+02:00,2020-02-14T09:22:31+02:00,Ratojen suunnittelu maksaa 225 miljoonaa euroa. Ratahankkeiden kokonaishinta noin 8 miljardia euroa.
fbfc477e-344c-4f09-b657-558d109c3b47,http://iltalehti.fi/politiikka/a/fbfc477e-344c-4f09-b657-558d109c3b47,IL paljastaa: tämä paperi johti ilmiriitaan hallituksessa SDP:n ja keskustan välillä - vaikutti Kulmunin haluun kaataa pääministeri Rinne,2020-02-13T14:37:51+02:00,2020-02-13T14:37:51+02:00,"Antti Rinteen halu avata valtiovarainministeriön kansliapäällikön virkahaku uudelleen suututti keskustan. Tämä oli yksi syy, miksi keskusta menetti luottamuksensa pääministeriin."
91a6e087-f127-48ce-ae89-7a8f078e0c5e,http://iltalehti.fi/politiikka/a/91a6e087-f127-48ce-ae89-7a8f078e0c5e,"Näin oppositio rökitti pääministeri Marinin hallitusta: ”Räyhä-Mykkänen”, susia ja ahdasmielinen vihervasemmisto ",2020-02-11T17:39:12+02:00,2020-02-11T17:39:12+02:00,SDP toivoi oppositiolta yhteistyöhalukkuutta.
472d1a98-db89-4b77-a4db-cc53f2ba4d11,http://iltalehti.fi/politiikka/a/472d1a98-db89-4b77-a4db-cc53f2ba4d11,"”Omituinen signaali veronmaksajille, jos hallitus ei puutu verovälttelyyn” – Näin asiantuntijat kommentoivat Katri Kulmunin tyrmäämää maastapoistumisveroa",2020-02-11T06:58:53+02:00,2020-02-11T06:58:53+02:00,"EK muistuttaa, että verrokkimaa Ruotsissa ei ole vastaavaa veroa."
bd288bbc-1521-47bc-b717-1693825ca547,http://iltalehti.fi/politiikka/a/bd288bbc-1521-47bc-b717-1693825ca547,Näin asuntojen arvon romahdukseen voitaisiin vaikuttaa – esillä jopa romutuspalkkio,2020-02-10T07:59:32+02:00,2020-02-10T08:33:42+02:00,Aluetutkijan mukaan todennäköisimmät keinot liittyvät verotukseen ja lainojen takauksiin.
671efc70-6e9d-4117-a6e6-d90c820f1bed,http://iltalehti.fi/politiikka/a/671efc70-6e9d-4117-a6e6-d90c820f1bed,”Ollut aika kiusallista...” – näin keskustalaiset kommentoivat hallitusyhteistyötä ja surkeaa kannatusta ,2020-02-08T21:56:07+02:00,2020-02-08T21:56:07+02:00,"Keskustan kuntapäättäjissä on tyytymättömyyttä hallituskumppaneiden toimintaan, vaikka hallituksessa halutaankin pysytellä."
b44c2e34-cc13-4bca-9773-f9e133719d08,http://iltalehti.fi/politiikka/a/b44c2e34-cc13-4bca-9773-f9e133719d08,Suomalaisten asuntojen arvot romahtavat isossa osassa maata – Ministeri Katri Kulmuni: Laitan liikkeelle selvityksen,2020-02-08T10:51:35+02:00,2020-02-08T12:10:15+02:00,"Valtiovarainministeri, keskustan puheenjohtaja Katri Kulmuni kertoo, että hallitus selvittää keinoja sille, miten suomalaisten asuntojen hintojen eriytymiseen voitaisiin vaikuttaa."
69be72cf-a68b-49c0-ab7d-284b87cbfa21,http://iltalehti.fi/politiikka/a/69be72cf-a68b-49c0-ab7d-284b87cbfa21,Demarit ja vasemmistoliitto haluavat rikkaiden perintöverokeinottelun kuriin - keskustan Kulmunin johtama VM tyrmää idean,2020-02-07T09:25:03+02:00,2020-02-07T09:25:03+02:00,"Iltalehti on saanut haltuunsa muistion, jossa hallituspuolueiden edustajat puolustavat arvonnousuveron säätämistä tämän vaalikauden aikana. Muistio on vastine VM:n selvitykseen."
854c8682-9e83-4aae-a735-804cf748af1f,http://iltalehti.fi/politiikka/a/854c8682-9e83-4aae-a735-804cf748af1f,Li Andersson tylytti Jussi Halla-ahoa A-studiossa: ”Suoraan sanoen paskapuhetta”,2020-02-06T22:21:18+02:00,2020-02-06T22:21:18+02:00,Hallituksen ja opposition edustajat väittelivät kiivaasti ilmastopolitiikasta illan A-studiossa.
26e1deaf-d111-4f9f-8ee4-40d7d1103fcd,http://iltalehti.fi/politiikka/a/26e1deaf-d111-4f9f-8ee4-40d7d1103fcd,Näin Kulmuni kommentoi keskustan kannatusalamäkeä: ”Ylös alas ja kovasti töitä - ja isänmaa”,2020-02-06T15:05:14+02:00,2020-02-06T15:05:14+02:00,Entisen pääministeripuolueen kannatus on painunut Ylen tuoreessa kyselyssä alle 11 prosentin.
d8cbb2ad-bbf9-48ae-8454-ec5a0f730bec,http://iltalehti.fi/politiikka/a/d8cbb2ad-bbf9-48ae-8454-ec5a0f730bec,"Ylen gallup: Keskusta sukeltaa edelleen, perussuomalaisten nousu taittui",2020-02-06T07:20:16+02:00,2020-02-06T07:20:19+02:00,"Jussi Halla-ahon johtama perussuomalaiset jatkaa kannatuskärjessä, mutta huippu jäi taakse."
1b859522-29d6-4398-9771-8e84201c41e6,http://iltalehti.fi/politiikka/a/1b859522-29d6-4398-9771-8e84201c41e6,"Näkökulma: Jos kokoomuslaisen helvetti jäätyy, Marinin hallitus voi kaatua rytisten - pienehkö keskusta on kuningattarentekijä Suomessa ja Ruotsissa ",2020-02-05T12:27:06+02:00,2020-02-05T12:27:06+02:00,Marinin arvoliberaali hallitus voi vaihtua yhtä yllättäen konservatiivihallitukseen kuin se syntyikin.
57546110-4841-4f52-a91f-b5acefbd9d64,http://iltalehti.fi/politiikka/a/57546110-4841-4f52-a91f-b5acefbd9d64,"Näkökulma: Hallitus nillittää autoista, koska keskustan pyhään turpeeseen ei saa puuttua",2020-02-03T22:04:36+02:00,2020-02-03T22:04:36+02:00,"Hallituksen ilmastokokous oli odotettu lässähdys, kirjoittaa politiikan toimittaja Tommi Parkkonen."
6ae92ccd-25eb-43b9-b4fd-2a3e98ced723,http://iltalehti.fi/politiikka/a/6ae92ccd-25eb-43b9-b4fd-2a3e98ced723,"Tänään saadaan ensitietoa siitä, miten Suomi aikoo luopua fossiilisista polttoaineista - turve ja liikenne sähköistävät Marinin hallituksen ilmastokokouksen",2020-02-03T11:21:23+02:00,2020-02-03T11:21:23+02:00,"Maanantaina ja tiistaina hallitukselta odotetaan ilmastokokouksessa julkista konkretiaa, ei enää pelkkiä tavoitteita. Ministerit ja hallituspuolueiden kansanedustajat kokoontuvat Vuosaaressa."
c2322ade-a744-4f33-b24b-3ced6d83b165,http://iltalehti.fi/politiikka/a/c2322ade-a744-4f33-b24b-3ced6d83b165,Antti Rinne Lännen Medialle: Posti-sotku oli vain yksi syy hallituksen eroon ,2020-02-02T06:00:18+02:00,2020-02-02T06:00:18+02:00,Ex-pääministeri Antti Rinne (sd) raottaa eroonsa johtaneita tapahtumia Lännen Medialle. 
36f2bdf6-10e5-4ece-9e80-ae350c1addd9,http://iltalehti.fi/politiikka/a/36f2bdf6-10e5-4ece-9e80-ae350c1addd9,"Kansanedustaja Kärnä uhkaa erolla keskustasta, jos Väyrynen palaa puolueeseen",2020-01-29T15:50:37+02:00,2020-01-29T15:50:37+02:00,"Mikko Kärnä: ”Keskustalla ei ole mitään tarvetta tällaiselle pelurille, joka edustaa vain ja ainoastaan itseään”."
b77d3f2f-000b-4a95-a395-41f73f7b9026,http://iltalehti.fi/politiikka/a/b77d3f2f-000b-4a95-a395-41f73f7b9026,IL:n tiedot: hallitus valmistelee korotusta kaikkiin lapsilisiin,2020-01-24T08:06:57+02:00,2020-01-24T08:06:57+02:00,Iltalehden tietojen mukaan hallitus aikoo reagoida romahtaneisiin syntyvyyslukuihin lapsilisien korotuksilla
32d5ec73-e3d2-4da8-9ea0-7a5b213e74bc,http://iltalehti.fi/politiikka/a/32d5ec73-e3d2-4da8-9ea0-7a5b213e74bc,Kulmuni käy vastahyökkäykseen: Hokemat rajojen sulkemisesta ja veronkevennyksistä tyhjää puhetta,2020-01-23T09:50:01+02:00,2020-01-23T09:50:01+02:00,Keskustan puheenjohtaja Katri Kulmuni raivaa latua politiikan keväälle.
e0adffad-4065-4966-80ad-e92291f17753,http://iltalehti.fi/politiikka/a/e0adffad-4065-4966-80ad-e92291f17753,"Turpeesta luovuttava kokonaan 2020-luvulla - hallituspuolueiden nuoret, myös keskustan, vaativat Marinilta ja Kulmunilta järeitä ilmastopäätöksiä",2020-01-22T09:01:12+02:00,2020-01-22T09:01:12+02:00,Viiden hallituspuolueen nuorisojärjestöt ovat kyllästyneet kauniisiin puheisiin. 
5387a6c4-03ca-40c0-9fab-42207a877440,http://iltalehti.fi/politiikka/a/5387a6c4-03ca-40c0-9fab-42207a877440,Vihreät sivuuttaa supon päällikön Antti Pelttarin härskillä poliittisella virkanimityksellä – Ohisalo esittää Kirsi Pimiää sisäministeriön kansliapäälliköksi,2020-01-21T12:00:33+02:00,2020-01-21T12:00:33+02:00,Sisäministeriön kansliapäällikön määräaikaiseen viiden vuoden virkaan on kokoomuslaisella Pelttarilla merkittävästi painavampi ansioluettelo kuin hänen vihreällä kilpahakijallaan Kirsi Pimiällä.
c6522211-4767-4d0c-a440-7bef3636d6b0,http://iltalehti.fi/politiikka/a/c6522211-4767-4d0c-a440-7bef3636d6b0,Näkökulma: Kotihoidontuki ja ansiosidonnainen työttömyysturva kahlitsevat ihmisiä - hallitus nostaa poliittiset lehmät pöydälle,2020-01-18T07:58:45+02:00,2020-01-18T07:58:45+02:00,"Pelkkä galluptilanne ei riitä perusteeksi pitää hallitusta kasassa, jos se ei pysty arvioimaan kriittisesti työttömyysturvan ja kotihoidontuen kaltaisten poliittisten lehmien muutostarpeita, kirjoittaa Lauri Nurmi."
204964cc-1ab8-4c25-b98c-877ca1152341,http://iltalehti.fi/paakirjoitus/a/204964cc-1ab8-4c25-b98c-877ca1152341,Pääkirjoitus: Poliittisessa virkanimityspelissä nyt täysi höyry päällä – Sanna Marin ja Maria Ohisalo joutuvat kovan valinnan eteen,2020-01-15T17:25:53+02:00,2020-01-15T17:25:53+02:00,Ministeriöiden korkeimpien virkamiesten ruletti pyörii taas ja hallituspuolueet petaavat asemiaan. Jatkuvatko poliittiset nimitykset vai valitaanko tehtäviin rehdisti pätevin? kysyy Iltalehden Juha Ristamäki.
d7f2e616-2851-4503-bdb7-cea16a7abfcc,http://iltalehti.fi/politiikka/a/d7f2e616-2851-4503-bdb7-cea16a7abfcc,"Näkökulma: Hukassa oleva keskusta etsii itseään - vitonen vetoa, että Saarikko haastaa Kulmunin ensi kesänä",2020-01-10T18:58:15+02:00,2020-01-10T18:58:15+02:00,"Keskusta pohtii jälleen tulevaisuuttaan työryhmissä, puheenjohtajan vaihto voi sekin olla jälleen edessä, kirjoittaa Juha Ristamäki."
98b76b75-a010-4cbe-989b-e7459ff93070,http://iltalehti.fi/politiikka/a/98b76b75-a010-4cbe-989b-e7459ff93070,Näkökulma: Sanna Marin antaa kasvot naisten emansipaatiolle Suomessa ja Virossa - osa miehistä pelkää menettävänsä sukukalleutensa kuin miesmalli maalauksessa,2020-01-10T14:37:29+02:00,2020-01-10T14:37:29+02:00,"Osa konservatiiveista pelkää menettävänsä miehisen elintilansa kuin miesmalli sukukalleutensa Sally von Kügelgenin maalauksessa. Konservatiivimiesten on hyväksyttävä ja ymmärrettävä, miksi naisten emansipaatio on tärkeää politiikassa ja 2020-luvun yhteiskunnassa."
