id,url,title,date_created,date_modified,lead
284af142-ede6-4257-bcbf-7290e6a49f69,http://iltalehti.fi/politiikka/a/284af142-ede6-4257-bcbf-7290e6a49f69,Sairauslomalla olevien kansanedustajien määrä tuplaantui loppuviikosta – luku nousi 36:een,2020-03-24T06:00:26+02:00,2020-03-24T06:00:26+02:00,Lähes joka viides kansanedustaja oli perjantaina sairauslomalla.
f8b99d9d-ea05-4c55-ac75-38aa008a0f48,http://iltalehti.fi/kotimaa/a/f8b99d9d-ea05-4c55-ac75-38aa008a0f48,Kansanedustajan kotiin murtautuneet miehet vangittu,2020-01-20T21:27:58+02:00,2020-01-20T21:27:58+02:00,Kansanedustaja Ruut Sjöblomin kotiin tehdystä murrosta epäillyt miehet on vangittu.
dcbbc7fa-dbff-4254-b0ba-cfb4663072ac,http://iltalehti.fi/politiikka/a/dcbbc7fa-dbff-4254-b0ba-cfb4663072ac,Kansanedustaja Ruut Sjöblom kertoo kotiinsa tehdystä murrosta ja jätesäkissä olleesta raadosta: ”Todella järkyttynyt olo”,2020-01-13T12:28:17+02:00,2020-01-13T12:28:17+02:00,"Ei ole tiedossa, onko uhkailuviesteillä ja viikonloppuna tapahtuneella murrolla yhteyttä toisiinsa. Sjöblom kertoo saaneensa uhkauksia eduskuntavaalikampanjastaan asti."
67a1b1bb-8610-4b7a-8f37-440f3684cedb,http://iltalehti.fi/politiikka/a/67a1b1bb-8610-4b7a-8f37-440f3684cedb,Kansanedustaja Ruut Sjöblomin kotiin murtauduttiin – kertoo joutuneensa uhkailun kohteeksi: ”Herättää vakavia huolenaiheita”,2020-01-13T00:31:00+02:00,2020-01-13T00:31:00+02:00,Kokoomuksen kansanedustajan kotiin murtauduttiin sunnuntain vastaisena yönä.
