id,url,title,date_created,date_modified,lead
75768bcb-d098-46ee-abd9-a1060586d933,http://iltalehti.fi/politiikka/a/75768bcb-d098-46ee-abd9-a1060586d933,Keskustan kansanedustaja: Koulupojat tarvitsevat ”vanhan liiton opettajuutta”,2020-11-19T12:32:41+02:00,2020-11-19T12:32:41+02:00,"Kansanedustaja Pasi Kivisaaren (kesk) mukaan koulupojat ovat melko harvoin itseohjautuvia, joille voisi sysätä vastuun opiskelusta."
3212b713-e077-4550-9264-620f0b5408a4,http://iltalehti.fi/politiikka/a/3212b713-e077-4550-9264-620f0b5408a4,Antti Kaikkonen vaunujen kanssa ministeritenttiin –  ”Olen keskittynyt vaipan vaihtoon”,2020-08-13T14:30:42+03:00,2020-08-13T19:38:40+03:00,Keskustan puheenjohtajaehdokkaat ja ministerit olivat tentattavana Tuusulassa.
b5727608-f7f6-4b25-a4ff-46fc84ea25ea,http://iltalehti.fi/politiikka/a/b5727608-f7f6-4b25-a4ff-46fc84ea25ea,"Näin keskustan kansanedustajat kommentoivat puheenjohtajakisaa: ”Annikan karismaa tarvitaan”, ”Kulmuni olisi paras”",2020-07-30T21:08:07+03:00,2020-07-30T21:08:07+03:00,Lukuisat keskustan kansanedustajat pitävät puheenjohtajakisaa hyvänä mahdollisuutena käydä keskustelua puolueen linjasta.
912c2aef-7d66-4960-8de8-b8a8831309b3,http://iltalehti.fi/politiikka/a/912c2aef-7d66-4960-8de8-b8a8831309b3,Puhemies Vehviläinen: Kunnioitan eduskunnan päätöstä,2020-06-26T08:01:02+03:00,2020-06-26T14:35:38+03:00,"Vehviläisen muistutti, että perustuslaki takaa kansanedustajille erityisaseman, jonka tavoitteena on turvata heidän tehtäviensä täysimittainen hoitaminen."
ca25d746-1689-47f3-b3a8-7f127bf135d2,http://iltalehti.fi/politiikka/a/ca25d746-1689-47f3-b3a8-7f127bf135d2,Eduskunnassa käytiin kiivas keskustelu Juha Mäenpään syytesuojan purkamisesta: ”Valtakunnansyyttäjän toimet hämmästyttävät ja huolestuttavat - Kohta vanhatkin kansanedustajat ovat syytteessä”,2020-06-24T10:10:15+03:00,2020-06-24T10:10:15+03:00,Historiallista tapausta puitiin eduskunnassa neljä ja puoli tuntia - keskustelu ryöpsähteli translasten leikkauksista kommunistien toisen maailmansodan aikaisiin rikoksiin. 
6c454082-8e2c-4aae-b371-bada1faa3237,http://iltalehti.fi/politiikka/a/6c454082-8e2c-4aae-b371-bada1faa3237,Yökerhokesä on peruttu eikä viinejä myydä ulos - oppositio ryöpyttää hallitusta Nukkumatiksi ryhtymisestä ja kieltolain säätämisestä,2020-05-19T18:05:16+03:00,2020-05-19T18:27:08+03:00,Kokoomuslaiset vaativat perustuslakivaliokuntaa lieventämään hallituksen esittämiä rajoituksia ravintoloiden omistajien elinkeinovapauteen.
1c8b8543-11f8-4cbb-8b66-73593407cc92,http://iltalehti.fi/politiikka/a/1c8b8543-11f8-4cbb-8b66-73593407cc92,Kansanedustajat erimielisiä pitäisikö Suomessa siirtyä pysyvästi kesä- vai talviaikaan: ”Laillistettu rikos hyvää yöunta vastaan”,2020-02-13T22:26:54+02:00,2020-02-13T22:26:54+02:00,Kellojen viisareita on Suomessa siirrelty edestakaisin vuodesta 1981.
