id,url,title,date_created,date_modified,lead
c19d0b9b-0cc9-458f-81c3-3548f6859196,http://iltalehti.fi/politiikka/a/c19d0b9b-0cc9-458f-81c3-3548f6859196,"Onko vielä epäselvää, mitä Haavisto-kohussa on viime päivinä tapahtunut? Näin piinaviikko eteni: ”Tekopyhää kaksinaismoralismia”",2020-12-16T08:02:03+02:00,2020-12-16T08:02:03+02:00,Ulkoministeri Pekka Haaviston (vihr) vuoden kestänyt roikkuminen löysässä hirressä ei päättynyt perustuslakivaliokunnan viikko sitten tekemään päätökseen – päinvastoin.
723faf6d-4886-4956-83a1-69d7a1e819a9,http://iltalehti.fi/politiikka/a/723faf6d-4886-4956-83a1-69d7a1e819a9,Vihreille rajua sapiskaa Haavisto-viestinnästä: ”Ylimielistä piittaamattomuutta - märkä rätti eduskunnalle”,2020-12-11T12:48:16+02:00,2020-12-11T12:48:16+02:00,Kokoomus yhtyy perussuomalaisten ulkoministeri Pekka Haavistosta (vihr) jättämään epäluottamusesitykseen.
307030d1-c9a6-46af-b592-b98ccf6a05e3,http://iltalehti.fi/kotimaa/a/307030d1-c9a6-46af-b592-b98ccf6a05e3,Asiantuntija tyrmää poikkeusoloilla uhkailun – vertaa ydinaseisiin: ”Yksinkertaisesti sopimatonta”,2020-11-24T09:51:33+02:00,2020-11-24T09:51:33+02:00,"Suomessa tarvitaan kipeästi laadukkaampaa keskustelua valmiuslakiasiassa, kirjoittaa apulaisprofessori Pauli Rautiainen."
70014c50-3328-43e9-b872-5ebd327a0718,http://iltalehti.fi/muutlajit/a/70014c50-3328-43e9-b872-5ebd327a0718,Kova aloite – liikunnasta verot pois korona-ajaksi: ”Personal trainerit kotitalousvähennyksen piiriin”,2020-11-06T13:31:39+02:00,2020-11-06T13:31:39+02:00,Kansanedustaja Pauli Kiurun mielestä suomalaisille pitäisi tarjota liikuntaporkkanaa keventämällä verotusta.
5b32f594-a9bd-426f-b90f-6cee8b8cd419,http://iltalehti.fi/muutlajit/a/5b32f594-a9bd-426f-b90f-6cee8b8cd419,"Lihavia ja rapakuntoisia! Liikkumattomuus aiheuttaa suomalaisille vuosittain jopa 7,5 miljardin laskun: ”Lepää aina kun voit”",2020-11-06T06:13:08+02:00,2020-11-06T06:13:08+02:00,"Olemme keskimäärin ylipainoisia, tuloksemme Cooperin testissä ovat historian huonoimpia ja elämme mukavuudenhaluisemmin kuin koskaan. Millä liikkumattomuuskierre saadaan poikki?"
0289c0d5-1073-4317-9071-233269cc180f,http://iltalehti.fi/politiikka/a/0289c0d5-1073-4317-9071-233269cc180f,THL vastaa kritiikkiin vaikenemisesta: WHO ei antanut varsinaista maskisuositusta yleisötapahtumiin,2020-10-31T17:54:35+02:00,2020-10-31T17:54:35+02:00,"THL kiistää, että maailman terveysjärjestö WHO olisi suosittanut tai velvoittanut viime toukokuussa julkaistussa raportissaan maskien käyttöön yleisötapahtumissa. "
6b1ad653-31d3-484c-8b03-ddc43b5f3c69,http://iltalehti.fi/politiikka/a/6b1ad653-31d3-484c-8b03-ddc43b5f3c69,Virkamies toi esiin WHO:n maskisuosituksen jo keväällä – kansanedustajan mukaan ”pelko esti” kertomasta laajemmin,2020-10-31T15:49:05+02:00,2020-10-31T15:49:05+02:00,Kansanedustaja Pauli Kiurun mukaan ”pelko esti” virkamiestä kertomasta WHO:n maskiraportista laajemmin julkisuuteen. 
cca45288-ded9-43a1-9a24-a206a5973bf5,http://iltalehti.fi/10kysymysta/a/cca45288-ded9-43a1-9a24-a206a5973bf5,Mitä maata juoksija Alica Schmidt edustaa? Pelaa maanantain 10 kysymystä!,2020-10-12T06:00:00+03:00,2020-10-12T06:00:00+03:00,Iltalehden perinteinen urheiluvisa on myös verkossa. Montako tiedät?
7bceae1e-e94d-43af-ab8f-24e3cc927776,http://iltalehti.fi/muutlajit/a/7bceae1e-e94d-43af-ab8f-24e3cc927776,Valmentaja Seppo Nuuttila on kuollut,2020-10-01T21:37:46+03:00,2020-10-01T22:31:54+03:00,Seppo Nuuttila kuoli Mäntsälässä 80-vuotiaana
0911d640-7168-4675-82c0-187717a431df,http://iltalehti.fi/koronavirus/a/0911d640-7168-4675-82c0-187717a431df,Helsinki-Vantaan koronatoimet edelleen sekasortoisia – Avi ei ole määrännyt pakkotestausta ja karanteenikriteereissäkin epäselvää,2020-08-14T17:18:46+03:00,2020-08-14T17:18:46+03:00,Ketään ei edelleenkään voi pakottaa koronatestiin. Jutussa avataan asiaa myös tartuntatautilain näkökulmasta.
bad23c6f-7e85-47ab-a907-455db5f09cb1,http://iltalehti.fi/koronavirus/a/bad23c6f-7e85-47ab-a907-455db5f09cb1,IL länsirajalla: Paikallisille pakkokaranteeni täysi mahdottomuus - ”Rajat auki ja äkkiä”,2020-08-12T17:14:02+03:00,2020-08-12T17:14:02+03:00,Torniolaiset pettyivät jo kerran aiemmin valtion koronatoimiin. Nyt esitetty pakkokaranteeni on työssäkäyntialueella mahdoton ajatus.
a64a3ebd-e9af-4d0e-8d39-bec88d20d1fe,http://iltalehti.fi/yleisurheilu/a/a64a3ebd-e9af-4d0e-8d39-bec88d20d1fe,"Sisä- ja ulkoministeriö puoltavat yleisurheilun maaottelua, myös ruotsalaisilta vahva  kannanotto",2020-08-04T17:25:40+03:00,2020-08-04T17:25:40+03:00,"Yleisurheilumaaottelun järjestämiseksi on vahva tahtotila. Asiantuntija Toni Roponen muistuttaa, että imagollisesti tapahtuma olisi validia peruuttaa."
5f8a35a7-1ce6-43b0-b4e2-a1ae7b9fa4f9,http://iltalehti.fi/yleisurheilu/a/5f8a35a7-1ce6-43b0-b4e2-a1ae7b9fa4f9,Yleisurheilun Ruotsi-ottelusta outo soppa – ministeriön kansliapäällikkö näytti punaista valoa tutustumatta turvaohjeisiin,2020-07-31T08:38:08+03:00,2020-07-31T08:38:08+03:00,"Kansanedustaja Pauli Kiuru (kok) kannattaa klassikon järjestämistä, sosiaali- ja terveysministeriö ei."
a62ed945-3a6a-4304-9e9d-9abe14751c56,http://iltalehti.fi/muutlajit/a/a62ed945-3a6a-4304-9e9d-9abe14751c56,"”Tiesin, että Hanna ottaa tämän tosissaan” – oppositiopoliitikko ylistää urheilupäätöstä, seuraavaksi huolettaa jääkiekon kohtalo",2020-06-11T15:09:02+03:00,2020-06-11T15:09:02+03:00,Pauli Kiuru (kok) on tyytyväinen ministerin toimintaan yleisörajoituksissa.
6aa46de5-4fda-476d-91eb-0066ea325cfd,http://iltalehti.fi/veikkausliiga/a/6aa46de5-4fda-476d-91eb-0066ea325cfd,Ilveksen toimitusjohtaja yleisömäärien rajoituksista: ”Aika kohtuutonta!”,2020-06-05T13:24:26+03:00,2020-06-05T13:24:26+03:00,"Seuroja ei helpota se, että vastuuministeriöt ovat vaihtuneet jo useasti asian tiimoilta."
197075d6-bc5e-4ef4-90a2-1f9ef01391e1,http://iltalehti.fi/muutlajit/a/197075d6-bc5e-4ef4-90a2-1f9ef01391e1,Kysymys urheilun katsojarajoituksista paljasti ministerien jatkuvat laiminlyönnit – sääntöjen rikkominen on arkipäivää,2020-06-04T12:07:09+03:00,2020-06-04T12:07:09+03:00,Vuosina 2016–19 eduskunnassa tehtiin 2 516 kirjallista kysymystä. Vastauksista peräti 1 146 tuli myöhässä.
2c3bc857-285b-4018-9d71-2ed3f07e7169,http://iltalehti.fi/veikkausliiga/a/2c3bc857-285b-4018-9d71-2ed3f07e7169,Kansanedustaja pettyi pahasti ministerin vastaukseen – 500 katsojan rajoitusta vain pyöritellään: ”Aika iso paine avissa”  ,2020-06-04T11:45:24+03:00,2020-06-04T11:46:18+03:00,"Aiemmin aluehallintovirasto (Avi) tiedotti viime kuussa, että yli 500 henkilön yleisötilaisuuksia ei sallita edes erityisjärjestelyin ainakaan 30. kesäkuuta asti. "
599ca0ac-674f-45ac-983f-1fe0a00016bb,http://iltalehti.fi/muutlajit/a/599ca0ac-674f-45ac-983f-1fe0a00016bb,Ministerin vastausta kysymykseen katsomorajoituksista ei tullutkaan: ”Tämä ei ole kunniaksi hallinnolle”,2020-06-03T21:00:50+03:00,2020-06-03T21:00:50+03:00,Kansanedustaja Pauli Kiuru (kok) ei saanutkaan vastausta kirjalliseen kysymykseensä keskiviikkona.
1f1fb283-ef07-4ebf-ac41-bfd3d2a1130d,http://iltalehti.fi/muutlajit/a/1f1fb283-ef07-4ebf-ac41-bfd3d2a1130d,Erikoista pompottelua: urheilun katsomorajoitusten vastuuministeriö vaihtui taas – määräaika meni jo,2020-06-03T12:11:10+03:00,2020-06-03T12:11:10+03:00,Kansanedustaja Pauli Kiurun (kok) kirjalliseen kysymykseen vastaakin opetus- ja kulttuuriministeriöstä ministeri Hanna Kosonen (kesk).
1f1cc84f-18e0-40d2-9877-f43e5c00ef77,http://iltalehti.fi/muutlajit/a/1f1cc84f-18e0-40d2-9877-f43e5c00ef77,Outo käänne hallituksen urheilukatsomorajoituksissa – vastuuministeriö vaihtuu,2020-06-01T10:59:16+03:00,2020-06-01T11:21:18+03:00,Kansanedustaja Pauli Kiurun (kok) esittämään kirjalliseen kysymykseen urheilun katsomorajoituksista vastaa perhe- ja peruspalveluministeri Krista Kiuru (sd).
68965e13-7b9c-45be-aaf5-2b8aaf46bee9,http://iltalehti.fi/muutlajit/a/68965e13-7b9c-45be-aaf5-2b8aaf46bee9,Valtion urheiluasiantuntija tyrmää hallituksen katsomorajoitukset: ”Järjetöntä ja naurettavaa” – seurojen uhkakuvana kausikorttirahojen palautus,2020-05-29T13:51:11+03:00,2020-05-29T13:51:11+03:00,Kansanedustaja Timo Heinonen (kok) jyrähtää hallituksen linjauksesta. Seuroilta saatetaan viedä talouden tukijalka.
910f1582-6e93-4e0f-ae8f-2039293f8b69,http://iltalehti.fi/muutlajit/a/910f1582-6e93-4e0f-ae8f-2039293f8b69,Omilta miehiltäkin rapaa – hallituksen huippu-urheilua murskaavaan päätökseen vaaditaan muutosta: ”Olennaisesti muuta kuin torihinta”,2020-05-27T07:32:43+03:00,2020-05-27T07:32:43+03:00,Pääministeripuolue SDP:n kansanedustaja Jukka Gustafsson ei ole tyytyväinen hallituksen asettamaan 500 hengen kokoontumisrajoitukseen urheilutapahtumissa. Myös Paavo Arhinmäki (vas) haluaa pyörtää päätöksen.
792805e4-e3a5-44a4-a6fc-7c054d6eab8a,http://iltalehti.fi/muutlajit/a/792805e4-e3a5-44a4-a6fc-7c054d6eab8a,"Näkökulma: Irvokasta ja härskiä: kesäkuussa urheilukatsomossa on alle 500, kaljaterassilla 1 500 ja huvipuistossa 15 000 henkeä",2020-05-21T07:05:26+03:00,2020-05-21T07:58:37+03:00,"Valtioneuvoston korona-ajan rajoitukset ovat urheilun kannalta törkeitä, mutta urheilupäättäjät saavat myös syyttää itseään, kirjoittaa Santtu Silvennoinen."
6c454082-8e2c-4aae-b371-bada1faa3237,http://iltalehti.fi/politiikka/a/6c454082-8e2c-4aae-b371-bada1faa3237,Yökerhokesä on peruttu eikä viinejä myydä ulos - oppositio ryöpyttää hallitusta Nukkumatiksi ryhtymisestä ja kieltolain säätämisestä,2020-05-19T18:05:16+03:00,2020-05-19T18:27:08+03:00,Kokoomuslaiset vaativat perustuslakivaliokuntaa lieventämään hallituksen esittämiä rajoituksia ravintoloiden omistajien elinkeinovapauteen.
68372593-1080-4615-a43c-81b54262b3e4,http://iltalehti.fi/muutlajit/a/68372593-1080-4615-a43c-81b54262b3e4,Ryöpytystä hallituksen kevytmieliselle korona-ajan urheilupolitiikalle – iso päätös edessä: ”Katseet kääntyvät Sanna Mariniin”,2020-05-19T16:26:37+03:00,2020-05-19T16:26:37+03:00,"Urheilutapahtumien katsojamäärät on rajattu 500 henkeen, mutta ravintoloihin saa ottaa puolet täydestä asiakaskapasiteetista. Kansanedustaja Pauli Kiuru (kok) haluaa hallituksen muuttavan linjaansa."
e0e2cabc-fce1-4cfa-bae3-1f842e5376f4,http://iltalehti.fi/veikkausliiga/a/e0e2cabc-fce1-4cfa-bae3-1f842e5376f4,Näkökulma: Ministeri Hanna Kosonen teki oman maalin – päättäjät suhtautuvat kevytmielisesti huippu-urheiluun,2020-05-12T16:37:55+03:00,2020-05-12T16:37:55+03:00,"Urheiluasioista vastaava ministeri hapuilee kokoontumisrajoituksia koskevissa lausunnoissaan – miksi huvipuistojen väkimäärää ei rajoiteta, mutta jalkapallo-otteluissa kattona on 500 henkeä, kirjoittaa Santtu Silvennoinen."
cb567e1a-9586-4a2d-ba43-19e1639646e2,http://iltalehti.fi/muutlajit/a/cb567e1a-9586-4a2d-ba43-19e1639646e2,Kirjallinen kysymys urheilutapahtumien rajoituksista: ”Tapauskohtaista harkintaa on syytä korostaa”,2020-05-12T10:38:27+03:00,2020-05-12T10:38:27+03:00,Kansanedustaja Pauli Kiuru (kok) haluaa muutoksen yleisötapahtumien rajoituksiin. 
a65954c0-a95a-4143-8270-02dd3930afc9,http://iltalehti.fi/politiikka/a/a65954c0-a95a-4143-8270-02dd3930afc9,Kokoomuslaiset: Turkista tulevat turvapaikanhakijat ei rajan yli - ”Eurooppalaiset arvot tarvitsevat lujaakin järjestyksen pitoa” ,2020-03-02T20:12:07+02:00,2020-03-02T20:12:07+02:00,Kahdeksan kokoomuksen kansanedustajaa vaatii hallituksen muuttavan pikaisesti ulkomaalaislakia. 
9d5434cc-5e89-4708-8c24-c5d95e0e782d,http://iltalehti.fi/politiikka/a/9d5434cc-5e89-4708-8c24-c5d95e0e782d,IL-kysely: Kokoomusvaikuttajat kritisoivat presidentti Niinistön Nato-linjaa,2020-02-08T08:01:05+02:00,2020-02-08T08:01:05+02:00,"IL-kyselyn mukaan 68,9 prosenttia kokoomusvaikuttajista haluaisi, että presidentti Sauli Niinistö ja pääministeri Sanna Marinin (sd) hallitus edistäisivät Suomen Nato-jäsenyyttä."
ea31992a-0ec9-4855-b791-2fcba1636da9,http://iltalehti.fi/politiikka/a/ea31992a-0ec9-4855-b791-2fcba1636da9,IL-kysely: Petteri Orpon suosio laskee - yhä useampi kokoomuslainen haluaisi vaihtoon,2020-01-31T14:52:28+02:00,2020-01-31T16:43:37+02:00,Kokoomusvaikuttajille tehdyssä kyselyssä kahden päähaastajan eli Antti Häkkäsen ja Elina Lepomäen yhteenlaskettu kannatus on selvästi yli 50 prosenttia. 
