id,url,title,date_created,date_modified,lead
185d858f-f13f-4365-8be1-0e1f1eff3261,http://iltalehti.fi/kotimaa/a/185d858f-f13f-4365-8be1-0e1f1eff3261,Sanna Ukkolan kolumni: Sofia Belorfin miljonäärimies nousee Helsingin pormestariksi ja muita ennustuksia vuodelle 2021,2020-12-31T09:28:23+02:00,2020-12-31T09:28:23+02:00,"Tässä ehdottoman oikeat ennustukseni vuodelle 2021, joka on kuin edeltäjänsä – ainoastaan vielä hullumpi ja arvaamattomampi, kirjoittaa Iltalehden kolumnisti Sanna Ukkola."
50ec9764-6cae-4d8e-8d0d-38723abc197b,http://iltalehti.fi/politiikka/a/50ec9764-6cae-4d8e-8d0d-38723abc197b,"Sanna Marin IL:n erikoishaastattelussa: ""Olen itse itseni pahin kriitikko"" ",2020-12-24T07:35:34+02:00,2020-12-24T07:35:34+02:00,"Pääministeri Sanna Marin kertoo, miten pääministeriys on muuttanut tulisieluista vasemmistopoliitikkoa."
a78b373d-efa4-4ec6-9480-36f0cbeaa00d,http://iltalehti.fi/politiikka/a/a78b373d-efa4-4ec6-9480-36f0cbeaa00d,"Näkökulma: Kokoomuksella on kaksi ongelmaa, vihreillä ulkoministeri – siksi molemmat ovat suosioalamäessä",2020-12-23T17:46:26+02:00,2020-12-23T17:46:26+02:00,"Kokoomuksen suosioalamäkeä ei helpota keskenään taistelevat varapuheenjohtajat, kirjoittaa politiikan toimittaja Tommi Parkkonen."
de01fdb1-7c48-41ca-b5d1-5b9729e733ae,http://iltalehti.fi/politiikka/a/de01fdb1-7c48-41ca-b5d1-5b9729e733ae,Oppositio arvostelee Isis-äitien kotiuttamista: ”Pelkkää sumutusta”,2020-12-21T09:53:08+02:00,2020-12-21T09:53:08+02:00,Oppositio arvostelee Marin (sd) hallituksen toimia kotiuttaa al-Holin leiriltä lasten lisäksi myös aikuisia.
1f90b588-bbc8-442e-a9d3-c7d61c251707,http://iltalehti.fi/politiikka/a/1f90b588-bbc8-442e-a9d3-c7d61c251707,Salaiset barometriluvut: Kokoomuksen kuntavaalipotentiaali suurempi kuin PS:llä ja keskustalla - SDP ennakkosuosikki,2020-12-19T12:20:10+02:00,2020-12-19T12:20:10+02:00,Ykkösaamussa vieraillut Petteri Orpo: ”Olen huolissani hallituksen päätöksentekokyvystä.”
101a55c4-f465-4a4f-869f-40492b14fc48,http://iltalehti.fi/politiikka/a/101a55c4-f465-4a4f-869f-40492b14fc48,"Oppositiolta täyslaidallinen keskustan suuntaan, keskusta ryöpyttää vihreitä ja Haavistoa",2020-12-15T10:28:51+02:00,2020-12-15T13:57:30+02:00,Kärnä äänesti Haaviston puolesta mutta jätti eriävän: ”Kadettiupseerit eivät ole jengipettureita.”
caf6e8d7-600e-459a-a922-e5927053a312,http://iltalehti.fi/politiikka/a/caf6e8d7-600e-459a-a922-e5927053a312,Orpo karanteeniin - ”mahdollisesti altistunut koronalle”,2020-12-14T13:28:01+02:00,2020-12-14T13:28:01+02:00,Kokoomuksen puheenjohtaja Petteri Orpo kertoi asiasta Twitterissä.
5139ac1b-26e9-44dd-83dd-6b748f0a93dd,http://iltalehti.fi/politiikka/a/5139ac1b-26e9-44dd-83dd-6b748f0a93dd,"Seuraa suorana tenttiä: Saarikko, Halla-aho, Orpo ja Skinnari iskevät yhteen",2020-12-11T13:07:04+02:00,2020-12-11T13:07:04+02:00,Keskuskauppakamarin järjestämä puheenjohtajatentti alkaa perjantaina kello 14.
014dd5ee-e53d-4d2a-8f44-8f52e96af14f,http://iltalehti.fi/kotimaa/a/014dd5ee-e53d-4d2a-8f44-8f52e96af14f,"Sanna Ukkola: Marinia ja Halla-ahoa yhdistää yllättävä piirre, joka on tehnyt heistä suosittuja ",2020-12-10T06:31:46+02:00,2020-12-10T06:31:46+02:00,"Sanna Marin ja Jussi Halla-aho maalaavat kansalaisten mieliin vahvoja unelmia ja pelkoja. Asiapolitiikalla ei enää tässä kisassa pärjää, kirjoittaa Iltalehden kolumnisti Sanna Ukkola."
6573dee4-1ba3-43dd-8fd0-be5fe1bf75f3,http://iltalehti.fi/politiikka/a/6573dee4-1ba3-43dd-8fd0-be5fe1bf75f3,IL:n leijonat ja lampaat MTV:n puheenjohtajatentistä: ”Siellähän se synninpesä on kepulaisessa maailmassa”,2020-12-08T21:37:56+02:00,2020-12-08T21:37:56+02:00,MTV:n tiistai-iltaisessa tentissä puheenjohtajia puhututti muun muassa korona ja maaseudun tukiaiset.
d4410abc-94d5-4c18-ac6a-7699a354f64b,http://iltalehti.fi/politiikka/a/d4410abc-94d5-4c18-ac6a-7699a354f64b,Perussuomalaiset ihmettelee hallituksen syitä kansanäänestyksestä kieltäytymiselle: ”Pääministeriä ei kiinnosta”,2020-12-05T05:59:55+02:00,2020-12-05T05:59:55+02:00,Kansanäänestyksestä EU:n koronaelpymispaketista on jätetty kansalaisaloite ja perussuomalaisten lakialoite.
958e75db-7570-4006-98be-02ceaac60f55,http://iltalehti.fi/politiikka/a/958e75db-7570-4006-98be-02ceaac60f55,"Orpo arvostelee kovin sanoin Halla-ahon EU-linjan: ”Siinä hyväksytään sellainen tie, jonka päässä on totalitarismi”",2020-12-02T20:56:30+02:00,2020-12-02T20:56:30+02:00,"Kokoomuksen puheenjohtaja Petteri Orpo on huolissaan Euroopan oikeusvaltioperiaatteen vesittymisestä, jos Puolalle ja Unkarille annetaan nyt periksi."
4225f9dd-4952-4007-b896-1295662e39ec,http://iltalehti.fi/politiikka/a/4225f9dd-4952-4007-b896-1295662e39ec,Vanhanen tyytyväinen EU:n pankkisopuun: ”Pankkien ja veronmaksajien välinen kohtalonyhteys kriisitilanteissa puretaan”,2020-12-01T20:16:25+02:00,2020-12-01T20:54:11+02:00,"Saksan liittokansleri Angela Merkel esittää kompromissia EU:ta hiertävään oikeusvaltioperiaatteeseen, jotta Puola ja Unkari saadaan satojen miljardien eurojen elvytyspaketin taakse. "
960cc994-e5e8-4d3e-a08e-136066929369,http://iltalehti.fi/politiikka/a/960cc994-e5e8-4d3e-a08e-136066929369,Kokoomuksenkin varjobudjetti rakentuu jättivelan varaan,2020-12-01T12:28:50+02:00,2020-12-01T12:28:50+02:00,"Kokoomus esitteli myös työllisyysohjelmansa, joka lupaa reilut 120 000 lisätyöpaikkaa."
cadf4122-3e73-4abc-8159-81bc488df4fc,http://iltalehti.fi/politiikka/a/cadf4122-3e73-4abc-8159-81bc488df4fc,Kokoomus uudistaisi sote-palvelut ilman maakuntia - ”valinnanvapauden lisäämisellä ihmiset jonoista hoitoon”,2020-11-27T12:00:28+02:00,2020-11-27T12:00:28+02:00,Kokoomus esitteli perjantaina keskustelualoitteensa sote-palveluiden uudistamiseksi. Kokoomus vastustaa nykyisen hallituksen maakuntapohjaista sote-mallia.
981221ac-59d0-474e-b279-d17aecbc98dc,http://iltalehti.fi/politiikka/a/981221ac-59d0-474e-b279-d17aecbc98dc,"Näkökulma: Älkää huoliko Jussi ja Petteri, kyllä kansa vielä hylkää Sannan",2020-11-21T09:01:10+02:00,2020-11-21T09:01:10+02:00,"Kun asiakysymykset eivät ole riittäneet, kokoomus yrittää saada pääministeri Sanna Marinin (sd) suuttumaan julkisesti, kirjoittaa politiikan toimittaja Tommi Parkkonen."
167b8f14-7e4e-4e17-ba6e-190b4853d0c5,http://iltalehti.fi/politiikka/a/167b8f14-7e4e-4e17-ba6e-190b4853d0c5,Näkökulma: Politiikan kenttä kovassa liikkeessä - SDP siirtyi vasemmalle ja PS oikealle,2020-11-14T12:16:31+02:00,2020-11-14T12:16:31+02:00,"Vihreät, keskusta ja RKP liukuvat vasemmalle, kokoomuksessa on vetoa oikealle, kirjoittaa Juha Keskinen."
a6c1d60a-d0cd-43c9-81ff-5bfdd0109247,http://iltalehti.fi/politiikka/a/a6c1d60a-d0cd-43c9-81ff-5bfdd0109247,Halla-aho maahanmuuttajien jengiväkivallasta: ”On toistettu kaikki Ruotsin tekemät virheet”,2020-11-10T16:13:17+02:00,2020-11-10T16:13:17+02:00,Jussi Halla-aho: ”Mitään oikeasti toimivia kotouttamiskeinoja ei ole olemassa.”
8335a465-7367-4f0e-9a5e-07b3f029e951,http://iltalehti.fi/paakirjoitus/a/8335a465-7367-4f0e-9a5e-07b3f029e951,Pääkirjoitus: Kokoomuksessa tarvittaisiin nyt reipasta tuuletusta,2020-11-09T16:03:58+02:00,2020-11-09T16:03:58+02:00,"Varovainen ja odotteleva politiikka on jähmettänyt kokoomuksen, kirjoittaa Juha Keskinen."
99bdcbbf-e381-4315-a61e-ea887242f3a8,http://iltalehti.fi/politiikka/a/99bdcbbf-e381-4315-a61e-ea887242f3a8,Orpo ennakoi sote-uudistukselle perustuslaillisia ongelmia: ”Nykymuotoisten kaupunkien alasajo”,2020-11-05T18:44:17+02:00,2020-11-05T18:44:17+02:00,Kokoomuksen puheenjohtaja Petteri Orpo pitää hallituksen sote-mallia monella tapaa epäonnistuneena. Suurin ongelma Orpon mukaan on mallin rahoitus.
46c56e4a-58b7-4d85-81db-3c9516e3b613,http://iltalehti.fi/politiikka/a/46c56e4a-58b7-4d85-81db-3c9516e3b613,Toteutuuko tasa-arvo kunnissa ja kouluissa? Näin puheenjohtajatentissä pohdittiin: ”Panostettava poikien lukemiseen”,2020-11-04T16:36:38+02:00,2020-11-04T16:36:38+02:00,Kuntavaaleihin valmistautuvien puolueiden puheenjohtajat pohtivat miten tasa-arvo toteutuisi kuntien arjessa.
32989d5d-8e58-4b7a-af7e-9dd2c7ef4da5,http://iltalehti.fi/politiikka/a/32989d5d-8e58-4b7a-af7e-9dd2c7ef4da5,Näkökulma: Petteri Orpon kova paikka - kuntavaaleissa ratkeaa myös kokoomuksen puheenjohtajan asema,2020-11-02T12:01:23+02:00,2020-11-02T12:01:23+02:00,"Kuntavaalit on tulikoe Petteri Orpolle ja kokoomukselle, kirjoittaa Juha Keskinen."
e485981e-1252-447c-82dc-4ccd9e9c92ad,http://iltalehti.fi/paakirjoitus/a/e485981e-1252-447c-82dc-4ccd9e9c92ad,Pääkirjoitus: Liikenteen päästöjen vähentäminen on kova pala hallitukselle – poliittinen hinta voi tulla kalliiksi ,2020-10-21T18:54:17+03:00,2020-10-21T18:54:17+03:00,"Tiistaina pidetty Iltalehden puheenjohtajatentti paljasti, kuinka vaikeaa Marinin (sd) hallituksen on päästä tavoitteeseensa liikenteen hiilidioksidipäästöjen puolittamiseksi vuoteen 2030 mennessä, kirjoittaa Kreeta Karvala."
ae64f9ca-e643-4ab7-b219-7193975528b2,http://iltalehti.fi/politiikka/a/ae64f9ca-e643-4ab7-b219-7193975528b2,"Näkökulma: Iltalehden puheenjohtajatentti osoitti: Tervetuloa hallitukseen, herra Halla-aho (ps)",2020-10-21T07:06:25+03:00,2020-10-21T07:06:25+03:00,"Perussuomalaisten syrjitystä puheenjohtajasta Jussi Halla-ahosta on tullut taas muiden puolueiden kaveri, kirjoittaa politiikan toimittaja Tommi Parkkonen."
59c6db66-6a88-4e71-9b21-647d10929911,http://iltalehti.fi/paakirjoitus/a/59c6db66-6a88-4e71-9b21-647d10929911,Pääkirjoitus: Pääministeri Marinin kilpi alkoi rakoilla puheenjohtajien taistossa,2020-10-20T21:31:53+03:00,2020-10-20T21:31:53+03:00,"Supersuosittu pääministeri on edelleen suvereeni esiintyjä puoluejohtajien joukossa, kirjoittaa uutispäätoimittaja Perttu Kauppinen."
7370d968-52d7-4907-8a44-1802525fa8ce,http://iltalehti.fi/politiikka/a/7370d968-52d7-4907-8a44-1802525fa8ce,"IL jakoi puheenjohtajatentin leijonat ja lampaat: Orpo vahvin, Saarikko repi eroa hallitukseen",2020-10-20T19:58:00+03:00,2020-10-20T19:58:00+03:00,Iltalehden toimittajat arvioivat puoluejohtajien onnistumisen jakamalla leijonat ja lampaat.
d6865b22-9f8d-4c2b-93f3-5bcced202488,http://iltalehti.fi/politiikka/a/d6865b22-9f8d-4c2b-93f3-5bcced202488,Katso omakätiset piirustukset – tällaisilla menopeleillä puoluejohtajat ajavat,2020-10-20T18:54:24+03:00,2020-10-20T18:54:24+03:00,Iltalehden puheenjohtajatentissä viiden suurimman puolueen puheenjohtajat taiteilivat kuvan omasta menopelistään.
7721d40e-b4c7-4709-a5cc-4b50d771bc72,http://iltalehti.fi/politiikka/a/7721d40e-b4c7-4709-a5cc-4b50d771bc72,Saarikko ja Marin ottivat yhteen ravintoloiden rajoituksista: ”Ei liity poliittista haluttomuutta”,2020-10-20T17:47:18+03:00,2020-10-20T17:47:18+03:00,"Marin perusteli Iltalehden puheenjohtajatentissä, miksi hallitus on halunnut rajoittaa koko maan baarien, yökerhojen ja ruokaravintoloiden aukioloa, vaikka tautitilanne alueilla on ollut erilainen."
d9f5e10c-a681-4447-9a03-6007fb8d00a8,http://iltalehti.fi/politiikka/a/d9f5e10c-a681-4447-9a03-6007fb8d00a8,"Hallituksen maskiviestintä saa tyrmäyksen kansalta - Saarikko myöntää: ”Viestintä on selvästi sekavaa""",2020-10-20T17:25:07+03:00,2020-10-20T17:25:07+03:00,"Hallitusta johtavalta pääministeri Sanna Marinilta (sd) ei saatu selvää vastausta siihen, miksi maskiviestinnässä epäonnistuttiin. "
8d042cca-53f2-43e9-92c4-09fb5656196c,http://iltalehti.fi/iltvuutiset/a/8d042cca-53f2-43e9-92c4-09fb5656196c,Katso Iltalehden suuri puheenjohtajatentti! ,2020-10-20T15:58:59+03:00,2020-11-12T14:04:11+02:00,Viiden suurimman puolueen puheenjohtajat kohtasivat tiistaina Iltalehden suuressa tentissä. 
9d28b4c6-a08a-4c42-b269-9f0aaf95352b,http://iltalehti.fi/politiikka/a/9d28b4c6-a08a-4c42-b269-9f0aaf95352b,"Tässä ovat kansalaisten suosikit seuraavaksi pääministeriksi: Marin, Halla-aho ja Orpo ",2020-10-20T15:29:56+03:00,2020-10-20T15:29:56+03:00,"Sanna Marin herättää kansalaisissa eniten luottamusta, selviää Iltalehden Taloustutkimuksella teettämästä kyselystä."
5fb67979-ce83-4dea-bcd1-1cc2e21a2da8,http://iltalehti.fi/politiikka/a/5fb67979-ce83-4dea-bcd1-1cc2e21a2da8,IL-kysely: Sanna Marin suomalaisten mielestä kiinnostavin puoluejohtaja – myös Andersson ja Halla-aho kärkipaikoilla,2020-10-19T19:00:01+03:00,2020-10-19T19:00:01+03:00,Iltalehden Taloustutkimuksella teettämän kyselyn mukaan kansalaiset haluaisivat tutustua eniten Sanna Mariniin.
4206a950-56d6-48a6-84da-da9491838bec,http://iltalehti.fi/politiikka/a/4206a950-56d6-48a6-84da-da9491838bec,Viisi suurinta kohtaavat Iltalehden puheenjohtajatentissä – suora lähetys kello 17,2020-10-17T15:34:31+03:00,2020-10-20T14:57:12+03:00,Viiden suurimman puolueen puheenjohtajat kohtaavat Iltalehden puheenjohtajatentissä tiistaina 20.10. alkaen kello 17. 
b4ce1e2e-98bf-4116-9630-fc51afa39314,http://iltalehti.fi/politiikka/a/b4ce1e2e-98bf-4116-9630-fc51afa39314,Viestit julki: Näin THL:n Tervahauta selventää  pääministeri Marinille maskilinjaa,2020-10-15T15:27:39+03:00,2020-10-15T16:11:47+03:00,Iltalehti sai THL:n pääjohtajan antaman selvityksen maskisuosituksesta.
42beb1c6-22d7-4e3c-bee9-cbb226b726a5,http://iltalehti.fi/politiikka/a/42beb1c6-22d7-4e3c-bee9-cbb226b726a5,Marin on saanut selvityksen THL:n Tervahaudalta – ”Asia loppuun käsitelty”,2020-10-15T08:03:21+03:00,2020-10-15T14:09:39+03:00,Hallitus neuvotteli torstaina koronatoimista.
891a5570-ccdd-4475-b92b-3ac97e20c886,http://iltalehti.fi/politiikka/a/891a5570-ccdd-4475-b92b-3ac97e20c886,Pääministeri ja THL:n pääjohtaja oudossa yöllisessä sanasodassa koronamaskeista - jopa THL:n Twitter-tili puuttui kinasteluun ,2020-10-14T21:56:37+03:00,2020-10-14T21:56:37+03:00,"Pääministeri Sanna Marinin (sd) lausahduksesta Ylen A-studiossa kehkeytyi Twitterissä omituinen kinastelu, johon osallistui myös lomalla oleva STM:n kansliapäällikkö - sekä THL:n virallinen Twitter-tilikin."
d2495480-8a9c-4f87-84fd-f0d0988f244b,http://iltalehti.fi/politiikka/a/d2495480-8a9c-4f87-84fd-f0d0988f244b,"Marin maskisotkusta – ”En osaa sanoa, miksi THL:n pääjohtajalla on ollut eri kanta” ",2020-10-14T14:55:55+03:00,2020-10-14T14:55:55+03:00,Tartuntatautilain muutokset toisivat merkittäviä uusia keinoja koronan leviämisen estämiseen.
585e0c48-e042-432a-ac9e-96598f7ed9b7,http://iltalehti.fi/koronavirus/a/585e0c48-e042-432a-ac9e-96598f7ed9b7,STM:n oma muistio paljastaa - näin ministeriö puolustaa maskilinjauksiaan: ”Suomi selvinnyt hyvin”,2020-10-13T20:35:05+03:00,2020-10-13T20:35:05+03:00,Iltalehden käsiinsä saaman muistion mukaan sosiaali- ja terveysministeriön ja THL:n ”tavoitteena on ollut saada selkeät ja yhdenmukaiset viestit kansalaisille”.
f4a43d9c-2220-4db7-902a-75bdae05e65c,http://iltalehti.fi/paakirjoitus/a/f4a43d9c-2220-4db7-902a-75bdae05e65c,Pääkirjoitus: Maskikohun selvittäminen kuuluu myös pääministerille,2020-10-11T18:01:40+03:00,2020-10-11T18:01:40+03:00,"Maskikohua on hyvä selvitellä tulevia tarpeita ajatellen, kirjoittaa Iltalehden politiikan toimittaja Juha Keskinen."
e1209aca-37a4-428a-9fc6-0d9325ddf485,http://iltalehti.fi/politiikka/a/e1209aca-37a4-428a-9fc6-0d9325ddf485,Marin kiistää THL:n pääjohtajan maskipainostuksen: ”Kohtuuton syytös”,2020-10-11T15:45:06+03:00,2020-10-11T15:45:06+03:00,Sanna Marin (sd) jatkoi Ylellä opposition toiminnan ihmettelyä: ”Tällainen keskustelukulttuuri ei ole asiallista”.
64d8a9f8-a927-47df-ace9-0e0d5f8c3bff,http://iltalehti.fi/politiikka/a/64d8a9f8-a927-47df-ace9-0e0d5f8c3bff,Marin ihmettelee kokoomuksen politikointia: ”Mihin tällä kaikella pyritään? Vihan lietsomiseen? Mihin?”,2020-10-11T12:17:55+03:00,2020-10-11T12:17:55+03:00,Pääministeri Sanna Marin (sd) avautui ajatuksistaan sunnuntaina Twitterissä. Kokoomuksen puheenjohtajan Petteri Orpon mielestä Marin ”puhuu asian vierestä”.
82ada472-124d-46bd-b3d1-07e2aa55a664,http://iltalehti.fi/politiikka/a/82ada472-124d-46bd-b3d1-07e2aa55a664,Kokoomus esittää epäluottamusta ministeri Kiurulle,2020-10-09T16:08:40+03:00,2020-10-09T18:11:54+03:00,Epäluottamusäänestys on keskiviikkona täysistunnon alussa.
63c92883-6f2e-4eca-b4bb-bfc48e3221b0,http://iltalehti.fi/paakirjoitus/a/63c92883-6f2e-4eca-b4bb-bfc48e3221b0,Pääkirjoitus: Marinin ”tähtipöly” ei ole tarttunut Saarikkoon ,2020-10-08T11:13:54+03:00,2020-10-08T11:13:54+03:00,Keskustan kannatustilanne ei näytä parantuneen puheenjohtajaa vaihtamalla - punamullasta yritetään nyt ulosmitata hallituksessa kaikki hyöty irti.
0077d0a7-6572-43cd-9016-8f728f8b8d8e,http://iltalehti.fi/politiikka/a/0077d0a7-6572-43cd-9016-8f728f8b8d8e,Petteri Orpo kertoi Alfa-tv:llä olevansa valmis myös Halla-ahon johtamaan hallitukseen ,2020-10-08T10:15:05+03:00,2020-10-08T10:15:05+03:00,"Petteri Orpo: ”Minä olen valmis keskustelemaan kaikkien puolueiden, myös perussuomalaisten kanssa, hallitusyhteistyöstä ja hallitusohjelmasta”."
789535d7-eaf1-4cd8-b989-1284b989ae03,http://iltalehti.fi/politiikka/a/789535d7-eaf1-4cd8-b989-1284b989ae03,Oppositio ryöpytti hallituksen budjettiesitystä – Orpo: ”Tämä puhe on pelkkää kuumaa ilmaa teidän suustanne”,2020-10-07T08:26:48+03:00,2020-10-07T15:18:57+03:00,"Kun keskustan Kulmuni kosiskeli oppositiota työllisyystalkoisiin, nousi salissa älämölö, johon puhemies joutui puuttumaan. "
7af5747c-3973-478a-88d1-a3bc3852d942,http://iltalehti.fi/politiikka/a/7af5747c-3973-478a-88d1-a3bc3852d942,Li Andersson tyrmää Orpon puheet veronkevennyksistä – ”Itsekkäät ja lyhytnäköiset ehdotukset”,2020-10-03T13:12:00+03:00,2020-10-03T13:12:00+03:00,"Vasemmistoliiton puheenjohtaja Li Andersson katsoo, että kuntaveronkorotukset olisi parempi vaihtoehto kuin leikkaukset."
90a6978f-0475-4d65-baf7-03296b2093e7,http://iltalehti.fi/politiikka/a/90a6978f-0475-4d65-baf7-03296b2093e7,Suora lähetys - Kuuman välikysymyskeskustelun yllätyshahmot: Lordi Voldemort ja Hannu Karpo,2020-09-30T12:22:48+03:00,2020-09-30T20:48:32+03:00,Keskiviikon välikysymyskeskustelussa syntyi outo kinastelu pääministerin kalenterista.
ba9d9598-4766-48b6-83de-d958ae6f1bfa,http://iltalehti.fi/politiikka/a/ba9d9598-4766-48b6-83de-d958ae6f1bfa,"Orpolta raju ryöpytys Marinin hallituksen sote-uudistuksesta: ”Mitä huonommin hoidat ihmisiä, sitä enemmän rahaa saat”",2020-09-26T12:10:47+03:00,2020-09-26T12:10:47+03:00,Petteri Orpo: Soten lausuntopalaute ”karmeaa luettavaa.”
440c1fa2-760f-4335-b799-2e5a48e51b14,http://iltalehti.fi/politiikka/a/440c1fa2-760f-4335-b799-2e5a48e51b14,"IL-Analyysi: Näin budjettisopu neuvoteltiin - ”Marin ymmärsi, että hänen pitää se tehdä pelastaakseen hallituksensa”",2020-09-24T06:04:08+03:00,2020-09-24T06:04:08+03:00,"Vasemmistolle oli tärkeää, että valtiovarainministeriön ”kyykyttämislinjaa” ei toteuteta, kirjoittavat Iltalehden Lauri Nurmi ja Juha Ristamäki."
f1f598fa-2316-45d1-a47c-109281665176,http://iltalehti.fi/politiikka/a/f1f598fa-2316-45d1-a47c-109281665176,Oppositio käyttää järeintä asettaan ja yrittää kaataa Sanna Marinin hallituksen – Petteri Orpo: ”Hallituksen talous- ja työllisyyspolitiikka on täysin vastuutonta”,2020-09-18T10:42:58+03:00,2020-09-18T10:42:58+03:00,Oppositiopuolueet jättävät välikysymyksen hallitusohjelman talous- ja työllisyystavoitteiden hylkäämisestä.
72e4b2b5-3fd5-4b39-b234-719de1388b6c,http://iltalehti.fi/politiikka/a/72e4b2b5-3fd5-4b39-b234-719de1388b6c,Eduskunnassa budjettiriihen kuumat jälkikäräjät – kokoomus syytti hallitusta ankarasti vääristä työllisyysluvuista,2020-09-17T19:12:10+03:00,2020-09-17T19:12:10+03:00,Kokoomusedustajat: Hallitus ei ole saanut kasaan kuin noin puolet kertomistaan lisätyöllisistä.
7d7586f0-d07c-491c-aea7-5357109d3cb8,http://iltalehti.fi/politiikka/a/7d7586f0-d07c-491c-aea7-5357109d3cb8,Oppositio lyttää budjetin: ”Järkyttävä talouden ja työllisyyden kannalta”,2020-09-16T18:32:11+03:00,2020-09-16T18:32:11+03:00,"Marinin (sd) hallitus julkisti keskiviikkona ensi vuoden budjetin, jonka mukaan Suomi velkaantuu vuonna 2021 lähes 11 miljardia euroa. "
48a83880-76b5-4053-9aaf-e6ea65c827b0,http://iltalehti.fi/politiikka/a/48a83880-76b5-4053-9aaf-e6ea65c827b0,Petteri Orpo selitti itkupuheitaan Ylellä: ”Ihan oikeasti pelkään”,2020-09-10T22:23:33+03:00,2020-09-10T22:23:33+03:00,Oppositio ja hallitus ottivat yhteen budjettiriihen mahdollisista sisällöistä.
d3dcd76a-60c4-4a0b-833a-e54e18804566,http://iltalehti.fi/politiikka/a/d3dcd76a-60c4-4a0b-833a-e54e18804566,"Puolueiden puheenjohtajat iskivät yhteen - Hoitajamitoitus? ”Ei ole rahaa, eikä hoitajia”",2020-09-09T09:35:52+03:00,2020-09-09T13:06:53+03:00,"SDP:n puheenjohtaja, pääministeri Sanna Marin myönsi, että on hyvin vaikea nähdä, että hallitus pääsisi työllisyystavoitteeseen."
d7c366d0-4926-4468-b59c-08a1cbab260e,http://iltalehti.fi/politiikka/a/d7c366d0-4926-4468-b59c-08a1cbab260e,Kokoomus uhkasi kaataa hallituksen – Paavo Lipponen lataa puolueelle suorat sanat Demokraatissa: ”Saisitte hävetä”,2020-09-07T21:26:23+03:00,2020-09-07T21:26:23+03:00,Paavo Lipponen arvostelee kokoomuksen hallitusta haastavia puheita kolumnissaan.
f3a48822-b746-4952-818d-555f60005cd7,http://iltalehti.fi/paakirjoitus/a/f3a48822-b746-4952-818d-555f60005cd7,Pääkirjoitus: Lepomäen tuuletus on myrskyvaroitus muille ,2020-09-07T13:22:41+03:00,2020-09-07T13:22:41+03:00,Kokoomuksen puheenjohtajistoon sunnuntaina noussut Elina Lepomäki antoi menestyksellään myrskyvaroituksen. 
732c86e1-6000-4cc5-b2a9-3124da9cf404,http://iltalehti.fi/paakirjoitus/a/732c86e1-6000-4cc5-b2a9-3124da9cf404,Pääkirjoitus: Saarikon keskusta on kovan paikan edessä - leimautuuko se vasemmiston pönkäpuolueeksi?,2020-09-06T21:33:19+03:00,2020-09-06T21:33:19+03:00,"Käsillä on ratkaisujen hetkiä siinä, millä tavalla keskustaoikeistolainen puoluekenttä elää, kirjoittaa Juha Ristamäki."
38cf4c0d-c2a8-48a3-ac29-33b65d45e6a7,http://iltalehti.fi/politiikka/a/38cf4c0d-c2a8-48a3-ac29-33b65d45e6a7,"Häkkänen, Lepomäki ja Ikonen kokoomusjohtoon - ”Kaadetaan se hallitus ja pidetään ne vaalit”",2020-09-06T11:42:39+03:00,2020-09-06T11:42:39+03:00,"Etukäteen on uumoiltu, että kokoomuksen varapuheenjohtajavaalissa haetaan jo asetelmia seuraavaa, vuoden 2022, puheenjohtajakisaa silmällä pitäen."
819582d1-f3de-46bc-aae8-a81a88260f29,http://iltalehti.fi/politiikka/a/819582d1-f3de-46bc-aae8-a81a88260f29,"Kokoomuksen Orpo lähetti tylyt terveiset hallitukselle: ”Ajamme päin seinää, ykkösluokassa”",2020-09-06T10:35:02+03:00,2020-09-06T10:35:02+03:00,"Orpon mukaan ”hallitus voi lisärahalla tilannetta hetkellisesti helpottaa, mutta ilman kunnon uudistuksia eivät mitkään rahat ei riitä”."
cef1b51b-c6b0-40c1-ac65-865a856fea31,http://iltalehti.fi/politiikka/a/cef1b51b-c6b0-40c1-ac65-865a856fea31,"Orpo ei halua spekuloida jatkollaan: ”Kysymys on kokonaisarviosta, joka joskus aikanaan tehdään”",2020-09-05T14:14:17+03:00,2020-09-05T14:14:17+03:00,Kokoomuksen puheenjohtaja Petteri Orpo antaa puolueensa oppositiopolitiikan kouluarvosanaksi kahdeksan.
abc7bc71-0440-4799-817a-c77007646e61,http://iltalehti.fi/politiikka/a/abc7bc71-0440-4799-817a-c77007646e61,"Kokoomuksen tavoitteita: Turpeen poltto lopetettava, pienydinvoimaa, lisää poliiseja, terapiatakuu...",2020-09-05T11:34:51+03:00,2020-09-05T11:34:51+03:00,Kokoomuksen uudelleen valittu puheenjohtaja Petteri Orpo esitteli Porissa puolueen uutta tavoiteohjelmaa.
23610757-017c-439c-b6bf-0fefb524c121,http://iltalehti.fi/politiikka/a/23610757-017c-439c-b6bf-0fefb524c121,IL-Analyysi: Keskustaa uhkaa Soinin perussuomalaisten kohtalo – ja se johtaisi radikalisoitumiseen,2020-09-05T10:57:39+03:00,2020-09-05T10:57:39+03:00,"Keskustan uudella puheenjohtajalla on edessään valinta, yrittääkö hän säilyttää keskustan yleispuolueena vai ei, kirjoittaa Lauri Nurmi."
64d1f7f7-cbb6-4b5a-a2e8-18155fe98f42,http://iltalehti.fi/politiikka/a/64d1f7f7-cbb6-4b5a-a2e8-18155fe98f42,Orpo valittiin jatkamaan kokoomuksen puheenjohtajana - varapuheenjohtajavaalista odotetaan jännitysnäytelmää,2020-09-05T09:48:55+03:00,2020-09-05T09:48:55+03:00,"Kokoomus pitää puoluekokoustaan Porissa. Etukäteen on uumoiltu, että varapuheenjohtajavaalissa haetaan jo asetelmia seuraavaa, vuoden 2022, puheenjohtajakisaa silmällä pitäen."
7cb46bbc-9f12-459d-8e60-5ed39a2e06be,http://iltalehti.fi/politiikka/a/7cb46bbc-9f12-459d-8e60-5ed39a2e06be,Orpon tavoite on olla seuraava pääministeri: ”Päätös päätökseltä Suomea viedään tällä hetkellä vasemmalle”,2020-09-04T21:45:29+03:00,2020-09-04T21:45:29+03:00,"Kokoomuksen puheenjohtaja Petteri Orpo kertoo Iltalehden haastattelussa Porin puoluekokouksessa, ettei hän ole menossa minnekään."
bb0a8ecc-cb59-479d-a278-1da4f2b86183,http://iltalehti.fi/politiikka/a/bb0a8ecc-cb59-479d-a278-1da4f2b86183,Kokoomuksen puoluekokous ottaa kantaa aloitteeseen: Presidenttiehdokkaan oltava sitoutunut edistämään Suomen Nato-jäsenyyttä,2020-09-04T17:57:19+03:00,2020-09-04T17:57:19+03:00,"Kokoomuksen puoluehallitus ei halua sitoa presidenttiehdokkaan käsiä, mutta haluaa, että Suomi sitoutuu rohkeasti talous- ja rahaliiton syventämiseen."
de131402-f447-4b82-b10c-a81f8fff2945,http://iltalehti.fi/politiikka/a/de131402-f447-4b82-b10c-a81f8fff2945,Kommentti: Kokoomuksessa kisataan nyt varapuheenjohtajista - puheenjohtajaehdokkaat ajavat jo asemiin,2020-09-03T11:35:29+03:00,2020-09-03T11:35:29+03:00,"Syyskuun puoluekokous on eräänlainen välikokous, jossa todelliset puheenjohtajaehdokkaat ajavat asemiin, kirjoittaa Juha Keskinen."
906984bf-baa0-4a4d-b8b0-7cbc840d1913,http://iltalehti.fi/politiikka/a/906984bf-baa0-4a4d-b8b0-7cbc840d1913,"Kokoomus roimii hallitusta - ”Pääministeri ei ymmärrä, miten yritykset toimivat”",2020-09-02T13:43:00+03:00,2020-09-02T15:15:15+03:00,"Kokoomus vaatii, että hallitus tuo uuden hallitusohjelman eduskunnan käsiteltäväksi."
b4fbf312-6cfe-4af4-92fd-79a079ab4660,http://iltalehti.fi/politiikka/a/b4fbf312-6cfe-4af4-92fd-79a079ab4660,IL kysyi SAK:n Elorannalta ja EK:n Häkämieheltä Sanna Marinin UPM-väitteistä ja Kaipolan tehtaasta – näin johtajat vastasivat,2020-08-30T15:10:51+03:00,2020-08-30T15:10:51+03:00,"EK:n toimitusjohtaja Jyri Häkämies ja SAK:n puheenjohtaja Jarkko Eloranta kommentoivat Iltalehdelle muun muassa sitä, onko irtisanominen Suomessa liian helppoa."
5a1af506-52a8-439e-8610-cb8035fb33c8,http://iltalehti.fi/paakirjoitus/a/5a1af506-52a8-439e-8610-cb8035fb33c8,"Pääkirjoitus: Kun kaikki on haukuttu Kaipolan takia, on aika rakentaa Suomeen teollisuusohjelmaa",2020-08-27T19:14:59+03:00,2020-08-27T19:14:59+03:00,"UPM:n suunnitelma ajaa alas Kaipolan paperitehdas paljasti karulla tavalla, millainen epäluulo työmarkkinoilla ja teollisuuspolitiikassa vallitsee tällä hetkellä."
56c29945-e5f6-429d-940f-2994f5a162a0,http://iltalehti.fi/politiikka/a/56c29945-e5f6-429d-940f-2994f5a162a0,Petteri Orpon kova väite: Kaipolan sulkeminen Sanna Marinin hallituksen syytä,2020-08-26T15:53:13+03:00,2020-08-26T15:53:13+03:00,Orpon mukaan Marinin hallitus ei ole sitoutunut hillitsemään teollisuuden kustannuksia.
6a557723-481e-4db6-8053-f6dfeb28f0b3,http://iltalehti.fi/politiikka/a/6a557723-481e-4db6-8053-f6dfeb28f0b3,IL-Analyysi: Suomen suunnasta luvassa ankara taisto punaisen pääministerin ja porvareiden välillä,2020-08-24T19:48:55+03:00,2020-08-24T19:48:55+03:00,"Sanna Marin heitti työaikakiukaalle kipakat kesälöylyt. Viime vaalikaudella keskustalaisen pääministerin Juha Sipilän politiikan punaisena lankana oli vuosityöajan pidentäminen, kirjoittaa Iltalehden politiikan toimittaja Lauri Nurmi."
76a3646c-1edd-4931-88bb-81f4fb9273d8,http://iltalehti.fi/ulkomaat/a/76a3646c-1edd-4931-88bb-81f4fb9273d8,Saksassa epäillään islamistista terrori-iskua liikenteessä - kiinniotetulla yhteys Suomeen ,2020-08-19T19:43:39+03:00,2020-08-19T20:33:36+03:00,Saksalaissyyttäjät epäilevät tapahtunutta terrori-iskuksi.
fd0a7175-8fb4-47be-a19b-23ca9d977a00,http://iltalehti.fi/politiikka/a/fd0a7175-8fb4-47be-a19b-23ca9d977a00,"Kokoomuksen Orpo roimii: ”Hallitus ei ole tehnyt yhtä ainoaa päätöstä, joka toisi uusia työpaikkoja”",2020-08-18T13:26:52+03:00,2020-08-18T13:26:52+03:00,Kokoomuksen puheenjohtaja Petteri Orpo kritisoi voimakkaasti hallitusta työllisyystoimien puutteesta.
f564a9bb-0c75-4c64-a86a-35100c898e90,http://iltalehti.fi/paakirjoitus/a/f564a9bb-0c75-4c64-a86a-35100c898e90,Pääkirjoitus: Kuntavaalit pippuroi politiikan kuuman syksyn,2020-08-17T18:19:56+03:00,2020-08-17T18:19:56+03:00,"Terveys- ja koulupalvelut sekä kuntatalous nousevat politiikan keskeisiksi aiheiksi, kirjoittaa politiikan toimittaja Juha Keskinen."
40096072-b5a1-4dbf-97be-daca7b214a6c,http://iltalehti.fi/politiikka/a/40096072-b5a1-4dbf-97be-daca7b214a6c,"Orpo pettyi Vanhaseen: ""Velkaa otetaan eikä menoihin puututa""",2020-08-16T17:42:33+03:00,2020-08-16T17:42:33+03:00,Kokoomuksen puheenjohtaja Orpo kertoo pettyneensä valtiovarainministeri Matti Vanhasen toimintaan hallituksessa. 
5fea61a1-3de5-4fac-97be-283e30ea377e,http://iltalehti.fi/politiikka/a/5fea61a1-3de5-4fac-97be-283e30ea377e,Li Anderssonilta suorat sanat pitkistä koronatestijonoista – ministeri puuttuisi tartuntojen lisääntymiseen kolmella keinolla,2020-08-11T20:18:23+03:00,2020-08-11T20:18:23+03:00,"Opetusministeri Li Andersson pitää kynnystä koulujen sulkemiselle hyvin suurena, vaikka epidemia kiihtyisi."
74a065c2-1208-4c3e-881a-0604df41509f,http://iltalehti.fi/politiikka/a/74a065c2-1208-4c3e-881a-0604df41509f,Kokoomuksen Orpo patistaa hallitusta koronatoimiin – ”Olemmeko jo myöhässä?”,2020-08-06T10:23:43+03:00,2020-08-06T10:23:43+03:00,
fba6ba40-b10d-4db3-ab13-1551881785ec,http://iltalehti.fi/kotimaa/a/fba6ba40-b10d-4db3-ab13-1551881785ec,"Sanna Ukkola: Näkemiin, panen nyt somen kiinni ",2020-08-06T09:00:34+03:00,2020-08-06T09:00:34+03:00,"Meistä on tullut keskittymiskyvyttömiä, lyhytjännitteisiä poukkoilijoita, jotka kärvistelevät dopamiinikoukussa ja saalistavat yhtä suurempaa hittiä, kirjoittaa Iltalehden kolumnisti Sanna Ukkola. "
ca999901-5bf7-45e8-a3d0-dc28e24d9c8a,http://iltalehti.fi/politiikka/a/ca999901-5bf7-45e8-a3d0-dc28e24d9c8a,"IL-erikoishaastattelu: Kokoomus päästi ministerit keväällä helpolla, sanoo Petteri Orpo – syksyllä suunta muuttuu: ”Hallitus on sekaisin”",2020-08-02T07:28:59+03:00,2020-08-02T07:28:59+03:00,Kokoomuksen puheenjohtaja Petteri Orpo ihmettelee hallituspuolueiden julkista kinastelua.
798a653c-69d8-4032-8da9-d12cfbba8e05,http://iltalehti.fi/politiikka/a/798a653c-69d8-4032-8da9-d12cfbba8e05,Synkkä viesti sekoitti koko Petteri Orpon perheen elämän – uhkailijalle poikkeuksellisen kova tuomio: ”Toivottavasti toimii esimerkkinä”,2020-08-01T11:17:56+03:00,2020-08-01T11:17:56+03:00,Uhkaus kohdistui kokoomuksen puheenjohtajan lisäksi myös hänen vaimoonsa.
84f50125-b7b8-4823-b5bd-c95a2f10273c,http://iltalehti.fi/politiikka/a/84f50125-b7b8-4823-b5bd-c95a2f10273c,Eduskunnan puhemies ei suostu kutsumaan kansanedustajia eduskuntaan kesken kesäloman - Perussuomalaiset tyrmistyivät: ”Täysin poikkeuksellinen lausunto”,2020-07-23T12:03:16+03:00,2020-07-23T18:58:56+03:00,Perussuomalaiset olisi halunnut eduskunnan koolle keskustelemaan Suomen EU-rahoituspäätöksestä.
23de744c-eb09-452d-9d98-f779e9605bda,http://iltalehti.fi/politiikka/a/23de744c-eb09-452d-9d98-f779e9605bda,Keskustan Pekkarinen haukkuu Suomen EU-neuvottelutuloksen: ”Ei senttiäkään lisää rahaa maataloudelle – ja kepulaiset hyppivät ilosta”,2020-07-21T18:56:36+03:00,2020-07-21T18:56:36+03:00,"Hallituspuolue keskustan europarlamentaarikko, moninkertainen ex-ministeri Mauri Pekkarinen ei ymmärrä hehkutusta, että Suomen maaseutu olisi saanut budjettineuvotteluissa lisää EU-rahaa."
5fbcf011-8550-4054-b030-b1d94b3a71a1,http://iltalehti.fi/politiikka/a/5fbcf011-8550-4054-b030-b1d94b3a71a1,Oppositio tyrmistyi - Halla-aho Ylelle: Koronapaketti rikkoo EU:n sääntöjä,2020-07-21T13:12:33+03:00,2020-07-21T16:19:40+03:00,Oppositio tyrmäsi pääministerin riemun onnistuneesta budjettineuvotteluissa.
2d3b73ef-ffae-463a-bc8f-48465cb82e6d,http://iltalehti.fi/politiikka/a/2d3b73ef-ffae-463a-bc8f-48465cb82e6d,Legendaaristen leijonien ja lampaiden kesäinen paluu - näin puoluepomot käyttäisivät ”koronasatasen”: ”Lapsille kirjoja”,2020-07-15T22:43:15+03:00,2020-07-15T22:43:15+03:00,MTV:n keskiviikkoisessa puheenjohtajatentissä onnistui Iltalehden yhden miehen raadin mielestä parhaiten perussuomalaisten Jussi Halla-aho.
ebdf3207-811f-46fa-bafa-336327f6f6bf,http://iltalehti.fi/politiikka/a/ebdf3207-811f-46fa-bafa-336327f6f6bf,Hallituksen ”intersektionaalinen feminismi” ihmetyttää oppositiota koronakriisin keskellä: ”Onko juuri nyt oikea aika?”,2020-06-27T07:31:23+03:00,2020-06-27T07:31:23+03:00,"Vihreiden puheenjohtajan, sisäministeri Maria Ohisalon mukaan hallituksen uuden tasa-arvo-ohjelman kantavana näkökulmana on intersektionaalinen feminismi."
3ba0bc54-ca41-41a9-bf94-4cddc53529ea,http://iltalehti.fi/politiikka/a/3ba0bc54-ca41-41a9-bf94-4cddc53529ea,"Näin puolueet kommentoivat Mäenpään tapausta – Halla-aho: Syyteluvan puolesta äänestäneiden pitäisi hävetä, Lindtman näkee riskejä",2020-06-26T11:59:16+03:00,2020-06-26T17:41:27+03:00,Kansanedustaja Juha Mäenpään syytesuoja-äänestyksen tulos herätti vastakkaisia mielipiteitä kansanedustajissa.
b761572c-43c2-4e96-9d13-f1f5508bd4a7,http://iltalehti.fi/paakirjoitus/a/b761572c-43c2-4e96-9d13-f1f5508bd4a7,"Pääkirjoitus: Ensin kaatui vappusatanen, nyt on vaikeuksissa hoitajamitoitus - onko demareilla tähän varaa?",2020-06-16T19:10:33+03:00,2020-06-16T19:10:33+03:00,"Eduskunnan perustuslakivaliokunta on nyt iskenyt näppinsä hallituksen hoitajamitoitusrakennelmaan, kirjoittaa Juha Ristamäki."
c9ec72a8-0a61-42a5-870c-c975033835cc,http://iltalehti.fi/politiikka/a/c9ec72a8-0a61-42a5-870c-c975033835cc,Keskusta sai moitteita työnjaosta – Matti Vanhanen A-studiossa: ”Valtio-oppineet ovat hätiköineet”,2020-06-08T22:47:02+03:00,2020-06-08T22:47:02+03:00,"Tuleva valtiovarainministeri Matti Vanhanen sanoi Ylen A-studiossa, että hän aikoo olla tarkkana siinä, ettei ota puoluejohtajan asemaa."
7d7776f3-5eb0-42de-971f-dd2b03c9198a,http://iltalehti.fi/politiikka/a/7d7776f3-5eb0-42de-971f-dd2b03c9198a,Oppositiojohtajat kritisoivat Kulmunin aikeita jatkaa viisikossa – Orpo: ”Iso ongelma”,2020-06-08T19:14:53+03:00,2020-06-08T19:14:53+03:00,"Mistä Kulmuni oikein päättää, kun ministerit vastaavat omista alueistaan? kysyy Liike Nytin Harry Harkimo."
cf24b1cb-3257-45d9-b29c-9149b6e4af2f,http://iltalehti.fi/politiikka/a/cf24b1cb-3257-45d9-b29c-9149b6e4af2f,Oppositiojohtajat kritisoivat Katri Kulmunia – Halla-aho: ”Kulmuni on toiminut vähintään moraalisesti kestämättömällä tavalla”,2020-06-05T12:41:24+03:00,2020-06-05T12:41:24+03:00,"Perussuomalaisten puheenjohtaja Jussi Halla-aho toivoo, että Katri Kulmuni ja keskusta vetävät Tekir-kohusta tarvittavat johtopäätökset."
3d7883b1-9be8-4db6-8d52-908484ea4d94,http://iltalehti.fi/politiikka/a/3d7883b1-9be8-4db6-8d52-908484ea4d94,"Kun 5,5 miljardin koronabudjetti meni julki, alkoi hallituksesta kehujen tulva maakuntien tierahoihin",2020-06-03T09:38:00+03:00,2020-06-03T09:38:00+03:00,Kansanedustajat kiirehtivät iloitsemaan omalle alueelleen saaduista panostuksista.
d246f631-d4b0-48b8-a047-6c97d1e969af,http://iltalehti.fi/politiikka/a/d246f631-d4b0-48b8-a047-6c97d1e969af,Oppositio hämmästelee Kulmunin koulutusten maksamista valtion pussista – Halla-aho: ”Maksaisimme omista rahoistamme”,2020-06-02T21:56:13+03:00,2020-06-02T22:44:53+03:00,Halla-aho ei halunnut lähteä ilkeämieliseen spekulointiin pääministerin kaatamisesta.
eac05452-2ef6-48a4-9a8e-f3e18a55d92d,http://iltalehti.fi/politiikka/a/eac05452-2ef6-48a4-9a8e-f3e18a55d92d,Analyysi: Poliisin esitutkintapäätös sisältää tikittävän juhannuspommin – Nerg-vyyhdistä saattaa paisua ministerivastuuasia,2020-05-28T09:31:29+03:00,2020-05-28T09:31:29+03:00,"Jos perustuslakivaliokunta päättää määrätä aloitettavaksi esitutkinnan ministerivastuuasiassa, huomio kohdistuu ensin Anu Vehviläiseen ja hänen kauttaan myös silloiseen pääministeriin Juha Sipilään, kirjoittaa Lauri Nurmi."
ac07e7a3-8cd6-4c47-b768-dad7e11b2e2c,http://iltalehti.fi/politiikka/a/ac07e7a3-8cd6-4c47-b768-dad7e11b2e2c,Alma-kysely: Sanna Marin on jo Suomen toiseksi suosituin poliitikko – Pekka Haaviston suosio romahti,2020-05-20T19:00:31+03:00,2020-05-20T19:00:31+03:00,"Suomen suosituimmat poliitikot olivat huhtikuussa Sauli Niinistö, Sanna Marin ja Li Andersson."
cc77285a-4e56-4b2e-8177-eda2195f976e,http://iltalehti.fi/politiikka/a/cc77285a-4e56-4b2e-8177-eda2195f976e,Poliisi ei epäile rikoksista VM:n virkamiehiä - linkki Päivi Nergin nimittämisvyyhtiin,2020-05-20T16:29:50+03:00,2020-05-20T16:29:50+03:00,"Poliisin mukaan VM:n virkamiehiä ei ole syytä epäillä rikoksista sote-vyyhdissä, jonka selvittely on johtanut ministeriön kansliapäällikkönimityksen viivästymiseen."
39a1b3f1-b722-4f18-ac8a-55eeda76d4de,http://iltalehti.fi/politiikka/a/39a1b3f1-b722-4f18-ac8a-55eeda76d4de,"Ex-työministeri Jari Lindström pyytää anteeksi suurinta virhettään: ”Hyväksyin aktiivimallin, vaikka tiesin alusta asti sen olevan torso”",2020-05-20T05:59:10+03:00,2020-05-20T05:59:10+03:00,"Jari Lindström kertoo kirjassaan, ettei olisi perunut aktiivimallia, vaan muokannut sitä."
a8d94650-4572-47a9-a368-53bae8f7ce60,http://iltalehti.fi/politiikka/a/a8d94650-4572-47a9-a368-53bae8f7ce60,"Sanna Marin vahvistaa: Pyysi Mikael Jungneria arvostelemaan itseään vuosia sitten – ""Mielelläni autoin, toimi""",2020-05-17T11:22:06+03:00,2020-05-17T12:24:46+03:00,"SDP:n ex-puoluesihteeri Mikael Jungner huomauttaa, ettei arvostelu välttämättä heikennä sen kohdetta, vaan voi käydä päinvastoin."
2a50ca98-e360-4463-84a8-c35fe7c35f45,http://iltalehti.fi/koronavirus/a/2a50ca98-e360-4463-84a8-c35fe7c35f45,Suomen koronatilanne nyt: katso lauantain tiedot,2020-05-16T20:38:37+03:00,2020-05-16T20:38:37+03:00,Epidemia on hidastunut Suomessa merkittävästi huhtikuun alkuun verrattuna.
966f389b-72f3-49a5-895d-16d45ce90c2d,http://iltalehti.fi/politiikka/a/966f389b-72f3-49a5-895d-16d45ce90c2d,"Sanasota leimahti: Orpo arvostelee Marinin toimintatapaa eduskunnassa, Marin syyttää valheellisista väittämistä",2020-05-16T11:45:03+03:00,2020-05-16T15:58:10+03:00,Kokoomuksen puheenjohtaja Petteri Orpo sanoo pitävänsä Marinin toimintaa eduskunnan ja parlamentarismin vähättelynä. Marin pitää väitettä valheellisena.
f0221139-b9ec-4800-b793-f6b5d141a628,http://iltalehti.fi/politiikka/a/f0221139-b9ec-4800-b793-f6b5d141a628,Pääministeri Sanna Marin: ”Hallitus ei tavoittele laumaimmuniteettia sairastamisen kautta”,2020-05-15T08:55:13+03:00,2020-05-15T11:57:57+03:00,Suomen koronastrategian yksityiskohdat olivat ennakkoon herättäneet kysymyksiä.
6fd50231-7553-426f-bb30-d7508f132a8f,http://iltalehti.fi/politiikka/a/6fd50231-7553-426f-bb30-d7508f132a8f,Hallituksen koronastrategia hämmensi kyselytunnilla – Kysymys laumasuojasta sai Kiurun kimpaantumaan,2020-05-14T15:56:15+03:00,2020-05-14T20:48:53+03:00,Oppositio grillasi hallitusta kyselytunnilla muun muassa koronastrategiasta ja Suomen EU-vastuiden kasvusta.
c4759bb5-7136-4c5d-922e-a29b2d7a28f9,http://iltalehti.fi/politiikka/a/c4759bb5-7136-4c5d-922e-a29b2d7a28f9,Pertti Salolainen - Paasion vastaus eriparikenkiin naurattaa vieläkin: ”Hänellä oli hersyvä huumori”,2020-04-04T23:04:06+03:00,2020-04-04T23:04:06+03:00,Suomen EU-jäsenyyttä Pertti Paasion (sd) kanssa neuvotellut Pertti Salolainen (kok) muistelee ystäväänsä lämmöllä.
f2a06025-eded-4327-85d9-3599689be6b5,http://iltalehti.fi/koronavirus/a/f2a06025-eded-4327-85d9-3599689be6b5,Mitä Uudenmaan eristäminen tarkoittaisi? IL listasi seitsemän tärkeintä kysymystä ,2020-03-24T18:12:59+02:00,2020-03-24T18:12:59+02:00,Täydelliseen eristykseen Uusimaa ei ole joutumassa pahimmassakaan koronavirusepidemian skenaariossa. Ruokakauppaan ja apteekkiin pääsee kuten ennenkin.
d3c45b78-59b5-46fc-931a-824f247c01d4,http://iltalehti.fi/koronavirus/a/d3c45b78-59b5-46fc-931a-824f247c01d4,"Pääministeri Marin: Ravintoloita ja kuppiloita suljetaan, Uusimaa halutaan eristää ",2020-03-24T09:22:13+02:00,2020-03-24T19:45:08+02:00,Eduskuntapuolueilla on laaja yhteisymmärrys uusista lisärajoituksista.
fd5b60ea-f631-48ff-90f3-cae1ace360c5,http://iltalehti.fi/koronavirus/a/fd5b60ea-f631-48ff-90f3-cae1ace360c5,Hallituslähde: Uusista liikkumisen rajoituksista kerrotaan tiistaina,2020-03-23T12:30:38+02:00,2020-03-23T12:49:39+02:00,"Tiistaina kuullaan esimerkiksi, eristetäänkö Uusimaa muusta Suomesta."
9de0dc1c-2e5e-4627-831d-7c05275bb829,http://iltalehti.fi/jaakiekko/a/9de0dc1c-2e5e-4627-831d-7c05275bb829,Teemu Selänne latasi suorat sanat – vaatii Sauli Niinistöltä ja Sanna Marinilta kovempia ratkaisuja: ”Aika laittaa stop tähän hulluuteen”,2020-03-22T21:05:26+02:00,2020-03-22T21:05:26+02:00,Teemu Selänne kertoi mielipiteensä Suomen johtoportaan toimista koronakriisin keskellä.
d1b1047f-adec-485b-b6e9-dd219c3f6c5b,http://iltalehti.fi/politiikka/a/d1b1047f-adec-485b-b6e9-dd219c3f6c5b,Orpo vaatii Suomeen tiukkaa koronalinjaa: ”Juhlimisen loputtava - liikkumista rajoitettava”,2020-03-22T19:16:38+02:00,2020-03-22T19:16:38+02:00,Kokoomus on valmis sulkemaan Uudenmaan rajat.
37f83701-3390-4f8e-9af1-823d8b338b52,http://iltalehti.fi/politiikka/a/37f83701-3390-4f8e-9af1-823d8b338b52,"Pääministeri Marin avaa IL:n haastattelussa miten koronapäätökset tehtiin - ”Emme pysty pysäyttämään tautia, emmekä pyri siihen”",2020-03-22T10:47:16+02:00,2020-03-22T10:47:16+02:00,"Pääministeri Marin kertoo IL:n haastattelussa, miten koronapäätökset tehtiin. Marin sanoo, että koronaa ei pysty pysäyttämään, eikä siihen edes pyritä."
9932d022-e52f-4984-879b-bb231ad9c24d,http://iltalehti.fi/koronavirus/a/9932d022-e52f-4984-879b-bb231ad9c24d,"IL selvitti: Näin Suomi päätti valmiuslaista: Marin ja vasemmistoliitto epäröivät, muut puolueet ja Niinistö runnoivat läpi",2020-03-18T16:33:51+02:00,2020-03-18T16:33:51+02:00,"Hallitus päätyi valmiuslakiin kovan väännön jälkeen. Pääministeri Marin ja vasemmistoliitto epäröivät THL:n ohjeistamina pitkään kovia toimia, kirjoittavat Lauri Nurmi ja Juha Ristamäki. "
33731551-e22d-400d-9a5f-fb59a28a0121,http://iltalehti.fi/koronavirus/a/33731551-e22d-400d-9a5f-fb59a28a0121,Valmiuslain käyttöönotto eduskunnan käsittelyyn keskiviikkona,2020-03-17T16:38:51+02:00,2020-03-17T16:38:51+02:00,Perustuslakivaliokunnan kokous valmiuslain käyttöönotosta kestää yömyöhään. Osa valmiuslaista jo keskiviikkona eduskunnan käsittelyssä.
7bcfec72-78e3-4c8a-a199-e5f8199db9de,http://iltalehti.fi/kotimaa/a/7bcfec72-78e3-4c8a-a199-e5f8199db9de,"Kolumni: Järkevä ilmastoteko, onnitteluni Sanna Marin!",2020-03-16T07:17:07+02:00,2020-03-16T07:17:07+02:00,"Maailman kunnianhimoisimmaksi tituleerattu ilmasto-ohjelma saa jatkoa, kirjoittaa Iltalehden kolumnisti Petteri Taalas."
01c6d3fb-8983-4290-9592-afff020e7c7c,http://iltalehti.fi/koronavirus/a/01c6d3fb-8983-4290-9592-afff020e7c7c,Näkökulma: Suomea on kohdannut rauhanajan kovin koettelemus - poikkeustoimiin ryhdyttiin viime hetkellä,2020-03-12T23:01:22+02:00,2020-03-13T07:32:44+02:00,"Iltalehden tietojen mukaan Helsingin kaupunki valmistautuu keskeyttämään lähiopetuksen maanantaista alkaen, kirjoittaa Lauri Nurmi."
79317abc-df65-4f9b-a2fb-628d4772efa8,http://iltalehti.fi/koronavirus/a/79317abc-df65-4f9b-a2fb-628d4772efa8,Kaikki puolueet hyväksyvät valmiuslain - vielä ei päätöstä: ”Kaupoista saa ruokaa huomennakin”,2020-03-12T17:36:14+02:00,2020-03-12T17:36:14+02:00,"Puolueet ovat tarvittaessa valmiit ottamaan käyttöön valmiuslain, jos nykyinen lainsäädäntö ei saa koronaviruksen leviämistä kuriin."
ac761f20-e44d-4cd3-a1c2-84c4f850aacb,http://iltalehti.fi/koronavirus/a/ac761f20-e44d-4cd3-a1c2-84c4f850aacb,Petteri Orpo vaatii ennemmin ylireagointia ja  toimia tänään kuin viivyttelyn jatkamista,2020-03-12T13:12:54+02:00,2020-03-12T13:12:54+02:00,”Odotan hallitukselta tarvittavia päätöksiä pandemian hillitsemiseksi. Nyt ne puuttuvat.”
bd2f2c1c-0904-4dd5-b3fd-536fa8fa3922,http://iltalehti.fi/politiikka/a/bd2f2c1c-0904-4dd5-b3fd-536fa8fa3922,"Jussi Halla-aho ja Petteri Orpo, olisiko uusi pakolaistulva EU:n loppu?",2020-03-11T14:34:38+02:00,2020-03-11T14:34:38+02:00,PS:n ja kokoomuksen puheenjohtajat osallistuivat väittelyyn keskiviikkona.
2050a4c4-463f-4f1a-bb65-88213a223f63,http://iltalehti.fi/politiikka/a/2050a4c4-463f-4f1a-bb65-88213a223f63,Halla-aho ja Orpo: Samoja suuntia turvapaikka- ja talouspolitiikassa ,2020-03-11T09:27:23+02:00,2020-03-11T11:08:44+02:00,Perussuomalaisten puheenjohtaja Jussi Halla-aho ja kokoomuksen puheenjohtaja Petteri Orpo keskustelivat politiikan toimittajien tilaisuudessa muun muassa turvapaikka- ja talouspolitiikasta. 
8852a39f-85c6-48ba-a980-97d57228d286,http://iltalehti.fi/politiikka/a/8852a39f-85c6-48ba-a980-97d57228d286,Näkökulma: Kansanedustaja al-Taeen Twitter-viesti edustaa suomettumista - Venäjän-pelolla tehdään jälleen kotiryssähenkistä politiikkaa,2020-03-09T11:58:34+02:00,2020-03-09T11:58:34+02:00,"Iltalehden eduskuntalähteiden mukaan Venäjän duumasta lähetetään viestejä kansanedustajille, jos joku suomalainen poliitikko on kritisoinut Venäjän politiikkaa, kirjoittaa Lauri Nurmi."
f8b4a4b1-193a-467d-b7f7-b73493357905,http://iltalehti.fi/politiikka/a/f8b4a4b1-193a-467d-b7f7-b73493357905,Kokoomuksen varapuheenjohtajuutta tavoitteleva Elina Lepomäki haluaa eroon tosikon maineestaan,2020-03-08T08:41:01+02:00,2020-03-08T08:41:01+02:00,"Iltalehden haastattelussa Lepomäki kertoo, miten hän päivittäisi kokoomuksen koti, uskonto ja isänmaa -imagon 2020-luvulle."
dcf7bd80-e3bf-435b-8a06-90b6ec7e00e6,http://iltalehti.fi/politiikka/a/dcf7bd80-e3bf-435b-8a06-90b6ec7e00e6,"Kreikan pakolaistilanne kuumensi tunteita eduskunnassa: ”Ministeri Ohisalo, voisitteko lopettaa venkoilun ja vastata kysymykseen”",2020-03-05T18:08:51+02:00,2020-03-05T18:08:51+02:00,Oppositio ihmetteli keskustan Kulmunin ja vihreiden Ohisalon puheiden ristiriitaa.
a44cf13f-6955-4663-a858-b1792f7f554a,http://iltalehti.fi/politiikka/a/a44cf13f-6955-4663-a858-b1792f7f554a,Ex-kansanedustaja Susanna Koski harkitsee lähtemistä kokoomuksen puheenjohtajakisaan,2020-02-29T15:46:02+02:00,2020-02-29T15:46:02+02:00,"Entinen kokoomuskansanedustaja Susanna Koski (kok) kertoo, että hän harkitsee vakavasti mahdollisuutta lähteä haastamaan kokoomuksen istuvaa puheenjohtajaa, Petteri Orpoa ensi kesänä Porissa pidettävässä kokoomuksen puoluekokouksessa. "
d074c5be-9d11-4e86-8481-0d999bb843a6,http://iltalehti.fi/politiikka/a/d074c5be-9d11-4e86-8481-0d999bb843a6,Näkökulma: Turkki uhkasi avata rajat: Toistuvatko nämä dramaattiset tapahtumat - turvapaikanhakijavyöry yllätti Suomen ja myös Venäjä kiristi valtionjohtoa,2020-02-28T12:12:28+02:00,2020-02-28T12:12:28+02:00,"Jos Turkki alkaa päästää Euroopan unionin alueelle satoja tuhansia Syyrian sotaa paenneita ihmisiä, saattavat viiden vuoden takaiset tapahtumat toistua, kirjoittaa Lauri Nurmi."
77d73279-ecc2-4c87-9366-ce34087dd650,http://iltalehti.fi/politiikka/a/77d73279-ecc2-4c87-9366-ce34087dd650,Eduskunnassa kiisteltiin oliko Suomen EU-puheenjohtajuuskausi eleetön vai elegantti: ”Yksikään ihminen ei ole saari”,2020-02-26T22:51:18+02:00,2020-02-26T22:51:18+02:00,Pääministeri Sanna Marin (sd) kehui Suomen EU-puheenjohtajakautta: ”Rahaa säästyi ja hiilijalanjälki pieneni”.
92947ed7-a89c-47b5-9713-6efcb5b67794,http://iltalehti.fi/politiikka/a/92947ed7-a89c-47b5-9713-6efcb5b67794,"Nämä ovat kokoomuksen seitsemän ehdotusta terrorismilainsäädännön kiristämiseksi: ”Kansalaisuus voitava perua, terroristijärjestöön kuuluminen rikolliseksi...”",2020-02-25T22:19:41+02:00,2020-02-25T22:19:41+02:00,"Kokoomus kiristäisi terrorismirikosten rangaistusasteikkoja kauttaaltaan niin, että Suomen terrorismilainsäädäntö ei ole ”miltään osin muita Pohjoismaita lievempi”."
318058e2-ce53-4dba-bd97-62dca6b7473a,http://iltalehti.fi/politiikka/a/318058e2-ce53-4dba-bd97-62dca6b7473a,Orpo haukkuu perussuomalaiset: ”Halla-ahon sirkus on sekaisin”,2020-02-25T13:41:57+02:00,2020-02-25T13:57:34+02:00,Oppositiopuolue kokoomuksen puheenjohtajan Petteri Orpon mukaan ”tolkun ihmisten” on vaikea pitää oppositiopuolue perussuomalaisia uskottavana puolueena.
5dbe00c6-5968-4d90-8844-157d6bd2f9e4,http://iltalehti.fi/politiikka/a/5dbe00c6-5968-4d90-8844-157d6bd2f9e4,Eduskunta väänsi hoitajamitoituksesta – ”Se imuroidaan muista palveluista”,2020-02-12T15:57:58+02:00,2020-02-12T15:57:58+02:00,Vanhuspalvelulaki oli eduskunnan lähetekeskustelussa keskiviikkona.
52a47e65-1d25-4b72-897f-9309e99dfb01,http://iltalehti.fi/politiikka/a/52a47e65-1d25-4b72-897f-9309e99dfb01,"Näkökulma: Kaikki haluavat oluelle Li Anderssonin kanssa, mutta vasemmistoliitolle Sanna Marin tuottaa päänvaivaa, Halla-ahosta puhumattakaan",2020-02-11T19:32:59+02:00,2020-02-11T19:32:59+02:00,"EVA paljasti perussuomalaisten ja punavihreiden väliset voimasuhteet jo vuonna 2017. Li Andersson on suosittua seuraa, mutta se ei yksin riitä, kirjoittaa Iltalehden Lauri Nurmi."
2ddeb1cc-2da4-43a6-a3bb-8d9018d6821e,http://iltalehti.fi/politiikka/a/2ddeb1cc-2da4-43a6-a3bb-8d9018d6821e,Alma-kysely: Perussuomalaiset jatkaa suosituimpana puolueena – PS:llä on myös uskollisimmat äänestäjät,2020-02-11T19:04:16+02:00,2020-02-11T19:04:16+02:00,"Antti Rinteen joulukuinen ero pääministerin tehtävästä ei ole murentanut hallituspohjan kannatusta: äänestäjistä 53,2 prosenttia luottaa Sdp:n, keskustan, vihreiden, vasemmistoliiton ja Rkp:n viisikkoon."
12bdcf55-97e7-4eb3-abd5-d873299048f3,http://iltalehti.fi/politiikka/a/12bdcf55-97e7-4eb3-abd5-d873299048f3,"Antti Häkkänen paljastaa nyt, miksi kokoomus oikeasti tyrmäsi Halla-ahon persut hallituksesta",2020-02-07T06:58:23+02:00,2020-02-07T06:58:23+02:00,"Kokoomuksen varapuheenjohtaja, kansanedustaja Antti Häkkänen on tyytymätön puolueen nykyiseen linjanmuodostukseen ja viestintään. "
854c8682-9e83-4aae-a735-804cf748af1f,http://iltalehti.fi/politiikka/a/854c8682-9e83-4aae-a735-804cf748af1f,Li Andersson tylytti Jussi Halla-ahoa A-studiossa: ”Suoraan sanoen paskapuhetta”,2020-02-06T22:21:18+02:00,2020-02-06T22:21:18+02:00,Hallituksen ja opposition edustajat väittelivät kiivaasti ilmastopolitiikasta illan A-studiossa.
1b859522-29d6-4398-9771-8e84201c41e6,http://iltalehti.fi/politiikka/a/1b859522-29d6-4398-9771-8e84201c41e6,"Näkökulma: Jos kokoomuslaisen helvetti jäätyy, Marinin hallitus voi kaatua rytisten - pienehkö keskusta on kuningattarentekijä Suomessa ja Ruotsissa ",2020-02-05T12:27:06+02:00,2020-02-05T12:27:06+02:00,Marinin arvoliberaali hallitus voi vaihtua yhtä yllättäen konservatiivihallitukseen kuin se syntyikin.
39a6291b-bb93-4482-ad7f-b4602b3bdccf,http://iltalehti.fi/politiikka/a/39a6291b-bb93-4482-ad7f-b4602b3bdccf,Simon Elo loikkaa kokoomukseen – ”Olen tolkun oikeistokonservatiivi”,2020-02-03T07:22:54+02:00,2020-02-03T07:22:54+02:00,Petteri Orpo: ”Elo edustaa poliittisilta kannoiltaan maltillista oikeistolaisuutta”.
c9033899-8802-4638-ac9f-dfcd8cc53666,http://iltalehti.fi/kotimaa/a/c9033899-8802-4638-ac9f-dfcd8cc53666,Häkkänen ei lähde puheenjohtajakisaan – Orpo vastaa kokoomuslaisten kritiikkiin ,2020-02-01T16:39:47+02:00,2020-02-01T16:39:47+02:00,Kansanedustajat Elina Lepomäki ja Antti Häkkänen eivät aio haastaa Petteri Orpoa kokoomuksen puheenjohtajakisassa - ainakaan toistaiseksi.
c5a5f0c7-43ef-4317-bf62-9fe68901245a,http://iltalehti.fi/politiikka/a/c5a5f0c7-43ef-4317-bf62-9fe68901245a,Lepomäki ei lähde haastamaan Orpoa kokoomuksen puheenjohtajakisassa – toistaiseksi,2020-02-01T10:43:28+02:00,2020-02-01T10:43:28+02:00,Kokoomuksen kansanedustaja Elina Lepomäki ei lähde haastamaan puolueen puheenjohtaja Petteri Orpoa ensi kesän puoluekokouksessa - ainakaan toistaiseksi.
adbcdfc9-74bd-4017-816f-994ec7b3ea28,http://iltalehti.fi/politiikka/a/adbcdfc9-74bd-4017-816f-994ec7b3ea28,Kannatuslaskussa oleva Orpo tylytti hallitusta Jyväskylässä: ”Lopettakaa käsien päällä istuminen”,2020-01-31T20:13:33+02:00,2020-01-31T20:13:33+02:00,"Iltalehden tekemästä kyselystä kokoomuksen kenttäväelle selviää, että Petteri Orpon asema puolueen puheenjohtajana ei ole vankka."
ea31992a-0ec9-4855-b791-2fcba1636da9,http://iltalehti.fi/politiikka/a/ea31992a-0ec9-4855-b791-2fcba1636da9,IL-kysely: Petteri Orpon suosio laskee - yhä useampi kokoomuslainen haluaisi vaihtoon,2020-01-31T14:52:28+02:00,2020-01-31T16:43:37+02:00,Kokoomusvaikuttajille tehdyssä kyselyssä kahden päähaastajan eli Antti Häkkäsen ja Elina Lepomäen yhteenlaskettu kannatus on selvästi yli 50 prosenttia. 
a26d26cc-bfc3-4245-a1fe-d70a425750a7,http://iltalehti.fi/kotimaa/a/a26d26cc-bfc3-4245-a1fe-d70a425750a7,"Lakkorikkuri-Idasta, 23, tuli yhdessä yössä työtä puolustavien supertähti – torppaa silti kutsut politiikkaan: ”Viihdyn omassa työssäni”",2020-01-31T10:27:24+02:00,2020-01-31T10:27:24+02:00,Muun muassa eturivin poliitikot kertovat nyt somessa olevansa #IdanPuolella.
d8b66a11-5013-4744-acbe-6c7b5f145e39,http://iltalehti.fi/politiikka/a/d8b66a11-5013-4744-acbe-6c7b5f145e39,Mika Niikon yhteyksistä useat kysymykset yhä auki – Orpo väläyttää MTV:llä jo kovia toimia,2020-01-23T18:21:10+02:00,2020-01-23T18:21:10+02:00,"Niikko oli vuonna 2017 mukana perustamassa kiinalaismiehen yritystä, josta hän kiisti viime maaliskuussa Ylellä tietävänsä mitään."
9e11c014-f54d-4d54-9edb-87e77ecaf896,http://iltalehti.fi/politiikka/a/9e11c014-f54d-4d54-9edb-87e77ecaf896,"Näkökulma: Jussi Halla-aho himoitsee sisäministerin salkkua, ja juuri siksi vihreät haluaa ihmisoikeusjuristin kansliapäälliköksi - tämä estäisi perussuomalaisten pyrkimyksiä",2020-01-22T15:21:41+02:00,2020-01-22T15:21:41+02:00,"Vihreä kansliapäällikkö rajoittaisi merkittävällä tavalla perussuomalaisen sisäministerin tosiasiallista valtaa, analysoi Iltalehden politiikan toimittaja Lauri Nurmi."
b0eab0ab-c566-4a06-9f5e-bcea880173ec,http://iltalehti.fi/paakirjoitus/a/b0eab0ab-c566-4a06-9f5e-bcea880173ec,Pääkirjoitus: Pelkkä naaman vaihdos ei riitä – äänestäjät kaipaavat edistystä myös asiasisällöissä,2020-01-22T13:54:28+02:00,2020-01-22T13:54:28+02:00,"Keskiviikkona julkaistu HS-gallup todentaa sen, ettei pääministeri Sanna Mariniin (sd) kohdistunut kansainvälinen huomio näy SDP:n suosion nousuna, kirjoittaa Iltalehden Kreeta Karvala."
b82d2306-8b97-4cd0-abbc-a36a85f54358,http://iltalehti.fi/politiikka/a/b82d2306-8b97-4cd0-abbc-a36a85f54358,"Kokoomus hankki musertavan laskelman – tarvitaan 120 000 uutta työllistä, jotta julkinen talous olisi vuonna 2023 tasapainossa",2020-01-22T10:07:54+02:00,2020-01-22T10:07:54+02:00,Petteri Orpo: Eduskunnan tietopalvelun laskelma on karua luettavaa hallituksen ja Suomen kannalta.
cac61c42-65ed-479d-b414-88d866bc84d1,http://iltalehti.fi/politiikka/a/cac61c42-65ed-479d-b414-88d866bc84d1,MT-gallup: Antti Häkkänen nousi suosiossa Petteri Orpon rinnalle – Lepomäen kannatus notkahti,2020-01-22T05:00:10+02:00,2020-01-22T05:00:10+02:00,Kansanedustaja Antti Häkkäsen (kok) suosio on vankistunut kokoomusäänestäjien keskuudessa.
