id,url,title,date_created,date_modified,lead
db9d5b76-4a39-4aad-a387-df17ccd496e6,http://iltalehti.fi/politiikka/a/db9d5b76-4a39-4aad-a387-df17ccd496e6,EU-johtajat sopuun kunnianhimoisemmista ilmastotoimista – asiantuntija: päätöksessä turvaudutaan vippaskonstiin,2020-12-11T09:35:43+02:00,2020-12-11T11:53:31+02:00,EU-huippukokous jatkui Brysselissä läpi yön ja jatkuu yhä. Unionimaat pääsivät aamulla sopuun aiempaa kunnianhimoisemmista päästövähennystavoitteista. 
92f4a866-fbed-4a01-8799-19077c2544e7,http://iltalehti.fi/politiikka/a/92f4a866-fbed-4a01-8799-19077c2544e7,Asumisoikeusyhtiöt ovat maksaneet asunnoistaan jopa alle euron kappaleelta – kiistelty lakiesitys mahdollistaisi asuntojen myynnin asukkaiden alta,2020-11-18T12:20:01+02:00,2020-11-18T12:20:01+02:00,Asumisoikeusasukkaiden irtisanomista helpottava lakimuutos suututtaa asukasaktiiveja. Järjestelmä luotiin 1990-luvun lamassa poliittisista yhteyksistä nauttivien yhtiöiden varaan.
93e5b7b0-b798-433c-8e22-0280d56e59a0,http://iltalehti.fi/kotimaa/a/93e5b7b0-b798-433c-8e22-0280d56e59a0,Uutissuomalainen: Krista Mikkonen aikoo esittää Suomeen uusia kansallispuistoja,2020-10-01T06:13:17+03:00,2020-10-01T06:13:17+03:00,"On toistaiseksi epäselvää, missä päin maata kansallispuistot sijaitsisivat."
495cfa02-126f-4501-b879-3b98ff60ee52,http://iltalehti.fi/kotimaa/a/495cfa02-126f-4501-b879-3b98ff60ee52,Sanna Ukkola: Miksi ihmiset vihaavat valkoposkihanhia mutta säälivät huskyja? ,2020-09-24T08:29:25+03:00,2020-09-24T08:29:25+03:00,"Kuvittele, että vanhuksia hoidettaisiin samoilla kriteereillä, joita sovellamme eläimiin. Tuo mummo on söpö – saa elää. Pappa ärsyttää – teuraaksi, kirjoittaa Iltalehden kolumnisti Sanna Ukkola."
3eb63703-b7a7-4f00-90c8-c1e814580426,http://iltalehti.fi/politiikka/a/3eb63703-b7a7-4f00-90c8-c1e814580426,"Kokoomuksen Vestman pitää ministerin esitystä järjettömänä: ”Valkoposkihanhille haulikkoa, ei buffetpeltoja”",2020-09-21T12:39:10+03:00,2020-09-21T12:39:10+03:00,Kokoomuksen kansanedustaja Heikki Vestman ei sulata ilmasto- ja ympäristöministeri Krista Mikkosen ehdotusta valkoposkihanhien omista ruokailupelloista.
139d9069-0253-43c7-8fad-ac815a6baf60,http://iltalehti.fi/politiikka/a/139d9069-0253-43c7-8fad-ac815a6baf60,"Ministerin hanhipeltoesitys herätti hilpeyttä, vastaa nyt: ”Minun ei tarvinne lähteä pystyttelemään hanhille opasteviittoja”",2020-09-21T10:40:29+03:00,2020-09-21T10:40:29+03:00,Krista Mikkosen mukaan lintujen tiedetään oppivan nopeasti käyttämään niille varattuja peltoja muuttoreittien varrella.
aa9029ed-01ca-4ddf-9492-9a1c092622dc,http://iltalehti.fi/politiikka/a/aa9029ed-01ca-4ddf-9492-9a1c092622dc,"IL-Analyysi: Tätä luvassa budjettiriihestä: Hallitus leikkaa eläkeputkea, tuo ”aktiivimalli kakkosen”, ilmastotoimia puolen miljardin edestä",2020-09-10T07:39:37+03:00,2020-09-10T07:39:37+03:00,"Hallitus aloittaa budjettiriiheensä maanantaina. Iltalehti on eri hallituslähteistä haarukoinut, millaisia päätöksiä budjettiriihestä olisi tulossa."
b8d44ce8-f2fd-4144-b92d-59d834ff61d8,http://iltalehti.fi/politiikka/a/b8d44ce8-f2fd-4144-b92d-59d834ff61d8,Kansanedustaja Hoskonen taistelee turpeen puolesta: ”Turpeen alasajo on taivaanrannan maalareiden aiheuttama kotimainen murhenäytelmä”,2020-09-04T08:14:38+03:00,2020-09-04T08:14:38+03:00,Hoskosen mukaan turpeen polton kiihtyvä alasajo johtaa puuhakkeen rahtaamiseen ulkomailta ja kotimaisen kuitupuun polttamiseen lämpökattiloissa.
78872855-b53b-4faf-b13d-c0cd3ebce9b8,http://iltalehti.fi/kotimaa/a/78872855-b53b-4faf-b13d-c0cd3ebce9b8,"Ministeriöiden ""hanhinyrkki"": hanhia voitava karkottaa myös ampumalla",2020-09-01T21:42:22+03:00,2020-09-01T21:42:22+03:00,"Lisäksi ehdotetaan lintupeltoja, joille linnut voivat siirtyä. Tarkoituksena on vähentää valkoposkihanhien aiheuttamia haittoja."
949c2493-efe7-4495-8831-7c7ed0d8d63d,http://iltalehti.fi/talviurheilu/a/949c2493-efe7-4495-8831-7c7ed0d8d63d,Huvittava näky! Kerttu Niskanen julkaisi juuri oikeaan aikaan otetun kuvan – ”Kuka siellä syö jo multaa?”,2020-07-30T14:21:28+03:00,2020-07-30T14:21:28+03:00,Kerttu Niskasen kuvaa kommentoi muun muassa maajoukkuetoveri Krista Pärmäkoski.
af114376-0fcf-4c3c-8b94-6b28bda4528c,http://iltalehti.fi/politiikka/a/af114376-0fcf-4c3c-8b94-6b28bda4528c,IL selvitti: Näin ministerit ja heidän avustajansa käyttivät valtion luottokorttia – Anna-Maja Henriksson kestitsi Ruotsin ministeriä Savoyssa,2020-07-11T07:09:11+03:00,2020-07-11T07:09:11+03:00,"Iltalehden selvityksen mukaan Sanna Marinin hallituksen ministerit, erityisavustajat ja valtiosihteerit käyttivät valtion luottokorttia perin säästeliäästi."
0fd41c21-d5e9-4032-9739-657c31598509,http://iltalehti.fi/ulkomaat/a/0fd41c21-d5e9-4032-9739-657c31598509,Greta Thunbergin järjestö haukkuu Suomen kaksinaismoralismista,2020-05-21T16:33:59+03:00,2020-05-21T16:33:59+03:00,Saksassa aiotaan ottaa käyttöön valtionyhtiö Fortumin omistama hiilivoimala. 
de74a553-872f-4d94-955c-576c3feead19,http://iltalehti.fi/politiikka/a/de74a553-872f-4d94-955c-576c3feead19,IL selvitti: Menevätkö ministerien lapset torstaina takaisin kouluun ja päivähoitoon? ,2020-05-13T06:03:57+03:00,2020-05-13T06:03:57+03:00,Ministerit noudattavat hallituksen linjausta omien lastensa kohdalla.
447d8861-e9d1-4e98-bf6c-fe0682b52c69,http://iltalehti.fi/politiikka/a/447d8861-e9d1-4e98-bf6c-fe0682b52c69,Turve kiristää hallituspuolueiden välejä - keskustan Hoskonen: ”Vihreiden puheet täysin vastuuttomia”,2020-03-15T10:08:48+02:00,2020-03-15T10:08:48+02:00,"Hallituspuolueiden keskustan ja vihreiden välit ovat kiristyneet, kun kevään energiaverotuksen ratkaisut lähestyvät. Syykin on tuttu: turve."
6fa5ebe0-5570-4ab5-bb10-39ea65154748,http://iltalehti.fi/politiikka/a/6fa5ebe0-5570-4ab5-bb10-39ea65154748,IL selvitti: Ministeriöt juhlivat pikkujouluja yli 250 000 eurolla – tällaiset olivat kalleimmat kekkerit,2020-01-29T09:57:46+02:00,2020-01-29T09:57:46+02:00,Li Anderssonin (vas) johtama opetus- ja kulttuuriministeriö poltti melkein 34 000 euroa omiin pikkujouluihinsa.
204964cc-1ab8-4c25-b98c-877ca1152341,http://iltalehti.fi/paakirjoitus/a/204964cc-1ab8-4c25-b98c-877ca1152341,Pääkirjoitus: Poliittisessa virkanimityspelissä nyt täysi höyry päällä – Sanna Marin ja Maria Ohisalo joutuvat kovan valinnan eteen,2020-01-15T17:25:53+02:00,2020-01-15T17:25:53+02:00,Ministeriöiden korkeimpien virkamiesten ruletti pyörii taas ja hallituspuolueet petaavat asemiaan. Jatkuvatko poliittiset nimitykset vai valitaanko tehtäviin rehdisti pätevin? kysyy Iltalehden Juha Ristamäki.
