id,url,title,date_created,date_modified,lead
ea149bc7-067e-4577-a613-29142541ac1b,http://iltalehti.fi/suhteet/a/ea149bc7-067e-4577-a613-29142541ac1b,"Johannan, 32, mies halusi hänen harrastavan seksiä muiden kanssa – ”Miehet tuppaavat rakastumaan minuun”",2020-12-27T06:46:33+02:00,2021-02-24T21:02:22+02:00,"Avoin suhde on Johannalle, 32, ja hänen miehelleen toimivin parisuhdemalli."
ce74862a-27e5-4bc9-bdd9-0c9ff03ce563,http://iltalehti.fi/jaakiekko/a/ce74862a-27e5-4bc9-bdd9-0c9ff03ce563,Erikoinen tilanne Helsingissä: tekojäälle pääsyä joutuu jonottamaan jopa puolitoista tuntia – yleisöluisteluvuorojen käyttöaikoja ollaan rajoittamassa,2020-12-14T15:51:09+02:00,2020-12-14T16:44:32+02:00,Ihmiset haluavat luistella.
723faf6d-4886-4956-83a1-69d7a1e819a9,http://iltalehti.fi/politiikka/a/723faf6d-4886-4956-83a1-69d7a1e819a9,Vihreille rajua sapiskaa Haavisto-viestinnästä: ”Ylimielistä piittaamattomuutta - märkä rätti eduskunnalle”,2020-12-11T12:48:16+02:00,2020-12-11T12:48:16+02:00,Kokoomus yhtyy perussuomalaisten ulkoministeri Pekka Haavistosta (vihr) jättämään epäluottamusesitykseen.
a8ae2114-95b5-44ed-83e1-2c5364160339,http://iltalehti.fi/kotimaa/a/a8ae2114-95b5-44ed-83e1-2c5364160339,"Sanna Ukkola: Maria Ohisalo, miksi et tuomitse Elokapinan laittomuuksia?",2020-10-08T09:06:15+03:00,2020-10-08T09:06:15+03:00,"Toivoisi todella, että poliisiasioista vastaava ministeri sanoisi kristallinkirkkaasti, että poliisin ohjeita tulee Suomessa noudattaa, kirjoittaa Iltalehden kolumnisti Sanna Ukkola."
c43ced17-be0e-46cd-b0b2-13953c4eed8d,http://iltalehti.fi/politiikka/a/c43ced17-be0e-46cd-b0b2-13953c4eed8d,Kansanedustaja syyttää kokoomusta kansanmurhasta - ”ainoa meidän modernin ajan kansanmurha”,2020-09-23T15:28:46+03:00,2020-09-23T15:28:46+03:00,Anna Kontula: ”Siis tietysti vuodesta 1918. Se on ainoa meidän modernin ajan kansanmurha.”
05b07dd5-f249-4bae-87fd-2149e0b0df93,http://iltalehti.fi/koronavirus/a/05b07dd5-f249-4bae-87fd-2149e0b0df93,Iäkkäitä ihmisiä ei voi enää eristää samalla tavalla kuin keväällä: ”Tartuntatautilaki ei anna mahdollisuutta” ,2020-08-28T08:59:57+03:00,2020-08-28T08:59:57+03:00,Keväällä läheisten vierailuja rajoitettiin rajusti valmiuslain nojalla. Nyt käytössä oleva tartuntatautilaki ei anna mahdollisuuksia yhtä rajuille keinoille. 
473fc245-6911-4449-83ac-6d8e5a031a13,http://iltalehti.fi/politiikka/a/473fc245-6911-4449-83ac-6d8e5a031a13,Kansanedustajalle helpotus: Kadonnut Diego-kissanpentu löytyi – ”Nälkäinen ja vähän syyllinen”,2020-07-30T13:16:59+03:00,2020-07-31T10:17:32+03:00,Kansanedustaja Anna Kontulan kissanpentu katosi Punkaharjulla.
e3000e83-5ab0-4fdb-a253-b3eaaeb9e4df,http://iltalehti.fi/koronavirus/a/e3000e83-5ab0-4fdb-a253-b3eaaeb9e4df,"Koostimme 30 hyvää uutista, jotka kertovat suomalaisten rakkaudesta, huumorintajusta ja yhteisöllisyydestä vaikeina aikoina",2020-04-03T07:03:05+03:00,2020-04-03T07:03:05+03:00,"Negatiivisen uutistulvan keskellä kannattaa muistaa, että paljon hyvääkin tapahtuu. Näin paljon."
59a608db-2f8b-4ed3-bac9-a88de8cb8518,http://iltalehti.fi/kotimaa/a/59a608db-2f8b-4ed3-bac9-a88de8cb8518,"Hyväntekijä Heidi maksaa köyhien perheiden rästilaskuja ja ostaa lapsille kenkiä: ""Tuntuu, että päättäjät ovat hirveän vieraantunut tilanteesta""",2020-03-15T08:07:42+02:00,2020-03-15T08:07:42+02:00,Lentoemäntänä työskentelevä Heidi Jaari käyttää suuren osan vapaa-ajastaan ihmisten auttamiseen. 
003ac4fd-7a2f-4809-aed8-fa60495cca3b,http://iltalehti.fi/kotimaa/a/003ac4fd-7a2f-4809-aed8-fa60495cca3b,"Sanna Ukkolan kolumni: ”Natsi-Laura!” ”Kommunisti-Li!” Leimakortit viuhuvat, mutta mitä sitten kun kaikki on käytetty?",2020-02-27T09:52:01+02:00,2020-02-27T09:52:01+02:00,"Kun Laura Huhtasaari tai ministerin erityisavustaja leimaavat kaikki eri mieltä olevat kommunisteiksi tai fasisteiksi, he rakentavat viholliskuvia, Iltalehden kolumnisti Sanna Ukkola kirjoittaa."
4855a3dc-c6dd-42ca-adfa-95a53a79e508,http://iltalehti.fi/politiikka/a/4855a3dc-c6dd-42ca-adfa-95a53a79e508,Kansanedustaja Anna Kontula paljastaa kirjassa kohutun Gaza-pidätyksen amatöörimäiset taustat: aktivistiryhmän jäsenen SIM-kortti narautti aidanleikkaajat,2020-02-25T14:35:24+02:00,2020-02-25T14:35:24+02:00,"Hallituspuolueen kansanedustaja Anna Kontula kritisoi Suomen ja Israelin välistä asekauppaa. Kirjassaan hän paljastaa, että aktivistiryhmä yritti toteuttaa kansainväliseen julkisuuteen tarkoitetun aidanleikkausoperaation."
79820d8f-444c-49c1-a363-4159a18fbd3a,http://iltalehti.fi/politiikka/a/79820d8f-444c-49c1-a363-4159a18fbd3a,Ulkoministeri Pekka Haaviston toimista al-Hol-asiassa aloitetaan esitutkinta,2020-02-19T07:01:00+02:00,2020-02-19T12:12:36+02:00,"Perustuslakivaliokunta päätti, että Pekka Haaviston toimista aloitetaan esitutkinta rajatulta osin."
bb32007e-1fcd-45d6-8692-baf90d23441b,http://iltalehti.fi/politiikka/a/bb32007e-1fcd-45d6-8692-baf90d23441b,Eduskunta protestoi Antti Rinnettä vastaan - lukuisia protestiääniä varapuhemiehen vaalissa: ”Bussikuski”,2020-02-04T12:49:24+02:00,2020-02-04T15:18:40+02:00,Matti Vanhanen (kesk) jatkaa eduskunnan puhemiehenä.
e57363a9-3152-42c7-be10-39eb18131367,http://iltalehti.fi/villeranta/a/e57363a9-3152-42c7-be10-39eb18131367,Ville Rannan pilapiirros: Anna Kontula tekee sovittelumatkan Lähi-itään,2020-01-17T16:10:46+02:00,2020-01-17T16:10:46+02:00,Ville Rannan pilapiirros 17. tammikuuta.
fe3a24dc-df1a-4e0f-b882-05b32603ab71,http://iltalehti.fi/politiikka/a/fe3a24dc-df1a-4e0f-b882-05b32603ab71,Anna Kontula kritisoi kohutempauksellaan asekauppoja Israelin kanssa – oma puolue hallituksessa jatkaa asekauppoja Israelin kanssa,2020-01-16T18:42:00+02:00,2020-01-16T18:42:00+02:00,"Vasemmistoliitto ei haluaisi käydä asekauppaa Israelin kanssa, mutta istuu hallituksessa, joka jatkaa sitä Israelin kanssa."
63e997de-f784-4a9c-a295-1dd2ad880f4b,http://iltalehti.fi/politiikka/a/63e997de-f784-4a9c-a295-1dd2ad880f4b,Juutalaiset vaativat kansanedustaja Anna Kontulalta anteeksipyyntöä – Kontula: Heidän pitäisi pyytää anteeksi minulta,2020-01-16T11:58:47+02:00,2020-01-16T11:58:47+02:00,Juutalaisten maailmankongressi (WJC) kritisoi Gazaan pyrkinyttä Anna Kontulaa (vas).
28d7d875-9680-4c86-a40d-4c46d83f346a,http://iltalehti.fi/politiikka/a/28d7d875-9680-4c86-a40d-4c46d83f346a,Sari Essayah näpäytti Li Anderssonia somessa,2020-01-14T21:24:36+02:00,2020-01-14T21:24:36+02:00,Vasemmistoliiton kansanedustaja Anna Kontula otettiin kiinni Israelissa.
f81fa0e7-a47a-47dd-95ea-3bff4bc3eb25,http://iltalehti.fi/politiikka/a/f81fa0e7-a47a-47dd-95ea-3bff4bc3eb25,Poliisi otti kansanedustaja Anna Kontulan kiinni Israelissa,2020-01-14T12:13:19+02:00,2020-01-14T12:20:31+02:00,Kontula vapautettiin yli kymmenen tuntia kestäneen kiinnioton jälkeen.
