id,url,title,date_created,date_modified,lead
bd033025-0675-4eb0-97bc-621c359d8132,http://iltalehti.fi/kotimaa/a/bd033025-0675-4eb0-97bc-621c359d8132,Kenraalikuntaan kaksi uutta jäsentä – tässä kaikki reserviupseerien ylennykset itsenäisyyspäivänä,2020-12-06T00:01:00+02:00,2020-12-06T00:01:00+02:00,Itsenäisyyspäivän korkein ylennys on puolustusvoimien sotatalouspäällikkö Timo Kakkolan nimitys kenraaliluutnantiksi.
c4597548-5d2d-40ee-8559-9bef944d15c0,http://iltalehti.fi/kauneus/a/c4597548-5d2d-40ee-8559-9bef944d15c0,Onko ripsivärisi pöpöpesä? Näin tunnistat pilaantuneen kosmetiikan,2020-08-23T12:07:00+03:00,2020-08-23T12:07:00+03:00,"Muutokset kosmetiikan koostumuksessa, hajussa tai värissä voivat kertoa tuotteen pilaantumisesta."
ddfad8c0-bb20-4f70-a8a7-41ae73217b14,http://iltalehti.fi/politiikka/a/ddfad8c0-bb20-4f70-a8a7-41ae73217b14,IL-kysely: Keskustan vaikuttajat haluavat Annika Saarikosta puheenjohtajan - Katri Kulmunin suosio suli,2020-06-09T20:56:19+03:00,2020-06-09T20:56:19+03:00,"Saarikko saa IL-kyselyssä 47 prosentin suosion puheenjohtajaksi, Kulmuni 32 %:n. IL:n tietojen mukaan Saarikko asettuu ehdolle ja haastaa Kulmunin."
7b2e57d7-6be8-49c7-a34b-c5e92512352e,http://iltalehti.fi/politiikka/a/7b2e57d7-6be8-49c7-a34b-c5e92512352e,Jo kolmas ministeriero - tällä vaalikaudella on ollut salkunkierrätystalkoot: ”Katrin asema melko heikko”,2020-06-07T20:23:56+03:00,2020-06-07T20:23:56+03:00,Keskusta valitsee Katri Kulmunin tilalle uuden valtiovarainministerin maanantaiaamuna.
255eaa3f-d9c7-436e-b976-4c1bd1564aef,http://iltalehti.fi/politiikka/a/255eaa3f-d9c7-436e-b976-4c1bd1564aef,Kommentti: Vääntö Kulmunin seuraajasta valtiovarainministeriksi käy kuumana: Matti Vanhanen on vahvoilla,2020-06-06T22:01:04+03:00,2020-06-07T22:24:38+03:00,"Sunnuntai-iltana näytti, että uudeksi valtiovarainministeriksi on nousemassa entinen pääministeri Matti Vanhanen, kirjoittaa Juha Ristamäki."
3d7883b1-9be8-4db6-8d52-908484ea4d94,http://iltalehti.fi/politiikka/a/3d7883b1-9be8-4db6-8d52-908484ea4d94,"Kun 5,5 miljardin koronabudjetti meni julki, alkoi hallituksesta kehujen tulva maakuntien tierahoihin",2020-06-03T09:38:00+03:00,2020-06-03T09:38:00+03:00,Kansanedustajat kiirehtivät iloitsemaan omalle alueelleen saaduista panostuksista.
44b9d908-8512-4196-a8b5-254c1001ea09,http://iltalehti.fi/politiikka/a/44b9d908-8512-4196-a8b5-254c1001ea09,Koronatestien määrä ei ole lähelläkään tavoitetta – terveysfirmat: Valtion maksettava kansalaisten 200 euron testit yksityisellä,2020-05-11T08:07:00+03:00,2020-05-11T08:07:00+03:00,Ministeriön arvion mukaan 10 000 testiin vuorokaudessa voitaisiin päästä kesän alussa.
abe2a486-fe10-48f0-971f-a5eb03acef81,http://iltalehti.fi/flunssa/a/abe2a486-fe10-48f0-971f-a5eb03acef81,"Testi kertoo, joko sairastit koronan - pääsiäisen jälkeen tuloksen saa ehkä satasella",2020-04-04T09:30:41+03:00,2020-04-04T09:30:41+03:00,Noin sata euroa maksavat vasta-ainetestit koronaviruksesta ovat tulossa saataville ehkä jo pääsiäisen jälkeen. 
93994993-649d-467b-aa9a-fe0f4ce4cfab,http://iltalehti.fi/asumisartikkelit/a/93994993-649d-467b-aa9a-fe0f4ce4cfab,Tältä näyttävät Suomen kalleimmat ökytalot - ketkä niitä ostavat? ”Tietävät mitä haluavat”,2020-03-30T08:00:31+03:00,2020-04-04T11:26:35+03:00,"Selvitimme, millaisia ovat tämän hetken myynnissä olevat eri hintaluokkien hulppeimmat arvokodit ja ketkä niitä ostavat."
cd1b3884-fca0-461b-98d6-8bf9b4e9f00f,http://iltalehti.fi/musiikki/a/cd1b3884-fca0-461b-98d6-8bf9b4e9f00f,Marion ja Fredi ovat selvinneet rankan alan karikoista ja hulluista työvuosista: ”Paino karttui suurimmillaan 155 kiloon”,2020-01-14T10:42:43+02:00,2020-01-14T10:42:43+02:00,Suomen iskelmätaivaan titaanit Marion ja Fredi yhdistävät voimansa. 
24ba9986-84b8-4d5c-b9dc-00591f6a1860,http://iltalehti.fi/politiikka/a/24ba9986-84b8-4d5c-b9dc-00591f6a1860,"Eduskunnan voimamies Ano Turtiainen, 52, nostaa rautaa ja kilometrikorvauksia – IL selvitti eniten omaa autoaan käyttäneet kansanedustajat",2020-01-09T07:00:37+02:00,2020-01-09T07:00:37+02:00,"Kansanedustaja Ano Turtiainen (ps) on laskuttanut kilometrikorvauksia jo lähes 12 000 euroa. Turtiainen, 52, ajaa omalla autollaan kilometrinkin matkat Taka-Töölöstä eduskuntaan."
