id,url,title,date_created,date_modified,lead
a78b373d-efa4-4ec6-9480-36f0cbeaa00d,http://iltalehti.fi/politiikka/a/a78b373d-efa4-4ec6-9480-36f0cbeaa00d,"Näkökulma: Kokoomuksella on kaksi ongelmaa, vihreillä ulkoministeri – siksi molemmat ovat suosioalamäessä",2020-12-23T17:46:26+02:00,2020-12-23T17:46:26+02:00,"Kokoomuksen suosioalamäkeä ei helpota keskenään taistelevat varapuheenjohtajat, kirjoittaa politiikan toimittaja Tommi Parkkonen."
ce0100be-d3a9-4e62-b152-13ecb4eb50e1,http://iltalehti.fi/politiikka/a/ce0100be-d3a9-4e62-b152-13ecb4eb50e1,Vuoden viimeisen kyselytunnin anti: Vielä kerran tapaus Haavisto - ja koronarokote Joulupukille ,2020-12-17T15:52:38+02:00,2020-12-17T15:52:38+02:00,Eduskunnan traditioihin kuuluvan jouluisen kysymyksen pääministerille käytti tällä kertaa kokoomus.
baee72ea-927c-469c-b069-8f6b1a9ee385,http://iltalehti.fi/politiikka/a/baee72ea-927c-469c-b069-8f6b1a9ee385,Alexander Stubbia houkutellaan kokoomuksen ehdokkaaksi Helsingin pormestarikisassa,2020-11-17T12:30:43+02:00,2020-11-17T12:30:43+02:00,Alexander Stubb kertoo kantansa ehdokkuuteen myöhemmin.
a2211fe8-17cf-4cd7-8a05-d80b84f0d411,http://iltalehti.fi/kotimaa/a/a2211fe8-17cf-4cd7-8a05-d80b84f0d411,"Uutissuomalainen: Perussuomalaiset, SDP ja vasemmistoliitto tyrmäävät lomautusprosessin pysyvän nopeutuksen",2020-11-10T07:02:05+02:00,2020-11-10T07:02:05+02:00,"Keskusta, kokoomus ja kristillisdemokraatit eivät tyrmää ajatusta suoralta kädeltä."
82ada472-124d-46bd-b3d1-07e2aa55a664,http://iltalehti.fi/politiikka/a/82ada472-124d-46bd-b3d1-07e2aa55a664,Kokoomus esittää epäluottamusta ministeri Kiurulle,2020-10-09T16:08:40+03:00,2020-10-09T18:11:54+03:00,Epäluottamusäänestys on keskiviikkona täysistunnon alussa.
72e4b2b5-3fd5-4b39-b234-719de1388b6c,http://iltalehti.fi/politiikka/a/72e4b2b5-3fd5-4b39-b234-719de1388b6c,Eduskunnassa budjettiriihen kuumat jälkikäräjät – kokoomus syytti hallitusta ankarasti vääristä työllisyysluvuista,2020-09-17T19:12:10+03:00,2020-09-17T19:12:10+03:00,Kokoomusedustajat: Hallitus ei ole saanut kasaan kuin noin puolet kertomistaan lisätyöllisistä.
7d7586f0-d07c-491c-aea7-5357109d3cb8,http://iltalehti.fi/politiikka/a/7d7586f0-d07c-491c-aea7-5357109d3cb8,Oppositio lyttää budjetin: ”Järkyttävä talouden ja työllisyyden kannalta”,2020-09-16T18:32:11+03:00,2020-09-16T18:32:11+03:00,"Marinin (sd) hallitus julkisti keskiviikkona ensi vuoden budjetin, jonka mukaan Suomi velkaantuu vuonna 2021 lähes 11 miljardia euroa. "
906984bf-baa0-4a4d-b8b0-7cbc840d1913,http://iltalehti.fi/politiikka/a/906984bf-baa0-4a4d-b8b0-7cbc840d1913,"Kokoomus roimii hallitusta - ”Pääministeri ei ymmärrä, miten yritykset toimivat”",2020-09-02T13:43:00+03:00,2020-09-02T15:15:15+03:00,"Kokoomus vaatii, että hallitus tuo uuden hallitusohjelman eduskunnan käsiteltäväksi."
7c26751f-95ca-43c1-9449-a121c35a6a96,http://iltalehti.fi/politiikka/a/7c26751f-95ca-43c1-9449-a121c35a6a96,"Kokoomuksen Mykkänen: Tarvitaan uusi hallitusohjelma, nykyiseltä ”on pudonnut pohja”",2020-08-25T10:46:38+03:00,2020-08-25T10:46:38+03:00,"Kokoomuksen eduskuntaryhmän puheenjohtaja Kai Mykkänen vaatii hallitukselta tiedonantoa uudesta hallitusohjelmasta, koska Mykkäsen mukaan nykyiseltä hallitusohjelmalta on pudonnut pohja."
2703af25-b1de-4787-a8f6-6baff7ec1c83,http://iltalehti.fi/koronavirus/a/2703af25-b1de-4787-a8f6-6baff7ec1c83,Suomen koronatilanne nyt: katso lauantain tiedot,2020-08-01T20:59:26+03:00,2020-08-01T20:59:26+03:00,Uusien tartuntojen määrä on linjassa perjantain ja torstain kanssa.
9e4b64f5-16d1-4f78-9936-cf674dbb2173,http://iltalehti.fi/koronavirus/a/9e4b64f5-16d1-4f78-9936-cf674dbb2173,USU: Eduskuntaryhmien puheenjohtajat suhtautuvat nihkeästi suositukseen kasvomaskien käytöstä,2020-08-01T05:00:01+03:00,2020-08-01T08:50:57+03:00,"Eduskuntaryhmien puheenjohtajista vain harva lämpenee suositukselle kasvomaskien käytöstä, kertoo Uutissuomalainen."
3354652e-c1d5-4eeb-9314-2239396e81bc,http://iltalehti.fi/politiikka/a/3354652e-c1d5-4eeb-9314-2239396e81bc,Oppositio haastoi pelolla ”tulonsiirtounionista” – Sanna Marin Ylen A-studiossa: ”Olen tiukka neuvottelija”,2020-07-22T22:38:13+03:00,2020-07-22T22:38:13+03:00,Ylen A-studiossa keskusteltiin keskiviikkoiltana Suomen neuvottelutuloksesta EU:n huippukokouksessa.
6b6cc03f-0833-48eb-a2b8-404ad0872e61,http://iltalehti.fi/politiikka/a/6b6cc03f-0833-48eb-a2b8-404ad0872e61,"Suuri joukko suomalaisia maksaa työttömyysetuudesta, jota eivät saa – kokoomus haluaa ansiosidonnaisen kaikille",2020-07-10T10:41:40+03:00,2020-07-10T10:41:40+03:00,Kokoomus ajaa ansiosidonnaista työttömyysturvaa kaikille.
9ae258e8-389b-41e6-b09f-d29137f04dbe,http://iltalehti.fi/ruoka-artikkelit/a/9ae258e8-389b-41e6-b09f-d29137f04dbe,Jälleen voitto Suomeen! Kolme kotimaista väkevää ansaitsi kultaa kansainvälisessä kisassa,2020-07-09T15:59:53+03:00,2020-07-09T15:59:53+03:00,Voitto saksalaisessa kisassa on tislaajamestarin mukaan tärkeää vientimarkkinoiden vuoksi.
1e92f90a-4cf0-4589-ba49-2e67a22eed44,http://iltalehti.fi/kotimaa/a/1e92f90a-4cf0-4589-ba49-2e67a22eed44,Pientislaamo syytti Altiaa kopioinnista: Lukijoilta täystyrmäys väitteille,2020-07-08T11:22:02+03:00,2020-07-08T11:22:02+03:00,Riita tuotekopioinnista herätti tunteita. Suuri osa lukijoista tyrmää kopiointiväitteet.
4d06a51c-8a8d-4013-b4d3-73784f26f7c8,http://iltalehti.fi/ruoka-artikkelit/a/4d06a51c-8a8d-4013-b4d3-73784f26f7c8,11 nerokasta vinkkiä drinkkien tekoon – tiedätkö miksi viina laitetaan lasiin aina viimeisenä?,2020-06-27T18:00:00+03:00,2020-06-27T18:00:00+03:00,Drinkkien tekoon ei tarvitse valtavaa määrää erilaisia välineitä.
cd750235-95c9-45fd-a07c-101d2449e647,http://iltalehti.fi/politiikka/a/cd750235-95c9-45fd-a07c-101d2449e647,Kolmasosa kokoomuksen kansanedustajista oli poissa Mäenpää-äänestyksestä – lopputulos ei olisi muuttunut,2020-06-27T11:23:12+03:00,2020-06-27T11:23:12+03:00,Kokoomuksen kansanedustajilla oli Juha Mäenpään (ps) syyttämislupaa koskevan äänestyksen aikaan muita menoja. Peräti kolmasosa oli poissa.
e438d291-798a-4806-a1c1-02f9b079ed7f,http://iltalehti.fi/politiikka/a/e438d291-798a-4806-a1c1-02f9b079ed7f,"Juha Mäenpää voi selvitä ilman syytettä – puolueet eivät edellytä ryhmäkuria, kun asiasta äänestetään",2020-06-23T15:55:59+03:00,2020-06-23T16:21:36+03:00,Kokoomus ja keskusta luopuvat ryhmäkurista kansanedustaja Juha Mäenpään (ps) vieraslajipuheita koskevassa syyttämislupa-asiassa.
9f36842c-02b4-48a6-adbd-dc3e2744fa2d,http://iltalehti.fi/koronavirus/a/9f36842c-02b4-48a6-adbd-dc3e2744fa2d,Yle: Kansanedustaja vaatii selvää maskilinjaa - toiselta toive käyttäytymissäännöistä,2020-04-15T21:22:02+03:00,2020-04-15T21:22:02+03:00,Keskustan Antti Kurvinen vaatii maskiohjeita. Kokoomuksen Kai Mykkänen on nähnyt edelleen holtitonta käytöstä.
8c00bd95-42da-4a48-a3e3-78581ac803fa,http://iltalehti.fi/politiikka/a/8c00bd95-42da-4a48-a3e3-78581ac803fa,Useat kansanedustajat: Uudenmaan eristystä ei pidä purkaa – ”Pitäisin hölmönä”,2020-04-14T14:25:31+03:00,2020-04-14T15:26:03+03:00,Oppositioedustajien lisäksi hallituspuolue keskustasta löytyy kriittistä suhtautumista Uudenmaan eristyksen purkamiseen.
d3c45b78-59b5-46fc-931a-824f247c01d4,http://iltalehti.fi/koronavirus/a/d3c45b78-59b5-46fc-931a-824f247c01d4,"Pääministeri Marin: Ravintoloita ja kuppiloita suljetaan, Uusimaa halutaan eristää ",2020-03-24T09:22:13+02:00,2020-03-24T19:45:08+02:00,Eduskuntapuolueilla on laaja yhteisymmärrys uusista lisärajoituksista.
79317abc-df65-4f9b-a2fb-628d4772efa8,http://iltalehti.fi/koronavirus/a/79317abc-df65-4f9b-a2fb-628d4772efa8,Kaikki puolueet hyväksyvät valmiuslain - vielä ei päätöstä: ”Kaupoista saa ruokaa huomennakin”,2020-03-12T17:36:14+02:00,2020-03-12T17:36:14+02:00,"Puolueet ovat tarvittaessa valmiit ottamaan käyttöön valmiuslain, jos nykyinen lainsäädäntö ei saa koronaviruksen leviämistä kuriin."
917b0866-1cf7-47bc-abc8-2606c6134716,http://iltalehti.fi/koronavirus/a/917b0866-1cf7-47bc-abc8-2606c6134716,Puolueet pohtivat torstaina valmiuslain käyttöön ottamista - tällainen se on ,2020-03-12T14:20:57+02:00,2020-03-13T07:48:06+02:00,Sanna Marin: Valmiuslaista keskustellaan kello 18 alkavassa kokouksessa.
d11f4913-d554-4ec9-8be2-3f3ccbf1830b,http://iltalehti.fi/politiikka/a/d11f4913-d554-4ec9-8be2-3f3ccbf1830b,Kokoomus ei lähde mukaan perussuomalaisten Kreikka-välikysymykseen - kaipaa silti hallitukselta lisäselvityksiä,2020-03-10T18:08:53+02:00,2020-03-10T18:08:53+02:00,"Kokoomus haluaa hallituksen selvittävän oppositiolle, mikä on sen linja Kreikan tukemisessa yhteisessä EU-rintamassa."
189ad2d4-0d15-4daf-8681-9dbd4743aff3,http://iltalehti.fi/politiikka/a/189ad2d4-0d15-4daf-8681-9dbd4743aff3,"Analyysi: Hallitus ja presidentti hakevat järeämpiä konsteja, jos Venäjä ”tekee Turkit” itärajalla - helppoa siitä ei punaviherhallitukselle tule",2020-03-10T09:29:44+02:00,2020-03-10T09:29:44+02:00,"Suomi voi rajavartiolailla sulkea rajanylityspaikkoja, nyt keinoja sovitellaan järeämpään valmiuslakiin, kirjoittaa Juha Ristamäki."
dcf7bd80-e3bf-435b-8a06-90b6ec7e00e6,http://iltalehti.fi/politiikka/a/dcf7bd80-e3bf-435b-8a06-90b6ec7e00e6,"Kreikan pakolaistilanne kuumensi tunteita eduskunnassa: ”Ministeri Ohisalo, voisitteko lopettaa venkoilun ja vastata kysymykseen”",2020-03-05T18:08:51+02:00,2020-03-05T18:08:51+02:00,Oppositio ihmetteli keskustan Kulmunin ja vihreiden Ohisalon puheiden ristiriitaa.
022096de-2bd1-4b4b-a515-931f985adaee,http://iltalehti.fi/politiikka/a/022096de-2bd1-4b4b-a515-931f985adaee,Pääministerin kaatamisesta syytetty kokoomuspoliitikko: ”Surkuhupaisa salaliitto” ,2020-02-28T06:32:17+02:00,2020-02-28T06:32:17+02:00,Kokoomuksen eduskuntaryhmän puheenjohtaja Kai Mykkänen pitää EK:n entisen työmarkkinajohtajan Lasse Laatusen torstaina esittämiä syytöksiä pääministeri Antti Rinteen (sd)  kaatamiseen liittyvistä EK-kytköksistä ”surkuhupaisana salaliittoteoriana”.
1a0bf612-7c85-4e07-a981-0e37674a37f6,http://iltalehti.fi/politiikka/a/1a0bf612-7c85-4e07-a981-0e37674a37f6,EK:n ex-pomo Laatunen: Nämä henkilöt olivat syypäitä Rinteen eroon,2020-02-27T13:57:42+02:00,2020-02-27T13:57:42+02:00,"Entinen EK-pomo Lasse Laatunen nimeää EK:n ohella kaksi keskeistä henkilöä, jotka hänen mukaansa olivat syypäitä pääministeri Antti Rinteen (sd) eroon."
92947ed7-a89c-47b5-9713-6efcb5b67794,http://iltalehti.fi/politiikka/a/92947ed7-a89c-47b5-9713-6efcb5b67794,"Nämä ovat kokoomuksen seitsemän ehdotusta terrorismilainsäädännön kiristämiseksi: ”Kansalaisuus voitava perua, terroristijärjestöön kuuluminen rikolliseksi...”",2020-02-25T22:19:41+02:00,2020-02-25T22:19:41+02:00,"Kokoomus kiristäisi terrorismirikosten rangaistusasteikkoja kauttaaltaan niin, että Suomen terrorismilainsäädäntö ei ole ”miltään osin muita Pohjoismaita lievempi”."
91a6e087-f127-48ce-ae89-7a8f078e0c5e,http://iltalehti.fi/politiikka/a/91a6e087-f127-48ce-ae89-7a8f078e0c5e,"Näin oppositio rökitti pääministeri Marinin hallitusta: ”Räyhä-Mykkänen”, susia ja ahdasmielinen vihervasemmisto ",2020-02-11T17:39:12+02:00,2020-02-11T17:39:12+02:00,SDP toivoi oppositiolta yhteistyöhalukkuutta.
cb0768ee-ff77-4331-afbc-2f5294ca9e74,http://iltalehti.fi/politiikka/a/cb0768ee-ff77-4331-afbc-2f5294ca9e74,"Antti Rinteen kommentti hämmensi tentissä  – Kiertelee nyt, mitä tarkoitti",2020-02-09T12:26:43+02:00,2020-02-09T15:37:08+02:00,Antti Rinteen kanta paikallisen sopimisen toteuttamistapaan jäi auki Yrittäjien puheenjohtajatentissä.
ea31992a-0ec9-4855-b791-2fcba1636da9,http://iltalehti.fi/politiikka/a/ea31992a-0ec9-4855-b791-2fcba1636da9,IL-kysely: Petteri Orpon suosio laskee - yhä useampi kokoomuslainen haluaisi vaihtoon,2020-01-31T14:52:28+02:00,2020-01-31T16:43:37+02:00,Kokoomusvaikuttajille tehdyssä kyselyssä kahden päähaastajan eli Antti Häkkäsen ja Elina Lepomäen yhteenlaskettu kannatus on selvästi yli 50 prosenttia. 
a26d26cc-bfc3-4245-a1fe-d70a425750a7,http://iltalehti.fi/kotimaa/a/a26d26cc-bfc3-4245-a1fe-d70a425750a7,"Lakkorikkuri-Idasta, 23, tuli yhdessä yössä työtä puolustavien supertähti – torppaa silti kutsut politiikkaan: ”Viihdyn omassa työssäni”",2020-01-31T10:27:24+02:00,2020-01-31T10:27:24+02:00,Muun muassa eturivin poliitikot kertovat nyt somessa olevansa #IdanPuolella.
