id,url,title,date_created,date_modified,lead
52800a11-dd06-4424-8d15-d7dea942978a,http://iltalehti.fi/politiikka/a/52800a11-dd06-4424-8d15-d7dea942978a,Näin hallitus päätti työllisyystoimista: Eläkeputki asteittain pois - 1965 tai jälkeen syntyneiltä heti,2020-12-17T17:28:47+02:00,2020-12-17T20:21:51+02:00,Hallitus myös helpottaa osa-aikatyöhön siirtymistä - vihreiden Ohisalo: ”Eläkeliukumäki”.
28ae2e51-0f6e-4da4-bd58-70f9bd0cee01,http://iltalehti.fi/viihdeuutiset/a/28ae2e51-0f6e-4da4-bd58-70f9bd0cee01,Li Andersson yllätti Possessa kertomalla raskaudestaan: ”Luulen että tekee hyvä mulle ja puolueelle”,2020-10-23T20:52:35+03:00,2020-10-23T20:52:35+03:00,Opetusministeri Li Anderssonin esikoisen laskettu aika on joulukuussa.
b8ac7435-96b0-4001-bbfb-13e9724f903c,http://iltalehti.fi/politiikka/a/b8ac7435-96b0-4001-bbfb-13e9724f903c,Li Anderssonilta kysyttiin Ylellä työn ja lapsiarjen yhteensovittamisesta: ”Miksi se ei onnistuisi Sanna Marinilta ja minulta?”,2020-10-17T11:14:38+03:00,2020-10-17T11:14:38+03:00,Opetusministeri Anderssonin mukaan raskausaika on sujunut ”yllättävän hyvin”. 
5127170e-e1e6-467d-aa0a-ba14ab246a2b,http://iltalehti.fi/politiikka/a/5127170e-e1e6-467d-aa0a-ba14ab246a2b,Saramosta pätkäministeri Anderssonin tilalle,2020-09-29T18:58:04+03:00,2020-09-29T18:58:04+03:00,Ensimmäisen kauden kansanedustaja Jussi Saramo toimii opetusministerinä vasemmistoliiton puheenjohtajan Li Anderssonin vanhempainvapaan ajan.
9bd75279-d7ae-45c1-95ae-548e9319d191,http://iltalehti.fi/politiikka/a/9bd75279-d7ae-45c1-95ae-548e9319d191,Jussi Saramosta tulossa Li Anderssonin ministerisijainen,2020-09-06T15:46:53+03:00,2020-09-06T15:46:53+03:00,Vasemmistoliitto esittää opetusministeri Li Anderssonin äitiysloman sijaiseksi Jussi Saramoa.
2d3b73ef-ffae-463a-bc8f-48465cb82e6d,http://iltalehti.fi/politiikka/a/2d3b73ef-ffae-463a-bc8f-48465cb82e6d,Legendaaristen leijonien ja lampaiden kesäinen paluu - näin puoluepomot käyttäisivät ”koronasatasen”: ”Lapsille kirjoja”,2020-07-15T22:43:15+03:00,2020-07-15T22:43:15+03:00,MTV:n keskiviikkoisessa puheenjohtajatentissä onnistui Iltalehden yhden miehen raadin mielestä parhaiten perussuomalaisten Jussi Halla-aho.
4219d2ba-5dfa-4867-8c27-ed2e269b30e5,http://iltalehti.fi/politiikka/a/4219d2ba-5dfa-4867-8c27-ed2e269b30e5,"Kovaa arvostelua ravintolatuelle, eduskunnan korjausvastuu ihmetyttää – työministeri: ”Ollut kiire”",2020-05-12T15:01:46+03:00,2020-05-12T19:28:11+03:00,Eduskunta kävi tiistaina lähetekeskustelun ravintoloiden erillistuesta.
f93cd68d-101d-4fd7-8b1a-8da83ec11299,http://iltalehti.fi/politiikka/a/f93cd68d-101d-4fd7-8b1a-8da83ec11299,"Hallitus käsitteli työllisyystoimiaan – työperäisen maahanmuuton edistäminen keskeinen keino: ”Nyt viesti on se, että osaajia löytyy muualta”",2020-01-29T12:12:33+02:00,2020-01-29T16:35:36+02:00,"Työministeri Tuula Haatainen kertoo, että työperäistä maahanmuuttoa koskevat lait ja käytännöt käydään nyt tarkkaan läpi."
