id,url,title,date_created,date_modified,lead
9bd8fd5b-4826-4d23-8ea8-87ebcbb00e1a,http://iltalehti.fi/politiikka/a/9bd8fd5b-4826-4d23-8ea8-87ebcbb00e1a,Kansanedustajilta lähes tuhat kirjallista kysymystä hallitukselle – yli 230 koronaministeri Kiurulle ,2020-12-31T06:01:35+02:00,2020-12-31T06:01:35+02:00,STM:n kansliapäällikkö Kirsi Varhila: ”Työllistävät melkoisesti”.
02450824-0b53-4901-a034-966412a60d5a,http://iltalehti.fi/politiikka/a/02450824-0b53-4901-a034-966412a60d5a,Perussuomalaiset haluaa kiristää seksuaalirikosten rangaistuksia: ”Tuomio istuttava kokonaan”,2020-11-26T19:19:08+02:00,2020-11-26T19:19:08+02:00,Hallitus tuo seksuaalirikoslainsäädännön kokonaisuudistuksen eduskunnan käsittelyyn ensi syksynä.
c400e940-ba55-4058-8188-f275c3b8cd17,http://iltalehti.fi/politiikka/a/c400e940-ba55-4058-8188-f275c3b8cd17,Kokoomusnuoret haluaa laillistaa kannabiksen ,2020-11-14T18:24:40+02:00,2020-11-14T19:45:09+02:00,Nuorisojärjestön mukaan laillistaminen madaltaisi ongelmakäyttäjien hoitoon hakeutumisen kynnystä. 
f04e21ab-a052-4aa5-90ed-5ae9410f6aa7,http://iltalehti.fi/politiikka/a/f04e21ab-a052-4aa5-90ed-5ae9410f6aa7,"Sote-valiokunta sai mietintönsä valmiiksi: Yökerhojen, baarien ja pubien asiakasmäärää rajoitetaan puoleen",2020-10-20T10:23:32+03:00,2020-10-20T17:04:00+03:00,"Eduskunnan sote-valiokunta esittää tiukempia rajoituksia yökerhoille, baareille ja pubeille."
288cbdd7-9534-41f5-b9ae-f7cd9856920a,http://iltalehti.fi/politiikka/a/288cbdd7-9534-41f5-b9ae-f7cd9856920a,Juuri nyt: Kiurulle eduskunnan luottamus äänin 106-79,2020-10-14T13:34:19+03:00,2020-10-14T13:34:19+03:00,Yksi kansanedustaja äänesti tyhjää.
e1209aca-37a4-428a-9fc6-0d9325ddf485,http://iltalehti.fi/politiikka/a/e1209aca-37a4-428a-9fc6-0d9325ddf485,Marin kiistää THL:n pääjohtajan maskipainostuksen: ”Kohtuuton syytös”,2020-10-11T15:45:06+03:00,2020-10-11T15:45:06+03:00,Sanna Marin (sd) jatkoi Ylellä opposition toiminnan ihmettelyä: ”Tällainen keskustelukulttuuri ei ole asiallista”.
01430092-f5ce-4178-b9c8-270b9b0c1fc0,http://iltalehti.fi/politiikka/a/01430092-f5ce-4178-b9c8-270b9b0c1fc0,"Krista Kiuru vastaa eroa vaativalle kokoomukselle: ”Olen tehnyt kaikkeni, että Suomi saisi tämän epidemian hallintaan”",2020-10-10T11:56:20+03:00,2020-10-10T11:56:20+03:00,Perhe- ja peruspalveluministerin mukaan Suomen tietoisuus koronavirustoimista on kasvanut epidemian aikana.
82ada472-124d-46bd-b3d1-07e2aa55a664,http://iltalehti.fi/politiikka/a/82ada472-124d-46bd-b3d1-07e2aa55a664,Kokoomus esittää epäluottamusta ministeri Kiurulle,2020-10-09T16:08:40+03:00,2020-10-09T18:11:54+03:00,Epäluottamusäänestys on keskiviikkona täysistunnon alussa.
379d1788-bf68-4ef9-a882-e99775f3d2bf,http://iltalehti.fi/politiikka/a/379d1788-bf68-4ef9-a882-e99775f3d2bf,Hoitajamitoitus kuumentaa tunteita eduskunnassa: ”Kannattaa kysyä päivystäviltä feministeiltä!”,2020-06-23T09:10:59+03:00,2020-06-23T20:03:03+03:00,Hoitajamitoituksen käsittely on parhaillaan käynnissä eduskunnan täysistunnossa.
fec6530f-c5a0-4601-9bb7-41a6efa9667c,http://iltalehti.fi/politiikka/a/fec6530f-c5a0-4601-9bb7-41a6efa9667c,"Ravintoloiden rajoitukset käsitellään kiireellä, mietintö tänään eduskuntaan – ”Ilmeisesti yhtenäisellä sääntelyllä koko maassa aluksi”",2020-05-26T12:48:07+03:00,2020-05-26T12:48:07+03:00,Eduskunta käsittelee tiistaina ravintoloiden avaamisen ehtoja.
6c454082-8e2c-4aae-b371-bada1faa3237,http://iltalehti.fi/politiikka/a/6c454082-8e2c-4aae-b371-bada1faa3237,Yökerhokesä on peruttu eikä viinejä myydä ulos - oppositio ryöpyttää hallitusta Nukkumatiksi ryhtymisestä ja kieltolain säätämisestä,2020-05-19T18:05:16+03:00,2020-05-19T18:27:08+03:00,Kokoomuslaiset vaativat perustuslakivaliokuntaa lieventämään hallituksen esittämiä rajoituksia ravintoloiden omistajien elinkeinovapauteen.
0e438dbf-e6fe-45d4-b9db-c17def495817,http://iltalehti.fi/politiikka/a/0e438dbf-e6fe-45d4-b9db-c17def495817,Kansalaisaloite lentoverosta jakaa hallituspuolueita – ”Ulkomaalaiset tulevat saastuttavammilla koneilla”,2020-03-06T14:38:12+02:00,2020-03-06T14:38:12+02:00,"Hallituspuolueista vain vasemmistoliitto ja vihreät kannattavat yli 54 000 allekirjoitusta kerännyttä kansalaisaloitetta lentoverosta - muut puolueet viittaavat Ruotsin lentoveroon, jonka vaikutukset ovat jääneet pieniksi."
4317efa9-9b35-4861-a564-410769795e85,http://iltalehti.fi/politiikka/a/4317efa9-9b35-4861-a564-410769795e85,Pääministeri Marin hermostui opposition valitukseen erityisavustajien määrästä: ”Nyt tämä alkaa mennä aika paksuksi”,2020-02-13T17:53:22+02:00,2020-02-13T17:53:22+02:00,"Keskusta iski takaisin: ”Valitaan kuka valitaan, kunhan kokoomuslainen valitaan”."
