id,url,title,date_created,date_modified,lead
4d1129b0-fdd0-4c10-8a05-9076c969c2bd,http://iltalehti.fi/politiikka/a/4d1129b0-fdd0-4c10-8a05-9076c969c2bd,Hävittäjähankinnan siirtämistä esittäneet vasemmistoliiton kansanedustajat saivat kurinpalautusta eduskuntaryhmässä,2020-12-18T12:35:04+02:00,2020-12-18T12:35:04+02:00,"Vasemmistoliitto suhtautuu kriittisesti hävittäjähankkeen kokoon ja aikatauluun. Asian esiin nostaminen budjettikeskustelussa poiki kahdelle kansanedustajalle kurinpalautusta, varoituksen ja huomautuksen. "
f5c82199-8b28-4abf-b0af-3684905bb47d,http://iltalehti.fi/iltv-paivarinta/a/f5c82199-8b28-4abf-b0af-3684905bb47d,Jussi Halla-aho ja Nasima Razmyar IL-TV:n pormestaritentissä – erimielisyyttä lähes kaikesta,2020-12-16T15:06:30+02:00,2020-12-16T20:04:41+02:00,Helsingin pormestariehdokkaat Jussi Halla-aho (ps) ja Nasima Razmyar (sd) kohtasivat IL-TV:n Sensuroimaton Päivärinta -ohjelmassa suorassa tentissä.
7b3c9c5a-d488-47ff-8e66-6f41d1464a17,http://iltalehti.fi/politiikka/a/7b3c9c5a-d488-47ff-8e66-6f41d1464a17,Näkökulma: Pystyykö Anni Sinnemäki nostamaan vihreät Helsingin johtoon? - muistakin nimistä puhutaan,2020-12-01T10:52:25+02:00,2020-12-01T10:52:25+02:00,"Vihreissä hyssytellään pormestariehdokkaan valintaa: Anni Sinnemäen ratkaisua odotellaan, kirjoittaa Juha Keskinen."
25cff05d-0c48-4153-9f8f-d10991afbcdc,http://iltalehti.fi/politiikka/a/25cff05d-0c48-4153-9f8f-d10991afbcdc,Paavo Arhinmäki vasemmistoliiton pormestariehdokkaaksi Helsingissä,2020-11-20T11:29:09+02:00,2020-11-20T11:29:09+02:00,Vasemmistoliiton Helsingin piiri esittää pormestariehdokkaaksi kansanedustaja Paavo Arhinmäkeä.
167b8f14-7e4e-4e17-ba6e-190b4853d0c5,http://iltalehti.fi/politiikka/a/167b8f14-7e4e-4e17-ba6e-190b4853d0c5,Näkökulma: Politiikan kenttä kovassa liikkeessä - SDP siirtyi vasemmalle ja PS oikealle,2020-11-14T12:16:31+02:00,2020-11-14T12:16:31+02:00,"Vihreät, keskusta ja RKP liukuvat vasemmalle, kokoomuksessa on vetoa oikealle, kirjoittaa Juha Keskinen."
e4143678-7344-4dd7-b47c-e1a992f797e6,http://iltalehti.fi/jalkapallo/a/e4143678-7344-4dd7-b47c-e1a992f797e6,Suomen voitto sai somekansan sekaisin – Huuhkajat kuittaili 180 miljoonan euron supertähdelle,2020-11-12T11:51:04+02:00,2020-11-12T11:51:04+02:00,Huuhkajien suoritus kirvoitti hämmästyneitä reaktioita ja humoristisia heittoja.
9416995f-dcf3-4496-bb07-4835b2bdcc91,http://iltalehti.fi/politiikka/a/9416995f-dcf3-4496-bb07-4835b2bdcc91,IL:n tiedot uudesta suosituksesta: Näin hallitus linjaa aikuisten joukkueurheilun keskeyttämisestä,2020-10-21T20:19:52+03:00,2020-10-21T20:19:52+03:00,Ministeriön linjaus koskee kaikkia yli 18-vuotiaita.
14477364-ce72-409b-bb3a-12bee1285e10,http://iltalehti.fi/politiikka/a/14477364-ce72-409b-bb3a-12bee1285e10,Paavo Arhinmäki moittii hallituksen suositusta keskeyttää harrastuksia – ministeriö lupaa luettelon riskilajeista,2020-10-16T16:02:39+03:00,2020-10-16T16:02:39+03:00,"Valtion liikuntaneuvoston puheenjohtaja, hallituspuolue vasemmistoliiton Paavo Arhinmäki ei pidä hallituksen uuden suosituksen lähtökohdasta."
cbbca588-4b1d-48de-aa3b-c185e2a7bacd,http://iltalehti.fi/politiikka/a/cbbca588-4b1d-48de-aa3b-c185e2a7bacd,"Tällainen oli tilaisuus, jossa Sanna Marin mahdollisesti altistui koronalle – paikalla kymmeniä kansanedustajia",2020-10-16T14:05:22+03:00,2020-10-16T14:05:22+03:00,Koronan saanut kansanedustaja Tom Packalén (ps) osallistui keskiviikkona pääministerin kuulemistilaisuuteen.
789535d7-eaf1-4cd8-b989-1284b989ae03,http://iltalehti.fi/politiikka/a/789535d7-eaf1-4cd8-b989-1284b989ae03,Oppositio ryöpytti hallituksen budjettiesitystä – Orpo: ”Tämä puhe on pelkkää kuumaa ilmaa teidän suustanne”,2020-10-07T08:26:48+03:00,2020-10-07T15:18:57+03:00,"Kun keskustan Kulmuni kosiskeli oppositiota työllisyystalkoisiin, nousi salissa älämölö, johon puhemies joutui puuttumaan. "
bf8f6ca8-bddd-44b4-b3f0-37d88d94802d,http://iltalehti.fi/kotimaa/a/bf8f6ca8-bddd-44b4-b3f0-37d88d94802d,Video: Poliisi sumutti kadulla istuvia mielenosoittajia Helsingissä – sisäministeri Ohisalo saanut alustavan selvityksen voimankäytöstä,2020-10-03T21:33:33+03:00,2020-10-03T21:33:33+03:00,Helsingissä järjestetyn mielenilmauksen purkaminen on herättänyt kummastusta kansanedustajatasolla. Sisäministeri Maria Ohisalo kertoo saaneensa tapahtumista alustavan selvityksen. 
90a6978f-0475-4d65-baf7-03296b2093e7,http://iltalehti.fi/politiikka/a/90a6978f-0475-4d65-baf7-03296b2093e7,Suora lähetys - Kuuman välikysymyskeskustelun yllätyshahmot: Lordi Voldemort ja Hannu Karpo,2020-09-30T12:22:48+03:00,2020-09-30T20:48:32+03:00,Keskiviikon välikysymyskeskustelussa syntyi outo kinastelu pääministerin kalenterista.
c8379376-4b3e-4ec3-a487-ce344f1a704d,http://iltalehti.fi/politiikka/a/c8379376-4b3e-4ec3-a487-ce344f1a704d,Pääministeri Sanna Marinista Helsinki Priden virallinen suojelija,2020-09-04T10:17:25+03:00,2020-09-04T10:17:25+03:00,Pääministeri Sanna Marin on Helsinki Priden virallinen suojelija.
a703c79c-d126-40d7-b18d-0d1319396500,http://iltalehti.fi/viihdeuutiset/a/a703c79c-d126-40d7-b18d-0d1319396500,Li Andersson hehkuu raskausonnea – edustajatoverit onnittelivat: Katso tuoreet kuvat!,2020-09-03T19:25:01+03:00,2020-09-03T19:25:01+03:00,Li Anderssonin esikoislapsi syntyy vuodenvaihteen tienoilla. 
184daa95-4b16-46f0-b878-0577464e51a9,http://iltalehti.fi/politiikka/a/184daa95-4b16-46f0-b878-0577464e51a9,Opetusministeri Li Andersson odottaa lasta – ”Olen valtavan onnellinen ja iloinen tästä lahjasta”,2020-09-02T12:10:12+03:00,2020-09-02T13:47:33+03:00,Li Andersson: ”Nyt minulle aukeaa mahdollisuus aivan uuden elämänvaiheen aloittamiseen.”
2703af25-b1de-4787-a8f6-6baff7ec1c83,http://iltalehti.fi/koronavirus/a/2703af25-b1de-4787-a8f6-6baff7ec1c83,Suomen koronatilanne nyt: katso lauantain tiedot,2020-08-01T20:59:26+03:00,2020-08-01T20:59:26+03:00,Uusien tartuntojen määrä on linjassa perjantain ja torstain kanssa.
9e4b64f5-16d1-4f78-9936-cf674dbb2173,http://iltalehti.fi/koronavirus/a/9e4b64f5-16d1-4f78-9936-cf674dbb2173,USU: Eduskuntaryhmien puheenjohtajat suhtautuvat nihkeästi suositukseen kasvomaskien käytöstä,2020-08-01T05:00:01+03:00,2020-08-01T08:50:57+03:00,"Eduskuntaryhmien puheenjohtajista vain harva lämpenee suositukselle kasvomaskien käytöstä, kertoo Uutissuomalainen."
1b693fcb-1e8d-4ee0-8a9a-0e0155532c10,http://iltalehti.fi/politiikka/a/1b693fcb-1e8d-4ee0-8a9a-0e0155532c10,Poliisi pysäytti vasemmiston Arhinmäen Tampereella: ”Ette taida olla paikallisia”,2020-07-06T17:19:21+03:00,2020-07-06T17:19:21+03:00,Poliisin toiminta muutti kansanedustajan perheen lounassuunnitelmat.
2ae377e2-2858-47cc-b6d3-4bddb0bf1e6a,http://iltalehti.fi/politiikka/a/2ae377e2-2858-47cc-b6d3-4bddb0bf1e6a,"Pienpanimoiden etämyynti koronatoimena kuopattu, liitot pettyneitä: ”Ulkomailta saan tilata ihan mitä vain alkoholia kotiovelle”",2020-07-04T13:39:43+03:00,2020-07-04T13:39:43+03:00,Hallitus selvittää nyt muun muassa Alkon valikoimien laajentamista.
e3e18f15-9f2b-480c-a4a4-8e0678463f3b,http://iltalehti.fi/politiikka/a/e3e18f15-9f2b-480c-a4a4-8e0678463f3b,Ex-ministerin radikaali ehdotus Pohjois-Suomen koronatilanteen hillitsemiseksi: Laillistetaan nuuskan myynti,2020-06-29T16:24:18+03:00,2020-06-29T16:24:18+03:00,Vasemmistoliiton kansanedustaja Paavo Arhinmäki ehdottaa nuuskan myynnin laillistamista Suomessa.
ca25d746-1689-47f3-b3a8-7f127bf135d2,http://iltalehti.fi/politiikka/a/ca25d746-1689-47f3-b3a8-7f127bf135d2,Eduskunnassa käytiin kiivas keskustelu Juha Mäenpään syytesuojan purkamisesta: ”Valtakunnansyyttäjän toimet hämmästyttävät ja huolestuttavat - Kohta vanhatkin kansanedustajat ovat syytteessä”,2020-06-24T10:10:15+03:00,2020-06-24T10:10:15+03:00,Historiallista tapausta puitiin eduskunnassa neljä ja puoli tuntia - keskustelu ryöpsähteli translasten leikkauksista kommunistien toisen maailmansodan aikaisiin rikoksiin. 
8aa1b10f-b63d-42a6-895a-6540dc92b7b5,http://iltalehti.fi/politiikka/a/8aa1b10f-b63d-42a6-895a-6540dc92b7b5,Arhinmäen velkakommentit herättivät ihmetystä - tästä niissä on kyse: ”Eiväthän valtiot koskaan maksa lainojaan pois”,2020-06-22T19:58:48+03:00,2020-06-22T19:58:48+03:00,Eduskuntaryhmän puheenjohtajan kommentti herätti sosiaalisessa mediassa keskustelua.
1c0e426c-59a4-463a-a076-bb917b6355e8,http://iltalehti.fi/muutlajit/a/1c0e426c-59a4-463a-a076-bb917b6355e8,Urheilun kohutut katsomorajoitukset lieventymässä? Ministeri lupaa ratkaisun tällä viikolla: ”Kyllä hallitus ymmärtää”,2020-06-09T08:50:41+03:00,2020-06-09T08:50:41+03:00,Kehitysyhteistyö- ja ulkomaankauppaministerinä toimiva entinen SM-liigajääkiekkoilija Ville Skinnari puhuu urheiluväkeä kuohuttavasta koronarajoitusasiasta.
b4b0348d-bc2a-4f05-9967-5bb6f1a4c77c,http://iltalehti.fi/muutlajit/a/b4b0348d-bc2a-4f05-9967-5bb6f1a4c77c,"Kohu urheilun koronarajoituksista paisuu, tapahtumissa saa sittenkin olla yli 500 henkeä – kansanedustaja jyrähti hallituksen vetkuttelulle: ”Anteeksiantamatonta”",2020-06-05T19:32:05+03:00,2020-06-06T15:11:15+03:00,"Aluehallintoviraston laatiman tuoreimman selvityksen perusteella katsomossa saa olla kesäkuussa alle 500 henkeä, suoritusalueella tai varikolla saman verran. Hallituksen isoa linjausta odotetaan yhä."
95631300-08b5-4d40-95e6-95783683999a,http://iltalehti.fi/muutlajit/a/95631300-08b5-4d40-95e6-95783683999a,Raju kritiikki tehoaa – hallitus saattaa muuttaa kohupäätöstään urheilukatsomoista: ”Niin pian kuin mahdollista”,2020-05-27T15:06:00+03:00,2020-05-27T17:29:10+03:00,"Huippu-urheilusta perillä oleva pohjoismaisen yhteistyön ja tasa-arvon ministeri Thomas Blomqvist (r) sanoo, että urheilustadionin katsojarajoituksia halutaan poistaa tai lieventää mahdollisimman nopeasti."
910f1582-6e93-4e0f-ae8f-2039293f8b69,http://iltalehti.fi/muutlajit/a/910f1582-6e93-4e0f-ae8f-2039293f8b69,Omilta miehiltäkin rapaa – hallituksen huippu-urheilua murskaavaan päätökseen vaaditaan muutosta: ”Olennaisesti muuta kuin torihinta”,2020-05-27T07:32:43+03:00,2020-05-27T07:32:43+03:00,Pääministeripuolue SDP:n kansanedustaja Jukka Gustafsson ei ole tyytyväinen hallituksen asettamaan 500 hengen kokoontumisrajoitukseen urheilutapahtumissa. Myös Paavo Arhinmäki (vas) haluaa pyörtää päätöksen.
2b8bcb17-10cc-4902-84cf-db9e01d8978c,http://iltalehti.fi/politiikka/a/2b8bcb17-10cc-4902-84cf-db9e01d8978c,Näkökulma: Hallitus sai pienen opetuksen – Twitterissä ei voi kirjoitella mitä tahansa satuja,2020-05-25T22:24:04+03:00,2020-05-25T22:24:04+03:00,"Oppositiopuolueiden puheenjohtajat voivat muistuttaa television vaalitenteissä, että hallituspuolueet eivät halunneet Finnairin lentävän koronakriisin aikana maakuntakentille."
e0e2cabc-fce1-4cfa-bae3-1f842e5376f4,http://iltalehti.fi/veikkausliiga/a/e0e2cabc-fce1-4cfa-bae3-1f842e5376f4,Näkökulma: Ministeri Hanna Kosonen teki oman maalin – päättäjät suhtautuvat kevytmielisesti huippu-urheiluun,2020-05-12T16:37:55+03:00,2020-05-12T16:37:55+03:00,"Urheiluasioista vastaava ministeri hapuilee kokoontumisrajoituksia koskevissa lausunnoissaan – miksi huvipuistojen väkimäärää ei rajoiteta, mutta jalkapallo-otteluissa kattona on 500 henkeä, kirjoittaa Santtu Silvennoinen."
3f92509e-9b14-461c-89df-b3b2e4c981b1,http://iltalehti.fi/talous/a/3f92509e-9b14-461c-89df-b3b2e4c981b1,Motivus konkurssiin - rahansa menettäneet asiakkaat vihaisia,2020-04-28T19:58:12+03:00,2020-04-28T19:58:12+03:00,Poikkeustilan myötä ovensa sulkenut perinteikäs kuntosaliketju ajautui konkurssiin.
f668a52b-18e6-4b56-92ca-5925e79f6561,http://iltalehti.fi/politiikka/a/f668a52b-18e6-4b56-92ca-5925e79f6561,"Business Finlandin rahanjako kuumentaa tunteita – SDP:n kansanedustajilta kovaa kritiikkiä, selvitystä vaaditaan",2020-04-21T12:30:33+03:00,2020-04-21T14:31:34+03:00,Business Finlandin 800 miljoonan euron avustukset nostattavat kasvavaa kritiikkiä.
2168e540-065f-462f-ac59-41286acb2f7e,http://iltalehti.fi/politiikka/a/2168e540-065f-462f-ac59-41286acb2f7e,Kansanedustajat pohtivat ravintoloiden sulkemisesta: ”Saatava myydä ulos myös vahvempia alkoholijuomia”,2020-03-24T21:03:14+02:00,2020-03-24T21:03:14+02:00,"Hallitus haluaa sulkea ravintolat, baarit, yökerhot ja kahvilat mahdollisimman nopeasti. Kielto ei koskisi ruuan etämyyntiä eikä työmaaruokaloita."
fef6cf72-0068-4690-ae28-daf53c7bd41e,http://iltalehti.fi/kotimaa/a/fef6cf72-0068-4690-ae28-daf53c7bd41e,Surkea sää pakotti presidentti Niinistön poikkeuksellisesti sotilasasuun,2020-03-05T17:14:04+02:00,2020-03-05T17:14:04+02:00,"– Ihan siviilimiehen takeilla siellä ei olisi pärjännyt, Niinistö totesi Parolannummen säästä."
4317efa9-9b35-4861-a564-410769795e85,http://iltalehti.fi/politiikka/a/4317efa9-9b35-4861-a564-410769795e85,Pääministeri Marin hermostui opposition valitukseen erityisavustajien määrästä: ”Nyt tämä alkaa mennä aika paksuksi”,2020-02-13T17:53:22+02:00,2020-02-13T17:53:22+02:00,"Keskusta iski takaisin: ”Valitaan kuka valitaan, kunhan kokoomuslainen valitaan”."
91a6e087-f127-48ce-ae89-7a8f078e0c5e,http://iltalehti.fi/politiikka/a/91a6e087-f127-48ce-ae89-7a8f078e0c5e,"Näin oppositio rökitti pääministeri Marinin hallitusta: ”Räyhä-Mykkänen”, susia ja ahdasmielinen vihervasemmisto ",2020-02-11T17:39:12+02:00,2020-02-11T17:39:12+02:00,SDP toivoi oppositiolta yhteistyöhalukkuutta.
fe3a24dc-df1a-4e0f-b882-05b32603ab71,http://iltalehti.fi/politiikka/a/fe3a24dc-df1a-4e0f-b882-05b32603ab71,Anna Kontula kritisoi kohutempauksellaan asekauppoja Israelin kanssa – oma puolue hallituksessa jatkaa asekauppoja Israelin kanssa,2020-01-16T18:42:00+02:00,2020-01-16T18:42:00+02:00,"Vasemmistoliitto ei haluaisi käydä asekauppaa Israelin kanssa, mutta istuu hallituksessa, joka jatkaa sitä Israelin kanssa."
