id,url,title,date_created,date_modified,lead
723faf6d-4886-4956-83a1-69d7a1e819a9,http://iltalehti.fi/politiikka/a/723faf6d-4886-4956-83a1-69d7a1e819a9,Vihreille rajua sapiskaa Haavisto-viestinnästä: ”Ylimielistä piittaamattomuutta - märkä rätti eduskunnalle”,2020-12-11T12:48:16+02:00,2020-12-11T12:48:16+02:00,Kokoomus yhtyy perussuomalaisten ulkoministeri Pekka Haavistosta (vihr) jättämään epäluottamusesitykseen.
bd70da4a-7cd7-4f3f-993d-4347467d2bb2,http://iltalehti.fi/politiikka/a/bd70da4a-7cd7-4f3f-993d-4347467d2bb2,Kanerva Ruotsin Nato-optiosta: ”Johtaa vääjäämättä perusteelliseen keskusteluun Ruotsin turvallisuuspoliittisesta linjasta”,2020-12-10T09:20:52+02:00,2020-12-10T09:20:52+02:00,"Ruotsissa on tapahtunut historiallinen käänne, kun enemmistö valtiopäivillä kannattaa nyt ensimmäisen kerran mahdollisuutta maan jäsenyyteen puolustusliitto Natossa."
81a92eb2-f622-47bd-8d7b-053ce5601bd8,http://iltalehti.fi/politiikka/a/81a92eb2-f622-47bd-8d7b-053ce5601bd8,Perussuomalaiset vaatii hallitukselta kansanäänestystä EU:n elvytyspaketista: ”Pelkäätte kansan tyrmäävän”,2020-12-03T15:27:30+02:00,2020-12-03T15:27:30+02:00,Kokoomus ei tällä kertaa tukenut kyselytunnilla perussuomalaisia.
747dd49c-6a29-4f80-ba3c-7a89cd33fa81,http://iltalehti.fi/muutlajit/a/747dd49c-6a29-4f80-ba3c-7a89cd33fa81,Suomen olympiakomitean puheenjohtaja ratkesi vasta toisella kierroksella – näin äänestys eteni,2020-11-21T20:49:22+02:00,2020-11-21T20:49:22+02:00,Jan Vapaavuori voitti toisella äänestyskierroksella Susanna Rahkamon selkein lukemin
f0e2a1be-8d82-4cbe-8e4f-54c1627fdeb3,http://iltalehti.fi/muutlajit/a/f0e2a1be-8d82-4cbe-8e4f-54c1627fdeb3,Jan Vapaavuori on Suomen olympiakomitean uusi puheenjohtaja,2020-11-21T16:20:09+02:00,2020-11-21T17:26:21+02:00,Suomen Olympiakomitean uusi puheenjohtaja valittiin lauantaina.
68445f50-ac13-42cf-ac13-cde746ee4f9e,http://iltalehti.fi/muutlajit/a/68445f50-ac13-42cf-ac13-cde746ee4f9e,Jan Vapaavuori omaehtoiseen koronakaranteeniin – ei pääse paikan päälle Olympiakomitean vuosikokoukseen,2020-11-21T14:05:38+02:00,2020-11-21T14:05:38+02:00,Helsingin pormestari Jan Vapaavuori sai tiedon mahdollisesta korona-altistumisesta lauantaina.
811566e1-1c1e-4878-a0f9-ab757e95a95b,http://iltalehti.fi/muutlajit/a/811566e1-1c1e-4878-a0f9-ab757e95a95b,"Näkökulma: Jättiyllätys muhimassa? Olympiapomopelin kärkiehdokkaille rajusti rapaa, Ilkka Kanerva haistoi tilaisuutensa",2020-11-20T10:23:01+02:00,2020-11-20T10:23:01+02:00,"Jan Vapaavuori ja Susanna Rahkamo saavat paljon soraääniä Olympiakomitean puheenjohtajavaalin alla, kirjoittaa Santtu Silvennoinen."
e9a77aa2-d6fc-48ef-841a-40cb68cd544f,http://iltalehti.fi/muutlajit/a/e9a77aa2-d6fc-48ef-841a-40cb68cd544f,Annika Saarikko MT:lle: Olympiaurheilun rahoitusta leikataan – ”Jaossa on niukkuutta”,2020-11-18T06:02:16+02:00,2020-11-18T06:02:16+02:00,"Olympiakomitean uutta puheenjohtajaa odottavat niukkuuden ajat, Maaseudun Tulevaisuus uutisoi."
169a60c8-8eff-44cc-a488-d1803db30c63,http://iltalehti.fi/muutlajit/a/169a60c8-8eff-44cc-a488-d1803db30c63,Pitääkö urheilua rahoittaa Veikkauksen pelituotoista? Yksi Olympiakomitean puheenjohtajaehdokas eri mieltä Ylellä,2020-11-11T21:18:07+02:00,2020-11-11T21:18:07+02:00,Olympiakomitean puheenjohtajaehdokkaat osallistuivat keskiviikkona ”vaalitenttiin”.
99af5762-482d-419d-ab28-191c708c0b33,http://iltalehti.fi/politiikka/a/99af5762-482d-419d-ab28-191c708c0b33,Kokoomuksesta yllättävää suitsutusta: ”Nostan hattua pääministeri Marinille”,2020-11-11T20:51:23+02:00,2020-11-11T20:51:23+02:00,"”Vakaus ja realismi - ne ovat niitä sanoja, joita itsekin käyttäisin”, pääministeri Sanna Marin puolusti UTP-selonteossa tehtyä arvopohjaista puolenvalintaa."
26d9968d-1020-4c97-88c5-8342d5a4a028,http://iltalehti.fi/viihdeuutiset/a/26d9968d-1020-4c97-88c5-8342d5a4a028,Koronapandemia lähensi Elina ja Ilkka Kanervaa – keksivät oivan keinon viettää aikaa yhdessä kesken työpäivän,2020-11-11T09:29:32+02:00,2020-11-11T09:29:32+02:00,"Elina Kanerva sanoo, että koronapandemia on opettanut hänet kaipaamaan aviomiestään."
bc0b8a87-978b-418a-82b2-e1d4c5634bf1,http://iltalehti.fi/viihdeuutiset/a/bc0b8a87-978b-418a-82b2-e1d4c5634bf1,Näistä Frederikin väitteistä nousi kohu - voiko niistä joutua käräjille?,2020-11-10T07:26:47+02:00,2020-11-10T07:26:47+02:00,"Iltalehti listasi Frederikin elämäkertakirjan kohuväitteet ja kysyi lakimieheltä, miten paljon kolmansiin osapuoliin liittyviä kirjaväitteitä pitäisi tarkistaa."
05d5b06c-bfda-4873-9383-64287a367c6a,http://iltalehti.fi/jaakiekko/a/05d5b06c-bfda-4873-9383-64287a367c6a,"Erkka Westerlund haluaa valmennuksen äänen kuuluviin – pyrkii Olympiakomitean hallitukseen: ""Johto on urheilun heikoin lenkki""",2020-11-09T06:56:04+02:00,2020-11-09T06:56:04+02:00,Olympiakomitean hallitukseen ehdolla olevan Erkka Westerlundin mukaan Suomessa ei  ymmärretä valmennuksen merkitystä.
7a3dbc48-4cb5-4a3a-aaa5-7b7695c1994a,http://iltalehti.fi/muutlajit/a/7a3dbc48-4cb5-4a3a-aaa5-7b7695c1994a,Sari Multalan peli on pelattu Olympiakomitean puheenjohtajavaalissa – yllättäjä nousi gallup-kärkeen: ”Tarvitaan rouva isorouva tai herra isoherra”,2020-11-05T06:16:43+02:00,2020-11-05T06:16:43+02:00,"IL-jättiselvitys: Susanna Rahkamo ja Jan Vapaavuori ovat vahvimmilla OK:n puheenjohtajakilpailussa, mutta lähes puolet äänistä on vielä vailla kohdetta."
505020d7-b5f4-4b69-913b-add8ebfa3efe,http://iltalehti.fi/viihdeuutiset/a/505020d7-b5f4-4b69-913b-add8ebfa3efe,Frederik väittää avioliittonsa kaatuneen kolmiodraamaan - mukana Ilkka Kanerva,2020-11-01T14:19:18+02:00,2020-11-01T14:19:18+02:00,Iskelmätähti Frederik kertoo elämäkerrassaan avioliittonsa päättymisestä.
6b1ad653-31d3-484c-8b03-ddc43b5f3c69,http://iltalehti.fi/politiikka/a/6b1ad653-31d3-484c-8b03-ddc43b5f3c69,Virkamies toi esiin WHO:n maskisuosituksen jo keväällä – kansanedustajan mukaan ”pelko esti” kertomasta laajemmin,2020-10-31T15:49:05+02:00,2020-10-31T15:49:05+02:00,Kansanedustaja Pauli Kiurun mukaan ”pelko esti” virkamiestä kertomasta WHO:n maskiraportista laajemmin julkisuuteen. 
6758aa83-9b15-48b1-a1a1-eac413d74e39,http://iltalehti.fi/muutlajit/a/6758aa83-9b15-48b1-a1a1-eac413d74e39,Olympiakomitean puheenjohtajakisa alkoi – kvartetti esittäytyi Urheilumuseossa: ”Rakas yhteisö on ollut tuppisuuna”,2020-10-21T17:23:29+03:00,2020-10-21T17:23:29+03:00,Olympiakomitea saa uuden puheenjohtajan 21. marraskuuta.
ebde15f9-28d6-4369-bb7b-7050319c9ee7,http://iltalehti.fi/muutlajit/a/ebde15f9-28d6-4369-bb7b-7050319c9ee7,Mika Anttonen vetäytyi Olympiakomitean puheenjohtajakisasta: ”En halunnut olla tällaisessa touhussa millään lailla osallisena”,2020-10-21T12:39:47+03:00,2020-10-21T12:39:47+03:00,Uusi puheenjohtaja valitaan marraskuun lopussa.
7832e062-3994-4d76-ba38-0d14f8f0c0ee,http://iltalehti.fi/viihdeuutiset/a/7832e062-3994-4d76-ba38-0d14f8f0c0ee,Muistatko vielä nämä missit ja heidän tunnetut vanhempansa? Moni valitsi itselleen toisenlaisen uran,2020-10-18T06:34:32+03:00,2020-10-18T06:34:32+03:00,"Moni tunnettujen vanhempien kaunotartytär on nuoruudessaan osallistunut kauneuskisaan, mutta valinnut sitten itselleen toisenlaisen polun."
9e824075-51a9-4918-85cf-44f768fd4ac3,http://iltalehti.fi/jalkapallo/a/9e824075-51a9-4918-85cf-44f768fd4ac3,Irlanti-kaato takaa Huuhkajille erinomaisen asetelman päätöskierroksille: ”Meillä on mahdollisuus tapella lohkovoitosta”,2020-10-15T08:11:19+03:00,2020-10-15T08:11:19+03:00,Kansojen liiga jatkuu marraskuussa.
0dd53203-211a-408b-a70d-27cedf5e6543,http://iltalehti.fi/muutlajit/a/0dd53203-211a-408b-a70d-27cedf5e6543,Sari Multala ehdolle Olympiakomitean puheenjohtajaksi,2020-09-11T16:14:48+03:00,2020-09-11T16:14:48+03:00,Sari Multala lähtee Suomen Olympiakomitean puheenjohtajakisaan.
9a70b4a5-026c-4010-a56f-bffd87b3f110,http://iltalehti.fi/viihdeuutiset/a/9a70b4a5-026c-4010-a56f-bffd87b3f110,Korona lähensi Ilkka ja Elina Kanervaa ,2020-09-11T07:01:38+03:00,2020-09-11T07:01:38+03:00,Elina Kanerva saapui sädehtivänä Domakers Finlandin syntymäpäiväjuhlille.
1f1768c6-ade6-4375-b375-731169252201,http://iltalehti.fi/viihdeuutiset/a/1f1768c6-ade6-4375-b375-731169252201,"Johanna Tukiaisen uusi elämä – muutti Ruotsiin, saa pian lapsen: ”Olen äärimmäisen kiitollinen ja onnellinen”",2020-08-28T07:27:57+03:00,2020-08-28T07:27:57+03:00,Iltalehden Sensuroimaton Päivärinta -ohjelmassa vieraillut Johanna Tukiainen saa lokakuussa lapsen.
befc5b94-ff21-4210-8b68-bb3bcc6e9610,http://iltalehti.fi/yleisurheilu/a/befc5b94-ff21-4210-8b68-bb3bcc6e9610,Suomen ennätys shokeerasi kaikki – Frantz Krugeria odotti jättiheiton jälkeen erikoinen palkinto: ”Melkoinen homma kantaa Vaasaan”,2020-08-13T13:00:16+03:00,2020-08-13T13:00:16+03:00,"Frantz Kruger vastasi kisakutsuun sanomalla, että voisi heittää lähelle 70 metriä. Heitto jäi kolmen sentin päähän 70:stä. "
b306c4e1-7334-41e7-8800-bba8570bf518,http://iltalehti.fi/yleisurheilu/a/b306c4e1-7334-41e7-8800-bba8570bf518,Presidentti Sauli Niinistö näyttää muille mallia: istuu Paavo Nurmen stadionilla maski kasvoillaan,2020-08-11T19:17:52+03:00,2020-08-11T19:17:52+03:00,Sauli Niinistö on seuraamassa Paavo Nurmi Gamesia paikan päällä.
a64a3ebd-e9af-4d0e-8d39-bec88d20d1fe,http://iltalehti.fi/yleisurheilu/a/a64a3ebd-e9af-4d0e-8d39-bec88d20d1fe,"Sisä- ja ulkoministeriö puoltavat yleisurheilun maaottelua, myös ruotsalaisilta vahva  kannanotto",2020-08-04T17:25:40+03:00,2020-08-04T17:25:40+03:00,"Yleisurheilumaaottelun järjestämiseksi on vahva tahtotila. Asiantuntija Toni Roponen muistuttaa, että imagollisesti tapahtuma olisi validia peruuttaa."
cd750235-95c9-45fd-a07c-101d2449e647,http://iltalehti.fi/politiikka/a/cd750235-95c9-45fd-a07c-101d2449e647,Kolmasosa kokoomuksen kansanedustajista oli poissa Mäenpää-äänestyksestä – lopputulos ei olisi muuttunut,2020-06-27T11:23:12+03:00,2020-06-27T11:23:12+03:00,Kokoomuksen kansanedustajilla oli Juha Mäenpään (ps) syyttämislupaa koskevan äänestyksen aikaan muita menoja. Peräti kolmasosa oli poissa.
f303e776-da4d-4ed6-8616-f15a87b46971,http://iltalehti.fi/yleisurheilu/a/f303e776-da4d-4ed6-8616-f15a87b46971,"Kun köyhä Erki rantautui Suomeen, KGB oli kintereillä – tamperelaisen rakennusmestarin upea teko sai itkun silmään: ”Virolaisia luultiin varkaiksi”",2020-06-25T06:12:40+03:00,2021-01-01T21:21:55+02:00,"Kymmenottelija Erki Nool, 50, on ikuisesti kiitollinen tamperelaiselle Kari Koivulalle."
7a618700-019e-405d-8127-bb723a56a401,http://iltalehti.fi/viihdeuutiset/a/7a618700-019e-405d-8127-bb723a56a401,Elina Kanerva kertoo Annassa miksi antoi anteeksi: ”Näin miten maahan lyöty Ilkka oli”,2020-06-03T11:45:15+03:00,2020-06-03T11:45:15+03:00,"Elina Kanerva (ent. Kiikko) kertoo Anna-lehdessa, miten hänen mielessään on käynyt lähtö suhteesta. "
93524ad3-7390-43fe-a65e-ad7e12034a4b,http://iltalehti.fi/viihdeuutiset/a/93524ad3-7390-43fe-a65e-ad7e12034a4b,"Tältä näytti Ilkka Kanervan ja Elina Kiikon häissä – harvinainen kuva julki, pari juhlii ensimmäistä hääpäiväänsä",2020-05-11T10:46:48+03:00,2020-05-11T10:46:48+03:00,Elina Kanerva ja Ilkka Kanerva avioituivat Turussa toukokuussa 2019.
37c513e1-ffaa-4c55-9ad2-a2da0cb6ef5d,http://iltalehti.fi/viihdeuutiset/a/37c513e1-ffaa-4c55-9ad2-a2da0cb6ef5d,"Elina Kanervan vuosi Ilkan vaimona – paljastaa nyt, mikä on saanut hänet jatkamaan suhdetta ikävien kohujenkin jälkeen",2020-04-19T05:54:25+03:00,2020-04-19T05:54:25+03:00,Toukokuussa avioitunut pari on kasvanut yhteen vuosien myötä.
de10588f-a1ef-4ade-b383-bb7a064704e5,http://iltalehti.fi/politiikka/a/de10588f-a1ef-4ade-b383-bb7a064704e5,Tällaisia ohjeita Esko Aho ja muut 90-luvun lamaministerit jakavat hallitukselle: ”Paluuta menneisyyteen ei ole”,2020-04-15T08:00:48+03:00,2020-04-15T08:00:48+03:00,"1990-luvun lamaa hoitaneen hallituksen ministerit muistuttavat, että koronavirustilanteen hoito on nyt helpompaa lainarahan vuoksi."
9939bd5a-3a10-4219-9c0c-5d6f2377ded8,http://iltalehti.fi/politiikka/a/9939bd5a-3a10-4219-9c0c-5d6f2377ded8,Ilkka Kanerva muistelee pitkäaikaista ystäväänsä: ”Pertti oli politiikan yksi selväjärkisimpiä kavereita”,2020-04-04T21:07:09+03:00,2020-04-04T21:07:09+03:00,Moninkertainen ministeri ja pitkäaikainen kansanedustaja Ilkka Kanerva tunsi Pertti Paasion niin valtakunnan politiikasta kuin myös Turun kunnallispolitiikasta.
5c7e219a-7af9-4800-8c77-5f1c15543e9d,http://iltalehti.fi/ulkomaat/a/5c7e219a-7af9-4800-8c77-5f1c15543e9d,Demokraattien voimahahmo Nancy Pelosi täyttää 80 vuotta – Suomen eduskunnan ikäpresidentit reilusti nuorempia,2020-03-26T01:33:02+02:00,2020-03-26T01:33:02+02:00,Nancy Pelosi lähti politiikkaan mukaan vasta lähestyessään 50 vuoden ikää. 
284af142-ede6-4257-bcbf-7290e6a49f69,http://iltalehti.fi/politiikka/a/284af142-ede6-4257-bcbf-7290e6a49f69,Sairauslomalla olevien kansanedustajien määrä tuplaantui loppuviikosta – luku nousi 36:een,2020-03-24T06:00:26+02:00,2020-03-24T06:00:26+02:00,Lähes joka viides kansanedustaja oli perjantaina sairauslomalla.
2f603e7c-ec26-4322-84d9-09553565eb18,http://iltalehti.fi/koronavirus/a/2f603e7c-ec26-4322-84d9-09553565eb18,"Ilkka Kanerva, 72, ei pääse flunssan takia eduskuntaan: ”Minulla ei ole varaa sanoa, että ei huolta huomisesta”",2020-03-18T21:05:22+02:00,2020-03-18T21:05:22+02:00,Kansanedustaja Ilkka Kanerva (kok) on lääkärin määräyksestä kotonaan.
8825ec88-bb45-49df-b381-24b59d0aef6e,http://iltalehti.fi/koronavirus/a/8825ec88-bb45-49df-b381-24b59d0aef6e,Koronaviruksen varotoimet näkyvät eduskunnassa – 18 edustajaa sairauslomalla,2020-03-18T12:02:05+02:00,2020-03-18T12:02:05+02:00,Eduskunta on ohjeistanut oireisia kansanedustajia pysymään kotona.
47d5f910-dba3-41cf-93f2-a0368d9fb124,http://iltalehti.fi/viihdeuutiset/a/47d5f910-dba3-41cf-93f2-a0368d9fb124,"Elina Kanerva harvinaisessa haastattelussa – tällaista on avioarki Ilkka Kanervan kanssa: ”Olen onnellinen, että päätimme mennä naimisiin”",2020-03-12T19:20:28+02:00,2020-03-12T19:20:28+02:00,"Elina Kanerva sanoo, että avioliitto on syventänyt hänen rakkauttaan Ilkka Kanervaa kohtaan."
70aab260-b2f5-431c-b715-a471eeb3cf13,http://iltalehti.fi/politiikka/a/70aab260-b2f5-431c-b715-a471eeb3cf13,Näin Suomi perustelee mukanaoloaan Irak-operaatiossa: haluaa rajoittaa Iranin valtaa Lähi-idässä,2020-01-09T18:49:47+02:00,2020-01-09T18:49:47+02:00,Puolustusvaliokunnan puheenjohtaja Ilkka Kanervan mukaan Suomi jatkaa kurditaistelijoiden kouluttamista Erbilissä.
9bc07597-9238-4a69-82cc-985c1c429f50,http://iltalehti.fi/politiikka/a/9bc07597-9238-4a69-82cc-985c1c429f50,Kanerva arvioi Irakin operaation olevan Suomen ”rauhanturvaamishistorian vaarallisin”,2020-01-09T12:47:55+02:00,2020-01-09T12:47:55+02:00,IL-TV näytti suorana lähetyksenä eduskunnan puolustusvaliokunnan tiedotustilaisuuden.
cd623443-892e-42a8-9b8d-912c3ccdffc9,http://iltalehti.fi/politiikka/a/cd623443-892e-42a8-9b8d-912c3ccdffc9,Eduskunnan puolustusvaliokunta ylimääräiseen istuntoon Iranin tilanteen takia,2020-01-09T07:55:32+02:00,2020-01-09T07:55:32+02:00,"Eduskunta on istuntotauolla, mutta eduskunnan puolustusvaliokunta kokoontuu tänään kello 12 käsittelemään Iranin ja USA:n tilannetta."
24dff7f0-0693-4fbf-825e-82f8f9548d3d,http://iltalehti.fi/ulkomaat/a/24dff7f0-0693-4fbf-825e-82f8f9548d3d,Tämä Iranin iskusta USA:n sotilastukikohtiin tiedetään nyt ,2020-01-08T14:06:33+02:00,2020-01-09T08:45:55+02:00,"Tässä jutussa kerrotaan, mitä tällä hetkellä tiedetään Iranin iskusta yhdysvaltalaisten sotatukikohtiin Irakissa."
6cc6182c-3a22-46aa-ba3d-ac2e73f4b3e4,http://iltalehti.fi/viihdeuutiset/a/6cc6182c-3a22-46aa-ba3d-ac2e73f4b3e4,Vesa-Matti Loiri täyttää 75 vuotta – näitä 75:tä asiaa ei moni tiedä kansansuosikista,2020-01-03T05:31:03+02:00,2020-01-08T09:41:18+02:00,"Vesa-Matti Loiri täyttää lauantaina 4. tammikuuta 75 vuotta. Vaikka taiteilijasta on kerrottu paljon, kaikkea ei kuitenkaan. Näitä faktoja sinäkään et tiennyt aiemmin. "
