id,url,title,date_created,date_modified,lead
0c290d66-9645-4413-9a16-7923876635d8,http://iltalehti.fi/viihdeuutiset/a/0c290d66-9645-4413-9a16-7923876635d8,2020 oli todellinen vauvavuosi! Nämä kaikki eturivin ykköstähdet saivat perheenlisäystä,2020-12-30T06:34:26+02:00,2020-12-30T06:34:26+02:00,Monissa perheissä on juhlittu vauvan syntymää vuoden aikana. Tässä kootusti useita iloisia perheuutisia.
723faf6d-4886-4956-83a1-69d7a1e819a9,http://iltalehti.fi/politiikka/a/723faf6d-4886-4956-83a1-69d7a1e819a9,Vihreille rajua sapiskaa Haavisto-viestinnästä: ”Ylimielistä piittaamattomuutta - märkä rätti eduskunnalle”,2020-12-11T12:48:16+02:00,2020-12-11T12:48:16+02:00,Kokoomus yhtyy perussuomalaisten ulkoministeri Pekka Haavistosta (vihr) jättämään epäluottamusesitykseen.
431c16c1-4d7d-447d-b44a-643793f1ecd9,http://iltalehti.fi/politiikka/a/431c16c1-4d7d-447d-b44a-643793f1ecd9,Kansanedustaja vaatii suhteellisuudentajua korona-ajan synnytyssaleihin - ”äidillä on oikeus kumppaninsa tukeen”,2020-10-22T10:55:26+03:00,2020-10-22T10:55:26+03:00,Kansanedustaja Hilkka Kempin mukaan korona-ajan synnytysrajoitusten ratkaisemiseksi voisi olla aika siirtyä äitien ja puolisoiden säännöllisiin testaukseen.
2703af25-b1de-4787-a8f6-6baff7ec1c83,http://iltalehti.fi/koronavirus/a/2703af25-b1de-4787-a8f6-6baff7ec1c83,Suomen koronatilanne nyt: katso lauantain tiedot,2020-08-01T20:59:26+03:00,2020-08-01T20:59:26+03:00,Uusien tartuntojen määrä on linjassa perjantain ja torstain kanssa.
9e4b64f5-16d1-4f78-9936-cf674dbb2173,http://iltalehti.fi/koronavirus/a/9e4b64f5-16d1-4f78-9936-cf674dbb2173,USU: Eduskuntaryhmien puheenjohtajat suhtautuvat nihkeästi suositukseen kasvomaskien käytöstä,2020-08-01T05:00:01+03:00,2020-08-01T08:50:57+03:00,"Eduskuntaryhmien puheenjohtajista vain harva lämpenee suositukselle kasvomaskien käytöstä, kertoo Uutissuomalainen."
284af142-ede6-4257-bcbf-7290e6a49f69,http://iltalehti.fi/politiikka/a/284af142-ede6-4257-bcbf-7290e6a49f69,Sairauslomalla olevien kansanedustajien määrä tuplaantui loppuviikosta – luku nousi 36:een,2020-03-24T06:00:26+02:00,2020-03-24T06:00:26+02:00,Lähes joka viides kansanedustaja oli perjantaina sairauslomalla.
8825ec88-bb45-49df-b381-24b59d0aef6e,http://iltalehti.fi/koronavirus/a/8825ec88-bb45-49df-b381-24b59d0aef6e,Koronaviruksen varotoimet näkyvät eduskunnassa – 18 edustajaa sairauslomalla,2020-03-18T12:02:05+02:00,2020-03-18T12:02:05+02:00,Eduskunta on ohjeistanut oireisia kansanedustajia pysymään kotona.
