id,url,titledate_modified,lead
2000007678240,https://www.is.fi/turun-seutu/art-2000007678240.html,Näin muhkean alennuksen Jasper Pääkkönen ja muut julkkikset saivat Airiston Helmen luksushuviloista – juristi Kari Uoti kertoo neuvotteluista,2020-12-12T08:45:34.000+02:00,Turun saaristossa sijaitsevan hulppean merenrantakiinteistön hinta laski huomattavasti.
2000007659704,https://www.is.fi/kotimaa/art-2000007659704.html,"Nämä suomalaiset presidentti Niinistö palkitsi kunniamerkillä – katso, onko listalla tuttuja",2020-12-03T16:41:49.000+02:00,Itsenäisyyspäivän kunniaksi on taas myönnetty kunnia­merkkejä.
2000007653147,https://www.is.fi/politiikka/art-2000007653147.html,Putositko kärryiltä ulkoministeri Pekka Haaviston al-Hol-tutkinnassa? Näin prosessi etenee seuraavaksi,2020-12-01T13:37:05.000+02:00,Perustuslakivaliokunnan käsittely on kestänyt kohta vuoden.
2000006706479,https://www.is.fi/sm-liiga/art-2000006706479.html,"Lukko löi niukasti Kärpät, Ilves antoi kylmää kyytiä Sportille – näin pelattiin SM-liigassa perjantaina",2020-10-30T21:20:07.000+02:00,SM-liigassa pelattiin kuusi ottelua. Niistä neljä päättyi kotivoittoon.
2000006624131,https://www.is.fi/asuminen/art-2000006624131.html,"Mitä mökkeily oikeasti maksaa ja kuinka paljon työtä se vaatii? Ota huomioon nämäkin asiat, jos olet hankkimassa kesäpaikkaa",2020-09-04T14:07:16.000+03:00,"Haaveiletko omasta kesämökistä? Lue sitä ennen mökin kustannuksista ja pakollisista töistä, niin tiedät, sopiiko mökkeily sinulle."
2000006571722,https://www.is.fi/kotimaa/art-2000006571722.html,Suomen säätilassa tapahtui jotakin outoa – ammattilaiset kertovat havaintonsa,2020-07-15T07:26:19.000+03:00,"Ulkotyön ammattilaiset kertovat, että säätilassa on tapahtunut muutosta viime vuosien aikana."
2000006560458,https://www.is.fi/nhl/art-2000006560458.html,"Olli Jokinen riitaantui katkerasti pitkäaikaisen seuransa kanssa – yhteistyö sujui hyvin, kunnes Panthers pudotti pommin",2020-07-03T12:01:09.000+03:00,Olli Jokisen hyvin menestynyt kiekkoakatemia häädettiin tylysti Florida Panthersin harjoitushallista.
2000006554767,https://www.is.fi/politiikka/art-2000006554767.html,Kokoomusedustajista kolmas­osa jätti osallistumatta Mäenpää-äänestykseen – tällaisia syitä he kertoivat poissa­oloilleen,2020-06-27T13:24:00.000+03:00,Ilta-Sanomat ei lauantaina aamupäivällä tavoittanut kaikkia äänestyksestä poissa olleita.
2000006553218,https://www.is.fi/politiikka/art-2000006553218.html,Näin kansanedustajat äänestivät Mäenpään tapauksessa – katso koko lista,2020-06-26T11:16:00.000+03:00,"Historiallinen äänestys päättyi siihen, että eduskunta ei anna lupaa syyttää Mäenpäätä."
2000006527239,https://www.is.fi/kotimaa/art-2000006527239.html,"Sadat saivat tänään ylennyksen reservissä! Katso, onko listalla tuttuja",2020-06-04T00:00:00.000+03:00,Tasavallan presidentti on ylentänyt Puolustusvoimain lippujuhlan päivänä 4. kesäkuuta 2020 yhteensä 902 reservin upseeria ja erikoisupseeria.
2000006527246,https://www.is.fi/kotimaa/art-2000006527246.html,Tasavallan presidentti Niinistö ylensi ison joukon upseereita – katso kaikki!,2020-06-04T00:00:00.000+03:00,Tänään on moni upseeri ylennetty Puolustusvoimain lippujuhlan päivän kunniaksi.
2000006477385,https://www.is.fi/kotimaa/art-2000006477385.html,Anna Perhon kolumni: Korona iski – kenen vika?,2020-04-18T08:00:00.000+03:00,"Mitä useammin kuulen jonkun sanovan, että pandemia tulee ”muuttamaan kaiken”, sitä varmempi olen, että näin ei käy, kirjoittaa Anna Perho kolumnissaan."
2000006478717,https://www.is.fi/muutlajit/art-2000006478717.html,Somemoguli muutti patjalle kuntokeskuksen nurkkaan – täältä Aleksi Valavuori haastattelee suomalaistähtiä,2020-04-17T19:00:18.000+03:00,Uuden netti-tv-ohjelmansa suosiosta yllättynyt urheilutyöläinen kehottaa tulonsa menettäneitä esiintyjiä aivojumppaan.
2000006429878,https://www.is.fi/kotimaa/art-2000006429878.html,816 suomalaista kaatui talvisodan verisimpänä päivänä – tässä ovat kaikki 6.3.1940 kaatuneet sankarivainajat,2020-03-06T10:51:52.000+02:00,6. maaliskuuta 1940 oli talvisodan pahin päivä. Tasan 80 vuotta sitten tuli yhdessä päivässä 816 suomalaista sankarivainajaa.
2000006412880,https://www.is.fi/sm-liiga/art-2000006412880.html,TPS yritti ostaa Mikko Mannerin ulos Kärpistä – suuntaako menestysvalmentaja seuraavaksi Sveitsiin?,2020-02-20T06:10:00.000+02:00,TPS:lla oli kova päävalmentajahaku päällä.
2000006412901,https://www.is.fi/politiikka/art-2000006412901.html,Kokoomuksen Jokinen: Haaviston tapauksessa kyse luottamuksesta järjestelmään,2020-02-19T19:36:27.000+02:00,Kalle Jokisen mukaan järjestelmä näyttää toimivan.
2000006408436,https://www.is.fi/politiikka/art-2000006408436.html,Puolustusministeri Kaikkonen kommentoi maavoimien tykkihehkutusta Münchenissä: ”Ei sitä ole tarve salatakaan”,2020-02-14T21:54:00.000+02:00,Turvallisuuskokous: Puolustusministeri Antti Kaikkonen kommentoi Münchenin turvallisuuskokouksessa nuorten miesten kokemaa inttiahdistusta ja maavoimien komentajan tykkipuheita.
2000006405545,https://www.is.fi/politiikka/art-2000006405545.html,50-luvulla kansanedustaja suositteli puheessaan kollegalleen aivokirurgiaa – Näin tutkija arvioi nykypoliitikkojen kielenkäyttöä,2020-02-12T20:41:20.000+02:00,"Eduskunnan suuressa salissa puheet ovat pysyneet pääasiassa korrekteina, sosiaalinen media on asia erikseen."
2000006387962,https://www.is.fi/taitoluistelu/art-2000006387962.html,Kommentti: Tämän takia Kari Jalonen on paras vaihtoehto TPS:n päävalmentajaksi,2020-01-29T10:14:31.000+02:00,"Bernistä potkut saanut Kari Jalonen on seuratasolla Suomi-kiekon kovin aktiivikoutsi, kirjoittaa jääkiekkotoimittaja Sami Hoffrén."
2000006378157,https://www.is.fi/politiikka/art-2000006378157.html,”Tämä on uusi tilanne” – asiantuntija pitää presidentti Halosen kommentteja poikkeuksellisina,2020-01-20T06:01:00.000+02:00,"Presidentti Tarja Halosen kommentit ulkoministeri Pekka Haaviston toiminnasta ovat muuta kuin entisiltä valtiojohtajilta on totuttu kuulemaan, arvioi professori Vesa Vares."
2000006377055,https://www.is.fi/politiikka/art-2000006377055.html,Haaviston toimien tutkintaa vaatineet kansanedustajat vastaavat Tarja Haloselle: ”Vähän kaukaa haettua”,2020-01-18T15:21:00.000+02:00,Haaviston toiminnasta al-Holin leiriläisten kotiuttamisessa muistutuksen tehneet eivät ole yhtä mieltä presidentti Tarja Halosen kommenteista.
2000006373767,https://www.is.fi/kotimaa/art-2000006373767.html,Onko tässä suomettumisen huippu? 500 suomalaista isoa nimeä vastusti tärkeää sopimusta lännen kanssa – katso koko lista,2020-01-16T09:00:00.000+02:00,Kauppasopimus EEC:n kanssa jakoi 1970-luvulla suomalaista eliittiä vuohiin ja lampaisiin neuvostosuhteissa.
