id,url,titledate_modified,lead
2000007689362,https://www.is.fi/politiikka/art-2000007689362.html,"Ulkoministeri Haavistolta tivattiin, miksi hän ei eroa – Haavisto: ”Olen sen harkinnan joutunut tekemään”",2020-12-17T17:08:00.000+02:00,"Leena Meri (ps) kysyi Haavistolta, miksi hän ei eroa."
2000007687310,https://www.is.fi/politiikka/art-2000007687310.html,Maria Ohisalon mukaan vihreiden Haavisto-viestinnässä on tehty virheitä – ”En pysty puolueen jokaista ulostuloa vahtaamaan”,2020-12-16T20:43:00.000+02:00,"Omaa vastuutaan viestinnän epäonnistumisessa Ohisalo kommentoi epäsuorasti. Ohisalon mukaan jo aikaisemmin olisi voinut sanoa, että perustuslakivaliokunnan moitteet otetaan vakavasti."
2000007684624,https://www.is.fi/politiikka/art-2000007684624.html,Ulkoministeriö: al-Holin operaation hinta­lappu tähän mennessä 277 000 euroa,2020-12-15T17:27:00.000+02:00,Lisäksi kotiutusjärjestelyissä auttaneelle hollantilaisjärjestölle maksettiin lähes 60 000 euroa.
2000007684213,https://www.is.fi/politiikka/art-2000007684213.html,"Kommentti: Vihreiden ja Haaviston ”pirullinen” moraali­sotku jäi taas kepun selitettäväksi, vaikka se myrkytti koko hallituksen",2020-12-15T15:26:00.000+02:00,"Eduskunta antoi ulkoministeri Pekka Haavistolle (vihr) luottamuksen, vaikka perustuslakivaliokunnan mukaan hän rikkoi lakia. Tapaus on hallitukselle kiusallinen ja pirullinen. Selittäjän rooli jäi jälleen kerran keskustalle, joka takaa vihervasemmistolaisen hallituksen elonpäivät. Hallituksen ilmapiirin tapaus myrkytti, arvioi politiikan erikoistoimittaja Timo Haapala."
2000006541371,https://www.is.fi/politiikka/art-2000006541371.html,Husu Hussein julkaisi perussuomalaisia pilkkaavan twiitin – perussuomalaiset syyttävät häntä homojen pilkkaamisesta,2020-06-14T23:08:01.000+03:00,Sebastian Tynkkynen pitää mauttomana peräsuoli-viittausta.
2000006420714,https://www.is.fi/politiikka/art-2000006420714.html,Hallituksessa heräsi huoli: päivystykset kuormittuvat koronapelon vuoksi,2020-02-27T07:52:46.000+02:00,"Hallitus kertoo torstaina toimista, joilla pyritään hillitsemään järjestelmän kuormittumista."
