id,url,titledate_modified,lead
2000007694530,https://www.is.fi/kotimaa/art-2000007694530.html,"Kokoomusväki kritisoi al-Holin kotiutuksia – Orpo: Hallituksella vastuu, että suomalaisten turvallisuus ei vaarannu",2020-12-20T13:22:00.000+02:00,Petteri Orpo kommentoi al-Holin leirillä olleiden aikuisten ja lasten kotiuttamista Twitterissä.
2000007689141,https://www.is.fi/autot/art-2000007689141.html,"Kansanedustaja pettyi hybridiautoonsa, puhuu Twitterissä pahemman luokan viherpesusta: ”Viralliset lukemat huomattavan harhaanjohtavia”",2020-12-17T19:05:00.000+02:00,Rkp:n Anders Adlercreutz ihmettelee hybridiautonsa suurta polttoainekulutusta.
2000007677833,https://www.is.fi/politiikka/art-2000007677833.html,Ulkoministeri Haavistolle esitettiin epäluottamusta eduskunnassa – Tynkkynen: ”Te olette rikkonut lakia”,2020-12-11T19:40:36.000+02:00,"Täysistuntokäsittely alkoi keskustelulla perustuslakivaliokunnan jäsenten soveliaisuussäännöistä, vihreät sai osakseen arvosteluryöpyn."
2000007637647,https://www.is.fi/politiikka/art-2000007637647.html,Li Andersson ehdotti irtisanomisrahaa ikääntyneiden työntekijöiden turvaksi – näin hallituskumppanit kommentoivat,2020-11-24T06:46:00.000+02:00,"Hallituskumppanit eivät syty idealle, Sdp odottaa työmarkkinajärjestöjen tulosta viikon kuluttua."
2000006553218,https://www.is.fi/politiikka/art-2000006553218.html,Näin kansanedustajat äänestivät Mäenpään tapauksessa – katso koko lista,2020-06-26T11:16:00.000+03:00,"Historiallinen äänestys päättyi siihen, että eduskunta ei anna lupaa syyttää Mäenpäätä."
2000006551401,https://www.is.fi/politiikka/art-2000006551401.html,Eduskunta kävi lennokkaan keskustelun kansanedustaja Mäenpään vieraslaji-puheista: ”Huonoista vitseistä loukkaantuvat ovat joko tosikkoja tai liian politisoituneita”,2020-06-24T18:55:00.000+03:00,Värikkäässä keskustelussa Juha Mäenpään (ps) vuoden takaisiin puheisiin viitattiin toisessa päässä huonoina vitseinä ja toisessa ne rinnastettiin 1930-luvun Saksan retoriikkaan. Mäenpään syytesuojasta äänestetään perjantaina.
2000006534455,https://www.is.fi/taloussanomat/art-2000006534455.html,Kulmunin eläkepuheet saavat kyytiä työmarkkinajärjestöiltä – vihreät ja vasemmistoliitto ihmettelevät puhetta työttömyyskorvauksista,2020-06-08T17:43:00.000+03:00,"Kulmunin puheita pidetään toisaalta hyvänä keskustelunavauksena, mutta myös ajankohtaa kyseenalaistetaan."
2000006534365,https://www.is.fi/politiikka/art-2000006534365.html,Hallituskumppanit toivottavat Matti Vanhasen terve­tulleeksi – ministerin­tehtävät alkavat heti tiistaina,2020-06-08T16:27:59.000+03:00,"On hankalaa toimia hallituksen ”johtoryhmässä”, jos ei ole sen hallituksen jäsen, jota pitäisi johtaa, Paavo Arhinmäki kommentoi Katri Kulmunin roolia."
2000006515698,https://www.is.fi/kotimaa/art-2000006515698.html,Valkoposkihanhille tappolupa Tohmajärvellä – 12 maanviljelijälle 40 linnun kiintiö,2020-05-22T14:41:28.000+03:00,"Kaupungissa hanhia voisi karkottaa myös erilaisella puistosuunnittelulla, asiantuntija muistuttaa."
2000006510972,https://www.is.fi/politiikka/art-2000006510972.html,Marinin ja Orpon raju sananvaihto jakaa eduskuntaryhmiä: ”Ei ole kunniaksi suomalaiselle politiikalle”,2020-05-17T21:08:39.000+03:00,Pääministeri syytti lauantaina kokoomusjohtajaa valehtelusta. Marin saa ymmärrystä hallituspuolueilta. Oppositiossa tilannetta pidetään ”poikkeuksellisena” ja ”käsittämättömänä”.
2000006482245,https://www.is.fi/politiikka/art-2000006482245.html,Vasemmistoliitto ja vihreät väläyttävät koulujen avaamista – hallitus­kumppaneilta varovaista tukea,2020-04-21T17:22:00.000+03:00,Vasemmistoliiton eduskuntaryhmän puheenjohtaja Paavo Arhinmäki esittää myös kirjastojen avaamista rajoitetusti.
2000006476591,https://www.is.fi/politiikka/art-2000006476591.html,"Hallituspuolueet kokoontumis­rajoitusten tiukentamisesta: Käy, jos asian­tuntijat niin esittävät",2020-04-16T14:23:12.000+03:00,Rkp pitäisi nykyisen 10 hengen rajoituksen voimassa.
2000006473468,https://www.is.fi/kotimaa/art-2000006473468.html,"Oikeustieteen professori huolissaan Uudenmaan avaamisesta: eristämis­toimien jatkolle on perusteet, aluetta voisi pienentää",2020-04-13T18:41:13.000+03:00,"Oikeustieteen professori Asko Uoti olisi valmis ottamaan käyttöön myös sakkorangaistukset, sillä niiden ansiosta rajoitustoimet voitaisiin pitää mahdollisimman lyhyinä."
2000006459496,https://www.is.fi/politiikka/art-2000006459496.html,Koronakriisistä jättimäinen lasku – hallitus valmistautuu ottamaan miljardeja euroja lisää velkaa,2020-03-31T18:26:00.000+03:00,Julkisen talouden alijäämä kasvaa voi kasvaa jopa kahdeksan miljardia euroa. Antti Lindtmanin (sd) mukaan nyt rakennetaan siltaa kriisin yli. Antti Kurvisen (kesk) mukaan leikkauksia ja verojenkorotuksia ei voi sulkea pois.
2000006434741,https://www.is.fi/politiikka/art-2000006434741.html,Valmiuslaki aiotaan myllätä – Kulmuni: pitää varautua ”hybridi­vaikuttamiseen ja virus­peräisiin asioihin”,2020-03-10T19:10:04.000+02:00,Valmiuslaista käytiin keskustelua jo maanantaina tasavallan presidentin johdolla Mäntyniemessä.
