id,url,titledate_modified,lead
2000006553218,https://www.is.fi/politiikka/art-2000006553218.html,Näin kansanedustajat äänestivät Mäenpään tapauksessa – katso koko lista,2020-06-26T11:16:00.000+03:00,"Historiallinen äänestys päättyi siihen, että eduskunta ei anna lupaa syyttää Mäenpäätä."
2000006525982,https://www.is.fi/kotimaa/art-2000006525982.html,"Katso, saiko tuttusi kunniamerkin! Lähes 900 ansioitunutta suomalaista palkitaan",2020-06-01T10:27:59.000+03:00,"Tasavallan Presidentti, Suomen Valkoisen Ruusun ja Suomen Leijonan ritarikuntien suurmestari, on päättänyt antaa ansioituneille Suomen kansalaisille seuraavat kunniamerkit:"
2000006429878,https://www.is.fi/kotimaa/art-2000006429878.html,816 suomalaista kaatui talvisodan verisimpänä päivänä – tässä ovat kaikki 6.3.1940 kaatuneet sankarivainajat,2020-03-06T10:51:52.000+02:00,6. maaliskuuta 1940 oli talvisodan pahin päivä. Tasan 80 vuotta sitten tuli yhdessä päivässä 816 suomalaista sankarivainajaa.
2000006396206,https://www.is.fi/politiikka/art-2000006396206.html,"Juha Sipilällä uusi yritys, Juhana Vartiaisella erikoinen luottamustehtävä – katso kansanedustajien sidonnaisuudet",2020-02-05T07:31:00.000+02:00,IS selvitti kaikkien kansanedustajien luottamustehtävät ja yritysyhteydet.
