id,url,titledate_modified,lead
2000007699039,https://www.is.fi/musiikki/art-2000007699039.html,Lemmy Kilmisterin syntymästä 75 vuotta – heitti Suomessa yli 30 keikkaa: Kettuili Remu Aaltoselle ja tarjosi viskikolan Jenni Vartiaiselle,2020-12-24T08:15:00.000+02:00,"Lemmy Kilmisterin syntymästä tulee jouluaattona kuluneeksi 75 vuotta, ja kuolemasta neljä päivää myöhemmin viisi vuotta."
2000007683199,https://www.is.fi/politiikka/art-2000007683199.html,Keskustan Hoskonen äänesti Haavistoa vastaan – keskustalta tiukka nootti: ”Poliittisen vastuun kantavat vihreät”,2020-12-15T12:44:00.000+02:00,"Ulkoministeri Haavisto sai eduskunnan luottamuksen, keskustalta jäi hampaankoloon asiasta vihreille."
2000007661092,https://www.is.fi/tv-ja-elokuvat/art-2000007661092.html,SK: Keihäsmatkat-tv-sarja suututti matkailukeisari Kalevi Keihäsen lapset – perikunta harkitsee oikeustoimia Janne Katajan tuotantoyhtiötä kohtaan,2020-12-04T11:51:00.000+02:00,Kalevi Keihäsen perikunta pitää Keihäsmatkat tv-sarjaa loukkauksena edesmennyttä matkailuyrittäjää kohtaan.
2000007660153,https://www.is.fi/jalkapallo/art-2000007660153.html,Jalkapallovuoden parhaat palkittiin! Pääpalkinto meni Martti Kuuselalle – katso koko lista palkituista,2020-12-03T21:31:45.000+02:00,Captain’s Ball -palkinto myönnettiin Suomen jalkapallomaajoukkuetta 80-luvulla valmentaneelle Martti Kuuselalle.
2000007659704,https://www.is.fi/kotimaa/art-2000007659704.html,"Nämä suomalaiset presidentti Niinistö palkitsi kunniamerkillä – katso, onko listalla tuttuja",2020-12-03T16:41:49.000+02:00,Itsenäisyyspäivän kunniaksi on taas myönnetty kunnia­merkkejä.
2000007644307,https://www.is.fi/maastohiihto/art-2000007644307.html,Suomen joukkueen hotellissa toivottiin julmetusti negatiivista koronatulosta Norjan nokkamiehelle – Perttu Hyvärinen nosti esiin erityisen syyn,2020-11-26T18:44:06.000+02:00,Perttu Hyvärisen kehitys viime kaudella oli räjähdysmäistä. Nyt takana vielä raaempi harjoituskausi.
2000007619341,https://www.is.fi/urheilu/art-2000007619341.html,Huuhkajat nöyryytti maailmanmestari Ranskaa – tässä ovat suomalaisten aiemmat uroteot ranskalaisia vastaan eri lajeissa,2020-11-14T22:28:13.000+02:00,Suomalaiset ovat aikaisemminkin antaneet kyytiä ranskalaisvastustajille.
2000006706360,https://www.is.fi/ulkomaat/art-2000006706360.html,Suomalaisprofessorin arvio: Trump voi jälleen todistaa gallupit vääriksi – ”Mikä on muuttunut viime kerrasta?”,2020-11-01T17:35:24.000+02:00,"Michiganissa asuva Jukka Savolainen tietää kokemuksesta, että kyselytutkimusten luotettavuus ei ole takavuosien tasolla."
2000006667535,https://www.is.fi/politiikka/art-2000006667535.html,Äänestys ministeri Kiurun luottamuksesta kiusallinen keskustalle – ”Ministerin tukena tietysti ollaan”,2020-10-12T16:42:00.000+03:00,Maskikysymyksessä oppositiolta puuttuu vielä niin sanottu savuava ase.
2000006663361,https://www.is.fi/politiikka/art-2000006663361.html,"Keskustalaiset tuskastuivat Marinin ulostuloihin – varapuheen­johtaja Lohi: ”Kun on kysymys pääministeristä, se aika laajasti häiritsee”",2020-10-08T17:38:00.000+03:00,Lohi nostaa tikun nokkaan kolme Marinin kannanottoa. Joonas Könttä (kesk) pitää pääministerin lausuntoja ”outoina ja tähän aikaan sopimattomina”.
2000006649729,https://www.is.fi/pesapallo/art-2000006649729.html,Alkoiko tästä Sotkamon Jymyn kultaputki? ”Nyt ovat pullat hyvin uunissa”,2020-09-26T19:13:44.000+03:00,"Mestariseuran kaudesta tulee taloudellisesti tappiollinen, mutta pesäpalloväki henkäisi helpotuksesta saatuaan kauden päätökseen juuri koronaviruspandemian aivan ilmeisessä puhkeamisvaiheessa."
2000006619582,https://www.is.fi/yleisurheilu/art-2000006619582.html,Tässä ovat Suomen joukkueet viikonlopun Ruotsi-otteluun – miesten keihääseen odotettu kolmikko,2020-08-31T19:39:59.000+03:00,Kim Amb yrittää jälleen yllättää Suomen keihäsmiehet. Naiset karsivat vielä viimeisestä paikasta.
2000006603412,https://www.is.fi/yleisurheilu/art-2000006603412.html,"Tuplamestari Annemari Kiekara, 43, valmistautui kisoihin suuressa surussa – kuvailee edellisiä päiviä rankoiksi koko perheelle",2020-08-15T20:25:01.000+03:00,Kiekara juoksi 43-vuotiaana kaksinkertaiseksi Suomen mestariksi Kalevan kisoissa.
2000006592417,https://www.is.fi/viihde/art-2000006592417.html,"Nämä julkkikset laittavat elämäntapansa remonttiin Olet mitä syöt -sarjassa – mukana Henna Kalinainen, Kalle Palander, Riitta Väisänen...",2020-08-05T13:47:00.000+03:00,Hyvinvointilääkäri Pippa Laukka palaa auttamaan tunnettuja suomalaisia elämäntaparemontissa Olet mitä syöt -sarjassa.
2000006575139,https://www.is.fi/veikkausliiga/art-2000006575139.html,Inter aiheutti HJK:lle kauden avaustappion ja nousi liigakärkeen – näin pelattiin Veikkausliigassa perjantaina,2020-07-17T20:59:54.000+03:00,"Nuorukaisten salamamaalit toivat RoPSille avauspisteen, IFK Mariehamn kaatoi SJK:n."
2000006562311,https://www.is.fi/pesapallo/art-2000006562311.html,Kiri johti jo 10–0 – sitten alkoi alamäki,2020-07-04T21:35:17.000+03:00,Superpesiksen pelijärjestelmä osoitti hienoutensa Kempeleessä.
2000006553218,https://www.is.fi/politiikka/art-2000006553218.html,Näin kansanedustajat äänestivät Mäenpään tapauksessa – katso koko lista,2020-06-26T11:16:00.000+03:00,"Historiallinen äänestys päättyi siihen, että eduskunta ei anna lupaa syyttää Mäenpäätä."
2000006551590,https://www.is.fi/kotimaa/art-2000006551590.html,"14-vuotias Aarni pelasti miehen palavasta hallista, kun katosta jo putoili roihuavia laudan­pätkiä – urotyön tehnyt teini kertoo täpärästä tilanteesta",2020-06-25T06:31:00.000+03:00,Palomestarin mukaan Aarni pelasti miehen hengen.
2000006540696,https://www.is.fi/yleisurheilu/art-2000006540696.html,"Topi Raitanen odotti parempaa sivumatkaltaan, Elmo Lakka urakoi kolme kauden kotimaista kärkitulosta",2020-06-13T21:15:37.000+03:00,"Topi Raitanen juoksi kauden kotimaisen kärkiajan 1500 metrillä, Elmo Lakalle kärkiaikoja kertyi peräti kolme."
2000006540568,https://www.is.fi/yleisurheilu/art-2000006540568.html,"Keihäsennätykset paukkuivat Kuortaneella! Janette Lepistöltä hurja ennätysparannus, Jami Kinnunen lähestyy 80 metriä",2020-06-13T18:36:14.000+03:00,Kuortaneella nähtiin pitkiä ennätyskaaria.
2000006532725,https://www.is.fi/politiikka/art-2000006532725.html,Valtiovarain­ministerin valinnassa kimurantteja kysymyksiä – nämä nimet nousevat keskustassa nyt esiin,2020-06-06T22:09:09.000+03:00,"Keskustassa pähkäillään, pitäisikö nyt nimittää pätkäministeri vai hakea pidempää ratkaisua. Jotkut näkevät Mika Lintilän valinnalla palasten loksahtavan helposti paikalleen. Piireistä nostetaan hänen lisäkseen Matti Vanhasta, Juha Sipilää ja kunniasta kieltäytynyttä Esko Ahoa. Annika Saarikon suosio on suurta, mutta hänen omat aikeensa arvoitus. Yllätysnimiäkin nousee esiin."
2000006531967,https://www.is.fi/politiikka/art-2000006531967.html,Kulmuni paljasti lähipiirilleen uutispommin perjantai­aamuna – keskustalaiset kertovat eron taustat: ”Ei puolue kestä tällaista kohua”,2020-06-06T06:35:00.000+03:00,"Lähipiirin mukaan Kulmuni halusi katkaista kohun, joka oli aiheuttanut keskustalle kestämättömän tilanteen."
2000006527239,https://www.is.fi/kotimaa/art-2000006527239.html,"Sadat saivat tänään ylennyksen reservissä! Katso, onko listalla tuttuja",2020-06-04T00:00:00.000+03:00,Tasavallan presidentti on ylentänyt Puolustusvoimain lippujuhlan päivänä 4. kesäkuuta 2020 yhteensä 902 reservin upseeria ja erikoisupseeria.
2000006527246,https://www.is.fi/kotimaa/art-2000006527246.html,Tasavallan presidentti Niinistö ylensi ison joukon upseereita – katso kaikki!,2020-06-04T00:00:00.000+03:00,Tänään on moni upseeri ylennetty Puolustusvoimain lippujuhlan päivän kunniaksi.
2000006525982,https://www.is.fi/kotimaa/art-2000006525982.html,"Katso, saiko tuttusi kunniamerkin! Lähes 900 ansioitunutta suomalaista palkitaan",2020-06-01T10:27:59.000+03:00,"Tasavallan Presidentti, Suomen Valkoisen Ruusun ja Suomen Leijonan ritarikuntien suurmestari, on päättänyt antaa ansioituneille Suomen kansalaisille seuraavat kunniamerkit:"
2000006519362,https://www.is.fi/muutlajit/art-2000006519362.html,Korona pani mestaripainija Arvi Savolaisen arjen uusiksi – ”Voimatreenejä teen nyt oikein urakalla”,2020-05-26T12:58:28.000+03:00,Painin 23-vuotiaiden maailmanmestari hankkii voimaa miesten vääntöön.
2000006472256,https://www.is.fi/kotimaa/art-2000006472256.html,"Miten korona leviää, jos Uuden­maan sulku loppuu viikon päästä? ”Hallitsematon ihmis­virta huolettaa”",2020-04-11T15:42:00.000+03:00,"Essoten terveyspalvelujen johtaja Santeri Seppälä muistuttaa, että Uudenmaan rajoituksia tärkeämpää on huolehtia muiden sääntöjen noudattamisesta. HUSissa Uudenmaan sulkuun suhtaudutaan vaihtelevasti."
2000006470809,https://www.is.fi/viihde/art-2000006470809.html,"90 faktaa Spedestä, tiesitkö nämä? Sukua Antti Holmalle, rakensi Suomen ensimmäisen skootterin...",2020-04-10T06:45:00.000+03:00,Spede Pasasen (1930–2001) syntymästä tulee tänään perjantaina kuluneeksi 90 vuotta. Ilta-Sanomat listasi viihdemiehestä 90 enemmän tai vähemmän tunnettua tosiasiaa.
2000006431639,https://www.is.fi/muutlajit/art-2000006431639.html,"Neziri, Mäkelä, Mörö, Korhonen... Moni huippunimi kärkkyy vielä kisapaikkaa Tokion olympialaisiin",2020-03-07T16:22:41.000+02:00,Tässä ennusteessa Tokioon lähtisi suomalaisedustajia 15 urheilumuotoon.
2000006429878,https://www.is.fi/kotimaa/art-2000006429878.html,816 suomalaista kaatui talvisodan verisimpänä päivänä – tässä ovat kaikki 6.3.1940 kaatuneet sankarivainajat,2020-03-06T10:51:52.000+02:00,6. maaliskuuta 1940 oli talvisodan pahin päivä. Tasan 80 vuotta sitten tuli yhdessä päivässä 816 suomalaista sankarivainajaa.
2000006425959,https://www.is.fi/taloussanomat/art-2000006425959.html,Tienaatko enemmän kuin naapurisi? Katso täältä,2020-03-03T09:17:45.000+02:00,"Katso laskurista, millainen tulotaso naapurustossasi on ja miten asuinalueesi sijoittuu koko maan tulovertailussa."
2000006404420,https://www.is.fi/muutlajit/art-2000006404420.html,Arvi Savolaiselle niukkaakin niukempi tappio EM-pronssiottelussa – hävisi raskaan sarjan mitalin tasapistein,2020-02-11T21:53:27.000+02:00,Suomen Arvi Savolainen kärsi äärimmäisen niukan tappion kreikkalais-roomalaisen painin raskaan sarjan EM-pronssiottelussa.
2000006404224,https://www.is.fi/muutlajit/art-2000006404224.html,Elias Kuosmanen kärsi välierässä tappion painin megatähdelle – EM-urakka jatkuu pronssiottelussa,2020-02-11T18:46:04.000+02:00,Suomen Elias Kuosmanen ottelee huomenna keskiviikkona kreikkalais-roomalaisen painin EM-pronssiottelussa Roomassa.
2000006404077,https://www.is.fi/muutlajit/art-2000006404077.html,Elias Kuosmanen päihitti Georgian lihashirmun – illan välierässä vastaan tulee painin megatähti,2020-02-11T16:41:37.000+02:00,Suomen Elias Kuosmanen raivasi tiensä painin EM-välierään.
2000006404051,https://www.is.fi/muutlajit/art-2000006404051.html,"Elias Kuosmanen voitti avausvastustajansa täpärästi – seuraavaksi vastassa on georgialainen, jonka lihasmassa loksauttaa leuat",2020-02-11T16:27:13.000+02:00,Pronssimitalia puolustava Suomen Elias Kuosmanen aloitti painin EM-kisat Italian Roomassa täpärällä voitolla.
2000006403268,https://www.is.fi/muutlajit/art-2000006403268.html,EM-pronssista ottelevan Arvi Savolaisen otteet raskaassa sarjassa vakuuttivat Marko Yli-Hannukselan: ”Aivan huikeata tekemistä”,2020-02-10T20:55:30.000+02:00,Georgian Levan Arabuli teki selvää jälkeä Arvi Savolaisesta Rooman EM-välierässä. Savolainen kamppailee tiistaina pronssista.
2000006394634,https://www.is.fi/politiikka/art-2000006394634.html,"Näin keskustalaiset reagoivat Paavo Väyrysen paluuseen – ”Ei muistella vanhoja”, ”jopa meemiainesta”",2020-02-03T19:27:21.000+02:00,Keskustalaiset toivottavat Paavo Väyrysen tervetulleeksi kotiin.
2000006393083,https://www.is.fi/kotimaa/art-2000006393083.html,Keskustan kansanedustaja joutui hirvikolariin pimeällä metsätiellä – ”Nyt valitettavasti paukahti”,2020-02-02T11:24:25.000+02:00,"Keskustan kansanedustaja Mikko Savola ja ensimmäisenä hirveen törmännyt toinen kuljettaja selvisivät kolarista vammoitta, mutta autot kärsivät pahoja vaurioita."
2000006392244,https://www.is.fi/muutlajit/art-2000006392244.html,Suomelle katkera tasapeli futsalin Euroopan mestaria vastaan – MM-unelma elää silti,2020-02-01T09:26:30.000+02:00,Suomi pelaa turnauksen päätösottelun sunnuntaina.
2000006390928,https://www.is.fi/yleisurheilu/art-2000006390928.html,"Kaksikymmentä urheilijaa saa täyden urheilija-apurahan kesälajeissa, Neziri haki pienempää apurahaa",2020-01-31T13:11:28.000+02:00,Ministeri toivoo avustuskriteerien ottavan jatkossa nuoret urheilijat paremmin huomioon.
2000006384572,https://www.is.fi/maastohiihto/art-2000006384572.html,Iivo Niskanen epäonnistui taktiikassa – Kirvesniemi arvioi hyytymistä perinteisellä: ”Meni niukasti yli kriittisen rajan”,2020-01-25T17:00:50.000+02:00,Harri Kirvesniemi ihmetteli miesten yhdistelmäkilpailua ja Iivo Niskasen suoritustason heittelyä. Naisten kilpailussa suomalaiskärjen suoritukset olivat asiantuntijan mukaan positiivisia.
2000006376751,https://www.is.fi/politiikka/art-2000006376751.html,Mika Niikolta vaaditaan vielä lisäselvityksiä Kiina-yhteyksistä,2020-01-17T23:16:41.000+02:00,Osa ulkosiainvaliokunnasta pitää puheenjohtaja Mika Niikon (ps) jo antamia selvityksiä riittävinä.
2000006373767,https://www.is.fi/kotimaa/art-2000006373767.html,Onko tässä suomettumisen huippu? 500 suomalaista isoa nimeä vastusti tärkeää sopimusta lännen kanssa – katso koko lista,2020-01-16T09:00:00.000+02:00,Kauppasopimus EEC:n kanssa jakoi 1970-luvulla suomalaista eliittiä vuohiin ja lampaisiin neuvostosuhteissa.
