id,url,titledate_modified,lead
2000007713868,https://www.is.fi/politiikka/art-2000007713868.html,IS:n ministeri­pörssi: Kansan­edustajat äänestivät hallituksen priimuksen – ”On löytänyt uuden puolen itsestään”,2020-12-31T06:01:00.000+02:00,Valtiovarainministeri Vanhanen on ykkönen. Kakkossija meni pääministeri Marinille ja kolmanneksi tuli elinkeinoministeri Lintilä.
2000007702085,https://www.is.fi/kotimaa/art-2000007702085.html,Tuore tilasto julki: Tänne suomalaiset ovat matkustaneet joulun viettoon – yksi kohde ehdoton suosikki,2020-12-23T13:43:13.000+02:00,Matkustaminen oli joulun alla noin kymmenen prosenttia tavallista joulukuun viikonloppua vilkkaampaa.
2000007700029,https://www.is.fi/politiikka/art-2000007700029.html,Keskustaryhmyri Kurvinen hermostui puoluetoveri Hoskosen turvepuheista: ”Kollegat ovat hänelle aika vihaisia”,2020-12-22T17:07:00.000+02:00,"Keskustan eduskuntaryhmän puheenjohtaja Antti Kurvinen on hermostunut puoluetoverinsa, ympäristövaliokunnan puheenjohtajan Hannu Hoskosen toiminnasta ja tämän haastattelusta Ilta-Sanomissa."
2000007698046,https://www.is.fi/politiikka/art-2000007698046.html,Keskustan Hoskonen varoittaa: Kiristyvällä turveverotuksella painavat seuraukset – ”Vie Suomen huoltovarmuus­kriisiin”,2020-12-22T09:36:00.000+02:00,"Eduskunnan ympäristövaliokunnan puheenjohtaja, kansanedustaja Hannu Hoskonen (kesk) ennustaa suomalaisen energiatuotannon kriisiä, kun turpeen uudet verot astuvat voimaan vuodenvaihteessa. Hän vaatii, että turpeen asema on turvattava jatkossa huoltovarmuuden nimissä."
2000007696868,https://www.is.fi/taloussanomat/art-2000007696868.html,Yritysten kustannustuen toinen hakukierros alkoi – tukea voi saada jopa 500 000 euroa,2020-12-21T15:36:01.000+02:00,Kustannustuen tarkoitus on auttaa yrityksiä selviytymään palkkakuluista ja liiketoiminnan joustamattomista kustannuksista korona-aikana. Liikevaihdon laskua tuella ei ole tarkoitus korvata.
2000007687066,https://www.is.fi/politiikka/art-2000007687066.html,"Ministeri Lintilä: ”Kannattaa mennä Lappiin harrastamaan liikuntaa, siellä ainakin on lunta”",2020-12-16T17:39:30.000+02:00,Elinkeinoministeri sanoo olevansa huolissaan matkailuyrittäjien tilanteesta.
2000007686993,https://www.is.fi/politiikka/art-2000007686993.html,"Pääministeri Marin ei usko, että väestöä päästään rokottamaan kattavasti vielä alku­vuodesta",2020-12-16T17:15:32.000+02:00,Pääministeri Sanna Marin: ”Tilanne on jatkuvasti veitsen terällä. Emme voi vielä huokaista helpotuksesta”
2000007680359,https://www.is.fi/taloussanomat/art-2000007680359.html,Tässä ovat ministerien jätti­velat ja suuret osake­salkut – usealla on yli 300 000 euroa lainaa,2020-12-14T06:05:00.000+02:00,"IS selvitti pääministeri Sanna Marinin hallituksen ministerien sidonnaisuudet, velat ja osakeomistukset. Usealla ministerillä on yli 300 000 euroa lainaa, niin myös Anna-Maja Henrikssonilla, joka on hiljattain ostanut Helsingistä asunnon. Myös Maria Ohisalo otti vasta asuntolainan sijoitusasuntoonsa."
2000007677636,https://www.is.fi/politiikka/art-2000007677636.html,Kommentti: Katri Kulmuni erakoitui,2020-12-12T07:57:42.000+02:00,"Ystävyyttä ja apua olisi voinut Katri Kulmunille löytyä enemmän, jos sitä olisi pyydetty, kirjoittaa erikoistoimittaja Timo Haapala."
2000007664955,https://www.is.fi/politiikka/art-2000007664955.html,Valtaosa ministereistä asettumassa ehdolle kuntavaaleissa – kansanedustajistakin vahva enemmistö,2020-12-06T08:31:24.000+02:00,”Kuntapolitiikan tunteminen korvaamattoman tärkeää”.
2000007662811,https://www.is.fi/politiikka/art-2000007662811.html,Saarikko lupaa lisätukea tapahtuma-alalle – ”Kolmas iso korona­kärsijä”,2020-12-04T17:50:59.000+02:00,Koronarajoitukset ovat hiljentäneet niin sanotun tapahtumateollisuuden.
2000007661646,https://www.is.fi/politiikka/art-2000007661646.html,Saarikko: Tapahtuma-alalle aiotaan esittää tukirahaa,2020-12-04T14:09:56.000+02:00,Ministeri haluaa tuoda tilanteen hallituksen käsittelyyn tässä kuussa.
2000007659704,https://www.is.fi/kotimaa/art-2000007659704.html,"Nämä suomalaiset presidentti Niinistö palkitsi kunniamerkillä – katso, onko listalla tuttuja",2020-12-03T16:41:49.000+02:00,Itsenäisyyspäivän kunniaksi on taas myönnetty kunnia­merkkejä.
2000007656433,https://www.is.fi/taloussanomat/art-2000007656433.html,Uusi sähkömarkkinalaki jumittui valmisteluun – hintojen kuriin saaminen voi viedä vielä vuosia,2020-12-02T12:29:53.000+02:00,"Elinkeinoministeri Mika Lintilä sanoo, että siirtohintojen vuotuinen korotuskatto laskee reippaasti aiempaa ehdotettua alemmaksi."
2000007651661,https://www.is.fi/taloussanomat/art-2000007651661.html,Naantali odottaa valtiolta tukipakettia – Lintilä uskoo että jalostamoalueelle löydetään uutta toimintaa,2020-11-30T12:27:43.000+02:00,Naantali odottaa valtiolta tukipakettia Nesteen jalostamotoiminnan lakkautuksen takia.
2000007651058,https://www.is.fi/taloussanomat/art-2000007651058.html,"Nesteeltä vahvistus: Naantalin jalostamo lakkautetaan, 370 saa lähteä – ministerit lupaavat kriisiapua",2020-11-30T09:14:20.000+02:00,Ministerit lupasivat syksyllä apua Naantalille kriisistä selviytymiseen.
2000007648489,https://www.is.fi/politiikka/art-2000007648489.html,"Marin kritisoi hallitus­kumppaneita epäröinnistä korona­toimissa – Saarikko: ”En tunnista, että olisi kohdistettu suoraan keskustalle”",2020-11-28T14:15:56.000+02:00,"Paavo Väyrynen on nousemassa keskustan puoluehallitukseen. Kaikilla on yhteiset säännöt ja käyttäytyä pitää, Annika Saarikko lähettää terveiset entiselle kunniapuheenjohtajalle."
2000007643900,https://www.is.fi/kotimaa/art-2000007643900.html,"Lintilä Merkelin ehdotuksesta: ”En laittaisi hiihtokeskuksia kiinni, se olisi lopullinen niitti”",2020-11-26T15:57:28.000+02:00,"""After ski -paikat ovat eri juttu""."
2000007633473,https://www.is.fi/politiikka/art-2000007633473.html,"Kiuru puolusti hallituksen matkustuslinjaa Ylellä: ”Maailma on nyt sellaisessa tilanteessa, ettei turisteja tänne millään saa”",2020-11-21T15:11:16.000+02:00,Matkustusrajoitusten purkamisessa täytyy Kiurun mukaan mennä terveys edellä.
2000007632926,https://www.is.fi/politiikka/art-2000007632926.html,"Näin ministerit ja puolue­johtajat osallistuvat koti­kuntiensa valtuustojen kokouksiin – Saarikko, Orpo ja Leppä useimmin pois",2020-11-21T08:01:00.000+02:00,"IS selvitti, miten johtavat poliitikot ovat tällä valtuustokaudella ehtineet kotikontujensa päätöksentekoon."
2000007626617,https://www.is.fi/urheilu/art-2000007626617.html,"Kommentti: Lapissa raivostuttiin – hallitus torppasi matkailukuplan, vaikka Suomessa pyörii vastaava järjestely koko ajan",2020-11-18T16:53:20.000+02:00,"Urheilussa matkustuskupla on saanut poliittisen hyväksynnän, turismissa ei – ja se aiheuttaa suurta hämmästystä, kirjoittaa Petri Seppä."
2000007621782,https://www.is.fi/taloussanomat/art-2000007621782.html,"Espoon Otaniemeen rakennetaan huoneen kokoista laitetta, joka jättää jopa supertietokoneet varjoonsa – lähes rajoittamaton laskentateho",2020-11-16T15:32:18.000+02:00,Elinkeinoministeri Mika Lintilän mukaan avoimuus uusille innovaatioille on ollut Suomen menestyksen perusta.
2000007617821,https://www.is.fi/politiikka/art-2000007617821.html,Setä Arkadia: Halla-aho toi väriä pormestarikisaan – kokoomuksen johtoasema Helsingissä on uhattuna,2020-11-15T11:53:00.000+02:00,"Perussuomalaisten Jussi Halla-ahon ilmoittautuminen Helsingin pormestarikisaan tuo vauhtia ja vipinää Helsingin kuntavaalehin. Onko kokoomuksen asema suurimpana puolueena uhattuna, pohtii Setä Arkadia alias Timo Haapala."
2000007612574,https://www.is.fi/politiikka/art-2000007612574.html,Brittijärjestäjä perui kaikki lentonsa Lappiin – elinkeinoministeri Lintilä: ”Hallituksen esityksen viipyminen katkaisi kamelinselän”,2020-11-11T16:13:00.000+02:00,Lintilän mukaan vastuullinen ministeriö asiassa on sosiaali- ja terveysministeriö. STM:n lausuntokierrokselle lähteneeltä esitykseltä puuttuu Lintilän mukaan hallituksen hyväksyntä.
2000007269332,https://www.is.fi/politiikka/art-2000007269332.html,Näin tienaavat Sanna Marinin hallituksen ministerien ykkös­avustajat – puolella valtio­sihteereistä tulot yli 100 000 euroa,2020-11-06T06:05:00.000+02:00,"Valtiosihteerien ja erityisavustajien kokonaispalkat kustantavat tänä vuonna valtiolle hieman vajaat 8,4 miljoonaa euroa."
2000006973191,https://www.is.fi/taloussanomat/art-2000006973191.html,Lintilä kehuu Energiaviraston selvitystä siirtohinnoista – saadaanko kohtuuttomat korotukset kuriin?,2020-11-04T13:04:49.000+02:00,Energiaviraston mielestä sähkönsiirtoa koskeva kritiikki ei anna oikeaa kuvaa valvonnasta.
2000006935754,https://www.is.fi/politiikka/art-2000006935754.html,"Hallitus sai katsauksen koronatilanteeseen – Marin: ”En sanoisi, että olemme menossa parempaan suuntaan”",2020-11-03T21:30:15.000+02:00,"Marin varoitti, että tilanne voi pahentua nopeastikin. Hallitus käsitteli kokouksessaan koronatukitoimien jatkamista. Kustannustukeen varataan 550 miljoonaa euroa."
2000006706797,https://www.is.fi/autot/art-2000006706797.html,Lännen Media: Ministeri Lintilä satsaisi kaasuautoihin ja tyrmää laskelmat sähköautojen määrästä,2020-10-31T11:00:00.000+02:00,Elinkeinoministeri Mika Lintilä (kesk) satsaisi kaasuautoihin ja jakeluverkoston parantamiseen.
2000006695157,https://www.is.fi/politiikka/art-2000006695157.html,Kokoomus vaati hallitukselta ”rahastuskoneen sulkemista” – Ministeri Lintilä: Hallitus tuomassa esityksen sähkön siirto­maksuista eduskuntaan,2020-10-22T17:41:00.000+03:00,"Elinkeinoministeri Mika Lintilän (kesk) mukaan esitystä sähkön siirtohintojen suitsimiseksi on lykätty, koska keväällä oli sopimus siitä, että kiistanalaisia lakeja ei tuotaisi eduskuntaan."
2000006674793,https://www.is.fi/taloussanomat/art-2000006674793.html,Pk-yrityksissä vaikeuksia omaksua tekoälyä – Suomi on kuitenkin alan johtavia maita,2020-10-20T07:06:00.000+03:00,Uuden tekoälyohjelman tarkoitus on vahvistaa pk-yritysten kyvykkyyttä hyödyntää tekoälyä.
2000006671077,https://www.is.fi/taloussanomat/art-2000006671077.html,Saarikko perää nopeita toimia sähkönsiirtomaksujen saamiseksi kuriin,2020-10-15T20:51:44.000+03:00,Saarikko kertoo keskustelleensa asiasta elinkeinoministeri Lintilän kanssa.
2000006669692,https://www.is.fi/politiikka/art-2000006669692.html,Kommentti: Kiuru sai luottamuksen – kepulle jäi taas kiusallinen selittäjän rooli,2020-10-14T17:12:00.000+03:00,"Perhe- ja peruspalveluministeri Krista Kiuru (sd) sai odotetusti luottamuksen häneen kohdistuneessa eduskunnan koronaäänestyksessä. Keskustalle jäi taas lähinnä kiusallinen selittäjän rooli, arvioi politiikan erikoistoimittaja Timo Haapala."
2000006668751,https://www.is.fi/politiikka/art-2000006668751.html,"Maskisotkun uudet käänteet lisäävät kierroksia oppositiossa: ”Ihmisten on voitava luottaa siihen, että viranomaiset ja poliitikot puhuvat totta”",2020-10-13T18:49:16.000+03:00,Perussuomalaisten Halla-aho syyttää hallitusta lisäksi uhriutumisesta.
2000006667954,https://www.is.fi/taloussanomat/art-2000006667954.html,Sähkön siirtohintojen lakiuudistukselle moitteita – yksi kuva kertoo ongelman suuruuden,2020-10-13T09:43:20.000+03:00,Sähkön siirtohintojen suitsimista ajaa nyt sekä lakiesitys että kansalaisaloite.
2000006667345,https://www.is.fi/taloussanomat/art-2000006667345.html,Lintilä sähkön siirtohinnoista: ”Eräät yhtiöt pääsivät käyttämään aika sumeilematta tilanteita hyväkseen”,2020-10-12T14:58:00.000+03:00,Eduskunta saa pian käsiteltäväkseen kuluttajia kuohuttavan sähkönsiirtohinnan lakiuudistuksen.
2000006667000,https://www.is.fi/taloussanomat/art-2000006667000.html,Yle: Yksi muutos johti ennen­näkemättömään sähkön siirto­hintojen nousuun – professori: Asiakas unohtui,2020-10-12T09:36:00.000+03:00,Verkkoyhtiöiden valvontamalli muuttui vuoden 2016 alusta. Sen jälkeen sähkön siirtohinnat lähtivät nopeaan nousuun. Vuosina 2016–2018 yhtiöissä liikevaihdon nousua oli lähes 43 prosenttia.
2000006663395,https://www.is.fi/paakirjoitus/art-2000006663395.html,Pääkirjoitus: Hallituksen apupuolueen leima istuu lujassa – keskustan ahdinko ei helpota,2020-10-08T21:00:00.000+03:00,"Puheenjohtajavaihdos ei vetänyt toisen päähallituspuolueen keskustan kannatusta nousuun. Keskusta on leimaantunut Sanna Marinin (sd) punavihreän hallituksen apupuolueeksi, eikä tunnu pääsevän maineestaan eroon."
2000006663456,https://www.is.fi/politiikka/art-2000006663456.html,"Oppositio syytti hallitusta huonosta valmistautumisesta koronasyksyyn – ”Näyttää siltä, että hallitus purki edelliset rajoitteet ja lähti kesälomalle ”",2020-10-08T19:02:19.000+03:00,"Pääministeri Sanna Marin sivuutti lukuisat kysymykset siitä, olisiko hän valmis harkitsemaan Tasavallan presidentti Sauli Niinistön ehdottamaa koronanyrkkiä."
2000006662525,https://www.is.fi/politiikka/art-2000006662525.html,Kommentti: Ylen gallup on surkea kepun Saarikolle – mutta nolo kokoomuksen Orpolle,2020-10-08T08:32:00.000+03:00,"Ylen tuorein gallup kertoo, ettei keskustan synkkä tilanne parantunut puheenjohtajaa vaihtamalla. Mutta kokoomuksen ja Petteri Orpon kannalta se on suorastaan nolo, tiivistää politiikan erikoistoimittaja Timo Haapala."
2000006662154,https://www.is.fi/politiikka/art-2000006662154.html,"Lintilä älähti hallituksen tietokatkoksista – Kiuru: ”Olemme halunneet varmistaa, että asioihin vihkiytyneet ministerit olisivat hyvin informoituja”",2020-10-07T20:03:38.000+03:00,Kiuru kertoi keskustelleensa Lintilän kanssa ”tulevista kuvioista”.
2000006661562,https://www.is.fi/politiikka/art-2000006661562.html,"Ay-pomo tarttui Lintilän tietämättömyyteen korona­valmistelussa: ”Jos pitäisi tietää eikä tiedä, niin kannattaisi vakavasti harkita eroa”",2020-10-07T12:38:00.000+03:00,Demaritaustainen Juri Aaltonen esitti Facebookissa Lintilälle ehdollisen erovaatimuksen. Mikko Kärnä (kesk) syyttää Aaltosta törkeästä painostuksesta ja vaatii tälle potkuja.
2000006660999,https://www.is.fi/politiikka/art-2000006660999.html,"Ministeri Lintilä turhautui kysymyksiin uusista koronatoimista: ”Uskokaa nyt! En minä tiedä, mitä siellä suunnitellaan”",2020-10-06T21:06:49.000+03:00,"”En tiedä”, oli elinkeinoministeri Mika Lintilän (kesk) vakiovastaus toimittajien kysyessä häneltä hallituksen uusista koronatoimista."
2000006660840,https://www.is.fi/politiikka/art-2000006660840.html,"Kiuru: Alueilla pitää ryhtyä toimiin nyt – ”Jos nykyiset luvut eivät vedä vakavaksi, niin mikä sitten”",2020-10-06T17:52:00.000+03:00,Hallitus keskustelee alueellisten viranomaisten tukemisesta viimeistään ensi viikon loppupuolella.
2000006660641,https://www.is.fi/kotimaa/art-2000006660641.html,Kommentti: Veroale saattaisi pelastaa osan ravintoloista ja Lapin matkailusta,2020-10-06T17:44:20.000+03:00,"Koronavirus kaataa tulevana talvena majoitus- ja ravintola-alan yrityksiä kuin heinää, ja koko Lapin-matkailu on vaarassa. Jotakin täytyy tehdä. EK:n esittämä alv-alennus voisi olla hyvä ratkaisu, sillä parempi maksaa alennettuja veroja kuin ei veroja lainkaan, arvioi politiikan erikoistoimittaja Timo Haapala."
2000006659555,https://www.is.fi/politiikka/art-2000006659555.html,Lintilä: Uudet tiedot antavat aihetta arvioida uudelleen matkailua koskevia päätöksiä ja tulkintoja,2020-10-05T17:15:10.000+03:00,"Lapin matkailuyrittäjiä tavannut Lintilä sanoo toivovansa, että asiassa voitaisiin edetä ripeästi."
2000006658662,https://www.is.fi/taloussanomat/art-2000006658662.html,Ministerit Lintilä ja Skinnari tapaavat ahdingossa olevan matkailualan väkeä Levillä,2020-10-05T02:58:40.000+03:00,Lapin matkailutoimijat ovat ilmaisseet tyytymättö­myytensä hallituksen maahantuloa koskeviin linjauksiin.
2000006655230,https://www.is.fi/politiikka/art-2000006655230.html,Kokoomuksen Orpo näkee Metsäteollisuuden ratkaisun syyksi hallituksen epäonnistumisen budjettiriihessä,2020-10-01T18:30:38.000+03:00,"Kokoomuksen Petteri Orpon mukaan Metsäteollisuuden ilmoituksella voi olla seurauksia. Ministeri Mika Lintilä arvelee, ettei paikallisen sopimisen neuvotteluilmapiiri parane."
2000006652523,https://www.is.fi/politiikka/art-2000006652523.html,"Ministeri Kiuru: Ravintolat suljettava kello 1, anniskelun loputtava kello 24 – näistä rajoituksista hallitus päätti",2020-09-29T22:02:00.000+03:00,"Hallitus on päättänyt, että ravintolat sulkevat ensi viikon torstaista lähtien ovensa yhdeltä yöllä."
2000006650475,https://www.is.fi/taloussanomat/art-2000006650475.html,Marinin yritys­kommentit hiertävät hallituksen ja elinkeino­elämän välejä – Teknologia­teollisuudelta lujaa kritiikkiä: ”Kokemattomuus paistaa”,2020-09-28T06:05:00.000+03:00,"Sdp:n ryhmästä Marinin katsotaan halunneen painottaa koronakeväänä nähdyn yhteisen ponnistelun tärkeyttä tilanteessa, jossa työpaikkoja ollaan menettämässä paljon."
2000006645400,https://www.is.fi/politiikka/art-2000006645400.html,Li Andersson tympääntyi vihreiden rooliin budjettiriihen ainoana ilmastotaistelijana ja iskee takaisin: ”Ilman meitä yhtä hyviä ratkaisuja ei olisi tullut”,2020-09-23T12:06:13.000+03:00,"Li Andersson paaluttaa vasemmistoliiton lyövän tiskiin kunnianhimoisia muutoksia muutosturvaan, jos hallituspuolueista lähdetään ajamaan heikennyksiä ikääntyneiden työntekijöiden työttömyysturvaan, mutta tarjoaa ratkaisua paikallisen sopimisen umpisolmuun."
2000006642651,https://www.is.fi/taloussanomat/art-2000006642651.html,Yle: ”Pankkien paperit” paljasti 150 miljoonan epäilyttävät tilisiirrot Nordeassa,2020-09-20T20:20:19.000+03:00,"Pankkien papereiksi nimetty tietovuoto koostuu ilmoituksista, joita pankit ovat tehneet Yhdysvaltojen rahaliikennettä valvovalle FinCEN-viranomaiselle."
2000006641232,https://www.is.fi/politiikka/art-2000006641232.html,"Ministerit vierailivat Naantalissa – tilannetta selvittämään erillinen henkilö, EU:n rahastoista ja elpymisvälineestä tukea",2020-09-18T21:55:00.000+03:00,"Neste ilmoitti maanantaina selvittävänsä Naantalissa sijaitsevan jalostamonsa lakkauttamista. Pääministeri, elinkeinoministeri ja työministeri kävivät keskusteluja kaupungin johdon, yhtiön johdon ja henkilöstön edustajien kanssa perjantaina."
2000006639639,https://www.is.fi/politiikka/art-2000006639639.html,Pääministeri Sanna Marin vierailee Nesteen yt-ilmoituksen murjomassa Naantalissa,2020-09-18T20:19:35.000+03:00,Neste on aikeissa lakkauttaa jalostamotoiminnan Naantalissa.
2000006641078,https://www.is.fi/kotimaa/art-2000006641078.html,"Matkustaminen Suomeen helpottuu lauantaina, kun koronarajat muuttuvat",2020-09-18T18:30:08.000+03:00,"Hallituksen periaatepäätös muuttaa muun muassa hyväksyttäviä ilmaantumisrajoja ja luo strategian, jossa fokus on matkustajien testaamisessa."
2000006636450,https://www.is.fi/taloussanomat/art-2000006636450.html,Hallitus avaa Suomea marraskuussa – nämä hyvät ja huonot asiat siitä seuraavat,2020-09-15T14:23:55.000+03:00,"Yksi ala kiittää, toinen moittii, näin hallituksen matkustusrajoitusten löysääminen voi vaikuttaa Suomeen."
2000006635757,https://www.is.fi/paakirjoitus/art-2000006635757.html,Pääkirjoitus: Naantali tästä enää puuttuikin – Nesteen öljyjalostamon lopettaminen iski budjettiriiheen pommin lailla,2020-09-14T21:00:00.000+03:00,"Hallitus aloitti budjettiriihensä vaikeiden ja sumuisten talousnäkymien edessä. Heti alkuun Säätytalolle tuli tieto, että Neste aikoo lakkauttaa Naantalin öljynjalostamonsa."
2000006634158,https://www.is.fi/politiikka/art-2000006634158.html,Setä Arkadia: Junttaako Maria Ohisalo vielä Supostakin vihreän?,2020-09-13T09:00:00.000+03:00,"Vihreiden puheenjohtajasta, sisäministeri Maria Ohisalosta on kuoriutunut hallituksen virkanimitys­kuningatar. Nyt pelissä on keskusrikospoliisin päällikön paikka, mutta aikooko Ohisalo tehdä myös Suojelupoliisista vihreän, pohtii Setä Arkadia alias Timo Haapala."
2000006633364,https://www.is.fi/politiikka/art-2000006633364.html,Hallitus kävi tiukan neuvottelun matkustamisen avaamisesta – Kiuru kuumeni: ”Katastrofi epidemian hoidon kannalta”,2020-09-11T20:25:00.000+03:00,"Perhe- ja peruspalveluministeri Krista Kiuru (sd), sosiaali- ja terveysministeri Aino-Kaisa Pekonen (vas) ja opetusministeri Li Andersson (vas) jäivät neuvotteluissa alakynteen."
2000006632298,https://www.is.fi/politiikka/art-2000006632298.html,Näin matkustusrajoitukset muuttuvat: Pysyvä Tule ja testaa -malli voimaan marraskuun lopulla,2020-09-11T14:06:22.000+03:00,Viron ja Ruotsin lauttaliikenteessä ja lentoliikenteessä sallitaan työmatkaliikenne raja-arvoista riippumatta ja ilman vaatimusta testaustodistuksista tai omaehtoisesta karanteenista.
2000006632193,https://www.is.fi/kotimaa/art-2000006632193.html,Lintilä uusista matkustusrajoituksista: mahdollistaa ”työmatkustamisen ja matkailun niin normaalina kuin mahdollista”,2020-09-11T11:47:11.000+03:00,Ministeri on julkisuudessa vaatinut rajoituksen laskua jo useiden viikkojen ajan.
2000006631775,https://www.is.fi/politiikka/art-2000006631775.html,"Hallitus höllentää Suomeen matkustamista, vihreiden maiden raja-arvoksi 25 – nämä Euroopan maat alittavat uuden rajan",2020-09-10T23:03:00.000+03:00,"Ensi viikon lauantaista Ruotsista saa taas matkustaa Suomeen, yli 25 raja-arvon maista tuleville tulossa pakollinen koronatesti ennen Suomeen saapumista."
2000006631702,https://www.is.fi/politiikka/art-2000006631702.html,Näin matkustusrajoituksia höllennetään – ”Normaali kanssa­käyminen Ruotsin kanssa voi alkaa”,2020-09-10T22:06:00.000+03:00,Hallitus on neuvotellut eilen ja tänään Helsingin Säätytalolla rajaliikenteestä ja matkustusrajoituksista.
2000006630599,https://www.is.fi/kotimaa/art-2000006630599.html,Hallituksen koronaneuvottelut päättyneet – mahdollisista muutoksista matkustusrajoituksiin kerrotaan torstaina,2020-09-09T23:47:51.000+03:00,"Matkailuyrittäjät odottavat joululahjaa, mutta hallituksen on varmistuttava, että hinta ei ole liian kova."
2000006630399,https://www.is.fi/politiikka/art-2000006630399.html,Hallituksen neuvottelut Säätytalolla jatkuvat edelleen – näitä asioita hallitus pui,2020-09-09T20:31:39.000+03:00,Hallitus aloitti neuvottelut Helsingissä Säätytalolla kello 17.
2000006630243,https://www.is.fi/politiikka/art-2000006630243.html,MTV: Hallitus aikoo höllentää matkustus­rajoituksia – STM tiukasti eri mieltä,2020-09-09T18:03:12.000+03:00,"Hallitus haluaa höllentää matkustusrajoituksia, sosiaali- ja terveysministeriö on tiukasti ajatusta vastaan."
2000006628973,https://www.is.fi/politiikka/art-2000006628973.html,Pääministeri Marin antaa tukensa matkustamisen avaamiselle – Suomeen pääsisi negatiivisella testituloksella myös punaisista riskimaista,2020-09-08T15:57:43.000+03:00,Marinin mukaan matkustamiseen tarvitaan yksittäisten matkustuskuplien sijasta ”systeeminen muutos”.
2000006628028,https://www.is.fi/politiikka/art-2000006628028.html,Tulevalta opetus­ministeriltä jäi lukio kesken poissa­olojen vuoksi – ”Valmensin neljää salibandy­joukkuetta”,2020-09-07T21:40:00.000+03:00,Opetusministeriksi nousevan Jussi Saramon (vas) koulutustausta on harvinainen ministerille.
2000006622070,https://www.is.fi/politiikka/art-2000006622070.html,Hallitus pohtii matkustus­rajoituksia ja korona­testausta – suora lähetys käynnissä,2020-09-03T09:39:00.000+03:00,"Jatkuuko tiukka linja, vai onko Suomi höllentämässä matkustusrajoituksiaan."
2000006620924,https://www.is.fi/politiikka/art-2000006620924.html,Keskustan pj-ehdokkaat höllentäisivät matkustusrajoituksia – Kulmuni: ”Suomi tarvitsee matkailukäytävän”,2020-09-01T20:22:17.000+03:00,Annika Saarikon mukaan höllennysten ehtona pitäisi olla testauksen ja karanteenikäytäntöjen toimiminen.
2000006620559,https://www.is.fi/taloussanomat/art-2000006620559.html,EK tuomitsi täysin idean kuusituntisesta työpäivästä – Häkämies: ”Tarkoittaisi 12–13-kertaista kiky-sopimusta toiseen suuntaan”,2020-09-01T15:15:00.000+03:00,"EK laski, miten kuuden tunnin työpäivä suhteutuisi vanhaan kiky-sopimukseen."
2000006620092,https://www.is.fi/politiikka/art-2000006620092.html,Elinkeinoministeri Lintilä höllentäisi matkustusrajoituksia Suomeen – ”Matkailun näkökulmasta raja pitäisi olla 25”,2020-09-01T09:59:46.000+03:00,Tällä hetkellä niin sanottuja vihreitä maita on enää kolme.
2000006617489,https://www.is.fi/politiikka/art-2000006617489.html,Lintilä HS:lle yt-uutisista: Näitä kuullaan syksyn aikana vielä useita,2020-08-29T05:25:00.000+03:00,
2000006612577,https://www.is.fi/taloussanomat/art-2000006612577.html,IS näki suunnitelman: Tällainen matkustus­kupla Lappiin halutaan talveksi – erittäin tiukat ohjeet turisteille,2020-08-24T22:10:42.000+03:00,"Hallitus käsittelee parhaillaan pelastusohjelmaa Lapille. Se ei ole helppoa, sillä näkemyseroja on ministeriöissä ja hallituspuolueiden sisällä."
2000006612327,https://www.is.fi/politiikka/art-2000006612327.html,Ulkoministeri Haavisto avaisi matkustamista – edellytyksenä negatiivinen koronatesti: ”Tämä kupla käy kovin pieneksi”,2020-08-24T17:58:06.000+03:00,"Haavisto käytti esimerkkinä Venäjää, joka alkaa edellyttää maahan saapuvilta negatiivista testitulosta."
2000006610139,https://www.is.fi/politiikka/art-2000006610139.html,Näin koronapommi jysähti taas hallituksen syliin – sisäpiiriläiset avautuvat: ”Tulipaloja on ollut koko ajan”,2020-08-22T07:25:00.000+03:00,"Hus-pomon mielestä hallitukselle iski kesän alussa hyvän olon tunne. Käynnissä on linjariita siitä, miten koronakriisin toista kierrosta pitäisi hoitaa."
2000006607109,https://www.is.fi/paakirjoitus/art-2000006607109.html,Pääkirjoitus: Hallitus teki kovia korona­päätöksiä – mutta kestääkö Suomen tiukka rajoitus­linja?,2020-08-19T21:00:00.000+03:00,"Hallitus kertoi keskiviikkona uusista koronarajoituksista. Suomen linja on tällä hetkellä Euroopan tiukin. Kysymys kuuluu, kestääkö se. Ja kestääkö Suomen talous esimerkiksi lentomatkailun tiukkenevia rajoituksia?"
2000006606169,https://www.is.fi/kotimaa/art-2000006606169.html,Reijo Ruokasen kolumni: Kolmiosainen oodi sekoilulle,2020-08-19T08:00:00.000+03:00,"Koronakriisin ratkaiseminen on hallituksen tärkein tehtävä, eikä se voi piiloutua himmeleiden taakse, kirjoittaa Reijo Ruokanen."
2000006606157,https://www.is.fi/kotimaa/art-2000006606157.html,"Harakka: Skopjen-lennot päättymässä viikon kuluttua, Saarikko vaatii selvitystä testiruuhkista",2020-08-18T22:37:55.000+03:00,Kymmenillä Pohjois-Makedoniasta Suomeen palanneilla on todettu koronatartunta.
2000006605324,https://www.is.fi/kotimaa/art-2000006605324.html,"Euroopassa on enää neljä maata, jotka yltävät Suomen ”vihreälle listalle” – hallitus keskustelee tänään uusista maahan­tulo­rajoituksista",2020-08-18T10:05:00.000+03:00,Hallitus on ollut keskenään erimielinen Suomen tiukasta linjasta.
2000006604567,https://www.is.fi/kotimaa/art-2000006604567.html,Elinkeinoministeri Mika Lintilä väläyttää yökerhojen sulkemista ja lievennyksiä matkustus­rajoituksiin,2020-08-17T13:45:00.000+03:00,"Elinkeinoministeri Mika Lintilä (kesk) toivoo, että koronaviruksen johdosta asetettuja maahantulorajoituksia voitaisiin lieventää ja vastaavasti vaikka yökerhot sulkea. Hallitus neuvottelee rajoituksista huomenna tiistaina."
2000006602048,https://www.is.fi/politiikka/art-2000006602048.html,Setä Arkadia: Onnea! Viikon koronasankareiksi nousivat Krista Kiuru ja Tarja Halonen!,2020-08-16T09:00:00.000+03:00,"Setä Arkadia alias Timo Haapala nostaa sekavan viikon koronasankareiksi ministeri Krista Kiurun ja presidentti Tarja Halosen. Kiuru aiheutti hämmennystä, Halonen loukkasi ruotsalaisia."
2000006602662,https://www.is.fi/politiikka/art-2000006602662.html,IS:n tiedot: Hallituksessa kytee yhä riita rajoista – pääministeri Marin piti ministereille vakavan pelisääntö­keskustelun,2020-08-14T20:29:44.000+03:00,Marin evästi ministereitä politiikan pöytätavoista. Kysymys maahanpääsyn kriteereistä kuumentaa tunnelmia hallituksessa.
2000006602244,https://www.is.fi/politiikka/art-2000006602244.html,HS: Hallitus piti torstaina vakava­henkisen kurin­palautus­keskustelun – Marinin sanojen koettiin kohdistuvan erityisesti Krista Kiuruun,2020-08-14T16:21:45.000+03:00,HS:n mukaan hallituksen torstain keskustelu käytiin varsin rauhallisissa merkeissä.
2000006601436,https://www.is.fi/politiikka/art-2000006601436.html,"Krista Kiuru: Suomessa on järjestetty juhlia, joissa jopa puolet saanut tartunnan – ”Todellisuus on saattanut unohtua kesän aikana”",2020-08-14T06:12:00.000+03:00,Pakkokaranteenilla hätkäyttänyt Kiuru ei ole huolissaan vain ulkomailta Suomeen tuotavista tartunnoista. Myös arkisessa käyttäytymisessä on huolestuttavia merkkejä.
2000006600573,https://www.is.fi/politiikka/art-2000006600573.html,"Kommentti: Tämä on syy, miksi Sanna Marin pysyy Krista Kiurun takana, vaikka muut ihmettelevät sekoilua",2020-08-13T11:41:00.000+03:00,"Moni on ihmettelyt, miksi pääministeri Sanna Marin (sd) pysyy perhe- ja peruspalveluministeri Krista Kiurun (sd) takana, vaikka muut ministerit ihmettelevät yhä enemmän Kiurun touhuja. Siihen on syynsä, kirjoittaa politiikan erikoistoimittaja Timo Haapala."
2000006600422,https://www.is.fi/politiikka/art-2000006600422.html,Kommentti: Säätytalon portailla nähtiin harvinainen näytös – ministerit ottavat koronatoimista yhteen nyt julkisesti,2020-08-13T09:14:00.000+03:00,"– Hallituksen sisäinen ilmapiiri vaikuttaa myrkyttyneeltä, kirjoittaa Ilta-Sanomien politiikan toimittaja Olli Waris."
2000006600072,https://www.is.fi/politiikka/art-2000006600072.html,IS seurasi: näin Marin linjasi pakkokaranteenista,2020-08-12T22:17:00.000+03:00,Marinin mukaan hallitus päättää huomenna kolmesta asiasta.
2000006600225,https://www.is.fi/kotimaa/art-2000006600225.html,"Hallitus ei linjaa pakkokaranteenista, päätökset viranomaisten vastuulla – Lintilä: Kiuru hätiköi",2020-08-12T22:15:07.000+03:00,Pääministeri Marinin mukaan mahdollisesta pakkokaranteenista päättävät aina tartuntatautilääkärit ja viranomaiset.
2000006591810,https://www.is.fi/politiikka/art-2000006591810.html,Saarikko vaatii keskustelua johtajuudesta – Kulmuni: ”Pelaan avoimin kortein ja rehdin päämäärin”,2020-08-04T23:08:30.000+03:00,"Puheenjohtajavalinta on kenttäväen käsissä, Kulmuni painottaa."
2000006587389,https://www.is.fi/politiikka/art-2000006587389.html,Setä Arkadia: Maito ei happane edes mätäkuussa kun kepussa taistellaan!,2020-08-02T09:00:00.000+03:00,"Lomilta palannut Setä Arkadia alias Timo Haapala kiittää kepua mätäkuun pelastamisesta: maitokaan ei happane pöydälle, kun kepussa taistellaan. Katri Kulmunin ja Annika Saarikon taistelussa varsinkin taustajoukot käyvät kuumana."
2000006588729,https://www.is.fi/politiikka/art-2000006588729.html,Valkoposkihanhien tuhoja ilmoitettiin ennätysmäärä – ministeri Jari Leppä kertoo kuinka laittaisi linnut aisoihin,2020-08-01T13:24:35.000+03:00,Maa- ja metsätalousministeri Jari Leppä (kesk) viettää kaiken vapaa-aikansa sukutilallaan Pertunmaalla. Kesällä kiireessä ovat pitäneet niin hanhet kuin koronaan liittyvät kysymykset.
2000006586346,https://www.is.fi/kotimaa/art-2000006586346.html,Elinkeinoministeri Lintilä jää pois keskustan puheenjohtajakisasta,2020-07-30T13:36:10.000+03:00,Kansanedustaja Annika Saarikko ilmoitti aiemmin tänään haastavansa puheenjohtaja Kulmunin.
2000006586244,https://www.is.fi/politiikka/art-2000006586244.html,Kommentti: Saarikko lähtee kepukisaan vahvana ennakkosuosikkina – ja siihen on syynsä,2020-07-30T12:31:00.000+03:00,"Annika Saarikko ilmoittautui odotetusti keskustan puheenjohtajakisaan haastamaan istuvan puheenjohtajan Katri Kulmunin. Saarikko lähtee kisaan ennakkosuosikkina – kiitos vahvojen taustavoimien, arvioi politiikan erikoistoimittaja Timo Haapala"
2000006586062,https://www.is.fi/kotimaa/art-2000006586062.html,Saarikko haastaa Kulmunin – ”Keskustan väki ansaitsee vaihtoehdon”,2020-07-30T11:46:44.000+03:00,Saarikko kertoi tiedotustilaisuudessa lähtevänsä keskustan puheenjohtajakisaan.
2000006585383,https://www.is.fi/politiikka/art-2000006585383.html,Kommentti: Keskustassa alkaa hurja kaksintaistelu – jo nyt kentällä sekä Kulmunia että Saarikkoa haukutaan olan takaa,2020-07-29T14:57:57.000+03:00,"Keskustan Annika Saarikko pitää torstaina tiedotustilaisuuden, joka ei voi muuta tarkoittaa kuin sitä, että hän haastaa istuvan puheenjohtajan Katri Kulmunin. Kulisseissa peli on jo nyt kovaa. Omaa ehdokasta kehutaan, mutta kilpailijaa haukutaan olan takaa, kirjoittaa politiikan erikoistoimittaja Timo Haapala."
2000006561625,https://www.is.fi/politiikka/art-2000006561625.html,"IS-erikois­haastattelu: Edes hallitus­kumppanit eivät tiedä Matti Vanhasen mystisen projektin pääte­pysäkkiä: ”Jos en enää usko siihen, se on sen ajan murhe”",2020-07-04T07:25:51.000+03:00,"Matti Vanhaselle on kristallinkirkasta, että valtionvelka maksetaan aina takaisin ja sen pitää olla kaikilla muistissa selkäytimessä. Samalla hän valmistaa suomalaisia vientikriisiin. – Valtio ei ole kaikkivoipainen. Se kansalaistenkin on hyvä tiedostaa. Emme voi muuttua sorvien tilaajiksi."
2000006557847,https://www.is.fi/kotimaa/art-2000006557847.html,Neljä ministeriä tuuraa pääministeri Sanna Marinia tämän loman aikana – näin hallituksen ministerit lomailevat,2020-07-01T07:35:00.000+03:00,Kuntaministeri Sirpa Paaterolla on ministereistä pisin yhtäjaksoinen loma. Antti Kaikkonen on lomalla pätkissä reilun viisi viikkoa.
2000006553218,https://www.is.fi/politiikka/art-2000006553218.html,Näin kansanedustajat äänestivät Mäenpään tapauksessa – katso koko lista,2020-06-26T11:16:00.000+03:00,"Historiallinen äänestys päättyi siihen, että eduskunta ei anna lupaa syyttää Mäenpäätä."
2000006552661,https://www.is.fi/politiikka/art-2000006552661.html,Kansanedustajat tivasivat hallitukselta työllisyystoimia – Vanhanen ei luvannut hokkuspokkus-temppuja,2020-06-25T18:33:12.000+03:00,Kevätkauden viimeisellä kyselytunnilla puhutti työllisyys ja liikenne.
2000006546247,https://www.is.fi/politiikka/art-2000006546247.html,Matti Vanhanen haluaa jatkaa valtio­varain­ministerinä syyskuun jälkeen: ”Projekti ei ole siihen mennessä tehty”,2020-06-18T17:31:24.000+03:00,Kansliapäällikön nimi ratkeaa uuden haastattelukierroksen jälkeen. Hakua ei Vanhasen mukaan avata uudelleen.
2000006537329,https://www.is.fi/politiikka/art-2000006537329.html,"Hallitus kokoontui neuvottelemaan matkailun suosituksista – ”Jos tautitilanteet ovat samat eri maissa, ei ole järkeä pitää karanteenia”",2020-06-11T10:20:04.000+03:00,Rajojen avaaminen tarkoittaa todennäköisesti myös karanteenin loppumista joidenkin maiden osalta.
2000006534937,https://www.is.fi/politiikka/art-2000006534937.html,"Valtiovarainministeri Vanhanen sittenkin pääministerin sijaiseksi ja keskustan ministeriryhmän vetäjäksi: ”No, porukka vetosi virkaikääni”",2020-06-09T10:03:48.000+03:00,"Pääministeri <a href=""/henkilo/Sanna+Marin+"" class=""person"">Sanna Marin </a>sanoi hallituksen neuvotteluihin aamulla mennessään, että hän oli toivonut Vanhasen sijaistavan pääministeriä ja pyytänyt tätä harkitsemaan asiaa."
2000006534535,https://www.is.fi/paakirjoitus/art-2000006534535.html,Pääkirjoitus: Keskusta käy nyt armotonta eloon­jäämis­kamppailua – Kulmunin vaihtuminen Vanhaseen ei poista perus­ongelmaa,2020-06-08T21:00:00.000+03:00,Rökäletappio viime vuoden eduskuntavaaleissa suisti keskustan identiteettikriisiin.
2000006534473,https://www.is.fi/politiikka/art-2000006534473.html,"Uusi valtiovarain­ministeri Matti Vanhanen kertoo, millaisia ihmisiä yhteis­kunnan on rohkaistava, jotta sen pyörät pyörivät",2020-06-08T17:34:11.000+03:00,"Valtionvarainministeri Matti Vanhanen ei tunne hallituspuolueiden milleniaalijohtajia kovin hyvin, mutta ei epäile lainkaan yhteistyön sujumista. – Erityisesti haluan tukea pääministeriä."
2000006533869,https://www.is.fi/politiikka/art-2000006533869.html,"Hotelli Presidentistä poistuneet keskustalaiset ylistävät Matti Vanhasta: ”Tuo rauhallisuus, tuo valtiomiesmäisyys!”",2020-06-08T12:04:57.000+03:00,Keskustalaiset ihastelevat Matti Vanhasesta huokuvaa vakautta ja rauhallisuutta.
2000006533766,https://www.is.fi/politiikka/art-2000006533766.html,Kommentti: Tästä syystä valinta osui Matti Vanhaseen eikä Mika Lintilään,2020-06-08T10:44:00.000+03:00,"Keskustalla ei ollut muuta järkevää vaihtoehtoa puolueen ykkösministeriksi kuin kokenut ex-pääministeri, kirjoittaa politiikan toimittaja Mika Lehto."
2000006533432,https://www.is.fi/politiikka/art-2000006533432.html,Anna-Maja Henriksson IS:lle syksyn budjetti­riihen kovien ratkaisujen lykkäämisestä: ”Ei ole minun kartallani”,2020-06-08T05:58:00.000+03:00,"Anna-Maja Henriksson muistaa edelleen kirkkaasti, miltä tuntui olla laman aikaan äitiyslomalla, kun lapsilisiä oli leikattu ja lasku kaupungilta saapui. Hän ei halua, että hallitus toistaa silloin tehtyjä virheitä."
2000006533583,https://www.is.fi/politiikka/art-2000006533583.html,Keskusta valitsee tänään valtiovarainministeriehdokkaan,2020-06-08T03:34:21.000+03:00,"Puoluehallituksen, eduskuntaryhmän ja meppien kokous alkaa aamuyhdeksältä."
2000006533422,https://www.is.fi/paakirjoitus/art-2000006533422.html,Pääkirjoitus: Keskustan vaikea valinta – Kulmunille paras olisi harmaa pantteri,2020-06-07T21:00:00.000+03:00,Kulmunin jatkohalu puheenjohtajana vaikeuttaa valtiovarainministerin valintaa.
2000006533418,https://www.is.fi/politiikka/art-2000006533418.html,Keskustaväen mielestä huhut velloneet nyt liikaakin – ”Tuntuvat erikoisilta”,2020-06-07T19:59:42.000+03:00,"Keskustaväki paheksuu julkisuudessa olleita vihjauksia siitä, että puolueessa olisi suunnitelmissa kaataa hallitus."
2000006533230,https://www.is.fi/politiikka/art-2000006533230.html,Kommentti: Kulmuni kaatoi Rinteen ja kaatui nyt itse – mutta ovatko he molemmat myös ex-puheen­johtajia syksyllä?,2020-06-07T16:01:46.000+03:00,"Katri Kulmuni keikautti ilmoituksellaan keskustan ripeästi käynnistyneen puheenjohtajapelin liekkeihin, mutta silti juuri nyt on vaikea nähdä, että hän saisi jatkokautensa, kirjoittaa Ilta-Sanomien politiikan toimituksen tuottaja Hanna Vesala."
2000006532754,https://www.is.fi/politiikka/art-2000006532754.html,"Keskustakonkari ei usko, että Kulmuni yrittää kaataa Marinin hallituksen: ”Viestit ovat tuulesta temmattuja”",2020-06-07T05:59:00.000+03:00,"Keskustan entinen pitkäaikainen kansanedustaja ja ministeri Sirkka-Liisa Anttila arvelee, että hurjilla huhuilla yritetään vahingoittaa puoluetta."
2000006532725,https://www.is.fi/politiikka/art-2000006532725.html,Valtiovarain­ministerin valinnassa kimurantteja kysymyksiä – nämä nimet nousevat keskustassa nyt esiin,2020-06-06T22:09:09.000+03:00,"Keskustassa pähkäillään, pitäisikö nyt nimittää pätkäministeri vai hakea pidempää ratkaisua. Jotkut näkevät Mika Lintilän valinnalla palasten loksahtavan helposti paikalleen. Piireistä nostetaan hänen lisäkseen Matti Vanhasta, Juha Sipilää ja kunniasta kieltäytynyttä Esko Ahoa. Annika Saarikon suosio on suurta, mutta hänen omat aikeensa arvoitus. Yllätysnimiäkin nousee esiin."
2000006532615,https://www.is.fi/politiikka/art-2000006532615.html,Kommentti: Keskusta on nyt sekaisin kuin seinä­kello – hallituksen jatkolle ei kannata korkeita kertoimia laskea,2020-06-06T18:14:00.000+03:00,"Valtiovarainministeri Katri Kulmunin eroilmoitus nosti kepun sekavan tilanteen pintaan. Puolue on sekaisin kuin vanha seinäkello, ja puolueessa mietitään hallituksesta lähtöä, arvioi politiikan erikoistoimittaja Timo Haapala."
2000006532276,https://www.is.fi/politiikka/art-2000006532276.html,Mika Lintilä valtion­varainministerin valinnasta: ”Eihän noista paikoista kieltäydytä”,2020-06-06T13:13:00.000+03:00,"Mika Lintilän lähtökohta on se, että ”aatteellista liikettä palvellaan niistä tehtävistä, joita osoitetaan”."
2000006532192,https://www.is.fi/politiikka/art-2000006532192.html,Näin paljon Katri Kulmunin tulot putoavat ministeri­eron vuoksi,2020-06-06T11:43:00.000+03:00,Valtiovarainministerin tehtävästä eronnut Katri Kulmuni menettää lisäksi monta ministerin nauttimaa etua.
2000006532068,https://www.is.fi/kotimaa/art-2000006532068.html,"Asiantuntijat kertovat, miksi Kulmunin tuli väistyä – keskustan seuraavaksi puheen­johtajaksi vain kaksi vaihtoehtoa",2020-06-06T08:29:00.000+03:00,Hallituskriisiin asiantuntijat eivät usko.
2000006531967,https://www.is.fi/politiikka/art-2000006531967.html,Kulmuni paljasti lähipiirilleen uutispommin perjantai­aamuna – keskustalaiset kertovat eron taustat: ”Ei puolue kestä tällaista kohua”,2020-06-06T06:35:00.000+03:00,"Lähipiirin mukaan Kulmuni halusi katkaista kohun, joka oli aiheuttanut keskustalle kestämättömän tilanteen."
2000006532031,https://www.is.fi/politiikka/art-2000006532031.html,Lähteet HS:lle: Nämä nimet ovat vahvoilla uudeksi valtio­varain­ministeriksi,2020-06-06T06:22:00.000+03:00,Todellisia yllättäjiä listalta ei löydy.
2000006531580,https://www.is.fi/kotimaa/art-2000006531580.html,Kommentti: Vanhanen tai Esko Aho peliin – kepu tarvitsee nyt poliittista selkärankaa,2020-06-05T17:23:00.000+03:00,"Keskusta tarvitsee Katri Kulmunin eron jälkeen vahvinta mahdollista politiikan selkärankaa. Uudeksi valtiovarainministeriksi esillä ovat entiset pääministerit Esko Aho ja Matti Vanhanen, arvioi politiikan erikoistoimittaja Timo Haapala."
2000006529140,https://www.is.fi/taloussanomat/art-2000006529140.html,Asiantuntijat uudesta työllisyys­tavoitteesta: nyt on rima todella korkealla – ”Nyky­järjestelmässä ei tule toteutumaan”,2020-06-03T21:24:23.000+03:00,"Nykytoimet lisäbudjetti mukaan lukien eivät juuri edesauta työpaikkojen syntyä, asiantuntijat arvioivat."
2000006529104,https://www.is.fi/taloussanomat/art-2000006529104.html,Orpo ja Halla-aho roimivat hallituksen elvytyspakettia – ”vastuutonta rahan lapioimista” ja ”tulppa irti”,2020-06-03T20:51:51.000+03:00,Pääoppositiopuolueiden johto toivoo hallitukselta konkretiaa. Kummankin mukaan ministeriöt saavat toiveitaan läpi ilman valtionvarainministeriön suodatusta.
2000006529029,https://www.is.fi/politiikka/art-2000006529029.html,Myös Keskustan Hanna Kosonen hankki Tekiriltä koulutusta – laskun maksoi ministeriö,2020-06-03T18:31:00.000+03:00,Tiede- ja kulttuuriministeri Hanna Kososen Tekiriltä saaman kahden tunnin koulutuksen hinnaksi tuli 2 480 euroa. Puolustusministeri Antti Kaikkosta koulutettiin 5000 eurolla. Ministeriöt maksoivat nämäkin laskut.
2000006528584,https://www.is.fi/politiikka/art-2000006528584.html,IS selvitti hallitusviisikon esiintymiskoulutukset – Kulmunin maksatus ministeriöllä yllätti: ”Leuka loksahti auki”,2020-06-03T14:12:00.000+03:00,Vihreät on maksanut sisäministeri Maria Ohisalolle kaksi yhteensä 5 000 euron arvoista viestintäkoulutusta.
2000006528404,https://www.is.fi/politiikka/art-2000006528404.html,Kommentti: Katri Kulmunia opetettiin esiintymään isolla rahalla – mutta hänen ongelmansa on muualla,2020-06-03T12:19:00.000+03:00,"Katri Kulmunissa henkilöityy koko keskustan hukkunut suunta, kirjoittaa erikoistoimittaja Seppo Varjus."
2000006526727,https://www.is.fi/taloussanomat/art-2000006526727.html,"Hallitus sopi kustannustuen ehdoista: saatavissa yrityksille, joiden liikevaihto laski vähintään 30 prosenttia",2020-06-01T17:54:49.000+03:00,Tukikelpoisuus vaatii myös 10 prosentin myynnin pudotusta koko toimialalla. Tukeen oikeutettuja toimialoja ei ole vielä määritelty.
2000006523405,https://www.is.fi/politiikka/art-2000006523405.html,Setä Arkadia: Sdp ja keskusta ovat toistensa kimpussa – ilmassa on vanha­testamentillinen kosto,2020-05-31T09:00:00.000+03:00,"Pääministeri Sanna Marinin (sd) hallituksen henkilökemiat ovat ajautuneet niin huonoon jamaan, että poliittiset helluntaiheilatkin pelkäävät, kirjoittaa Setä Arkadia alias Timo Haapala."
2000006524297,https://www.is.fi/ulkomaat/art-2000006524297.html,Tässä ovat perjantain käänteet koronatilanteessa Suomessa ja maailmalla,2020-05-29T22:28:11.000+03:00,"Kotimaassa saa taas matkustaa, eduskunta hyväksyi ravintoloiden aukeamisen, puistossa picnicillä olleilla nuorilla tartuntoja."
2000006523990,https://www.is.fi/kotimaa/art-2000006523990.html,Hallitus linjasi: Kotimaassa voi matkailla – katso ohjeet,2020-05-29T19:30:39.000+03:00,Hallitus teki linjauksensa perjantaina.
2000006522132,https://www.is.fi/kotimaa/art-2000006522132.html,Oppositio ryöpyttää hallitusta matkailusuosituksista: ”Nyt pakka kasaan”,2020-05-28T15:20:24.000+03:00,"Mökille meneminen voidaan järjestää turvallisesti, uskoo Petteri Orpo."
2000006522053,https://www.is.fi/politiikka/art-2000006522053.html,"Ministeri Lintilä pitää ”absurdina”, jos kotimaan matkailua ei suositeltaisi – STM:n Varhila tarkentaa sanomisiaan",2020-05-28T14:50:29.000+03:00,Kansliapäällikkö Varhila myös tarkentaa aamun sanomisiaan.
2000006522006,https://www.is.fi/taloussanomat/art-2000006522006.html,"”Ottaa pattiin niin, ettei veri kierrä” – matkailuala tyrmistyi Varhilan suosituksesta",2020-05-28T14:24:55.000+03:00,"Matkailualalla ennakoidaan konkursseja, jos suomalaiset eivät saisi kesällä matkustaa kotimaassakaan."
2000006521717,https://www.is.fi/politiikka/art-2000006521717.html,"Kotimaan matkailusta syntymässä soppa: STM:n Varhila ei suosittele matkailua, Lintilä haluaa Suomen liikkeelle matkailemalla",2020-05-28T14:19:52.000+03:00,Kaikki hallitusryhmät ovat ilmaisseet tukensa kotimaan matkailun käynnistämiselle.
2000006521957,https://www.is.fi/taloussanomat/art-2000006521957.html,Kommentti: Kotimaan matkailun rajoittaminen on älytön suositus – hallituksen tulee katsoa viruksen alueellista etenemistä,2020-05-28T13:46:24.000+03:00,"Pitääkö koko Suomi sulkea kesäksi, ihmettelee pääkirjoitustoimittaja Timo Paunonen."
2000006521792,https://www.is.fi/kotimaa/art-2000006521792.html,HUSin ylilääkäri: Matkailu koti­maassa ei ole merkittävä riski koronan leviämisen kannalta,2020-05-28T11:48:35.000+03:00,Viranomaisilta ja päättäjiltä on tullut ristiriitaista tietoa kotimaanmatkailun turvallisuudesta.
2000006520933,https://www.is.fi/politiikka/art-2000006520933.html,Suomessa tehdään nyt kirurgisia maskeja terveyden­huollon käyttöön – Lintilä: ”Tämä volyymi ei riitä kansan­maskeihin”,2020-05-27T15:56:23.000+03:00,Yleinen maskisuositus moninkertaistaisi käyttötarpeen. Lintilän mukaan keskusteluja yrityksille suunnattavasta investointituesta käydään parhaillaan.
2000006520477,https://www.is.fi/kotimaa/art-2000006520477.html,Suoja­varusteiden kotimainen tuotanto käyntiin – kolme yritystä aloitti suu-nenä­suojusten ja kasvo­maskien valmistuksen,2020-05-27T11:24:58.000+03:00,Ministeri Haatainen: Tuotanto voi parhaimmillaan kattaa sosiaali- ja terveydenhuollon tarpeet suu-nenäsuojusten ja hengityksensuojainten osalta.
2000006520401,https://www.is.fi/kotimaa/art-2000006520401.html,Suora lähetys juuri nyt: Ministerit kertovat suojain­tilanteesta ja kotimaisen tuotannon käynnistymisestä,2020-05-27T10:38:06.000+03:00,"Työ- ja elinkeinoministeriö pitää tilannekatsauksen kotimaisen suojaintuotannon käynnistymisestä, suojaintilanteesta ja Huoltovarmuuskeskuksen toimista suojainten riittävyyden varmistamiseksi."
2000006520306,https://www.is.fi/kotimaa/art-2000006520306.html,TEM:n kansliapäällikkö valitaan jo tällä viikolla – Haatainen pani vauhtia kohunimitykseen,2020-05-27T09:13:09.000+03:00,Työ- ja elinkeinoministeriön kansliapäällikkö on tarkoitus valita yllättäen jo tällä viikolla. Paikalle on nousemassa ex-pääministeri Antti Rinteen (sd) entinen poliittinen valtiosihteeri Raimo Luoma (sd).
2000006518046,https://www.is.fi/taloussanomat/art-2000006518046.html,HS: Startup-yrityksille suunnitteilla 250 miljoonan koronarahoitus valtiolta,2020-05-25T10:45:41.000+03:00,Valtio paikkaisi ulkomaisten pääomasijoittajien jättämää aukkoa.
2000006514440,https://www.is.fi/taloussanomat/art-2000006514440.html,"Ministeri Lintilän karu arvio Lapista hämmästyttää – ”Onko ministeriössä sellaista tietoa, jota meillä ei ole?”",2020-05-20T20:30:57.000+03:00,Levillä kirjattiin viime joulukuussa 43 000 brittien yöpymisvuorokautta.
2000006511039,https://www.is.fi/ulkomaat/art-2000006511039.html,"Kanaria, Thaimaa, Viro, Kreikka... koska pääsee taas etelään? Tämä tiedetään eri maiden suunnitelmista sallia matkailu",2020-05-18T06:05:00.000+03:00,Suomalaisten suosimat lomakohteet purkavat vähitellen koronarajoituksiaan.
2000006510780,https://www.is.fi/paakirjoitus/art-2000006510780.html,Pääkirjoitus: Kuluttajien pelko on taltutettava,2020-05-17T21:00:00.000+03:00,Ihmisten luottamus omaan talouteen pitää saada palautettua kaiken tämän epävarmuuden keskellä.
2000006510950,https://www.is.fi/ulkomaat/art-2000006510950.html,Tässä ovat sunnuntain käänteet koronatilanteessa Suomessa ja maailmalla,2020-05-17T20:54:06.000+03:00,"Finnair lopettaa maakuntalentoja, valtionepidemiologin mukaan Ruotsi voi oppia Suomelta koronakriisissä, korona voi mullistaa amerikkalaisen yhteiskunnan."
2000006510505,https://www.is.fi/kotimaa/art-2000006510505.html,Elinkeinoministeri Lintilä koronan vaikutuksista matkailuun: ”Harmittaa valtavasti – Lapin talvikausi jo pilalla”,2020-05-17T07:26:39.000+03:00,Elinkeinoministeri Mika Lintilän kannustaa suomalaisia kotimaan matkailuun ja toivoo siitä piristystä matkailuyrittäjien kassaan.<br /><br />– Täällä on aivan taivaallisen hienoja paikkoja.
2000006510026,https://www.is.fi/kotimaa/art-2000006510026.html,IS-erikoishaastattelu: Elinkeino­ministeri Mika Lintilä varautuu korona­pommiin – ”Syksy pelottaa ihan hirveästi”,2020-05-16T16:13:15.000+03:00,"Elinkeinoministeri Mika Lintilän mukaan seuraavan 10 vuoden aikana jokainen puolue tulee korona­talkoissa saamaan haluamaansa ja vihaa­maansa. – Tulee veron­korotuksia, leikkauksia, työmarkkinoiden muutoksia. Aivan taatusti."
2000006509953,https://www.is.fi/kotimaa/art-2000006509953.html,Kokoomuksen Orpo avaisi yökerhotkin kesällä – aukiolo ainoastaan puoleen yöhön,2020-05-16T13:39:48.000+03:00,"Kokoomus toivoo, että ravintolat saisivat selkeitä ohjeita rajoitustoimenpiteistä."
2000006509728,https://www.is.fi/politiikka/art-2000006509728.html,Ministeri Lintilä haluaa ravintolat auki pöytiin tarjoilulla – pettyi ratkaisun venymiseen: ”STM:n suhtautuminen on verrattain tiukkaa”,2020-05-16T07:29:00.000+03:00,Mika Lintilän mukaan valmistelutyö ravintoloiden avaamiseksi olisi voinut olla parempaa.
2000006509560,https://www.is.fi/politiikka/art-2000006509560.html,Ulkoministeri Haavisto: Kotimaan­matkailu ja mökki­loma paras veikkaus tämän kesän osalta,2020-05-15T19:50:12.000+03:00,"Mahdollisuuksia ulkomaanmatkailuun arvioidaan uudelleen kesäkuussa, kun nähdään miten tautitilanne kehittyy."
2000006508616,https://www.is.fi/politiikka/art-2000006508616.html,Matkailuministeri Mika Lintilä ei lämpene matkustuskuplille: ”Tämä kesä ja syksy on jo menetetty”,2020-05-15T12:45:13.000+03:00,"Mika Lintilä painottaa IS:lle, että ulkomaanmatkailua pitää lähteä avaamaan EU:ssa yhtenäisesti. Samalla hän torppaa ajatuksen Suomen ja Baltian yhteisestä matkustuskuplasta."
2000006507350,https://www.is.fi/taloussanomat/art-2000006507350.html,Etlan Kangasharju kehuu yleistukea: tällä vältetään pahin konkurssiaalto – ”Ymmärrän toisaalta mikä sota siitäkin syntyisi...”,2020-05-14T12:51:32.000+03:00,Etlan Aki Kangasharjun mukaan tänään esitelty yritysten kustannustuki torjuu pahimman konkurssiaallon. Ravintoloiden asema tukikokonaisuudessa on epäselvä.
2000006507053,https://www.is.fi/taloussanomat/yrittaja/art-2000006507053.html,Kommentti: Yritystuki vielä pahasti levällään – monen yrittäjän riski toteutuu,2020-05-14T09:54:42.000+03:00,"Hallitus valmistelee kiireellä yritystukea. On mahdotonta saada sellaista ratkaisua, johon kaikki olisivat tyytyväisiä, kirjoittaa erikoistoimittaja Seppo Varjus."
2000006506865,https://www.is.fi/politiikka/art-2000006506865.html,IS selvitti Suomi-maskien taustoja: Huolto­varmuus­keskus tilannut kahdelta yritykseltä yhteensä yli 36 miljoonaa maskia,2020-05-14T05:50:00.000+03:00,Huoltovarmuuskeskus ei avaa sopimuksen rahallista arvoa. Vain yksi neljästä kotimaisesta tuottajasta aikoo käynnistää maskien valmistamisen Suomessa vielä toukokuun aikana.
2000006506664,https://www.is.fi/politiikka/art-2000006506664.html,Hallitus sopuun yritys­tuista – näin paljon tukea on luvassa,2020-05-13T20:52:14.000+03:00,Hallitus järjestää aiheesta tiedotustilaisuus huomenna torstaina kello 9.
2000006506757,https://www.is.fi/politiikka/art-2000006506757.html,Hallitus tiedottaa yritystuesta torstai­aamuna kello 9 – neuvottelut Sääty­talolla päättyneet,2020-05-13T20:46:20.000+03:00,Ravintoloiden sääntelystä käytävä keskustelu jatkuu tiistaina.
2000006505823,https://www.is.fi/politiikka/art-2000006505823.html,Hallitukselta odotetaan tänään päätöksiä yritystuista – myös ravintoloiden avaamisesta neuvotellaan,2020-05-13T02:10:20.000+03:00,Hallitus neuvottelee iltapäivällä yritystuista.
2000006504784,https://www.is.fi/politiikka/art-2000006504784.html,Eduskunta ruotii tänään ravintolatukea lähetekeskustelussa,2020-05-12T03:27:48.000+03:00,Talousvaliokunta aloittaa asiantuntijakuulemiset mahdollista ravintolatuen muokkausta varten.
2000006501033,https://www.is.fi/taloussanomat/art-2000006501033.html,Ravintolapomo ylistää: Norjan valtion tuki aivan eri luokkaa kuin Suomessa,2020-05-08T12:42:32.000+03:00,Ensimmäiset ravintolat avattiin Norjassa tällä viikolla.
2000006500941,https://www.is.fi/politiikka/art-2000006500941.html,Hallituksen esitys ravintolatuesta valmistui,2020-05-08T12:01:45.000+03:00,Malli on kaksiosainen.
2000006500260,https://www.is.fi/kotimaa/art-2000006500260.html,"Suoran kriisituen malli menossa hallituksen käsittelyyn ensi viikolla, puntarissa myös toinen vaihtoehto",2020-05-07T19:00:17.000+03:00,Ravintolatukea ei lyöty vielä torstaina lukkoon - keskusta haluaa tarkistaa korvausajankohdan.
2000006500214,https://www.is.fi/kotimaa/art-2000006500214.html,HS: Keskusta veti yllättäen ravintolatuen pois hallituksen käsittelystä,2020-05-07T17:36:43.000+03:00,Lehden mukaan puolue haluaa käydä yhden jakoperusteen vielä kertaalleen läpi.
2000006497752,https://www.is.fi/politiikka/art-2000006497752.html,”Kansanmaskit” polttelevat hallituksen näpeissä – selvitys valmistumassa vasta kesäkuun lopussa,2020-05-05T19:07:00.000+03:00,"Jos tavalliset suomalaiset ottaisivat suojamaskit käyttöön arjessa, niiden tarve moninkertaistuisi. EK:n visiossa maskeja tarvittaisiin jopa 180 miljoonaa kuukaudessa."
2000006495570,https://www.is.fi/politiikka/art-2000006495570.html,Pulaa ei ole vain hengitys­suojaimista – ministeri Pekonen: ”Suojatakkien kohdalla tilanne on tällä hetkellä heikko”,2020-05-03T19:22:18.000+03:00,Pekosen mukaan hengityssuojainten osalta tilanne on parempi.
2000006494187,https://www.is.fi/politiikka/art-2000006494187.html,Hallitus kokoontuu sunnuntaina pohtimaan rajoitus­toimien jatkoa ja purkua – nämä kysymykset ovat pöydällä,2020-05-01T16:18:00.000+03:00,Rajoitusten purkaminen aloitettaneen kirjastoista. Rajat pysyvät todennäköisesti kiinni vielä toukokuun puolivälin jälkeenkin.
2000006491674,https://www.is.fi/politiikka/art-2000006491674.html,Setä Arkadia: Sosialismi kulkee voittokulkua koronan ansiosta,2020-05-01T09:00:00.000+03:00,"Vappu on tänä vuonna koronan tuskaa, mutta sosialismin menestystä, pakinoi Setä Arkadia alias Timo Haapala. Setä Arkadia oli puolitoista kuukautta tauolla: sinä aikana veloista ja vastuista tuli yhteisiä."
2000006488973,https://www.is.fi/taloussanomat/art-2000006488973.html,"Lintilä: Keskusta ei vastusta ravintola­tukea – epäselväksi jäi, mikä olisi sopiva tuki­summa",2020-04-27T19:02:59.000+03:00,TEMin alivaltiosihteeri Peltonen kritisoi mediaa Business Finlandin mustamaalaamisesta.
2000006486829,https://www.is.fi/politiikka/art-2000006486829.html,Lintilä: Business Finlandin tukimuutoksessa selvitellään kolmea vaihtoehtoa,2020-04-25T12:47:00.000+03:00,Nopein muutosvaihtoehto veisi vain pari päivää.
2000006486559,https://www.is.fi/kotimaa/art-2000006486559.html,Sopu yritys- ja ravintolatuista edelleen kiven takana – hallitus väänsi ratkaisuja Säätytalolla,2020-04-24T20:56:08.000+03:00,Kritiikkiä saaneen Business Finlandin tukikriteereihin on tulossa muutoksia.
2000006484957,https://www.is.fi/politiikka/art-2000006484957.html,Hallitus neuvottelee tänään yritystuista – haussa uusia tukimalleja,2020-04-24T02:09:55.000+03:00,Tilojen vuokra ja palkkojen maksu monessa yrityksessä akuutein ongelma.
2000006484540,https://www.is.fi/paakirjoitus/art-2000006484540.html,Pääkirjoitus: Yritystuet oikeisiin kohteisiin – Palsanmäen ja muiden yrittäjien uhkailu kohtuutonta,2020-04-23T21:00:00.000+03:00,"Viime päivien aikana on käyty kiivasta keskustelua siitä, kohdistuvatko valtion yrityksille myöntämät koronatuet oikein."
2000006482730,https://www.is.fi/politiikka/art-2000006482730.html,Business Finlandin rahoituksesta tehty useita kanteluja oikeus­kanslerille,2020-04-22T10:40:11.000+03:00,Ministeri Lintilän mukaan asiasta käynnistetään sisäinen tarkastus.
2000006482487,https://www.is.fi/kotimaa/art-2000006482487.html,Tässä ovat tiistain koronakäänteet Suomessa ja maailmalla,2020-04-21T21:51:42.000+03:00,Suomessa on 141 koronaviruksen takia kuollutta. Koko maailmassa uhreja on jo yli 170 000.
2000006482336,https://www.is.fi/kotimaa/art-2000006482336.html,Pääministeri Marinin avomiehen työpaikka sai Business Finlandilta 45 000 euron avustuksen – Marin kommentoi asiaa Twitterissä,2020-04-21T18:30:00.000+03:00,"Pääministeri Sanna Marinin mies työskentelee yrityksessä, joka sai tukea Business Finlandilta."
2000006482275,https://www.is.fi/politiikka/art-2000006482275.html,Kansanedustajat älähtivät Business Finlandin rahanjaosta – ”Ongelmat on pikaisesti korjattava”,2020-04-21T17:43:35.000+03:00,Business Finlandin tukikohteet ovat herättäneet tunteita kansanedustajissa.
2000006482236,https://www.is.fi/taloussanomat/art-2000006482236.html,Finnvera on myöntänyt eniten koronatakauksia teollisuudelle,2020-04-21T17:16:32.000+03:00,Finnveran lainatakauksen saaja on tyypillisesti teollisuusalan edustaja ja/tai mikroyrittäjä.
2000006481962,https://www.is.fi/taloussanomat/art-2000006481962.html,Näille toimialoille myönnettiin eniten Business Finlandin koronatukea: liikkeenjohdon konsultointi korostuu,2020-04-21T14:21:43.000+03:00,"Keskustelu koronatukien myöntömekanismeista käy viime päivien uutisointien jälkeen kuumana. Katso, miten tuet jakaantuvat toimialoittain."
2000006481919,https://www.is.fi/taloussanomat/art-2000006481919.html,Elinkeinoministeri Lintilä: TEM tarkistaa Business Finlandin myöntämät rahoitukset,2020-04-21T13:53:51.000+03:00,"Työ- ja elinkeinoministeriö käynnistää tarkastuksen Business Finlandin myöntämästä yritysrahoituksesta, kirjoittaa elinkeinoministeri Mika Lintilä Twitterissä."
2000006481798,https://www.is.fi/politiikka/art-2000006481798.html,Li Andersson: Yritys­tukiin tarvitaan korjaus­liike,2020-04-21T12:33:00.000+03:00,Sdp:n kansanedustajat Filatov ja Nurminen: Työllisyysvaikutukset saatava keskeiseksi kriteeriksi yritystukien jakamisessa.
2000006481380,https://www.is.fi/taloussanomat/art-2000006481380.html,Lintilä myöntää HS:lle: Yritystukien jakamisessa on ongelmia,2020-04-20T22:15:58.000+03:00,Mika Lintilän mukaan yritykset tarvitsisivat enemmän rahaa akuuttiin kassakriisiin.
2000006476640,https://www.is.fi/politiikka/art-2000006476640.html,"Onko maski­sotku hallinnassa, oliko Uuden­maan sulun purkaminen järkevää? – hallitus vastasi kansanedustajille kyselytunnilla",2020-04-16T14:45:00.000+03:00,Hallitus vastasi kansanedustajien ajankohtaisiin kysymyksiin.
2000006469382,https://www.is.fi/politiikka/art-2000006469382.html,Työministeri Haatainen suojain­kauppasotkusta: ”Olen heti aamulla pyytänyt pikaisen selvityksen”,2020-04-09T10:30:46.000+03:00,"Työministeri Tuula Haatainen kuitenkin toteaa, että Huoltovarmuus­keskus on työ- ja elinkeino­ministeriön hallinnon alainen laitos."
2000006468057,https://www.is.fi/politiikka/art-2000006468057.html,Lisätalousarviosta tulee korona­kriisin vuoksi historiallisen suuri – Marin: ”Kyetty poikkeuksellisen yksi­tuumaiseen yhteistyöhön”,2020-04-08T10:37:00.000+03:00,"Valtiovarainministeri Katri Kulmuni (kesk) ei ottanut kantaa, onko Suomi valmis antamaan 300 miljoonan takauksen eurooppalaiseen työllisyysrahastoon."
2000006467600,https://www.is.fi/politiikka/art-2000006467600.html,"Orpolta ehdotus suojavälinepulaan: Pääministeriltä sitoumus ostaa kaikki kotimaiset suojaimet, ja tuotanto Suomessa alkaisi heti",2020-04-07T19:54:00.000+03:00,"Oppositiojohtaja toivoi myös ”nyrkin” tapaista joukkoa, joka koordinoisi suojavälineiden tarvetta eri puolilla maata ja ostoja maailmalta."
2000006467469,https://www.is.fi/taloussanomat/art-2000006467469.html,Kymmenet kotimaiset valmistajat halukkaita tuottamaan suojavarusteita – vain harvan alan yritykset voivat niitä silti valmistaa,2020-04-07T18:03:04.000+03:00,Suojavarusteiden valmistusta säädellään tarkasti. Koronan takia osaa vaatimuksista on kuitenkin höllennetty.
2000006467431,https://www.is.fi/politiikka/art-2000006467431.html,Ministeri Pekonen suojavarusteiden tarpeesta: ”Ei pysty arvioimaan”,2020-04-07T17:18:00.000+03:00,"Ministeri vakuutti, että suojavälineitä riittää."
2000006467190,https://www.is.fi/kotimaa/art-2000006467190.html,"Tässä tulee ensimmäinen varustelähetys Kiinasta: Finnairin kone laskeutui Helsinki-Vantaalle, mukana 2 miljoonaa kirurgista maskia",2020-04-07T15:03:37.000+03:00,Huoltovarmuuskeskuksen toimitusjohtaja Tomi Louneman mukaan koneessa tuotiin kaksi miljoonaa kirurgista maskia ja 230 000 hengityssuojainta.
2000006467083,https://www.is.fi/politiikka/art-2000006467083.html,Kansanedustaja Mia Laiho jyrähti hoito­henkilökunnan varuste­pulasta: ”On edesvastuutonta heittää heidät koronan kitaan”,2020-04-07T14:04:33.000+03:00,Lääkärikansanedustaja Laiho teki kirjallisen kysymyksen koronaviruksen suojavälineiden saatavuudesta ja ohjeistuksesta hoitajille.
2000006466797,https://www.is.fi/politiikka/art-2000006466797.html,Lintilä: Hengityssuojainten ja -koneiden valmistus Suomessa alkaa toukokuussa,2020-04-07T10:38:28.000+03:00,Elinkeinoministeri Mika Lintilän mukaan valmistelut kotimaisen tuotannon aloittamiseksi ovat jo pitkällä.
2000006462766,https://www.is.fi/politiikka/art-2000006462766.html,"Tässä ovat hallituksen uudet tukitoimet yrittäjille – suorat tuet, perintäkulut, ulosotot...",2020-04-03T11:48:49.000+03:00,Elinkeinoministeri Mika Lintilä (kesk) kehotti viranomaisia välttämään tarpeetonta pilkunviilausta tukihakemuksia käsiteltäessä.
2000006462585,https://www.is.fi/politiikka/art-2000006462585.html,"Henriksson: Pika­vippien korko­kattoa rajoitetaan, niiden suora­markkinointi kielletään",2020-04-03T11:07:25.000+03:00,Valtio suuntaa 150 miljoonaa euroa keskisuurille yrityksille.
2000006461828,https://www.is.fi/politiikka/art-2000006461828.html,"Miten korona­testejä lisätään, pitääkö ylioppilas­juhlat perua, riittävätkö suoja­varusteet? IS seurasi kyselytuntia",2020-04-02T19:18:16.000+03:00,Ministerit vastasivat kansanedustajien kielen päällä oleviin kysymyksiin koronasta eduskunnassa.
2000006453499,https://www.is.fi/politiikka/art-2000006453499.html,Suora lähetys: Eduskunta keskustelee Uudenmaan eristämisestä,2020-03-26T14:48:01.000+02:00,"Eduskunnassa on taas tänään historiallinen päivä, kun kansanedustajat alkavat käsitellä valmiuslain pykälää 118 liikkumisrajoituksista."
2000006449056,https://www.is.fi/politiikka/art-2000006449056.html,"Sisäministeriössä valmistaudutaan maan sisäisen liikkumisen rajoittamiseen – ”Voi olla kaupunki, alue tai useampikin alue”",2020-03-22T20:51:00.000+02:00,Markus Lohen mukaan keskustan eduskuntaryhmä olisi valmis ottamaan jo uusia rajoituksia käyttöön.
2000006448387,https://www.is.fi/taloussanomat/art-2000006448387.html,Viimeiset auki olevat ravintolat ovat skitsofreenisessa tilanteessa – ”Se on haistatusta pk-yrittäjille”,2020-03-21T20:03:00.000+02:00,Huippuravintoloina tunnetut Muru ja Pastis pidetään auki niin kauan kuin se on luvallista.
2000006447204,https://www.is.fi/politiikka/art-2000006447204.html,Setä Arkadia: Presidentti Niinistö jyräsi poikkeuslait voimaan,2020-03-21T09:00:00.000+02:00,"Sauli Niinistö oli lopulta se, joka hoiti poikkeuslait voimaan, kirjottaa Setä Arkadia alias Timo Haapala."
2000006446357,https://www.is.fi/politiikka/art-2000006446357.html,"Marin: Talouteen 15 miljardin korona­paketti, yrittäjät työttömyys­turvan piiriin",2020-03-20T13:40:24.000+02:00,"Koronaviruksen aiheuttaman kriisin takia hallitus antoi 400 miljoonan euron lisäbudjetin, Finnvera takaa 10 miljardia euroa lisää yritysrahoitusta ja hallitus toteuttaa työmarkkinajärjestöjen keskiviikkona sopiman työmarkkinoiden kriisipaketin."
2000006446463,https://www.is.fi/taloussanomat/art-2000006446463.html,Finnveran takausvaltuuksia nostetaan 10 miljardilla eurolla,2020-03-20T12:01:15.000+02:00,"Vetoan nyt pankkeihin, että ne hoitavat oman osuutensa, sanoi elinkeinoministeri Mika Lintilä."
2000006445926,https://www.is.fi/politiikka/art-2000006445926.html,Kuvat: Eduskunnan kysely­tunnilla poikkeus­järjestelyt – salissa keskusteltiin vain yhdestä asiasta,2020-03-19T18:47:10.000+02:00,"Kokoomus ehdotti, että ""pikavippifirmojen härskiä toimintaa"" rajoitettaisiin koronavirustilanteessa."
2000006438939,https://www.is.fi/politiikka/art-2000006438939.html,Hallitus räätälöi tukitoimia koronan vuoksi – elinkeinoministeri Lintilä: ”Kassavirrat tyrehtyneet monissa firmoissa erittäin dramaattisesti”,2020-03-13T20:19:00.000+02:00,Oppositiossa arvostellaan hallitusta johtajuuden puutteesta ja vastuun välttelystä. Myös THL saa kritiikkiä.
2000006438542,https://www.is.fi/taloussanomat/art-2000006438542.html,Aurinkomatkat perui matkat ja palauttaa rahat – mitä tekevät muut matkanjärjestäjät?,2020-03-13T16:33:11.000+02:00,"Matkatoimistot eivät välttämättä korvaa, vaikka haluaisit noudattaa hallituksen kehotusta."
2000006437660,https://www.is.fi/taloussanomat/art-2000006437660.html,Vakuutusyhtiöt: Koronakorvausten määrää vielä mahdotonta arvioida,2020-03-13T09:31:18.000+02:00,"Fennia ja Pohjola Vakuutus kertovat, että niiden kassa kestää pitkänkin epidemian aiheuttamat riskit."
2000006436466,https://www.is.fi/taloussanomat/art-2000006436466.html,Elinkeinoministeri Lintilä: Näin koronaan varustaudutaan Suomessa – ”Ydinvoimaloiden porukkaa ei korvata millään”,2020-03-12T12:29:38.000+02:00,"Yhdysvalloissa on paljon asioita, jotka eivät ole mitenkään loogisia, elinkeinoministeri kommentoi Yhdysvaltain matkustuskieltoa."
2000006434382,https://www.is.fi/politiikka/art-2000006434382.html,Kulmuni: Hallitusohjelman elvytysmekanismit eivät vielä laukea,2020-03-10T14:45:54.000+02:00,Valtiovarainministeri Katri Kulmuni kommentoi koronaviruksen vaikutuksia Suomen talouteen.
2000006417396,https://www.is.fi/taloussanomat/art-2000006417396.html,TEM: Suomen talouskasvu jää jumiin 2 vuodeksi – ja saattaa hiipua sen jälkeen,2020-02-24T10:09:14.000+02:00,"Työ- ja elinkeinoministeriön mukaan monella alalla on kasvupotentiaalia, mutta talouskasvun piristyminen edellyttää investointeja ja ratkaisua osaamisvajeeseen."
2000006409067,https://www.is.fi/viihde/art-2000006409067.html,Näin Antti Kaikkosen ja Jannika Rannan rakkaus roihahti: vauvauutinen ja kihlat vain neljä kuukautta suhteen julkistamisen jälkeen,2020-02-15T20:20:40.000+02:00,Antti Kaikkonen ja hänen kihlattunsa Jannika Ranta kertoivat odottavansa lasta vain neljä kuukautta suhteensa julkistamisen jälkeen.
2000006375164,https://www.is.fi/politiikka/art-2000006375164.html,IS selvitti ministereiden luotto­kortin käytön: Kulmuni lensi Pohjois-Savoon kesken kampanjansa ja ajoi taksilla Helsinkiin – 1 135 euron lasku,2020-01-17T07:33:00.000+02:00,Ympäristö- ja ilmastoministeri Krista Mikkonen (vihr) teki Suomen luonnon päivänä 557 euron taksiajon.
2000006369427,https://www.is.fi/politiikka/art-2000006369427.html,Pitäisikö Katri Kulmunin jatkaa puheenjohtajana? Näin keskustan kenttä vastasi,2020-01-11T07:35:00.000+02:00,65 prosenttia IS:n kyselyyn vastanneista oli Kulmunin jatkon kannalla. Annika Saarikon puheenjohtajuutta toivoi 20 prosenttia vastaajista.
2000006359244,https://www.is.fi/politiikka/art-2000006359244.html,Setä Arkadia: Tinat ennustavat: hurja kevät edessä – presidenttipeli alkaa,2020-01-01T09:00:00.000+02:00,"Politiikassa on vauhdikas kevät edessä, ja kaikki on mahdollista hallituksen kaatumisesta alkaen. Näin ennustaa tinoillaan Setä Arkadia alias Timo Haapala."
