id,url,titledate_modified,lead
2000007659905,https://www.is.fi/politiikka/art-2000007659905.html,Perussuomalaiset vaati kansanäänestystä EU:n elvytyspaketista – näin hallitus vastasi,2020-12-03T18:08:00.000+02:00,"Ministerit muistuttivat, että eduskunta tekee päätöksen elvytyspaketista ja kansanäänestys on järjestetty Suomessa vain kahdesti."
2000007627517,https://www.is.fi/politiikka/art-2000007627517.html,Susikeskustelu äityi kiivaaksi eduskunnassa – puhemies Vehviläinen joutui ojentamaan edustajia: ”En halua kuulla kiroilua tästä salista”,2020-11-18T23:25:00.000+02:00,Suurin osa eduskunnassa äänessä olleista kansanedustajista puolsi suden kannanhoidollista metsästämistä. Vastustavalla kannalla olivat vihreiden ja vasemmistoliiton edustajat.
2000006935410,https://www.is.fi/politiikka/art-2000006935410.html,Näin kansanedustajat tienasivat – tulokuninkaalla kymmenkertaiset ansiot pienipalkkaisimpaan verrattuna,2020-11-04T15:51:14.000+02:00,Pääsy eduskuntaan viime keväänä nosti monen uuden kansanedustajan tulotasoa.
2000006643819,https://www.is.fi/politiikka/art-2000006643819.html,Sika­kirjoituksillaan kohauttanut PS-poliitikko jättää puolue­valtuuston – Halla-aho torppaa Li Anderssonin vaatimuksen anteeksi­pyynnöstä,2020-09-21T21:43:00.000+03:00,"Sikansa Husuksi ja Suldaaniksi nimennyt Jarno Vähäkainu kiistää uhkailleensa ketään. Halla-aho kertoo ohjeistavansa omiaan neuvoilla ja kehotuksilla ja kysyy, miten Andersson itse toimi, kun vasemmistoaktiivin vihatili tuli julki."
2000006584452,https://www.is.fi/kotimaa/art-2000006584452.html,"Kommentti: PS ajaa kaksilla rattailla – Turtiainen ajettiin jäähylle, ääni­harava Peltokangas ei saanut omiltaan edes moitteita",2020-07-28T16:04:00.000+03:00,"Perussuomalaisten kurinpitotoiminta ei vaikuta kovin johdonmukaiselta, kirjoittaa Ilta-Sanomien politiikan toimittaja Olli Waris."
2000006583006,https://www.is.fi/politiikka/art-2000006583006.html,PS:n Peltokangas kutsui ministereitä ”perserei'iksi” – ei seuraamuksia eduskuntaryhmässä,2020-07-27T10:35:09.000+03:00,"Kansanedustaja Mauri Peltokangas tuohtui, kun ministerit eivät esittäneet pahoitteluja perussuomalaisten vaalipäällikön epäillystä murhayrityksestä."
2000006553218,https://www.is.fi/politiikka/art-2000006553218.html,Näin kansanedustajat äänestivät Mäenpään tapauksessa – katso koko lista,2020-06-26T11:16:00.000+03:00,"Historiallinen äänestys päättyi siihen, että eduskunta ei anna lupaa syyttää Mäenpäätä."
2000006393240,https://www.is.fi/politiikka/art-2000006393240.html,"Mikä on perussuomalaisten suosion salaisuus? Jussi Halla-aholla selvä näkemys, miksi ”suorastaan demonisen kielteinen mielikuva” puolueesta muuttui",2020-02-02T15:19:00.000+02:00,"IS pureutui PS:n suosion syihin kylätalolla ja puoluetoimistolla. Jussi Halla-ahon mukaan ”suorastaan demonisen kielteinen mielikuva” perussuomalaisista muuttui vaalitenteissä. Sheikki Laakso selittää suosiota ”tavan janterin” asian ajamisella. Videoissaan päättäjiä tylyttävä Mauri Peltokangas sanoo, ettei hän vetele ”oikein mitään rajoja”."
