id,url,title,date_modified
3-11466454,https://yle.fi/uutiset/3-11466454,"Perussuomalaisten kansanedustaja kutsui ministereitä ""perserei'iksi"" – politiikan tutkija: Peltokankaan alatyylinen kommentti rikkoi hyvän maun rajat",2020-07-27T01:13:31Z
3-11671425,https://yle.fi/uutiset/3-11671425,"Muutama sata ihmistä vaati Eduskuntatalon edustalla EU-eroa, turvavälejä ei noudatettu",2020-11-28T15:54:03Z
3-11207572,https://yle.fi/uutiset/3-11207572,Pääministeri Marin kyselytunnilla: Hallituksen avustajien määrää todennäköisesti lasketaan,2020-02-13T13:11:08Z
3-11549866,https://yle.fi/uutiset/3-11549866,"Oppositio moitti hallitusta teollisuuden tappamisesta ja vääristä työllisyysluvuista, Vanhanen: ""Jotain rajaa""",2020-09-17T12:17:26Z
3-11655156,https://yle.fi/uutiset/3-11655156,Eduskunnan susikeskustelussa esiin nousivat tutut teemat: uhanalaisuus ja lasten turvallisuus – kansalaisaloite kannanhoidollisesta metsästyksestä lähti jatkokäsittelyyn valiokuntaan,2020-11-18T22:55:05Z
3-11189968,https://yle.fi/uutiset/3-11189968,"Uudet kansanedustajat työstään: Istuntosali kuin show-painiareena, valtaa käytetään valiokunnissa – ""Hyvä, että siellä ollaan suljettujen ovien takana""",2020-02-09T05:58:00Z
3-11491699,https://yle.fi/uutiset/3-11491699,Perussuomalaisten kansanedustaja Mauri Peltokangas asettuu kuntavaaliehdokkaaksi Kokkolassa ensi kevään vaaleissa,2020-08-13T06:49:18Z
3-11555109,https://yle.fi/uutiset/3-11555109,Perussuomalaisten keskipohjalainen valtuutettu jättää puoluevaltuuston twiiteistään nousseen kohun takia,2020-09-21T11:21:00Z
3-11716478,https://yle.fi/uutiset/3-11716478,Vaasan vaalipiirin kansanedustajista ahkerimpia puhujia Paula Risikko ja Pasi Kivisaari – vähiten puheenvuoroja on käyttänyt Jukka Mäkynen,2020-12-31T06:13:39Z
3-11561169,https://yle.fi/uutiset/3-11561169,"Kysyimme perussuomalaisten piirijohtajilta suhteesta äärioikeistoon – ""Joissakin tapahtumissa on vähän rouheampaa kaveria""",2020-09-26T12:50:44Z
3-11294154,https://yle.fi/uutiset/3-11294154,"""Maatalous huoltovarmuuden kivijalka"" – pohjalaisedustajat maataloustukien noston kannalla",2020-04-06T12:12:27Z
3-11334291,https://yle.fi/uutiset/3-11334291,Pohjalaiskansanedustajat eivät antaisi verovähennystä etäkoulun läppäreihin ,2020-05-05T03:54:17Z
3-11319701,https://yle.fi/uutiset/3-11319701,Lue tästä Etelä-Pohjanmaan koronapäivitykset 10.3.-13.4.,2020-04-27T12:50:59Z
3-11319344,https://yle.fi/uutiset/3-11319344,Lue tästä Pohjanmaan koronapäivitykset 4.3.-13.4.,2020-04-23T11:55:24Z
3-11319728,https://yle.fi/uutiset/3-11319728,Lue tästä Keski-Pohjanmaan koronapäivitykset 12.3.-13.4.,2020-04-28T05:42:42Z
3-11386454,https://yle.fi/uutiset/3-11386454,Lue tästä Etelä-Pohjanmaan koronapäivitykset 14.4.-23.5.2020,2020-06-05T08:08:00Z
