id,url,title,date_modified
3-11237601,https://yle.fi/uutiset/3-11237601,"Koulutuksen tasa-arvo ei toteudu Suomessa, kokevat lounaissuomalaiset kansanedustajat",2020-03-03T14:32:00Z
3-11388428,https://yle.fi/uutiset/3-11388428,Rahakirstun vartijan paikka auki: keskustan ministeripeli käynnistyi heti – tässä ilmeisimmät ehdokkaat,2020-06-05T18:11:04Z
3-11388018,https://yle.fi/uutiset/3-11388018,Puhemies Matti Vanhanen: Kulmunin erolle ei ollut vaihtoehtoja – keskustavaikuttajien mielestä kyseessä oli suoraselkäinen vastuunkanto ,2020-06-05T13:45:42Z
3-11667515,https://yle.fi/uutiset/3-11667515,"Sisarusväkivalta on vaiettu, mutta yllättävän yleinen ilmiö – Väitöstutkija: ""Yhtä vaurioittavaa kuin mikä tahansa muukin väkivalta""",2020-11-29T14:45:00Z
3-11191299,https://yle.fi/uutiset/3-11191299,"Oona Saarivuori, 18, haluaa isoon kaupunkiin lukion jälkeen eikä ole ainoa – Kansanedustajilta ehdotuksia kotiseudun vetovoiman lisäämiseksi",2020-02-04T09:44:59Z
3-11341922,https://yle.fi/uutiset/3-11341922,Kovat kokemukset voivat kartuttaa viisautta – Tutkija: “Viisas tuntee myötätuntoa myös itseään kohtaan”,2020-05-17T05:15:00Z
3-11585275,https://yle.fi/uutiset/3-11585275,Jopa neljä viidesosaa myyräkuumeen saaneista kantaa sen tietämättään – Suomessa tautia diagnosoidaan suhteessa väestöön eniten maailmassa,2020-10-17T03:16:00Z
3-11688407,https://yle.fi/uutiset/3-11688407,Pitääkö susien metsästys sallia? Näin vastaavat Suomen tiheimmällä susialueella asuvat kansanedustajat – lue Ylen kyselyn tulokset,2020-12-18T07:09:00Z
3-11394224,https://yle.fi/uutiset/3-11394224,"Ylen kysely: Keskustavaikuttajien mieli muuttui ja suurin osa haluaa nyt Katri Kulmunille haastajan puheenjohtajakisaan – ""Tulos tai ulos""",2020-06-11T12:50:01Z
3-11617690,https://yle.fi/uutiset/3-11617690,"Ylen kysely kansanedustajille: Trumpin kausi ei ollut eduksi Suomelle, sanoo enemmistö vastanneista – ""En usko, että tuollainen tolvana on ollut hyödyksi juuri kenellekään""",2020-11-02T09:37:46Z
3-11189968,https://yle.fi/uutiset/3-11189968,"Uudet kansanedustajat työstään: Istuntosali kuin show-painiareena, valtaa käytetään valiokunnissa – ""Hyvä, että siellä ollaan suljettujen ovien takana""",2020-02-09T05:58:00Z
3-11388032,https://yle.fi/uutiset/3-11388032,"Eeva Kalli: ""Kulmunin ero kuvaa hänen tapaansa kantaa vastuuta""",2020-06-05T13:19:18Z
3-11377497,https://yle.fi/uutiset/3-11377497,Kansanedustaja Eeva Kalli: Tapahtumajärjestäjien taloudellinen ahdinko otettava vakavasti,2020-05-30T14:04:44Z
3-11381407,https://yle.fi/uutiset/3-11381407,Lisäbudjetti tuomassa ilonaiheen Lounais-Suomeen: Eurajoen risteys kasitiellä viimein remonttiin,2020-06-02T19:18:16Z
3-11538005,https://yle.fi/uutiset/3-11538005,Katri Kulmuni saa kaksi paikkaa eduskunnan valiokunnista,2020-09-10T13:03:43Z
3-11703968,https://yle.fi/uutiset/3-11703968,"Suomessa on yli miljoona yksin asuvaa, mutta silti heidät unohdetaan jouluisin – tällaista on viettää joulu yksin  ",2020-12-23T03:52:00Z
3-11372420,https://yle.fi/uutiset/3-11372420,Kirkkaita värejä liki 2000 vuoden takaa – Italialaisen viinitarhan alta paljastui antiikin huvilan upea mosaiikkilattia,2020-05-28T17:54:14Z
3-11535591,https://yle.fi/uutiset/3-11535591,"Kun Zaida Bergrothia pyydettiin ohjaamaan elokuva Tove Janssonista, hän uskoi epäonnistuvansa - syntyi kriitikot hullaannuttanut teos",2020-09-29T10:33:49Z
3-11420174,https://yle.fi/uutiset/3-11420174,Raju ukkoskuuro tappoi kanan Pohjois-Pohjanmaalla – pingispallon kokoinen rae osui eläintä päähän,2020-06-26T11:27:14Z
3-11410332,https://yle.fi/uutiset/3-11410332,"""Kutsumme tätä hylkiöiden juhannukseksi"", sanoi Katja Novitsky – 14 kuvaa juhannus-Helsingistä",2020-06-20T10:08:00Z
3-11472879,https://yle.fi/uutiset/3-11472879,"Vähänkään oireilevat pitäisi testata, mutta ulkopaikkakuntalaisia käännytetään koronatesteistä – THL:n Salminen: Säästetään väärässä kohtaa ja se voi kostautua",2020-07-31T02:57:00Z
3-11537010,https://yle.fi/uutiset/3-11537010,"""Naisen tehtävä on synnyttää kuusi lasta ja hoitaa kotiliettä"" – sota-ajan ankarin propaganda syntyi naistenlehdessä",2020-09-12T08:17:00Z
3-11267833,https://yle.fi/uutiset/3-11267833,"Kulttuuriväki ei aio kaatua koronaan – tanssija Elina Raiskinmäki: ""Tässä treenataan tulevaisuutta varten muutenkin""",2020-03-22T09:37:00Z
3-11692780,https://yle.fi/uutiset/3-11692780,"Neljä satakuntalaiskohdetta saa yhteensä miljoonapotin, kun valtio jakaa lisämäärarahoja",2020-12-11T10:45:13Z
3-11359188,https://yle.fi/uutiset/3-11359188,"Koulun penkille vai etäopetukseen? Puoli miljoonaa peruskoululaista odottaa tietoa ensi syksystä, uusi laki luvataan saada valmiiksi ennen juhannusta",2020-05-21T02:50:00Z
3-11707592,https://yle.fi/uutiset/3-11707592,VR ja Onnibus odottavat joulun matkustajia olevan vain puolet tavanomaisesta – Kaukoliikenteen ankeat ajat jatkuvat alkuvuonna,2020-12-21T10:07:43Z
3-11619758,https://yle.fi/uutiset/3-11619758,Lääkekehityskeskuksen sopimusluonnokset yliopistojen syynättävänä – selvitysryhmä saa työnsä valmiiksi ensi kuussa,2020-10-29T08:25:16Z
3-11275359,https://yle.fi/uutiset/3-11275359,"Mitä tapahtui, kun suomalaiset suljettiin kotiin? 3 perhettä piti viikon ajan päiväkirjaa: ""Pirjo nosti rähinän, kun aioin lähteä lenkille""",2020-03-26T03:55:00Z
3-11672763,https://yle.fi/uutiset/3-11672763,"Julkisen liikenteen maskipakko olisi vaikea ja kallis idea toteuttaa – HSL: ""Tästä maasta loppuisivat pian järjestyksenvalvojat, kun jokaisen bussin maskipakkoa valvottaisiin""",2020-11-30T12:24:43Z
3-11467743,https://yle.fi/uutiset/3-11467743,"HUSin apulaisylilääkäri varoittaa koronan toisesta aallosta: ""Kasvomaski ilman muuta käyttöön""",2020-07-27T21:51:44Z
3-11551633,https://yle.fi/uutiset/3-11551633,"Loppuunpalanut Nopsajalka oivalsi, että parantua ei tarvitse – alkoi toipuminen, ja nyt artisti puhuu asiasta, josta ala vaikenee",2020-09-18T15:25:00Z
3-11604068,https://yle.fi/uutiset/3-11604068,"Helsinkiläisessä hoivakoti Tilkassa koronaa – viisi asukasta sai tartunnan, kolme menehtyi",2020-10-20T13:43:24Z
3-11688563,https://yle.fi/uutiset/3-11688563,Lounais-Suomen kansanedustajat varovaisen luottavaisina ensi vuoteen – tulevaisuustutkija: ”Edessä on kaksi koronaan liittyvää vaihtoehtoa”,2020-12-09T11:29:08Z
3-11573042,https://yle.fi/uutiset/3-11573042,Yrittäjän haave kelluvasta mökkikylästä Sysmässä muuttui miljoonariidaksi – syytöksiä sopimusrikkomuksesta ja harhaanjohtamisesta,2020-10-01T16:06:17Z
3-11573347,https://yle.fi/uutiset/3-11573347,"""Tuntuu, että viruksen leviäminen sysätään nuorten syyksi"" – Meeri Saltevo ja muut nuoret toivovat lisää ymmärrystä ja vähemmän syyllistämistä",2020-10-01T15:55:00Z
3-11511006,https://yle.fi/uutiset/3-11511006,Järven pinnan korkeus ajoi kuntalaiset kahteen leiriin Evijärvellä – pikkukunnan päätöksentekokin meni solmuun,2020-08-26T16:30:00Z
3-11260201,https://yle.fi/uutiset/3-11260201,"Ihmissusia, saatananpalvontaa ja väkivaltaista splatteria: Suomalaisen kauhun historia kertoo marginaalisesta tyylilajista, jota kuitenkin ovat viljelleet yllättävät tahot",2020-03-22T08:21:26Z
3-11483303,https://yle.fi/uutiset/3-11483303,"Ensimmäinen rippileirileffa ja absurdi komedia siitä, kuinka peruna valloitti Suomen – Tässä kotimaisen elokuvasyksyn odotetuimmat ensi-illat",2020-08-07T16:27:34Z
3-11575303,https://yle.fi/uutiset/3-11575303,"Kouluväkivallan vakavuus yllätti nuoret, mutta lievemmästä kiusaamisesta kertoo moni koivukyläläinen: ""Sinulla ei ole ketään, johon luottaa""",2020-10-11T09:05:00Z
3-11329555,https://yle.fi/uutiset/3-11329555,Suomen sisä- ja ulkorajat suljettiin kuusi viikkoa sitten – edelleen 1 500 matkailijaa pyrkii palaamaan maailmalta kotimaahan,2020-04-30T11:07:15Z
3-11436187,https://yle.fi/uutiset/3-11436187,"Hyvä kuolema on tarjolla liian harvoille – vaikeiden oireiden lievitys kodinomaisessa rauhassa on yhtälö, jonka onnistumisen ratkaisee yhä asuinpaikka",2020-07-07T15:30:00Z
3-11233554,https://yle.fi/uutiset/3-11233554,"Miten meni omasta mielestä? Näin kansanedustajat listasivat onnistumisiaan: hoitajamitoitus, lakialoite, jumppatunti, perhe yhä koossa",2020-03-03T08:30:51Z
3-11341894,https://yle.fi/uutiset/3-11341894,"Tampereen ratikan kaksoisraiteista puuttuu enää 822 metriä – testivaunulla ajettu jo täyttä vauhtia: ""Ratapölkyt välkkyvät vaan alla""",2020-05-11T05:31:00Z
3-11196165,https://yle.fi/uutiset/3-11196165,Yhä useampi joutuu pakkoyrittäjäksi ja yhä useammalla työpaikalla jylläävät tunteet – nämä ovat työelämän trendit 2020,2020-02-10T04:00:00Z
3-11576305,https://yle.fi/uutiset/3-11576305,Ylen kysely satakuntalaisille kansanedustajille: Valtion pitäisi tukea Porin lentoliikennettä ,2020-10-05T04:02:16Z
3-11394622,https://yle.fi/uutiset/3-11394622,Markus Lohi on nousemassa sosiaali- ja terveysvaliokunnan puheenjohtajaksi,2020-06-10T11:07:34Z
3-11364241,https://yle.fi/uutiset/3-11364241,"Satakunnan kansanedustajat vaativat valtiota huomioimaan Porin lentoyhteyden: ""Ilman lentoja Satakunta on pussinperä""",2020-05-22T11:52:19Z
3-11652491,https://yle.fi/uutiset/3-11652491,"Maija-Liisa Tiusanen salakuljetti rajalle ihmisiä, joita Etelä-Afrikan rotusortokoneisto vainosi – ""Ajattelin, että eivät ne minua uskalla tappaa tai kiduttaa""",2020-12-06T05:05:00Z
3-11212596,https://yle.fi/uutiset/3-11212596,"Uusimmat tiedot koronaviruksesta: Oulun teatteri lomauttaa koko henkilöstönsä, Saksa rajoittaa Astra Zenecan rokotteen käyttöä alle 60-vuotiailla",2020-02-17T15:00:07Z
3-11705437,https://yle.fi/uutiset/3-11705437,Ravintolamestarit aloittaa museon ja kirjaston yhteisessä kahvilassa – kahvittelu alkaa helmikuussa,2020-12-18T10:16:21Z
3-11673663,https://yle.fi/uutiset/3-11673663,Salo purki sote-johtaja Jussi Mattilan työsuhteen,2020-11-30T14:23:28Z
3-11644110,https://yle.fi/uutiset/3-11644110,Ruokolahden kunnanjohtajaksi haki 11 ihmistä – yksi hakijoista Puumalan kunnanjohtaja Matias Hilden,2020-11-12T10:25:56Z
3-11420037,https://yle.fi/uutiset/3-11420037,"Pyörävarkaudet rehottavat Oulussa – komisario: ""Eihän niitä varastettaisi ja myytäisi, jos ei niitä joku ostaisi""",2020-06-26T09:42:56Z
3-11526912,https://yle.fi/uutiset/3-11526912,"Kankaanpään Opisto ottaa vastuun musiikkiopiston toiminnasta: ""Ensimmäiset flyygelit on jo kannettu Aspintaloon""",2020-09-04T05:12:13Z
3-11521353,https://yle.fi/uutiset/3-11521353,Pyörtääkö Sysmä päätöksensä Nuoramoisten kyläkoulun lopetuksesta? Valtuutetut vaativat jatkoaikaa koululle,2020-09-02T07:54:19Z
3-11716496,https://yle.fi/uutiset/3-11716496,Lue tästä Pohjois-Savon koronapäivitykset 1.10.–22.12.,2020-12-28T12:53:32Z
3-11210988,https://yle.fi/uutiset/3-11210988,Etsivätoimisto Henkka ja Kivimutka -elokuvaan etsitään lapsitähtiä – ohjaaja: kuvausten aikaan kannattaa katsoa Lahden taivaalle,2020-02-15T14:23:07Z
3-11668153,https://yle.fi/uutiset/3-11668153,Lue tästä Uudenmaan koronapäivitykset 1.-30.11.,2020-11-26T15:18:04Z
3-11663578,https://yle.fi/uutiset/3-11663578,Lue tästä koronapäivitykset 22.11.–12.12.,2020-11-24T16:23:30Z
3-11481491,https://yle.fi/uutiset/3-11481491,Lue tästä Uudenmaan koronapäivitykset 13.7-23.8.,2020-08-06T05:41:51Z
3-11357271,https://yle.fi/uutiset/3-11357271,Lue tästä Varsinais-Suomen koronapäivitykset 16.3.–15.5.,2020-05-23T08:29:13Z
3-11268719,https://yle.fi/uutiset/3-11268719,Fahamka Koronada,2020-03-20T16:24:49Z
3-11697140,https://yle.fi/uutiset/3-11697140,Lue tästä koronapäivitykset 13.–29.12. ,2020-12-15T04:12:33Z
3-11466892,https://yle.fi/uutiset/3-11466892,Lue tästä koronapäivitykset 21.7.–20.8.,2020-07-27T09:25:36Z
3-11536702,https://yle.fi/uutiset/3-11536702,Lue tästä koronapäivitykset 8.9.–30.9.,2020-09-10T04:00:23Z
3-11583480,https://yle.fi/uutiset/3-11583480,Lue tästä Uudenmaan koronapäivitykset 1.-31.10.,2020-10-26T14:15:56Z
3-11556586,https://yle.fi/uutiset/3-11556586,Lue tästä Lapin koronapäivitykset 5.8.–17.9. 2020,2020-09-21T16:39:44Z
3-11323077,https://yle.fi/uutiset/3-11323077,Lue tästä koronapäivitykset 22.4.–11.5.,2020-04-26T06:37:53Z
3-11254317,https://yle.fi/uutiset/3-11254317,Lue tästä koronaviruspäivitykset 17.2.–23.3.,2020-03-12T15:16:25Z
3-11275130,https://yle.fi/uutiset/3-11275130,Lue tästä koronapäivitykset 24.3.–5.4.,2020-03-25T18:35:43Z
3-11507330,https://yle.fi/uutiset/3-11507330,Lue tästä koronapäivitykset 21.8.– 7.9.,2020-08-23T08:38:17Z
3-11302926,https://yle.fi/uutiset/3-11302926,Lue tästä koronapäivitykset 4.4.–21.4.,2020-04-11T03:46:44Z
3-11268675,https://yle.fi/uutiset/3-11268675,خبرهای مربوط به ویروس کرونا به زبان فارسی و دری,2020-03-20T16:37:55Z
