id,url,title,date_modified
3-11310038,https://yle.fi/uutiset/3-11310038,"Yksi kokoustaa shortseissa ja kauluspaidassa, toinen innostui leipomaan suurperheen mitoilla – näin sujuu kansanedustajien etätyöarki",2020-04-18T07:30:00Z
3-11474945,https://yle.fi/uutiset/3-11474945,"Keskustan kansanedustajat puheenjohtajakamppailusta: ""Tästä tulee tiukkaa"", ""Katri kantoi vastuun virheistä, jotka eivät ole hänen"" ",2020-07-31T13:21:22Z
3-11246594,https://yle.fi/uutiset/3-11246594,"Asevelvollisuus voi kokea ison mullistuksen: Puolueissa on valmiutta kutsuntoihin kaikille ja kansalaispalveluun, armeijaa arvostellaan valikoinnista",2020-03-07T15:47:59Z
3-11454460,https://yle.fi/uutiset/3-11454460,Katri Kulmunin tukijalista julki – mukana muun muassa Juha Mieto ja Sirkka-Liisa Anttila,2020-07-17T14:29:17Z
3-11547265,https://yle.fi/uutiset/3-11547265,Miljoonia ropisee Keski-Suomen liikenneyhteyksille: budjetista rahaa nelostien ja Jyväskylä-Tampere raidevälin investointeihin,2020-09-16T13:10:50Z
3-11707319,https://yle.fi/uutiset/3-11707319,Joonas Köntän karanteeni on ohi mutta sairausloma jatkuu vielä,2020-12-19T07:28:55Z
3-11684882,https://yle.fi/uutiset/3-11684882,Ylen kysely: Kokoomuksen ja RKP:n kansanedustajia kaihertaa hallituksen ratkaisu sote-rahoista – keskustalta ja SDP:ltä kiitosta,2020-12-08T03:47:00Z
3-11541634,https://yle.fi/uutiset/3-11541634,Äärioikeistotutkija pitää murhayritystä poikkeuksellisena – sisäministeri Ohisalon mukaan näyttöä äärijärjestöjen kieltämiselle etsitään,2020-09-12T15:51:38Z
3-11641827,https://yle.fi/uutiset/3-11641827,"Eduskunta kiisteli Suomen ulko- ja turvallisuuspolitiikasta, oppositio moitti hallituksen hämärtävän tärkeän selonteon roolia",2020-11-11T11:18:34Z
3-11696436,https://yle.fi/uutiset/3-11696436,Kansanedustaja Joonas Köntän sairausloma jatkuu eduskunnan joululomaan asti – koronavirustartuntaan sairastuneella edustajalla on lihaskipuja ,2020-12-14T13:05:26Z
3-11189968,https://yle.fi/uutiset/3-11189968,"Uudet kansanedustajat työstään: Istuntosali kuin show-painiareena, valtaa käytetään valiokunnissa – ""Hyvä, että siellä ollaan suljettujen ovien takana""",2020-02-09T05:58:00Z
3-11327998,https://yle.fi/uutiset/3-11327998,"Pääministeri Marin antoi eduskunnalle ilmoituksen koronakriisin hoidosta: ""Epidemian vaikutukset yllättivät"", ""kannan suojavarusteista kovaa huolta""",2020-04-29T10:00:22Z
3-11462254,https://yle.fi/uutiset/3-11462254,Jyväskylän yliopiston uusi koulutus on pitkän vaikuttamistyön tulosta: “Tarjonnan laajeneminen parantaa merkittävästi koko Jyväskylän vetovoimaa”,2020-07-23T10:50:09Z
3-11519122,https://yle.fi/uutiset/3-11519122,Keski-Suomen koronatestaus saa vaalipiirin kansanedustajilta risuja mutta myös ymmärrystä,2020-09-03T12:04:30Z
3-11378600,https://yle.fi/uutiset/3-11378600,"Koronakriisin kolhimien yritysten tukeminen kuuluu valtiolle, sanoo Keski-Suomen kansanedustajien enemmistö",2020-06-04T03:00:00Z
3-11227718,https://yle.fi/uutiset/3-11227718,Laajakaista kaikille muuttui murheeksi muutamille – Keski-Suomen kansanedustajien enemmistö haluaa lisää valtion rahaa kuntien verkkoihin,2020-03-03T04:15:00Z
3-11330066,https://yle.fi/uutiset/3-11330066,Keskisuomalaiset kansanedustajat eivät innostu siirtämään kesämökkiläisten terveydenhuoltoa kuntien vastuulle,2020-05-04T15:00:00Z
3-11182565,https://yle.fi/uutiset/3-11182565,Tuulivoiman maihinnousu tuo paineita kaavoitukseen - Keski-Suomen kansanedustajien enemmistö lisäisi tuulivoima-alueita maakunnassa,2020-01-30T17:35:00Z
3-11297180,https://yle.fi/uutiset/3-11297180,Kansanedustajat eivät usko kuntaliitosten pelastavan ahdinkoon joutuvia kuntia – valtio saa auttaa koronakriisissä,2020-04-08T07:15:41Z
3-11686472,https://yle.fi/uutiset/3-11686472,Keski-Suomen kansanedustajat toivovat valtiolta lisätukea talousvaikeuksiin ajautuneille urheiluseuroille,2020-12-08T12:53:51Z
3-11592341,https://yle.fi/uutiset/3-11592341,Maanomistajille oikeus kieltää malminetsintä? – Valtaosa Keski-Suomen kansanedustajista tiukentaisi kaivoslakia,2020-10-13T14:15:00Z
3-11621065,https://yle.fi/uutiset/3-11621065,Valtaosa Keski-Suomen kansanedustajista lähtee ehdolle kunnallisvaaleihin – pitkän valtuustouran tehnyt keskustan Anne Kalmari jää pois,2020-11-02T12:35:16Z
3-11628470,https://yle.fi/uutiset/3-11628470,Perussuomalaisten Jouni Kotiaho Jämsästä ylsi tuloillaan istuvien kansanedustajien kärkiviisikkoon,2020-11-03T13:17:26Z
3-11535554,https://yle.fi/uutiset/3-11535554,Lue tästä aiemmat Keski-Suomen koronatiedot,2020-09-09T11:54:57Z
3-11663578,https://yle.fi/uutiset/3-11663578,Lue tästä koronapäivitykset 22.11.–12.12.2020,2020-11-24T16:23:30Z
