id,url,title,date_modified
3-11631359,https://yle.fi/uutiset/3-11631359,Psykoterapiakeskus Vastaamon palvelut ostokieltoon Helsingissä – apulaispormestari Vesikansa: Emme ohjaa enää yhtään uutta asiakasta Vastaamoon,2020-11-04T19:01:22Z
3-11246594,https://yle.fi/uutiset/3-11246594,"Asevelvollisuus voi kokea ison mullistuksen: Puolueissa on valmiutta kutsuntoihin kaikille ja kansalaispalveluun, armeijaa arvostellaan valikoinnista",2020-03-07T15:47:59Z
3-11570702,https://yle.fi/uutiset/3-11570702,Lakivaliokunta hyväksyi kansalaisaloitteen: tyttöjen sukuelinten silpominen tehtävä laissa rangaistavaksi nykyistä selkeämmin ,2020-09-30T08:37:50Z
3-11388087,https://yle.fi/uutiset/3-11388087,"""Pöhkö, mutta melko vaaraton moka"", ""Raju ratkaisu"" – näin poliitikot luonnehtivat Kulmunin eroa",2020-06-05T16:44:43Z
3-11617690,https://yle.fi/uutiset/3-11617690,"Ylen kysely kansanedustajille: Trumpin kausi ei ollut eduksi Suomelle, sanoo enemmistö vastanneista – ""En usko, että tuollainen tolvana on ollut hyödyksi juuri kenellekään""",2020-11-02T09:37:46Z
3-11379018,https://yle.fi/uutiset/3-11379018,"Pitäisikö perheen itse saada valita, onko lapsi etä- vai lähiopetuksessa? Näin Suomen koronapesäkkeen kansanedustajien äänet jakautuvat",2020-06-02T10:53:51Z
3-11684882,https://yle.fi/uutiset/3-11684882,Ylen kysely: Kokoomuksen ja RKP:n kansanedustajia kaihertaa hallituksen ratkaisu sote-rahoista – keskustalta ja SDP:ltä kiitosta,2020-12-08T03:47:00Z
3-11400075,https://yle.fi/uutiset/3-11400075,"""Miksi naispoliitikoille ei sallita virheitä?"" somessa kysyttiin, kun Katri Kulmuni erosi – sukupuolella on merkitystä, sanovat tutkijat",2020-06-14T09:45:00Z
