id,url,title,date_modified
3-11576421,https://yle.fi/uutiset/3-11576421,"Jo valittu kunnanjohtaja kieltäytyi pestistä, joka olisi päättynyt ilman kultaista kädenpuristusta - asiantuntija ihmettelee pikkukunnan sooloilua",2020-10-02T12:46:56Z
3-11509728,https://yle.fi/uutiset/3-11509728,"Ex-ministeri Kimmo Tiilikainen pyrki pikkukunnan johtajaksi ja voiton piti olla varma – kun hän hävisi kisan yhdellä äänellä, voittajakin järkyttyi",2020-08-25T11:36:33Z
3-11692626,https://yle.fi/uutiset/3-11692626,Pyörä- ja kävelyteiden rakentaminen on saamassa rahaa Kouvolassa ja Pyhtäällä,2020-12-11T10:48:58Z
3-11685555,https://yle.fi/uutiset/3-11685555,Ruokolahti pitää sote-kiinteistöt itsellään  – aiesopimus Mehiläisen kanssa raukeaa,2020-12-07T14:20:40Z
3-11569777,https://yle.fi/uutiset/3-11569777,Ruokolahden kunnanvaltuusto muotoili sopimuksen uusiksi – kunnanjohtajan palkkaa alennettiin ja sopimukseen lisättiin koeaika,2020-09-29T15:30:00Z
