id,url,title,date_modified
3-11589402,https://yle.fi/uutiset/3-11589402,"Oppositio toistaiseksi varovainen sote-esityksen arvostelussa – Anna-Kaisa Ikonen: ""Onko ohitettu alueitten antama palaute?""",2020-10-10T14:06:42Z
3-11525509,https://yle.fi/uutiset/3-11525509,"Puoluekokous alkaa Porissa – Kokoomusväki koolle ensi kertaa oppositiossa, Orpo jatkoon ilman haastajia ",2020-09-04T03:02:00Z
3-11530160,https://yle.fi/uutiset/3-11530160,"Häkkänen, Lepomäki ja Ikonen kokoomuksen varapuheenjohtajiksi ",2020-09-06T09:48:21Z
3-11486192,https://yle.fi/uutiset/3-11486192,"Anna-Kaisa Ikonen: ""Koulupsykologien ja -kuraattorien siirto maakuntiin on virhe""",2020-08-10T06:53:34Z
3-11190253,https://yle.fi/uutiset/3-11190253,Pirkanmaalaiset kokoomusedustajat eivät tyrmää yhteistyötä perussuomalaisten kanssa,2020-02-03T13:50:24Z
3-11646187,https://yle.fi/uutiset/3-11646187,Tampereen valtuusto päätti talousarviosta 12 tunnin maratonkokouksessa – suuria investointeja ja tukea nuorille ,2020-11-16T06:39:01Z
3-11528760,https://yle.fi/uutiset/3-11528760,"Petteri Orpo kukitettiin jatkamaan kokoomuksen johdossa, tavoitteena olla seuraava pääministeri – Yle seurasi puoluekokouksen toista päivää",2020-09-05T06:00:00Z
3-11466892,https://yle.fi/uutiset/3-11466892,Lue tästä koronapäivitykset 21.7.–20.8.,2020-07-27T09:25:36Z
3-11355290,https://yle.fi/uutiset/3-11355290,"Lue tästä koronaviruspäivitykset 12.5.–15.6.
",2020-05-16T03:49:35Z
