id,url,title,date_modified
3-11460321,https://yle.fi/uutiset/3-11460321,Kansanedustaja Wille Rydmania ei epäillä enää luvattomasta rajanylityksestä – Rajavartiolaitos lopetti asian tutkimisen,2020-07-22T12:16:47Z
3-11458820,https://yle.fi/uutiset/3-11458820,"Lapin rajavartiosto tutkii kansanedustaja Wille Rydmanin luvatonta rajanylitystä Ruotsiin – Rydman: ""En ole ylittänyt Suomen ja Ruotsin välistä rajaa""",2020-07-21T13:26:56Z
3-11672065,https://yle.fi/uutiset/3-11672065,Analyysi: Kokoomus on hallinnut Helsinkiä 40 vuotta – Vapaavuoren ja Stubbin kieltäytyminen avaa kilpailijoille iskun paikan,2020-11-29T15:21:57Z
3-11237366,https://yle.fi/uutiset/3-11237366,"Mitä Turkin ja Kreikan rajalla pitäisi tehdä? Sisäministeri Ohisalo haluaa eurooppalaisen ratkaisun, perussuomalaiset vaatii rajatarkastuksia",2020-03-02T16:34:25Z
3-11537009,https://yle.fi/uutiset/3-11537009,Yle seurasi kyselytuntia: Oppositio hiillosti hallitusta työllisyystoimista – Orpo: Korona ei ole syy jättää tekemättä,2020-09-10T12:04:10Z
3-11463968,https://yle.fi/uutiset/3-11463968,Kokoomuksen Elina Lepomäki haluaa perustilin ja ansiosidonnaisen turvan kaikille – Onko hän pohjimmiltaan demari?,2020-07-24T15:00:00Z
3-11689981,https://yle.fi/uutiset/3-11689981,Analyysi: Perustuslakivaliokunnassa on kriisipalaverin paikka – perustuslain vartijaa uhkaavat politisoituminen ja vuodot,2020-12-09T20:31:42Z
3-11403606,https://yle.fi/uutiset/3-11403606,Perustuslakivaliokunta: perussuomalaisten kansanedustajan Juha Mäenpään syytesuoja olisi poistettava – Halla-aho syyttää politisoitumisesta,2020-06-17T08:36:38Z
3-11212596,https://yle.fi/uutiset/3-11212596,"Uusimmat tiedot koronaviruksesta: Pääkaupunkiseudulla palataan asteittain lähiopetukseen, Etelä-Suomen avi valmistelee määräystä liikuntatilojen sulkemisesta, WHO:n raportti: ei vielä selkoa viruksen alkuperästä",2020-02-17T15:00:07Z
