id,url,title,date_modified
3-11666722,https://yle.fi/uutiset/3-11666722,"Kokoomuksen entiset kansanedustajat käräjillä – toista syytetään törkeästä lahjuksen ottamisesta, toista sen antamisesta",2020-11-26T19:54:46Z
3-11225845,https://yle.fi/uutiset/3-11225845,Ex-oikeusministerin entinen erityisavustaja syytteessä törkeän lahjuksen ottamisesta,2020-02-25T04:16:34Z
3-11227553,https://yle.fi/uutiset/3-11227553,Syyttäjä: Häkkäsen ex-avustaja palautti kahdelta yrittäjältä saamansa rahat vasta poliisitutkinnan alettua,2020-02-25T18:35:56Z
3-11371867,https://yle.fi/uutiset/3-11371867,Perustuslakivaliokunnan varapuheenjohtaja Häkkänen: Hallituksen otettava huomioon alueiden erilainen tautitilanne ravintoloita avattaessa,2020-05-27T19:05:56Z
3-11373247,https://yle.fi/uutiset/3-11373247,Paine alueellisiin koronarajoituksiin kasvaa –  tautitilanteen erot otettava huomioon viimeistään juhannuksena,2020-05-28T15:32:36Z
3-11220420,https://yle.fi/uutiset/3-11220420,Lehdet: Häkkänen ja Lepomäki eivät pyri kokoomuksen johtoon haastamaan Orpoa,2020-02-21T04:02:24Z
3-11525509,https://yle.fi/uutiset/3-11525509,"Puoluekokous alkaa Porissa – Kokoomusväki koolle ensi kertaa oppositiossa, Orpo jatkoon ilman haastajia ",2020-09-04T03:02:00Z
3-11530160,https://yle.fi/uutiset/3-11530160,"Häkkänen, Lepomäki ja Ikonen kokoomuksen varapuheenjohtajiksi ",2020-09-06T09:48:21Z
3-11529145,https://yle.fi/uutiset/3-11529145,"Analyysi: Kokoomuksen puoluekokouksessa tuskin nähdään dramatiikkaa, mutta ainakin kolmea asiaa kannattaa silti seurata",2020-09-05T07:58:06Z
3-11206859,https://yle.fi/uutiset/3-11206859,"Analyysi: Kokoomuksessa Petteri Orpon haastajat odottavat, mitä kokoomuksen kannatukselle tapahtuu ",2020-02-15T05:00:00Z
3-11530436,https://yle.fi/uutiset/3-11530436,Analyysi: Tahdotko mahdottoman tehtävän? Ryhdy puoluejohtajaksi kuten Annika Saarikko ja Petteri Orpo,2020-09-06T17:30:36Z
3-11362854,https://yle.fi/uutiset/3-11362854,"Taipuuko Suomi EU:n yhteisvelkaan? Halla-aho: “Kun Saksa ja Ranska ovat yhteisen sävelen löytäneet, niin siinä pienempää viedään”",2020-05-20T20:01:01Z
3-11404012,https://yle.fi/uutiset/3-11404012,"Terroristiryhmään värvääminen tulisi kriminalisoida, ehdottaa oikeusministeriön työryhmä",2020-06-16T09:06:44Z
3-11226190,https://yle.fi/uutiset/3-11226190,Kokoomus listasi seitsemän tiukennusta terrorismilakeihin – hallitus perusti vastaiskuna työryhmän,2020-02-25T13:16:35Z
3-11446826,https://yle.fi/uutiset/3-11446826,Haaviston rikosepäilyn käsittely jatkuu syyskuussa – perustuslakivaliokunta varautunut käsittelemään vielä kesän aikana EU:n elvytysrahastoa,2020-07-14T08:23:27Z
3-11182364,https://yle.fi/uutiset/3-11182364,Uusi lääkärihelikopteri sai kansanedustajat vetämään reilusti kotiin päin – jopa saman puolueen sisällä edustajat ovat vankasti erimielisiä,2020-02-03T08:02:44Z
3-11400075,https://yle.fi/uutiset/3-11400075,"""Miksi naispoliitikoille ei sallita virheitä?"" somessa kysyttiin, kun Katri Kulmuni erosi – sukupuolella on merkitystä, sanovat tutkijat",2020-06-14T09:45:00Z
3-11426669,https://yle.fi/uutiset/3-11426669,"Analyysi: EU-elvytysrahoista voi tulla vielä perustuslaillinen riita Suomessa – eduskunta ja asiantuntijat täysin eri linjoilla, mitä perustuslaki sallii",2020-07-01T14:58:08Z
3-11719249,https://yle.fi/uutiset/3-11719249,"Kyllikki Viinikainen yllättyi kun autokauppa toimitti uuden kulkupelin kotiovelle: ""Näinkö hyvää palvelua on nykyisin saatavilla""
",2020-12-30T17:30:00Z
3-11678983,https://yle.fi/uutiset/3-11678983,"Perussuomalaiset penäsi kyselytunnilla hallitukselta kansanäänestystä EU-elvytyspaketista, kokoomus perussuomalaisille: ""Eduskunta ei voi olla lapanen, vätys""",2020-12-03T12:53:34Z
3-11434745,https://yle.fi/uutiset/3-11434745,Raiskauslakiuudistus ottaa uusia askeleita ja etenee lausuntokierrokselle – muistatko vielä mistä uudistuksessa on kyse?,2020-07-07T02:43:00Z
3-11337461,https://yle.fi/uutiset/3-11337461,"Yle seurasi eduskunnan keskustelua koronakriisistä –
Pääministeri Marin: ""Kirurgisia suu- ja nenäsuojaimia ei ole riittävästi koko väestön tarpeisiin""",2020-05-06T10:06:31Z
3-11695983,https://yle.fi/uutiset/3-11695983,"Hallitus ja oppositio kinastelivat sotesta – Kiuru hermostui kokoomukselle: ""En ymmärrä tätä jankkaamista"", kokoomus piti uudistusta sutena jo syntyessään",2020-12-14T10:45:17Z
3-11638708,https://yle.fi/uutiset/3-11638708,Kokoomusjohto tyytymätön puolueen suosioon Ylen mittauksessa – Puoluesihteeri Kokko: “Kokoomukselle ei sovi perinteinen oppositiopolitiikka”,2020-11-09T15:24:31Z
3-11440781,https://yle.fi/uutiset/3-11440781,"Miksi kokoonnutte pommisuojassa, kiiruhdatteko Haaviston rikosepäilyn käsittelyä? 7 kysymystä perustuslakivaliokunnan puheenjohtajalle",2020-07-12T04:47:00Z
3-11355290,https://yle.fi/uutiset/3-11355290,"Lue tästä koronaviruspäivitykset 12.5.–15.6.
",2020-05-16T03:49:35Z
