id,url,title,date_modified
3-11358393,https://yle.fi/uutiset/3-11358393,"Kainuun kansanedustajat eivät hyväksy lentomottia – Merja Kyllönen: ""Nyt kuohuu koko eduskunta, maakunnat ja muut toimijat""",2020-05-19T05:10:26Z
3-11225885,https://yle.fi/uutiset/3-11225885,"Kainuulaiset kansanedustajat haluavat tasapuolisuutta sähkönsiirtohintoihin – Kettunen: ""Sähköverkko on oltava kohtuuhintainen eikä mikään bisneskeinottelun raha-automaatti""",2020-02-25T05:26:08Z
3-11196061,https://yle.fi/uutiset/3-11196061,Terrafamen uraanilupa saa kannatusta kainuulaisilta kansanedustajilta – Merja Kyllönen muutti kantaansa,2020-02-06T13:56:25Z
3-11317006,https://yle.fi/uutiset/3-11317006,Lue tästä Kainuun koronapäivitykset 6. maaliskuuta – 20. huhtikuuta,2020-04-22T07:52:02Z
