id,url,title,date_modified
3-11687275,https://yle.fi/uutiset/3-11687275,"Kansanedustaja Arto Satosella on todettu koronavirustartunta: ""Olo on tällä hetkellä kohtuullisen hyvä""",2020-12-08T13:04:41Z
3-11688108,https://yle.fi/uutiset/3-11688108,"Perustuslakivaliokunnan puheenjohtaja Johanna Ojala-Niemelällä  aivokasvain – Antti Rinne ehdolla tilalle, Antti Lindtman ei lähde varapuhemieheksi",2020-12-09T04:52:48Z
3-11687272,https://yle.fi/uutiset/3-11687272,Kansanedustaja Arto Satosella on todettu koronatartunta ,2020-12-08T13:04:16Z
3-11190253,https://yle.fi/uutiset/3-11190253,Pirkanmaalaiset kokoomusedustajat eivät tyrmää yhteistyötä perussuomalaisten kanssa,2020-02-03T13:50:24Z
3-11663578,https://yle.fi/uutiset/3-11663578,Lue tästä koronapäivitykset 22.11.–12.12.,2020-11-24T16:23:30Z
