id,url,title,date_modified
3-11529145,https://yle.fi/uutiset/3-11529145,"Analyysi: Kokoomuksen puoluekokouksessa tuskin nähdään dramatiikkaa, mutta ainakin kolmea asiaa kannattaa silti seurata",2020-09-05T07:58:06Z
3-11530160,https://yle.fi/uutiset/3-11530160,"Häkkänen, Lepomäki ja Ikonen kokoomuksen varapuheenjohtajiksi ",2020-09-06T09:48:21Z
3-11190893,https://yle.fi/uutiset/3-11190893,Ympäristojärjestöjä korpesi turpeen verotuen jatkaminen hallituksen ilmastotoimissa,2020-02-03T18:21:37Z
3-11243279,https://yle.fi/uutiset/3-11243279,"Oppositio hiillosti hallitusta Suomen kannasta Kreikan turvapaikanhakijoihin – ""Kulmunin ja Ohisalon kannat ovat ristiriidassa"" ",2020-03-05T13:12:08Z
3-11528760,https://yle.fi/uutiset/3-11528760,"Petteri Orpo kukitettiin jatkamaan kokoomuksen johdossa, tavoitteena olla seuraava pääministeri – Yle seurasi puoluekokouksen toista päivää",2020-09-05T06:00:00Z
3-11525509,https://yle.fi/uutiset/3-11525509,"Puoluekokous alkaa Porissa – Kokoomusväki koolle ensi kertaa oppositiossa, Orpo jatkoon ilman haastajia ",2020-09-04T03:02:00Z
3-11251279,https://yle.fi/uutiset/3-11251279,Oulun vaalipiirin kansanedustajat kannattavat mahdollisuutta valita  päivähoito- tai koulupaikka myös naapurikunnan puolelta ,2020-03-12T06:19:48Z
3-11686207,https://yle.fi/uutiset/3-11686207,Oulun vaalipiirin kansanedustajakyselyn vastaajista suurin osa haluaa lisätukea kulttuurille korona-aikana,2020-12-08T10:31:46Z
3-11335458,https://yle.fi/uutiset/3-11335458,Saako hoivakodin asukkaan lukita huoneeseensa? Oulun vaalipiirin kansanedustajilla eroavia mielipiteitä ,2020-05-05T10:37:33Z
3-11579303,https://yle.fi/uutiset/3-11579303,"Valtaosa Oulun vaalipiirin kansanedustajista laittaisi valtion turvaamaan lentoliikenteen jatkumista, jos markkinaehtoista toimijaa ei löydy",2020-10-05T10:32:07Z
3-11297770,https://yle.fi/uutiset/3-11297770,Oulun vaalipiirin kansanedustajilta ymmärrystä turveyrittäjien valtiontuelle toimialan muutoksessa,2020-04-08T10:19:58Z
3-11378471,https://yle.fi/uutiset/3-11378471,Oulun vaalipiirin kansanedustajat haluaisivat lisärahaa yksityisteiden kunnostukseen ,2020-06-02T12:51:24Z
