id,url,title,date_modified
3-11390233,https://yle.fi/uutiset/3-11390233,Analyysi: Matti Vanhasesta pääministeri Sanna Marinin paras kaveri – entinen pääministeri ei lähde hallitukseen leikkimään,2020-06-08T10:09:56Z
3-11587429,https://yle.fi/uutiset/3-11587429,Mitä haluat kysyä Matti Vanhaselta?,2020-10-09T11:13:23Z
3-11389472,https://yle.fi/uutiset/3-11389472,Kulmuni vakuuttaa Twitterissä: keskusta jatkaa hallituksessa – Matti Vanhasen mukaan huhut hallituksen kaatamisesta ylidramatisoituja,2020-06-07T10:47:35Z
3-11390552,https://yle.fi/uutiset/3-11390552,"Uusi rahakirstun vartija Matti Vanhanen toimiikin pääministeri Marinin sijaisena, vaikka ei ensin halunnut: ""Porukka vetosi, tein myönnytyksen""",2020-06-09T03:08:00Z
3-11654812,https://yle.fi/uutiset/3-11654812,"Suomalaiset kiristäisivät osake- ja vuokratuottojen veroa – Rahaministeri Vanhanen: ""Kohteliaasti sanottuna, vastaajien kanta on väärä""",2020-11-19T14:07:11Z
3-11489697,https://yle.fi/uutiset/3-11489697,Valtiovarainministeriön on määrä saada valmiiksi ehdotuksensa ensi vuoden budjetiksi,2020-08-12T05:51:19Z
3-11404359,https://yle.fi/uutiset/3-11404359,Hallitus lykkää loppukesän budjettiriihen puoluekokousten yli – ministeriöiden narinakierros jää historiaan,2020-06-16T12:50:41Z
3-11589385,https://yle.fi/uutiset/3-11589385,Professori autoilun verottamisesta: Paikantamiseen perustuva maksujärjestelmä saadaan pystyyn muutamassa vuodessa,2020-10-10T16:00:00Z
3-11484119,https://yle.fi/uutiset/3-11484119,"Valtiovarainministeri Vanhanen: Nyt on elvytyksen, ei leikkauslistojen aika",2020-08-07T14:22:09Z
3-11390535,https://yle.fi/uutiset/3-11390535,Anu Vehviläinen nousemassa eduskunnan uudeksi puhemieheksi – keskusta valitsi Vanhasen seuraajaehdokkaan  ,2020-06-08T12:48:08Z
3-11589093,https://yle.fi/uutiset/3-11589093,Valtiovarainministeri Vanhanen ehdottaa: Liikenteen verotus voisi perustua paikannukseen ,2020-10-10T08:53:22Z
3-11400871,https://yle.fi/uutiset/3-11400871,Valtiovarainministeri Vanhanen: Elvytystä ei voi jatkaa loputtomiin – sopeutustoimet edessä jo tällä vaalikaudella,2020-06-13T10:47:19Z
3-11441397,https://yle.fi/uutiset/3-11441397,Riikka Pakarinen nousee valtiovarainministerin EU-erityisavustajaksi,2020-07-09T12:16:40Z
3-11612412,https://yle.fi/uutiset/3-11612412,"Pelastaako tämä edes osittain Suomen matkailun? EU:n vähintään 2,3 miljardin euron elvytysrahasta siivu aiotaan laittaa alan tukemiseen",2020-10-28T16:55:00Z
3-11490058,https://yle.fi/uutiset/3-11490058,Valtiovarainministeriö esitteli lähes 62 miljardin euron budjetin – oppositio arvostelee työllisyystoimien puutteesta,2020-08-12T10:24:43Z
3-11402857,https://yle.fi/uutiset/3-11402857,"Annika Saarikko harkitsee puheenjohtajakisaan lähtöä elokuuhun – poliittinen todellisuus muuttui äitiysloman aikana: ""Oikein mikään ei ole entisellään""",2020-06-18T03:44:00Z
3-11542208,https://yle.fi/uutiset/3-11542208,"Marin ja Vanhanen: Talouden epävarmuus heijastuu voimakkaasti budjettiin, HS kertoo työttömien työnhakuvelvoitteen kiristymisestä – Yle seurasi budjettiriihen ensimmäistä päivää",2020-09-14T04:47:00Z
3-11391332,https://yle.fi/uutiset/3-11391332,Keskustan puheenjohtaja Kulmuni A-studiossa: En aio osallistua hallituksen valmisteluun,2020-06-08T18:59:41Z
3-11433860,https://yle.fi/uutiset/3-11433860,"MT: Matti Vanhanen ei halua keskustan puheenjohtajaksi eikä ehdolle presidentinvaaleihin – ""Sanon, etten pyri enää mihinkään""",2020-07-05T03:28:58Z
3-11431218,https://yle.fi/uutiset/3-11431218,Valtiovarainministeri Vanhanen Ykkösaamussa: Talouspolitiikkaan kiristyksiä aikaisintaan vuonna 2022,2020-07-03T06:24:30Z
3-11542512,https://yle.fi/uutiset/3-11542512,"Vanhanen budjettiriihestä: Meillä on tavattoman iso epävarmuus siitä, mitä ensi vuosi tuo eteensä, ja se on ylivoimaisesti vaikein asia",2020-09-14T06:31:52Z
3-11569494,https://yle.fi/uutiset/3-11569494,Työllisyyskeinoista edessä ankara väittely – kolme keskeistä kiistakohtaa hallituksen talouspolitiikasta,2020-09-30T03:03:00Z
3-11390075,https://yle.fi/uutiset/3-11390075,"Kuka on valtiovarainministeri Matti Vanhanen? Entinen pääministeri, talonrakentaja ja kesälampuri",2020-06-08T13:23:14Z
3-11390815,https://yle.fi/uutiset/3-11390815,"Vanhanen A-studiossa: Keskusta vaikeassa saumassa, Suomi vielä vaikeammassa",2020-06-08T16:05:00Z
3-11399365,https://yle.fi/uutiset/3-11399365,"Matti Vanhanen päätyi ministeriksi, vaikka ei omien sanojensa mukaan pyrkinyt tehtävään – miksi poliitikon pitää esittää vaikeasti tavoiteltavaa? ",2020-06-12T14:41:26Z
3-11438332,https://yle.fi/uutiset/3-11438332,Pääministeri Sanna Marin: Hallituksen takaraja työllisyystoimien sopimiseksi venyy kohti loppuvuotta – Vanhanen: Päätöksiä tehdään,2020-07-08T09:02:17Z
3-11581615,https://yle.fi/uutiset/3-11581615,"EU-maat käyttävät elvytysrahastosta 37 prosenttia ilmastotoimiin, Suomi olisi satsannut siihen puolet rahoista",2020-10-06T14:01:24Z
3-11695861,https://yle.fi/uutiset/3-11695861,Ylen kysely: Yli puolet haluaa säilyttää eläkeputken – Asiantuntijan mukaan poistamisesta 50-100 miljoonan euron lasku työnantajille,2020-12-16T13:02:21Z
3-11693624,https://yle.fi/uutiset/3-11693624,"Työministeri Haatainen tukkisi eläkeputken vasta elvytysvuosien jälkeen – ministeri TV 1:n Ykkösaamussa lauantaina
",2020-12-12T06:31:19Z
3-11510304,https://yle.fi/uutiset/3-11510304,Omistajaohjausministeri Tuppurainen ja työministeri Haatainen lupaavat tukea Finnairin työntekijöille,2020-08-25T10:33:18Z
3-11687355,https://yle.fi/uutiset/3-11687355,Perustuslakivaliokunnalta odotetaan tänään ratkaisua Haavisto-asiassa – pöydällä kolme eri vaihtoehtoa,2020-12-09T04:03:00Z
3-11406229,https://yle.fi/uutiset/3-11406229,Janne Saarikiven kolumni: Matti Vanhanen on kuva Suomen vahvuuksista ja heikkouksista,2020-06-30T03:45:00Z
3-11671928,https://yle.fi/uutiset/3-11671928,"Matti Vanhanen: Leikkausten ja sopeuttamisen aika on aikaisintaan vasta vuonna 2022, nyt elvytetään",2020-11-29T16:00:00Z
3-11392088,https://yle.fi/uutiset/3-11392088,"Uusi puhemies Vehviläinen kuvailee olevansa ryhmäpelaaja ja toivoo, että vastustajia kunnioitetaan kiihkeidenkin väittelyiden aikana",2020-06-09T10:06:36Z
3-11568793,https://yle.fi/uutiset/3-11568793,Valtiovarainministeri Vanhanen haluaa yrityksille uuden mittavan yleistuen – kokonaissumma nousemassa ainakin yli sataan miljoonaan ,2020-09-29T11:18:24Z
3-11459259,https://yle.fi/uutiset/3-11459259,"Valtiovarainministeri Matti Vanhanen Ylen aamussa: Suomi ei ollut liian kiltti – ""nuukat maat"" edelleen suurempia nettomaksajia ",2020-07-22T06:26:16Z
3-11390741,https://yle.fi/uutiset/3-11390741,"Hallitus päättänee torstaina matkustussuosituksista esimerkiksi Norjaan – pääministeri Marin hallitusyhteistyöstä: ""Viisikon luonne muuttuu jatkossa""",2020-06-09T05:30:00Z
3-11392856,https://yle.fi/uutiset/3-11392856,Analyysi: Kulmunin huono kierre – keskustalaiset haluavat puheenjohtajakisan ,2020-06-09T14:16:40Z
3-11491147,https://yle.fi/uutiset/3-11491147,"Kolme talousvaikuttajaa kommentoi budjettiesitystä Ylelle – näissä asioissa onnistuttiin, mutta parannettavaakin jäi: ""Aika yllätyksetön""",2020-08-12T15:56:47Z
3-11249761,https://yle.fi/uutiset/3-11249761,"Eduskunta lopettaa yleisövierailut, myös Nuorten parlamentin kokoontuminen perutaan koronaviruksen varalta",2020-03-10T12:10:00Z
3-11390374,https://yle.fi/uutiset/3-11390374,Keskustan Kulmuni selittää yllättävää esitystään eläkeiän nostamisesta – väläyttää eläkeputken poistamista,2020-06-08T10:08:53Z
3-11530908,https://yle.fi/uutiset/3-11530908,Turpeesta tulossa iso vääntö budjettiriihessä – Annika Saarikko: Keskusta noudattaa turvekysymyksessä hallitusohjelmaa,2020-09-07T04:59:05Z
3-11674375,https://yle.fi/uutiset/3-11674375,"Pankkien yhteisvastuu EU:ssa lisääntyy – ""Suomi haluaa, että pankkijärjestelmä huolehtii omista virheistään"", Matti Vanhanen sanoo ",2020-12-01T10:29:50Z
3-11171153,https://yle.fi/uutiset/3-11171153,"Miksi puolueet valitsevat omiaan korkeisiin virkoihin? Puhemies Matti Vanhanen: ""En antaisi synninpäästöä millekään porukalle""",2020-01-22T18:42:24Z
3-11483109,https://yle.fi/uutiset/3-11483109,Alkoholiveroa voidaan korottaa jo ensi vuodeksi – viime vuonna Virosta tuotiin aiempaa enemmän mietoja ja vähemmän vahvoja juomia,2020-08-07T05:09:45Z
3-11626861,https://yle.fi/uutiset/3-11626861,Yle selvitti poliitikkojen usean vuoden tulot: pienipalkkaiset naiset nousivat vallan huipulle – pääministeri Marin kuusinkertaisti ansionsa,2020-11-03T15:48:42Z
3-11409840,https://yle.fi/uutiset/3-11409840,Vanhanen haluaa jatkaa valtiovarainministerinä syyskuun jälkeen,2020-06-18T16:22:54Z
3-11551533,https://yle.fi/uutiset/3-11551533,"Professori ennakoi EU:n elpymispaketin syventävän integraatiota – valtiovarainministeri Vanhanen myöntää havainneensa hivutusyrityksiä kohti liittovaltiota: ""Päättäjien täytyy pitää päät kylminä""",2020-09-18T14:30:53Z
3-11705688,https://yle.fi/uutiset/3-11705688,Eduskunta valitsi Tarja Filatovin ensimmäiseksi varapuhemieheksi Antti Rinteen tilalle,2020-12-18T11:17:19Z
3-11396340,https://yle.fi/uutiset/3-11396340,"Oppositio syytti hallitusta EU:n elvytysrahaston asiakirjojen salaamisesta – Tuppurainen myönsi kömmähdyksen, mutta muuten kysymys on aivan normaalista menettelystä",2020-06-11T12:00:00Z
3-11493323,https://yle.fi/uutiset/3-11493323,"Analyysi: Valtiovarainministeriö esittänee tänään työllisyystoimia, joita hallituspuolueiden on vaikea hyväksyä",2020-08-14T05:00:00Z
3-11442483,https://yle.fi/uutiset/3-11442483,Panimoliiton uudeksi johtajaksi Tuula Loikkanen – edeltäjä lähti ministerin erityisavustajaksi ,2020-07-10T07:53:55Z
3-11389464,https://yle.fi/uutiset/3-11389464,"Matti Vanhanen nousee valtiovarainministeriksi: ""Velvollisuudentunto ajaa, kun kysytään painokkaasti"" – Hallitus käsittelee tiistaina ministerivaihdosta",2020-06-08T02:33:00Z
3-11389722,https://yle.fi/uutiset/3-11389722,Katri Kulmuni Ylen uutisissa: Uusi valtiovarainministeri on Suomen kannalta paras henkilö – nimistä hän ei vihjannut,2020-06-07T17:53:54Z
3-11391178,https://yle.fi/uutiset/3-11391178,"Herätys: Matti Vanhanen nimitetään ministeriksi, George Floyd haudataan Houstonissa, asuntovaunut käyvät kaupaksi koronan aikana",2020-06-09T03:25:28Z
3-11189760,https://yle.fi/uutiset/3-11189760,Paavo Väyrynen palaa keskustan jäseneksi,2020-02-03T08:36:18Z
3-11340358,https://yle.fi/uutiset/3-11340358,"Ministerit mahdollisesti altistuneet koronavirukselle, hallitus varotoimenpiteenä siirretty etätöihin – puhemies Vanhanen: koko eduskunta ei joudu eristykseen",2020-05-07T11:21:10Z
3-11393999,https://yle.fi/uutiset/3-11393999,"Oppositio moitti rahan roiskimista hankkeisiin koronan varjolla – Rahaministeri Vanhanen puolusti jättimäistä lisäbudjettia: ""Haluamme välttää 90-luvun laman virheet""",2020-06-10T10:01:26Z
3-11674329,https://yle.fi/uutiset/3-11674329,"Keskustan ytimeen palannut Väyrynen: ""Pyrin vaikuttamaan siihen, että puolue ryhtyisi toteuttamaan minun linjaani mahdollisimman pitkälti""",2020-12-01T09:25:13Z
3-11573906,https://yle.fi/uutiset/3-11573906,Kyselytunnilla sanailtiin maahanmuutosta perussuomalaisten ja ministeri Ohisalon välillä ,2020-10-01T12:22:40Z
3-11527691,https://yle.fi/uutiset/3-11527691,"Kokoomuksen Mykkänen: Jos budjettiriihessä ei tule käännettä, keskustan on jätettävä hallitus – Yle seurasi iltapäivällä alkanutta puoluekokousta",2020-09-04T13:30:31Z
3-11543927,https://yle.fi/uutiset/3-11543927,"Herätys: Budjettiriihi jatkuu, koronatestaus muuttunut ripeämmäksi, Viron tartuntalukuja seurataan erityisesti syyslomien alla",2020-09-15T03:15:00Z
3-11609569,https://yle.fi/uutiset/3-11609569,"Hallitus sai 1,5 miljardin euron lisäbudjetin valmiiksi – lisärahaa koronatoimiin, yritysten kustannustuki kasvoi 550 miljoonaan euroon ",2020-10-23T08:29:48Z
3-11389477,https://yle.fi/uutiset/3-11389477,Oikeustieteen professorin mielestä Kulmunin tapaus ei tuoksahda isolta jutulta oikeudellisesta näkökulmasta,2020-06-07T13:54:04Z
3-11499641,https://yle.fi/uutiset/3-11499641,Kokoomus haastaa hallituksen työllisyyspolitiikan – lupaa Suomeen 100 000 uutta työpaikkaa,2020-08-18T13:32:34Z
3-11208152,https://yle.fi/uutiset/3-11208152,"Suomi yrittää rakentaa ihmisen kannalta selkeämmän ja toimivamman sosiaaliturvan – 7 vuoden urakan aloittavat kaikki puolueet yhdessä, jotta tästä ei tulisi sote",2020-02-14T06:34:46Z
3-11549866,https://yle.fi/uutiset/3-11549866,"Oppositio moitti hallitusta teollisuuden tappamisesta ja vääristä työllisyysluvuista, Vanhanen: ""Jotain rajaa""",2020-09-17T12:17:26Z
3-11582007,https://yle.fi/uutiset/3-11582007,"Budjettikeskustelussa kokoomus tivasi vastausta Marinin irtisanomis- ja osinkopuheista: ""Miksi lietsotte vastakkainasettelua""",2020-10-07T05:43:00Z
3-11488965,https://yle.fi/uutiset/3-11488965,"Herätys: Tuhannet lapset aloittavat koulunsa väistötiloissa, budjettiesitys valmistuu, poliisi ajaa loppuunkäytetyllä kalustolla",2020-08-12T03:15:11Z
3-11399705,https://yle.fi/uutiset/3-11399705,"Kulmuni avasi tuntojaan myllytyksestä: ""En toivoisi pahimmalle vihamiehellenikään"" – keskusta etsi itseään puoluevaltuuston kokouksessa",2020-06-13T05:30:30Z
3-11480683,https://yle.fi/uutiset/3-11480683,Annika Saarikko palaa tänään vuoden perhevapaaltaan tiede- ja kulttuuriministeriksi,2020-08-06T02:37:00Z
3-11347257,https://yle.fi/uutiset/3-11347257,Minkälainen on koronapandemian jälkeinen aika? Katso Kultaranta-keskustelut suorana Ylen kanavilla  ,2020-05-13T11:30:00Z
3-11477046,https://yle.fi/uutiset/3-11477046,"Varapuheenjohtaja Honkonen ilmoittautui keskustan puheenjohtajakisaan mukaan – ""Olen kyllästynyt siihen, ettei keskusta mene eteenpäin""",2020-08-03T07:37:59Z
3-11655656,https://yle.fi/uutiset/3-11655656,"Yle seurasi kyselytunnin suorana – Ikäihmisten toimeentulo ja polkupyörien kotitalousvähennys puhuttivat: ""Mökin mummo ei nyt kiitä""",2020-11-19T13:03:26Z
3-11621146,https://yle.fi/uutiset/3-11621146,"Lisää opiskelupaikkoja, hukkalämpöputki vai hammaslääkäriautoja? Selvitimme, mihin Suomi voisi käyttää 2,3 miljardia EU:n elvytysrahaa",2020-10-31T05:37:00Z
3-11151663,https://yle.fi/uutiset/3-11151663,Taruksen metsänhakkuut tulivat Padasjoelle yllätyksenä – Hämeenlinna kerää vihreää kultaansa Padasjoen mailta ,2020-01-11T08:28:06Z
3-11471169,https://yle.fi/uutiset/3-11471169,"Viisi asiaa, joista keskustan puheenjohtajakisaan lähtenyt Annika Saarikko tunnetaan",2020-07-30T03:03:00Z
3-11537009,https://yle.fi/uutiset/3-11537009,Yle seurasi kyselytuntia: Oppositio hiillosti hallitusta työllisyystoimista – Orpo: Korona ei ole syy jättää tekemättä,2020-09-10T12:04:10Z
3-11217017,https://yle.fi/uutiset/3-11217017,"Vain harvan ministerin toiminta on päätynyt esitutkintaan Suomessa – Professori Haaviston tapauksesta: ""Kova päätös""",2020-02-19T14:36:50Z
3-11545334,https://yle.fi/uutiset/3-11545334,"Turpeen verotusta kiristetään, varhaiskasvatusmaksuja alennetaan, yli 30 000 työllistä lisää – Yle seurasi hetki hetkeltä hallituksen päätöksiä budjetista",2020-09-16T04:28:00Z
3-11480528,https://yle.fi/uutiset/3-11480528,Analyysi: SDP hyökkää kärjessä kohti ensi kevään kuntavaaleja,2020-08-06T04:23:00Z
3-11669609,https://yle.fi/uutiset/3-11669609,"Presidentti Paasikiven syntymästä 150 vuotta – valtiojohto laski aamulla seppeleet Paasikiven haudalle, Niinistö: Paasikiven ajattelulle on taas kysyntää",2020-11-27T11:54:08Z
3-11487946,https://yle.fi/uutiset/3-11487946,Vanhasen mukaan valtio ei voi elvyttää yhtä paljon kuin keväällä: ”Suomella ei varaa 20 miljardin alijäämään”,2020-08-11T08:25:29Z
3-11527927,https://yle.fi/uutiset/3-11527927,Valtiovarainministeri Matti Vanhanen: Suomi aikoo käyttää EU:n elpymisrahoja turpeesta irtautumiseen,2020-09-04T12:52:33Z
3-11492535,https://yle.fi/uutiset/3-11492535,"Koronatyöttömyys iski nuoriin – kysyimme ekonomisteilta, miten iskua pitäisi pehmentää ",2020-08-13T15:21:00Z
3-11205796,https://yle.fi/uutiset/3-11205796,"5 kysymystä hallituksen jättiremontista: Nyt ratkotaan, mitä tapahtuu lapsilisille ja asumistuelle: ""Se on kuin pilkkoisi norsun kilon pala kerrallaan"" ",2020-02-14T03:37:00Z
3-11503845,https://yle.fi/uutiset/3-11503845,Taas mutkia valtiovarainministeriön kansliapäällikkönimitykseen: Vanhanen haluaa haastatella Hetemäen seuraajaehdokkaat vielä itse,2020-08-20T14:20:57Z
3-11678983,https://yle.fi/uutiset/3-11678983,"Perussuomalaiset penäsi kyselytunnilla hallitukselta kansanäänestystä EU-elvytyspaketista, kokoomus perussuomalaisille: ""Eduskunta ei voi olla lapanen, vätys""",2020-12-03T12:53:34Z
3-11317638,https://yle.fi/uutiset/3-11317638,Euroopan talouden jälleenrakennusta suunnitellaan suomalaisjohdolla – Tuomas Saarenheimo vetää EU-maiden virkamiesten vaikutusvaltaista sisäpiiriä,2020-04-22T15:31:36Z
3-11685906,https://yle.fi/uutiset/3-11685906,"EU jakaa satoja miljoonia euroja ""vihreään siirtymään"" – muun muassa tällaisilla konsteilla Suomi pyrkii nappaamaan osansa",2020-12-09T09:12:00Z
3-11191486,https://yle.fi/uutiset/3-11191486,Eduskunta palasi istuntotauolta – puhemiehenä jatkaa odotetusti Matti Vanhanen,2020-02-04T09:19:38Z
3-11543871,https://yle.fi/uutiset/3-11543871,"Pääministeri Marin: Budjettiriihessä on syntynyt sopu, yksityiskohdista kerrotaan keskiviikkona – Yle seurasi budjettineuvotteluiden toista päivää",2020-09-15T02:33:00Z
3-11339550,https://yle.fi/uutiset/3-11339550,"Näin nikotiinista tuli Suomen suosituin itsehoitolääke – Ei tämä ollut tarkoitus, sanoo entinen terveysministeri Mönkäre",2020-05-13T09:23:27Z
3-11456292,https://yle.fi/uutiset/3-11456292,"Ex-oikeuskansleri Jaakko Jonkka haluaa uusia ministerin oikeusvastuun – Eduskunnan suuren salin äänestys rikosepäilyistä on ""luonnotonta"" ",2020-07-25T04:30:00Z
3-11388018,https://yle.fi/uutiset/3-11388018,Puhemies Matti Vanhanen: Kulmunin erolle ei ollut vaihtoehtoja – keskustavaikuttajien mielestä kyseessä oli suoraselkäinen vastuunkanto ,2020-06-05T13:45:42Z
3-11548171,https://yle.fi/uutiset/3-11548171,"Halla-aho: Hallitus ei kyennyt vaikeisiin päätöksiin, Orpo: Työllisyystoimilista ammotti tyhjyyttään",2020-09-16T14:56:13Z
3-11400177,https://yle.fi/uutiset/3-11400177,"Halla-aho toivoo kohuille loppua: ""Kannattajille on vaikea perustella sitä, että perussuomalaiset puhuvat typeriä tai käyttäytyvät huonosti""",2020-06-13T05:29:24Z
3-11307982,https://yle.fi/uutiset/3-11307982,Perussuomalaisten kansanedustaja Veikko Vallin käytti roisia kieltä ministerin avustajasta Facebookissa – Ryhmänjohtaja: En aio puuttua,2020-04-16T15:20:48Z
3-11443440,https://yle.fi/uutiset/3-11443440,"Matti Vanhanen EU:n elpymistukipaketista: ""Ei kannata vielä luonnehtia pettymykseksi""",2020-07-10T13:01:05Z
3-11458145,https://yle.fi/uutiset/3-11458145,"Ylen aamu tänään: Kuuluuko Suomi EU:n elvytyspaketin voittajiin vai häviäjiin, valtiovarainministeri Matti Vanhanen? Katso lähetys tästä",2020-07-22T03:30:00Z
3-11531447,https://yle.fi/uutiset/3-11531447,"Nämä muutokset tulossa työsuhde-etuihin – Tukea sähköautoilulle, pyöräilylle ja matkalippuihin",2020-09-11T02:50:00Z
3-11620941,https://yle.fi/uutiset/3-11620941,"Analyysi: Sopu turvallisuuspolitiikasta kestää yli hallitusvaihdosten, mutta pienet näkemyserot hiertävät johtavia poliitikkoja",2020-10-29T18:12:45Z
3-11454255,https://yle.fi/uutiset/3-11454255,"Puolueet tarjoavat nyt ansiosidonnaista päivärahaa kaikille, ja näin se onnistuisi – Uudistamista selvittänyt ekonomisti: ""Tämä on ennen kaikkea oikeudenmukaisuuskysymys""",2020-07-18T14:36:43Z
3-11462383,https://yle.fi/uutiset/3-11462383,Eurooppa-kirje: Huippukokouksessa on aina tuhat tarinaa,2020-07-24T05:00:00Z
3-11233332,https://yle.fi/uutiset/3-11233332,"Antero Elorannan kotirannasta alkaa ruskea ulappa – Saaristomeri on ainutlaatuinen ympäristö, mutta suomalaiset hoitavat sitä huonosti",2020-02-29T17:23:07Z
3-11402213,https://yle.fi/uutiset/3-11402213,"Poliittiset virkanimitykset jylläävät maan ykkösviroissa, vaikkei kunnissa keittäjältä enää jäsenkirjaa penätäkään",2020-07-04T05:11:00Z
3-11392559,https://yle.fi/uutiset/3-11392559,Valtiovarainministeri Matti Vanhanen naulaa talousteesinsä  – eduskunta keskustelee ennätyssuuresta lisäbudjetista,2020-06-10T04:08:00Z
3-11525039,https://yle.fi/uutiset/3-11525039,Viruksen levitessä koronatoimien käyttöönottojärjestys olisi erilainen eri osissa maata  –  Pääministeri: Koronatutkinnan tarkoituksena on hallituksen ja viranomaisten toimien läpivalaisu kriisissä,2020-09-03T08:05:19Z
3-11590057,https://yle.fi/uutiset/3-11590057,Autoliitto ei innostu Vanhasen ehdottamasta paikannukseen perustuvasta liikenteen verotuksesta: kallista satelliittiperusteista järjestelmää ei tarvita,2020-10-11T17:00:49Z
3-11550800,https://yle.fi/uutiset/3-11550800,Pohjoiskarjalaiselta maatilalta pyöritetään nyt amerikkalaisen somejätin VIP-suhteita ja start-upia – Suomesta voisi tulla huippuosaajien etätyöparatiisi,2020-09-19T05:30:00Z
3-11640969,https://yle.fi/uutiset/3-11640969,"Kiuru koronarokotteesta: Tulokset ovat lupaavia, mutta riskejä ei haluta ottaa ",2020-11-10T15:19:42Z
3-11474327,https://yle.fi/uutiset/3-11474327,Analyysi: EU:n liittovaltiomörkö tuo jännitystä keskustan johtajakisaan,2020-07-31T15:31:00Z
3-11393436,https://yle.fi/uutiset/3-11393436,"Vanhanen joutui lähes kylmiltään ensimmäiseen EU-kokoukseensa – ""Jäsenmaiden kannat koronaelvytyksestä eivät ole niin erillään kuin luulin""",2020-06-09T18:02:22Z
3-11620720,https://yle.fi/uutiset/3-11620720,"Keskipohjalaisen suon alla on satumainen malmiaarre, jota maailma himoitsee – suomalaisinsinööri aikoo kerätä 400 miljoonaa, jotta Euroopan isoin litiumkaivos saadaan vihdoin avattua",2020-11-12T12:31:40Z
3-11486313,https://yle.fi/uutiset/3-11486313,Valtion taloutta ohjataan nyt sumussa – lisävelka jakaa eduskuntaryhmiä,2020-08-11T02:50:00Z
3-11625498,https://yle.fi/uutiset/3-11625498,"Uusimmat tiedot veropäivästä: Marin pitää suurituloisten nimien poistamista valitettavana, suurten valtionyhtiöiden pomoilla miljoonatulot",2020-11-03T03:30:00Z
3-11390230,https://yle.fi/uutiset/3-11390230,Savo-Karjalan keskustajohto iloitsee Matti Vanhasen valinnasta valtiovarainministeriksi,2020-06-08T09:32:50Z
3-11390353,https://yle.fi/uutiset/3-11390353,Kainuussa vahva luotto Matti Vanhaseen – keskustan Kainuun piirin puheenjohtaja kehuu tuoreen valtiovarainministerin jämerää otetta ,2020-06-08T10:04:26Z
3-11676951,https://yle.fi/uutiset/3-11676951,"Hallituksen mielestä oppositiolla ei ole yhteistä linjaa, oppositio: Ei sitä tunnu olevan hallituksellakaan – Yle seurasi budjettikeskustelua",2020-12-02T10:45:00Z
3-11464206,https://yle.fi/uutiset/3-11464206,"Kulmuni: Keskusta haluaa, ettei eläkkeellä tehty työ nosta jo tienatun eläkkeen verotusta",2020-07-24T10:17:39Z
3-11418039,https://yle.fi/uutiset/3-11418039,"Kesän viimeisen kyselytunnin pääaiheiksi nousivat ruuhkamaksut ja työllisyystoimet, Vanhanen: Minulla ei ole ""hokkuspokkuskeinoja""",2020-06-25T12:23:35Z
3-11391323,https://yle.fi/uutiset/3-11391323,"Vanhassa stadin slangissa ""stara"" ei ollut tähti vaan vanha mies – moni sana on peräisin venäjän kielestä",2020-07-07T18:45:00Z
3-11533242,https://yle.fi/uutiset/3-11533242,Juha Majanen nimitettiin valtiovarainministeriön kansliapäälliköksi vuoden loppuun,2020-09-08T08:57:29Z
3-11412321,https://yle.fi/uutiset/3-11412321,"""Joko ollaan perillä?” Vieläkö muistat ihanan kamalat automatkat ilman ilmastointia ja turvavöitä? Kerro meille automatkamuistosi!",2020-06-26T05:00:00Z
3-11515080,https://yle.fi/uutiset/3-11515080,Ylen kysely: Lähes puolet keskustavaikuttajista antaa tukensa Annika Saarikolle puheenjohtajakisassa,2020-08-28T08:26:50Z
3-11215547,https://yle.fi/uutiset/3-11215547,Analyysi: Valtakunnansyyttäjä Toiviainen ja kansanedustajan syytesuoja – perustuslakitulkinnat herättävät ihmetystä,2020-02-20T05:00:00Z
3-11537159,https://yle.fi/uutiset/3-11537159,"Hallituksen neuvottelu matkustusrajoituksista päättyi, Suomi nostaa raja-arvoa 25:een – Lintilä: ”Pystymme avamaan matkailulle talvisesongin”",2020-09-10T09:53:43Z
3-11704713,https://yle.fi/uutiset/3-11704713,"Rakastettu, inhottu ja taas salonkikelpoinen – jokaisen sukupolven on kai löydettävä pönttöuuninsa",2020-12-25T10:29:00Z
3-11668987,https://yle.fi/uutiset/3-11668987,"Näin Suomi aikoo käyttää EU:n reilun 2 miljardin elvytyseurot: ilmastopolitiikassa otetaan uusi vaihde, hoitojonoja lyhennetään",2020-11-27T10:18:22Z
3-11441521,https://yle.fi/uutiset/3-11441521,Talousministerien euroryhmä valitsi puheenjohtajakseen Irlannin Paschal Donohoen – Pienet EU-maat estivät isojen maiden ehdokkaan valinnan,2020-07-09T17:28:22Z
3-11580651,https://yle.fi/uutiset/3-11580651,Ensi vuoden budjettia aletaan ruotia eduskunnassa – seuraa ainakin näitä kolmea asiaa ,2020-10-07T02:47:00Z
3-11388428,https://yle.fi/uutiset/3-11388428,Rahakirstun vartijan paikka auki: keskustan ministeripeli käynnistyi heti – tässä ilmeisimmät ehdokkaat,2020-06-05T18:11:04Z
3-11590399,https://yle.fi/uutiset/3-11590399,"Vanhan talon kunnostus on kuin hyppy tuntemattomaan – Keijo Särkijärvi on jo voiton puolella: ""Jouluna olisi tarkoitus ottaa ensimmäiset löylyt""",2020-10-12T16:10:00Z
3-11312769,https://yle.fi/uutiset/3-11312769,VNK patistaa ministeriöitä parempaan tiedonkulkuun eduskunnan suuntaan,2020-04-18T23:24:20Z
3-11575114,https://yle.fi/uutiset/3-11575114,Nokiasta tekeillä tv-sarja – tekijät toivovat Salon kaupunkia yhteistyöhön,2020-10-02T06:18:52Z
3-11389523,https://yle.fi/uutiset/3-11389523,"Israelin poliisi ampui paniikkiin joutuneen autistisen miehen – pääministeri: tragedia, että häntä epäiltiin väärin perustein terroristiksi",2020-06-07T12:43:55Z
3-11156001,https://yle.fi/uutiset/3-11156001,"Äiti pääsee vauvan huonekaveriksi teholle ja isille on oma kerho – Taysiin valmistui uusi, perheystävällinen Syntymäpaikka",2020-01-14T12:21:57Z
3-11677115,https://yle.fi/uutiset/3-11677115,"Rokote koronaa vastaan tarjotaan kaikille halukkaille, hallitus neuvotteli järjestyksestä – Arvio: hoitajien rokotukset alkavat ensi kuussa ",2020-12-02T13:58:44Z
3-11668574,https://yle.fi/uutiset/3-11668574,"Suomen viimeinen majakkalaiva hinataan vihdoin telakalle – liki 120-vuotiaan aluksen vuotoriski on niin suuri, että pumput lähtevät mukaan",2020-11-27T11:12:50Z
3-11531097,https://yle.fi/uutiset/3-11531097,"Koronatestiin ohjattu Helsingin satamista vain kaksi tai kolme oireista ihmistä – terveysjohtaja: ""Ei me tarkkailla matkustajia siten, että sinulla on yskää, älä tule Suomeen""",2020-09-07T09:16:12Z
3-11561515,https://yle.fi/uutiset/3-11561515,"Koulukiusaaminen nousi kyselytunnin pääaiheeksi, opetusministeri Andersson: ""Tämä on yhteinen asia"" – Yle seurasi kyselytuntia",2020-09-24T12:06:23Z
3-11584848,https://yle.fi/uutiset/3-11584848,"Oppositio roimi hallitusta hämärästä koronaviestinnästä – Marin myönsi, että maskisuositus jäi keväällä antamatta, koska maskeja ei ollut saatavilla",2020-10-08T11:56:00Z
3-11695749,https://yle.fi/uutiset/3-11695749,"Entinen himosiivooja huomasi, että helpommallakin pääsee – nyt joku muu puunaa kodin jouluksi: ""Ihanaa tulla kotiin ja olla vaan""",2020-12-14T13:23:00Z
3-11484596,https://yle.fi/uutiset/3-11484596,Kymmeniä suomalaisia altistunut koronavirukselle Viron matkalla,2020-08-07T14:01:08Z
3-11195709,https://yle.fi/uutiset/3-11195709,"""Jopa Ruotsi vastustaa jäsenmaksun nostamista"" – perussuomalaiset kyseenalaisti Suomen EU-linjaa kevään ensimmäisellä kyselytunnilla",2020-02-06T12:59:56Z
3-11425791,https://yle.fi/uutiset/3-11425791,"Rakennustyömailla todettu useita tautiryppäitä – Rakennusliiton mukaan koronakaranteenia ei usein noudateta:  ""Se on tuurissa, miten käy""",2020-06-30T11:47:49Z
3-11384763,https://yle.fi/uutiset/3-11384763,Perussuomalaisten eduskuntaryhmä erottaa Ano Turtiaisen rasistisen tviitin takia – Potkuista seuraa eduskunnassa harvinainen tilanne,2020-06-04T12:11:33Z
3-11720182,https://yle.fi/uutiset/3-11720182,Koronavuosi rokotti Kemin Satama Oy:n tulosta – satamalaajennusta suunniteltiin kuitenkin kovalla tahdilla,2020-12-31T06:39:38Z
3-11675288,https://yle.fi/uutiset/3-11675288,"Puhelinoperaattorit pihtaavat parasta liittymätarjousta asiakkailtaan, ja se ärsyttää myös Kuluttajavirastoa: Jakaa ihmiset kahteen kastiin",2020-12-14T04:02:00Z
3-11369676,https://yle.fi/uutiset/3-11369676,"Lastensuojeluilmoitusten määrä on laskenut selvästi kevään aikana – lapsiasiavaltuutettu: ""Meillä on paljon näkymätöntä hätää""",2020-05-29T04:30:00Z
3-11707487,https://yle.fi/uutiset/3-11707487,58 vuotta sitten yksi arvostetuimmista japanilaistaiteiljoista päätyi maalaamaan taulun Kuopion Puijolle – nyt torniin saatiin vedos kuuluisasta maalauksesta,2020-12-21T10:35:00Z
3-11491538,https://yle.fi/uutiset/3-11491538,Öljyntorjunnan harjoittelu mullistuu Suomessa – uudessa altaassa torjuntaa voidaan vihdoin harjoitella oikealla öljyllä,2020-08-13T07:00:01Z
3-11155888,https://yle.fi/uutiset/3-11155888,"Komea lomakylä rapistui 10 vuodessa niin, että jäljellä olivat enää pankkikorttimankeli ja lehtiteline – nyt sitä odottaa uusi elämä",2020-01-14T17:23:00Z
3-11530436,https://yle.fi/uutiset/3-11530436,Analyysi: Tahdotko mahdottoman tehtävän? Ryhdy puoluejohtajaksi kuten Annika Saarikko ja Petteri Orpo,2020-09-06T17:30:36Z
3-11354072,https://yle.fi/uutiset/3-11354072,"Yrittäjä rakentaa keskelle kaupunkia isoa lauttaravintolaa – lupaa ei vielä ole ja yli 100 000 euroa tuli jo takkiin: ""Mikään ei ole kiinnostanut ihmisiä näin paljon""",2020-05-15T16:38:00Z
3-11359296,https://yle.fi/uutiset/3-11359296,"Merelle katsovilla tammisotilailla on tarina, joka ei näy ulospäin – muistuttavat Pohjoismaiden suurimmasta meritaistelusta",2020-05-19T18:23:00Z
3-11544562,https://yle.fi/uutiset/3-11544562,Korukauppias ampui liikkeeseen tulleet rosvot Saksan Cellessä – mediatietojen mukaan epäillyt ryöstäjät saattoivat liikkua pyörätuolilla,2020-09-15T08:44:17Z
3-11455671,https://yle.fi/uutiset/3-11455671,"Korona kaatoi ravintoloita Virossa, mutta Kirill Saidkhan otti riskin ja avasi uuden aasialaispaikan Tallinnaan – ""Meitä pidettiin hulluina""",2020-07-22T03:10:00Z
3-11493863,https://yle.fi/uutiset/3-11493863,"Pekka Seppäsen kolumni: Tule takaisin, tietoyhteiskunta",2020-08-23T08:00:48Z
3-11168987,https://yle.fi/uutiset/3-11168987,"Taksiyrittäjä ja entinen keskustan kansanedustaja tyrmää taksiuudistuksen ja yritykset korjata sitä – ""Ennen asiakas saattoi ryöstää taksin, nyt taksi saattaa ryöstää asiakkaan""",2020-01-21T17:00:39Z
3-11416443,https://yle.fi/uutiset/3-11416443,Lentoyhteydestä Joensuuhun neuvottelu valtiovarainministerin kanssa,2020-06-24T14:13:43Z
3-11627170,https://yle.fi/uutiset/3-11627170,"Maitoon kyllästyneet veljekset löivät kaurajuomilla rahoiksi – nyt kaikki 3 ovat miljonäärejä, ja isäkin pärjää mukavasti",2020-11-03T13:43:52Z
3-11681623,https://yle.fi/uutiset/3-11681623,"Vuoden luetuimpia juttuja ajankuluksi jouluna: Rakkaushuijarin pauloissa, kierrätysvaatteet jätteeksi ja maton alle lakaistu palkkamurha",2020-12-25T15:47:48Z
3-11452744,https://yle.fi/uutiset/3-11452744,Kivirannat ihastuivat kolme vuosisataa vanhaan hirsitaloon 15 minuutissa – ”Se oli rakkautta ensisilmäyksellä”,2020-07-20T08:07:16Z
3-11285145,https://yle.fi/uutiset/3-11285145,Säätiöt ottivat työkkärin roolia ja ryhtyivät auttamaan taiteilijoita – sarjakuvantekijä Kati Rapia on yksi tuhansista tuen hakijoista,2020-04-07T03:45:00Z
3-11626608,https://yle.fi/uutiset/3-11626608,"Tässä ovat tietokirjallisuuden Finlandia-ehdokkaat: mukana teokset tanssikiellosta, saimaannorpasta ja terrorismista",2020-11-03T08:10:11Z
3-11324676,https://yle.fi/uutiset/3-11324676,Oulun yliopiston pääkampus aikoo muuttaa keskustaan – uudeksi paikaksi kaavaillaan markettialuetta Raksilassa,2020-04-28T11:30:03Z
3-11452993,https://yle.fi/uutiset/3-11452993,"Raumalla palaneesta kiuastehtaasta tuhoutui noin puolet, toimitusjohtaja: ""Selviämme tästä""",2020-07-17T09:34:42Z
3-11410123,https://yle.fi/uutiset/3-11410123,"Sähköpyörää hankkimassa? Kunnon koeajo on yhtä tärkeä kuin auton ostossa – tässä vinkit, mitä ei ainakaan kannata tehdä",2020-06-23T08:45:00Z
3-11228875,https://yle.fi/uutiset/3-11228875,"Kuoppaisella tiellä ambulanssikyytikin kestää kauemmin – Suomessa on tuhansia kilometrejä huonoja teitä, katso kartasta oman kuntasi tilanne",2020-03-04T04:00:00Z
3-11307815,https://yle.fi/uutiset/3-11307815,VR ei aio lisätä vuoroja pohjoiseen – Uudenmaan matkustusrajoitusten purkamisen ei uskota lisäävän junamatkustusta ,2020-04-16T09:27:01Z
3-11447534,https://yle.fi/uutiset/3-11447534,Sähköautojen kasvanut kysyntä teki Outokummun kaivoshankkeesta ajankohtaisemman – kallionäytteitä kairataan jopa satojen metrien syvyydestä,2020-07-15T15:30:00Z
3-11305989,https://yle.fi/uutiset/3-11305989,"Mikä ero on hengityssuojaimella ja kasvomaskilla? Vaatealan yritykset alkoivat tehdä maskeja, mutta niiden hyödyllisyydestä on ristiriitaisia näkemyksiä",2020-04-15T14:36:32Z
3-11480431,https://yle.fi/uutiset/3-11480431,"Uncle Ben’s, Musta Pekka ja turkkilainen jogurtti – Rasistisina pidetyt pakkaukset uudistuvat, mutta onko kyse vain yritysten maineenhallinnasta?",2020-08-18T15:20:00Z
3-11470061,https://yle.fi/uutiset/3-11470061,Helsinkiläisperhe muutti kuukaudeksi maalle ja viehättyi Pöytyän elämänmenosta – etätyöpiste toimi ja koirakin oppi käymään naapureilla,2020-07-31T10:50:52Z
3-11278346,https://yle.fi/uutiset/3-11278346,Korona pakotti pakaratreeniin Manaajan portaissa ,2020-03-30T11:57:42Z
3-11208933,https://yle.fi/uutiset/3-11208933,"”Et saa koskaan naista”, näyttelijälle hoettiin nuorena – Juho Uusitalo sai naisellisen miehen leiman, ja se sotki koko elämän",2020-02-16T06:10:00Z
3-11680136,https://yle.fi/uutiset/3-11680136,"Yllätys Lapin matkailussa: ""Kausi oli koronasta huolimatta yksi parhaista"", sanoo 32-vuotias nuori yrittäjä – tutustuimme uusiin oivalluksiin",2020-12-26T05:37:00Z
3-11235772,https://yle.fi/uutiset/3-11235772,"""Koko kaupunki haisee kuin ruumishuone"" – Iran kamppailee kestokykynsä rajoilla koronavirusepidemiaa vastaan ja pyytää apua ulkomailta",2020-03-04T18:01:38Z
3-11360667,https://yle.fi/uutiset/3-11360667,"Tuberkuloosia ja korona-aikaa yhdistää pelko tuntemattomasta – Aino Matilaisen keuhkosairautta hoidettiin parantolassa puoli vuotta: ""Luotin tervehtymiseeni koko ajan""",2020-05-21T04:43:00Z
3-11691687,https://yle.fi/uutiset/3-11691687,"Anne Rautiainen oli juuri palkittu, kun hän joutui myrskyn silmään – syksyn teatterikohu paljasti asian, johon nolattu ohjaaja ei olisi halunnut palata",2020-12-13T06:05:00Z
3-11674277,https://yle.fi/uutiset/3-11674277,Lääkäriasema tuunasi vanhasta pankkiautosta liikkuvan koronatestausaseman – autoa tarjotaan myös kunnille nopeaan testaamiseen,2020-12-01T09:45:00Z
3-11322953,https://yle.fi/uutiset/3-11322953,Historiallisen 1800-luvulta olevan sairaalan myynnistä sijoittajille iso kiista – Museovirasto: Hotelli meluaitana kuulostaa vedätykseltä,2020-04-26T12:08:11Z
3-11714574,https://yle.fi/uutiset/3-11714574,"Poikkeuksellisena vuonna aatto pysyi perinteikkäänä – joulurauha julistettiin, asunnottomat saivat juhlalounaan ja kynttilät syttyivät haudoille",2020-12-24T19:05:04Z
3-11549971,https://yle.fi/uutiset/3-11549971,"Vanhassa navetassa on 100 kanin valtakunta, eikä yksikään päädy lemmikiksi: ""Haluamme kertoa avoimesti, mitä täällä tapahtuu""",2020-09-18T16:17:00Z
3-11299210,https://yle.fi/uutiset/3-11299210,"Yrittäjät eivät ota helpolla apua vastaan – ""Tämä koskettaa kaikkia, oljenkorsiin pitää tarttua""",2020-04-09T03:04:00Z
3-11203903,https://yle.fi/uutiset/3-11203903,"
Ruotsissa vasemmisto ja oikeisto ovat löytäneet yhteisen sävelen oppositiossa – Puolueiden valtataistelut laittavat politiikan säännöt uusiksi",2020-02-12T10:13:04Z
3-11105216,https://yle.fi/uutiset/3-11105216,"Asuuko naapurissasi Skodamies, Kaalinpää tai Alamummo? Annamme naapureille värikkäitä lempinimiä, ja ne kertovat usein jotain olennaista kantajastaan",2020-04-03T10:00:00Z
3-11421353,https://yle.fi/uutiset/3-11421353,"Euroopan suurin kultakaivos Kittilässä on rakentanut 24 kilometriä purkuputkea melkein valmiiksi, vaikka lainvoimaista lupaa päästöille ei vielä ole",2020-06-27T06:45:00Z
3-11619304,https://yle.fi/uutiset/3-11619304,Ylen kirjeenvaihtaja oli testiryhmän mukana kokeilemassa Berliinin uutta lentoasemaa – Vitsiksi muuttunut kenttä avataan huomenna,2020-10-30T04:10:00Z
3-11415221,https://yle.fi/uutiset/3-11415221,"Opiskelijapari nukkui Viking Sallyn kannella makuupusseissaan, kun tappaja hyökkäsi – Turun poliisin mukaan 33 vuotta vanha murha on selvinnyt",2020-09-11T06:33:36Z
3-11438541,https://yle.fi/uutiset/3-11438541,"Mystisten tapahtumien sarja Iranissa ei hidasta ydinaseen kehittämistä, arvioi Iranin ydinlaitoksia kymmeniä kertoja tarkastanut Olli Heinonen",2020-07-09T05:32:48Z
3-11457461,https://yle.fi/uutiset/3-11457461,Analyysi: Ay-liike jäi yksin puolustamaan nykymuotoista työttömyysturvaa,2020-07-20T17:00:11Z
3-11537300,https://yle.fi/uutiset/3-11537300,"Tupakan ja viinan hinnat nousevat taas, viimeinkin tietoa  eläkeputken kohtalosta – katso tästä, mitä budjettipäätöksiä hallitukselta odotetaan",2020-09-14T02:57:00Z
3-11574740,https://yle.fi/uutiset/3-11574740,"Tällainen on maalaiskylän kerrostalo – Valkamat selvittivät lupaviidakon ja tekivät viljankuivaajasta kodin: ""Tulva ei ainakaan tule lattialle""",2020-10-04T06:51:00Z
3-11369258,https://yle.fi/uutiset/3-11369258,Vaihtovuosi lappilaiskylässä vieraannutti suosikkitubettajan kaupunkilaisuudesta – ratikkakiskojen kirskunta ja juna-aseman kuulutukset tuovat nyt vain pahan olon,2020-05-30T16:00:00Z
3-11607794,https://yle.fi/uutiset/3-11607794,"Aarnion alaisena työskennellyt poliisi ei millään olisi halunnut vastata tiettyihin kysymyksiin Vuosaaren palkkamurhasta – Oikeuden puheenjohtaja: ""Te olette velvollinen kertomaan totuuden""",2020-10-22T11:23:09Z
3-11719249,https://yle.fi/uutiset/3-11719249,"Kyllikki Viinikainen yllättyi kun autokauppa toimitti uuden kulkupelin kotiovelle: ""Näinkö hyvää palvelua on nykyisin saatavilla""
",2020-12-30T17:30:00Z
3-11225998,https://yle.fi/uutiset/3-11225998,Ainutlaatuinen kangas löytyi meren pohjasta – yli 200 vuotta vanha alushamekangas osoittautui kansainväliseksi harvinaisuudeksi,2020-02-26T11:54:00Z
3-11389280,https://yle.fi/uutiset/3-11389280,"Kulmunin halukkuus jatkaa puheenjohtajana hämmentää – puoluehallituksen jäsen: Kesän aikana nähdään, miten puolue jatkaa tästä eteenpäin",2020-06-06T20:34:38Z
3-11607171,https://yle.fi/uutiset/3-11607171,"Tuoreessa Uuden testamentin käännöksessä ei puhuta opetuslapsista, vanhurskaista tai laupeudesta – kuuntele Matteuksen evankeliumia Krista Kososen lukemana",2020-10-22T14:45:00Z
3-11446634,https://yle.fi/uutiset/3-11446634,Osa ilman opiskelupaikkaa jääneistä nuorista kiinnostuneita jatko-ohjauksesta – korkeakoulupaikan saa vain kolmasosa,2020-07-14T05:23:03Z
3-11226560,https://yle.fi/uutiset/3-11226560,"Liki valmiit potilashuoneet odottavat rakennustyömaalla pari vuotta – niiden avulla testataan, että kaikki toimii Tyksin uudessa sairaalassa",2020-02-27T03:56:00Z
3-11476954,https://yle.fi/uutiset/3-11476954,"Yöpyisitkö nelimetrisen tolpan nokassa? Kivijärvelle nousee lomamökki, jonka esikuva on vanha lappilainen niliaitta",2020-08-06T15:00:00Z
3-11521337,https://yle.fi/uutiset/3-11521337,"Täältä alkoi Suomen paperitehtaiden surumarssi 14 vuotta sitten ja lähes 700 jäi työttömäksi – selvitimme, mitä suljetulle tehdasalueelle kuuluu nyt",2020-09-03T17:45:00Z
3-11559386,https://yle.fi/uutiset/3-11559386,"Jonna Rintamäellä, 24, on taskussa avain avaruuteen ja laukussa puhallettava taivas – Ursan aktiivi näyttää tähtitaivaan ihmeet kaikenikäisille",2020-10-10T16:24:00Z
3-11155757,https://yle.fi/uutiset/3-11155757,"""Vähennä, käytä uudelleen ja kierrätä"" – Washingtoniin istutetaan vierasta ajattelua",2020-01-20T12:00:00Z
3-11412459,https://yle.fi/uutiset/3-11412459,"Lähde mukaan Suomen ainoan kauppalaivan kesän ensimmäiselle kierrokselle – Saaren kesäasukas: ""Jos tätä ei olisi, joutuisin hakemaan ruoat uimalla""",2020-06-23T17:30:00Z
3-11662049,https://yle.fi/uutiset/3-11662049,Leonardo da Vincin piirroksiin tarttuneet pöpöt ovat vuosisatojen sormenjälki – ikivanhan kärpäsenkakan bakteerit ja ihmiskäsien DNA yksilöivät teokset  ,2020-11-24T16:17:00Z
3-11140511,https://yle.fi/uutiset/3-11140511,"Kun Suomi valmistautui talvisotaan, pakkasi baltiansaksalainen ""herrakansa"" matkalaukkujaan ja katosi historian hämärään",2020-01-12T15:15:00Z
3-11685567,https://yle.fi/uutiset/3-11685567,"Betonijäte halutaan uusiotuotteeksi – Kierrätystä kannattavat kaikki, mutta valuuko vesistöihin esimerkiksi alumiinia?",2020-12-15T05:30:00Z
3-11294001,https://yle.fi/uutiset/3-11294001,"""Akuutin kriisin yli ensin"" – neuvottelut taloushaavojen paikkaamisesta käynnistyvät kehysriihessä huomenna",2020-04-06T14:54:11Z
3-11649251,https://yle.fi/uutiset/3-11649251,Kompostitarkastus paljastaa myös jätehuollon siipeilijät – syyniin joutuvat takapihojen tunkiot ja roskanpolttotynnyrit,2020-11-18T05:38:00Z
3-11222201,https://yle.fi/uutiset/3-11222201,"Nöyryyttämisen kulttuuri valui ammattimaailmasta musiikin perusopetukseen saakka – juuri eläköitynyt Sibelius-Akatemian professori Atso Almila: ""Huutaminen toi uskottavuutta""",2020-02-23T06:03:00Z
3-11678725,https://yle.fi/uutiset/3-11678725,"Helsingin koronainfossa puhunut pormestari Jan Vapaavuori: Ryhtiliike purrut, mutta tautitilanne on yhä vakava",2020-12-03T14:00:00Z
3-11677164,https://yle.fi/uutiset/3-11677164,"VR lähettää jopa 1990-luvun Intercity-vaunuja romuttamolle, valtio-omistaja sallii – Raidealan edunvalvoja: Valtion omaisuus ei ole tehokkaassa käytössä",2020-12-09T15:47:12Z
3-11334133,https://yle.fi/uutiset/3-11334133,"Suomen itsenäistymisen siemen kylvettiin kartanossa, joka on rapistunut pahoin – nyt se saa pintaansa uuden maalin",2020-05-06T16:07:00Z
3-11452796,https://yle.fi/uutiset/3-11452796,Tästä järvestä etsittiin viikonloppuna Raisa Räisäsen korua tai kelloa – tai edes jotain vihiä 20 vuotta vanhasta katoamisesta ,2020-07-20T04:58:04Z
3-11221293,https://yle.fi/uutiset/3-11221293,"Sydänpotilas yllättyi melkoisesti – lähes viikon sairaalajaksosta tuli viikko yksiössä: ""Aivan loistava keksintö""",2020-02-23T07:14:00Z
3-11553907,https://yle.fi/uutiset/3-11553907,Keskiaikaisen Perttelin kivikirkon kattorakenteet askarruttavat tutkijoita – niissä piilee ainakin kolme arvoitusta,2020-09-29T16:21:00Z
3-11193160,https://yle.fi/uutiset/3-11193160,"Etnostressi on tuttua turkulaiselle Niina Siivikolle: ""Mietin, olenko tarpeeksi hyvä saamelainen""",2020-02-06T17:18:00Z
3-11679429,https://yle.fi/uutiset/3-11679429,"Avohakkuiden kieltämistä vaativa kansalaisaloite repi kiistan maaperän sitomasta hiilestä – Luonnonvarakeskuksen professori vetoaa tutkimustulokseen, jota ei ole julkaistu missään",2020-12-09T11:15:00Z
3-11257874,https://yle.fi/uutiset/3-11257874,"Inarissa poroja kuolee nälkään, eikä tappaja ole paksu lumi vaan metsänhakkuut – vanhojen metsien kansallispuistoissa poroilla menee paremmin",2020-03-25T14:00:00Z
3-11390472,https://yle.fi/uutiset/3-11390472,"Vanhasen valinta yllätti keskustalaiset Päijät-Hämeessä – ""Olemme erittäin tyytyväisiä""",2020-06-08T11:11:43Z
3-11603809,https://yle.fi/uutiset/3-11603809,Suomalainen Valter Juvelius uskoi löytäneensä Raamatun aarteet – ja siitä käynnistyi elokuvaakin ihmeellisempi operaatio keskellä Jerusalemia,2020-11-01T08:46:56Z
3-11230116,https://yle.fi/uutiset/3-11230116,"Näin työpaikoilla on varauduttu koronaan: Sikainfluenssan aikaiset ohjeet käyttöön, etätöitä lisää ja omalla ilmoituksella pois töistä",2020-02-28T14:01:29Z
3-11654606,https://yle.fi/uutiset/3-11654606,"“Maailmansotien jälkeen ensimmäinen kerta, kun on oltu sodankaltaisissa oloissa pidempään” – Suomi oppi sotataitoja, mitä sai Afganistan? ",2020-11-23T10:03:38Z
3-11673036,https://yle.fi/uutiset/3-11673036,Ensimmäisiä peruskoulurakennuksia puretaan surutta – kokonaisen aikakauden katoaminen huolestuttaa,2020-12-04T03:47:00Z
3-11531854,https://yle.fi/uutiset/3-11531854,"Sveitsiläismies muutti Suomeen puun ja luonnon perässä, mutta menettikin kaiken – ""Suomalainen metsätalous on tabu""",2020-09-20T12:05:00Z
3-11122379,https://yle.fi/uutiset/3-11122379,"Tässäkö menevät sananvapauden rajat? Yle selvitti, miten viranomaiset ovat kohdelleet vihapuheina ilmiannettuja nettikirjoituksia",2020-01-18T08:30:13Z
3-11418110,https://yle.fi/uutiset/3-11418110,"Salamanisku tuhosi rukoushuoneen yli sata vuotta sitten, ja vasta nyt se päätettiin etsiä – arkeologi: ""Tämä on aikakapseli""",2020-06-28T07:32:00Z
3-11563265,https://yle.fi/uutiset/3-11563265,"Janne Saarikiven kolumni: Työelämä halutaan muuttaa leikiksi, mutta mikä aikuisuudessa oikein pelottaa?",2020-10-05T03:45:00Z
3-11555463,https://yle.fi/uutiset/3-11555463,"Ex-puolustusministeri Jussi Niinistö vaihtoi maisemaa totaalisesti eikä aio tyrkyttää Kannuksesta mielipiteitään Arkadianmäelle: ""Ei ole ollut tarvetta aukoa päätä""",2020-09-21T16:30:00Z
3-11673493,https://yle.fi/uutiset/3-11673493,"Täällä jyrisivät raskaat ajoneuvot ja maa pilaantui – nyt ensimmäiset asukkaat muuttavat pian Helsingin Postipuistoon, vaikka alue on yhä työmaa",2020-12-05T17:45:00Z
3-11518504,https://yle.fi/uutiset/3-11518504,"Kuhmo torjuu koronavirusta uusilla rajoituksilla – Pandemiapäällikkö: ""Sairastuneet ovat pääsääntöisesti nuoria aikuisia""   ",2020-08-30T09:34:47Z
3-11662751,https://yle.fi/uutiset/3-11662751,"Marcus, 32, asuu kimppakämpässä eikä tunne ketään, joka omistaisi asunnon Berliinissä – näin Euroopassa sinnitellään, kun vuokrat nousevat pilviin",2020-11-30T14:10:00Z
3-11324576,https://yle.fi/uutiset/3-11324576,"""Vaikka olin alle kolmekymppinen, elämä tuntui kokonaan menetetyltä"" – yrittäjät kertovat, mikä lamasta opittu voi auttaa yli koronan",2020-05-02T04:30:00Z
3-11551004,https://yle.fi/uutiset/3-11551004,Saksalaissotilaiden matkaan lähteneet naiset leimattiin huoriksi – Tommi Kinnunen purkaa mollattujen morsianten häpeää syksyn kirjatapauksessa,2020-10-04T06:42:00Z
3-11460018,https://yle.fi/uutiset/3-11460018,Armeijan vanhoihin luoliin on evakuoitu 25 hyllykilometriä kirjoja – Jyväskylän yliopiston kirjastolle kertyy tuhansia teoksia vuodessa,2020-07-25T09:00:00Z
3-11361751,https://yle.fi/uutiset/3-11361751,"Vanhukset ovat tutkitusti yksinäisimpiä, korona vain nosti asian esiin – Sirkka Kurkela, 76, tutkii pörssikursseja ja soittaa kahta radiota",2020-05-24T04:30:00Z
3-11430040,https://yle.fi/uutiset/3-11430040,"
Melina Holmberg myi koko omaisuutensa, lastasi hevosensa autoon ja muutti Espanjaan – avioerosta alkoi elämän tärkein matka",2020-07-04T16:00:00Z
3-11390997,https://yle.fi/uutiset/3-11390997,"Etelä-Savon ja Itä-Savon keskustan piiripuheenjohtajat Vanhasen takana: ""Ensimmäinen mitä tuli, kun seurasin tiedotustilaisuutta, oli luottavainen olo""",2020-06-08T14:25:04Z
3-11289459,https://yle.fi/uutiset/3-11289459,"Korona kurittaa Euroopan autoteollisuutta: Yli miljoona lomautettua tai irtisanottua työntekijää, myynti romahtanut",2020-04-04T12:00:00Z
3-11232293,https://yle.fi/uutiset/3-11232293,"Espoolaisperhe muutti maalle, osti vanhan tilan 70 000 eurolla ja  tubettaa tarinaa idyllisestä elämästään  – mutta onko elämä maalla oikeasti sellaista?",2020-02-28T17:33:00Z
3-11578844,https://yle.fi/uutiset/3-11578844,"14 laatikollista koristeita, 20 tonttuhattua, teemaan sopivat vessan matot – Anne Häkkisen joulunvietto kestää kolme kuukautta",2020-10-11T07:30:00Z
3-11347831,https://yle.fi/uutiset/3-11347831,"Länsirajan sulkeminen suututti alueen asukkaat, mutta miksi? Kysyimme neljältä Tornionlaakson kulttuuria tuntevalta – Jaakko Heikkilä: ""Raja ei erota vaan se yhdistää""",2020-05-13T04:30:00Z
3-11528728,https://yle.fi/uutiset/3-11528728,"Sumuista, sohjoista ja uskomattoman kaunista, kuvailee suomalaistutkija kesäänsä – Jäämerellä ajelehtivalla laivalla kerätään tietoa ilmastonmuutoksesta",2020-09-10T07:41:03Z
3-11357380,https://yle.fi/uutiset/3-11357380,"Nelilapsinen perhe elää luontaistaloudessa ilman jääkaappia ja sisävessaa – Janne Utriainen: Meillä on täällä kaikki, mitä tarvitsemme hyvään elämään",2020-05-21T07:00:00Z
3-11628217,https://yle.fi/uutiset/3-11628217,"Trump-perheiden kasvatit äänestävät nyt ilmastoasiat edellä – 26-vuotias David Acosta perustelee, miksi",2020-11-03T14:30:00Z
3-11390520,https://yle.fi/uutiset/3-11390520,Keskustan pohjalaiset vaikuttajat tyytyväisiä Vanhasen valintaan – Savola ja Kivisaari: luottamusta ja kokemusta,2020-06-08T12:08:49Z
3-11383104,https://yle.fi/uutiset/3-11383104,"Kun todellisuus vyöryy päälle, voi karata omalle saarelle kasvattamaan kukkia – miljoonat purkavat korona-ahdistusta tietokonepelien ääressä",2020-06-07T14:50:00Z
3-11390568,https://yle.fi/uutiset/3-11390568,Markus Lohi ja Mikko Kärnä tyytyväisiä Vanhasen nimeämiseen valtiovarainministeriksi,2020-06-08T12:14:29Z
3-11222038,https://yle.fi/uutiset/3-11222038,Maailman tunnetuin pakolainen kaipaa yhä Tiibetiin – Dalai-lama aikoo uhmata Kiinaa elämällä vielä pitkään ja syntymällä uudestaan vaikka hyönteisenä,2020-02-22T05:27:00Z
3-11228826,https://yle.fi/uutiset/3-11228826,Kunta otti 40 maahanmuuttajaa ja lähes kaikki muuttivat pois – nyt sama kunta haluaa 60 maahanmuuttajaa lisää ,2020-02-27T07:27:00Z
3-11475178,https://yle.fi/uutiset/3-11475178,"Haluaisitko omistaa kallioluolan, kasarmin tai saaren? Valtio myy kiinteistöjään ennätystahtiin – Hypon ekonomisti: voi johtaa siihen, että myydään liian halvalla",2020-08-06T05:00:00Z
3-11252042,https://yle.fi/uutiset/3-11252042,"Kun pandemia menee ohi, jäävätkö meille kausi-influenssojen kaltaiset kausikoronat? ",2020-03-14T04:41:00Z
3-11210736,https://yle.fi/uutiset/3-11210736,Jane Austen hävisi venäläiselle junalle – Hymyilevän miehen ohjaaja Juho Kuosmanen kuvaa uutta elokuvaansa rajan takana,2020-02-16T10:03:35Z
3-11350077,https://yle.fi/uutiset/3-11350077,"Pandemian lisäksi tarvitaan vain yksi asia, ja koko maailma suistuu raiteiltaan – Miika Vanhapiha valmistautuu sivilisaatiomme romahtamiseen",2020-05-16T16:00:00Z
3-11653430,https://yle.fi/uutiset/3-11653430,"Tässäkö pizzerioiden uusi tulevaisuus? Soittoja satelee Kuhmosta saakka, sanoo 34-vuotias, konkurssin kokenut entinen Michelin-kokki",2020-11-25T16:11:56Z
3-11336115,https://yle.fi/uutiset/3-11336115,Pidätkö kevätsateen tuoksusta? Kosmetiikassakin hyödynnetty muheva haju on bakteerien illalliskutsu ötököille,2020-05-10T12:11:30Z
3-11385173,https://yle.fi/uutiset/3-11385173,"Elli Reinikka olisi päässyt kouluun, mutta äidin oikeustaju päätti toisin – Finlaysonin tehdas muutti tuhansien elämän, eikä aina paremmaksi",2020-06-07T05:29:00Z
3-11139892,https://yle.fi/uutiset/3-11139892,Sääntö-Suomi laittoi pienyrittäjän ahtaalle – nyt panimossa poreilee teekattila ja pakurilla maustettua olutta saa taas myydä,2020-01-08T05:30:00Z
3-11115662,https://yle.fi/uutiset/3-11115662,Pystyykö altavastaaja Helsinki päihittämään ilmastokuningas Kööpenhaminan? Tanskassa kierrätetään vanhan Carlsbergin olutpanimon tiiletkin jo koteihin,2020-01-12T05:05:00Z
3-11390065,https://yle.fi/uutiset/3-11390065,"Keskustan varapuheenjohtaja Petri Honkonen ei halaja puolueensa puheenjohtajaksi: ""Uskon, että hämmennys kentällä nyt rauhoittuu,  Matti Vanhasta vahvempaa ehdokasta valtiovarainministeriksi ei voi löytyä"" ",2020-06-08T10:08:10Z
3-11243304,https://yle.fi/uutiset/3-11243304,Uusi taide- ja kulttuurikeskus Kalevan navetta avaa Seinäjoella – 130-vuotiaassa rakennuksessa soivat niin Sibelius-Akatemian flyygeli kuin opiston oikohöyläkin,2020-03-06T16:30:00Z
3-11397250,https://yle.fi/uutiset/3-11397250,"
Renny Harlin ikävöi kotiin Kiinaan ja halveksuu Hollywoodia: ""'Siellä en ikinä tiennyt, tarkoittaako kukaan mitä sanoo""",2020-06-14T05:03:00Z
3-11545405,https://yle.fi/uutiset/3-11545405,Näin rajusti roskapussistasi tapellaan jätehuollon kulisseissa – karut kokemukset paljastavat virkamiesten vaientamisen ja uhkailun  ,2020-09-16T02:57:00Z
3-11390439,https://yle.fi/uutiset/3-11390439,Pohjois-Pohjanmaan keskustaväki tyytyväinen Vanhasen valintaan – puolueen ydinkannatusalue jää nyt kuitenkin ilman omaa ministeriä,2020-06-08T10:45:36Z
3-11531666,https://yle.fi/uutiset/3-11531666,"Puoli vuotta pandemiaa – viruksen käyttäytymisessä on yhä niin paljon kysymyksiä, että vauhtisokeus saa tutkijat julkaisemaan jopa aivan roskaa",2020-09-11T06:44:00Z
3-11647217,https://yle.fi/uutiset/3-11647217,Meri-Lappiin halutaan tukipaketti Outokummun vähennysten vuoksi – ministereitä kutsutaan paikan päälle,2020-11-13T13:56:21Z
3-11430469,https://yle.fi/uutiset/3-11430469,"Viisi kiinnostavaa juttua sunnuntai-iltaan: Viimeiset kullankaivajat, Etelä-Ruotsin koronaihme ja maailman velkaantunein maa",2020-07-05T14:53:19Z
3-11391486,https://yle.fi/uutiset/3-11391486,Anu Vehviläisestä tulossa ensimmäinen pohjoiskarjalainen eduskunnan puhemies,2020-06-09T04:00:21Z
3-11447420,https://yle.fi/uutiset/3-11447420,"""Tervetullut kuva suomalaiseen olutkulttuuriin"" – Pienpanimoiden puolesta puhunut kansanedustaja Jari Myllykoski uskoo lakialoitteen etenevän syksyllä",2020-07-20T06:34:54Z
3-11227718,https://yle.fi/uutiset/3-11227718,Laajakaista kaikille muuttui murheeksi muutamille – Keski-Suomen kansanedustajien enemmistö haluaa lisää valtion rahaa kuntien verkkoihin,2020-03-03T04:15:00Z
3-11593329,https://yle.fi/uutiset/3-11593329,Pohjanmaan maakunta odottaa 700 miljoonan osuutta EU:n koronaelvytysrahoista,2020-10-13T14:05:18Z
3-11553676,https://yle.fi/uutiset/3-11553676,"Koronatauko muovasi Jukka Lindströmin esityksen uuteen uskoon: “Vaikeaa olla ajankohtainen, jos välissä on tapahtunut globaali pandemia”",2020-09-19T08:12:51Z
3-11713373,https://yle.fi/uutiset/3-11713373,"Omistajapari lahjoitti Orimattilassa vanhan kotitalousopiston, oma bisnesidea hyytyi koronaan",2020-12-29T05:12:00Z
3-11688298,https://yle.fi/uutiset/3-11688298,"Viisi kiinnostavaa juttua sunnuntai-iltaan: Maton alle lakaistu palkkamurha, afrikkalaisnuorten valoisampi tulevaisuus ja opintopisteiden ahdistus  ",2020-12-13T16:00:00Z
3-11679521,https://yle.fi/uutiset/3-11679521,"Japanilainen kylpylä ja järven päälle rakennettuja lomamökkejä – Kivijärvelle suunnitteilla uusi loma-asuntoalue, pilottimökki on nyt valmis",2020-12-03T14:25:58Z
3-11628657,https://yle.fi/uutiset/3-11628657,Tampereen pääpoliisiasema ja eteläinen paloasema yhdessä Nekalaan – rahat uuden poliisiaseman vuokriin on jo tiedossa,2020-11-05T06:26:00Z
3-11590227,https://yle.fi/uutiset/3-11590227,"Maantielle vuosi öljyä yli sadan kilometrin matkalle – ""Sieltä tuli ilmoituksia, että tie on sateenkaaren värinen ja liukas""",2020-10-12T03:03:02Z
3-11530889,https://yle.fi/uutiset/3-11530889,Helsingin Jätkäsaaressa aukeaa tänään uusi koronatestipiste,2020-09-07T04:23:29Z
3-11307658,https://yle.fi/uutiset/3-11307658,Rajavartiolaitos rakentaa uuden valvontamaston Tuuholmin saarelle Virolahdelle – vanha vartiotorni puretaan ,2020-04-16T07:49:38Z
3-11614589,https://yle.fi/uutiset/3-11614589,Yksi yö on takana – mitä Lappeenrannassa ajatellaan hallipäätöksestä nyt?,2020-10-27T05:30:00Z
3-11176732,https://yle.fi/uutiset/3-11176732,Taito Pohjois-Karjala hakee avustusta Ilomantsin kunnalta,2020-01-27T04:53:59Z
3-11603147,https://yle.fi/uutiset/3-11603147,"Kouvolan Ratamo-sairaalakeskus on noussut jo liki täyteen korkeuteensa, myös Kotkassa uuden keskussairaalan laajennus jatkuu",2020-10-20T10:54:05Z
3-11540226,https://yle.fi/uutiset/3-11540226,Oulun Hartaanselänrannan maamerkki voisi olla korkea puurakennus – uuden kaupunginosan suunnitelmista voi antaa kehittämisideoita,2020-09-11T12:10:52Z
3-11515842,https://yle.fi/uutiset/3-11515842,"Vanhan ""Murskaamon"" tilalle tuli parkkipaikka, vieressä kiiltää Suolahden uusi jäähalli – ""Tätähän me olemme toivoneet, pyytäneet ja rukoilleet""",2020-08-28T13:35:49Z
3-11363553,https://yle.fi/uutiset/3-11363553,Riihimäen Kino Sammon julkisivu palautetaan takaisin 1960-luvun tyyliin,2020-05-25T07:38:46Z
3-11471821,https://yle.fi/uutiset/3-11471821,"Forssan Palloseurassa katseet ovat jo muutaman vuoden päässä – puheenjohtaja: ""Tavoite on, että ollaan tulevaisuudessa vakaa Mestis-seura""",2020-07-30T08:24:46Z
3-11429890,https://yle.fi/uutiset/3-11429890,Tehohoito sai tuliterät tilat Kymenlaakson keskussairaalassa – infektiopotilaiden hoitaminen sujuu nyt huomattavasti helpommin kuin ennen ,2020-07-03T11:53:57Z
3-11379612,https://yle.fi/uutiset/3-11379612,Ähtärissä kaksi isoa ilonaihetta – eläinpuiston portit saatiin auki ja viikon vanha visenttivasikka vahvistuu päivä päivältä,2020-06-01T14:13:59Z
3-11392960,https://yle.fi/uutiset/3-11392960,Purkukuntoinen Lehtoniemen työväentalo myynnissä Varkaudessa – alueelle mahtuu kaksi omakotitalotonttia,2020-06-09T13:41:11Z
3-11170217,https://yle.fi/uutiset/3-11170217,"Kuntaministeri Rovaniemellä: Virastojen hajasijoittelusta siirrytään työn hajasijoitteluun – ""Hallitusohjelmassa on luvattu, että on mahdollista asua eri puolilla Suomea""",2020-01-22T14:02:22Z
3-11178947,https://yle.fi/uutiset/3-11178947,Luonnontieteellisen museon tuhoisasta tulipalosta tasan vuosi Kokkolassa: Kiepin korjaus venyy ensi vuoden syksyyn,2020-01-29T07:13:10Z
3-11619563,https://yle.fi/uutiset/3-11619563,Lue tästä koronapäivitykset 26.10.–16.11.,2020-10-29T05:53:20Z
3-11536702,https://yle.fi/uutiset/3-11536702,Lue tästä koronapäivitykset 8.9.–30.9.,2020-09-10T04:00:23Z
3-11184532,https://yle.fi/uutiset/3-11184532,"Steve Bannon vastaan Paavi Franciscus – katolisen kirkon sisällä kiehuu riita, joka on pohjimmiltaan poliittinen",2020-02-02T07:30:00Z
3-11572735,https://yle.fi/uutiset/3-11572735,Lue tästä Uudenmaan koronapäivitykset 24.8.-30.9.,2020-10-01T07:23:24Z
3-11665474,https://yle.fi/uutiset/3-11665474,Lapin koronapäivitykset 29.10–24.11.,2020-11-25T11:52:43Z
3-11346026,https://yle.fi/uutiset/3-11346026,Lue tästä Pohjois-Pohjanmaan koronapäivitykset 27.3.–7.5.,2020-05-11T12:09:10Z
3-11317006,https://yle.fi/uutiset/3-11317006,Lue tästä Kainuun koronapäivitykset 6. maaliskuuta – 20. huhtikuuta,2020-04-22T07:52:02Z
3-11254317,https://yle.fi/uutiset/3-11254317,Lue tästä koronaviruspäivitykset 17.2.–23.3.,2020-03-12T15:16:25Z
3-11663578,https://yle.fi/uutiset/3-11663578,Lue tästä koronapäivitykset 22.11.–12.12.,2020-11-24T16:23:30Z
3-11325020,https://yle.fi/uutiset/3-11325020,Lue tästä Kanta-Hämeen koronapäivitykset 27.3.2020–27.02.2021,2020-04-28T11:36:32Z
