id,url,title,date_modified
3-11385050,https://yle.fi/uutiset/3-11385050,EU:n elvytysrahasto kuumensi tunteet kyselytunnilla – valehtelusyytökset saivat puhemiehen puuttumaan peliin ,2020-06-04T12:19:04Z
3-11390535,https://yle.fi/uutiset/3-11390535,Anu Vehviläinen nousemassa eduskunnan uudeksi puhemieheksi – keskusta valitsi Vanhasen seuraajaehdokkaan  ,2020-06-08T12:48:08Z
3-11190800,https://yle.fi/uutiset/3-11190800,"Herätys: Iowan esivaalin tulosta odotetaan kuumeisesti, eduskunta valitsee puhemiehet, täydellinen somejulkkis on usein tietokonehahmo",2020-02-04T04:18:33Z
3-11191486,https://yle.fi/uutiset/3-11191486,Eduskunta palasi istuntotauolta – puhemiehenä jatkaa odotetusti Matti Vanhanen,2020-02-04T09:19:38Z
3-11392088,https://yle.fi/uutiset/3-11392088,"Uusi puhemies Vehviläinen kuvailee olevansa ryhmäpelaaja ja toivoo, että vastustajia kunnioitetaan kiihkeidenkin väittelyiden aikana",2020-06-09T10:06:36Z
3-11215547,https://yle.fi/uutiset/3-11215547,Analyysi: Valtakunnansyyttäjä Toiviainen ja kansanedustajan syytesuoja – perustuslakitulkinnat herättävät ihmetystä,2020-02-20T05:00:00Z
3-11189834,https://yle.fi/uutiset/3-11189834,"Eduskunta avaa kevään: Mika Niikko kiistää Kiina-kytkökset, ja Juha Mäenpään puherajoja puidaan eduskunnan käräjillä",2020-02-04T03:58:00Z
3-11400177,https://yle.fi/uutiset/3-11400177,"Halla-aho toivoo kohuille loppua: ""Kannattajille on vaikea perustella sitä, että perussuomalaiset puhuvat typeriä tai käyttäytyvät huonosti""",2020-06-13T05:29:24Z
3-11182364,https://yle.fi/uutiset/3-11182364,Uusi lääkärihelikopteri sai kansanedustajat vetämään reilusti kotiin päin – jopa saman puolueen sisällä edustajat ovat vankasti erimielisiä,2020-02-03T08:02:44Z
3-11356707,https://yle.fi/uutiset/3-11356707,"Jari Lindströmin muistelmat kertovat perussuomalaisten keskinäisistä kahinoista, ""omaan pesään kusemisesta"" ja ex-ministerin tiestä kortistoon",2020-05-19T21:01:00Z
3-11626018,https://yle.fi/uutiset/3-11626018,Kuntapolitiikkaa kiinnostaa kansanedustajia  – Kaakkois-Suomen edustajat lähtemässä kilvan ehdolle,2020-11-02T12:48:13Z
3-11595008,https://yle.fi/uutiset/3-11595008,Tulevaisuuden liikennehankkeista päätetään ilman päijäthämäläisiä  – perussuomalaisten Ronkainen luovutti paikkansa Keski-Suomeen,2020-10-15T03:50:00Z
3-11294475,https://yle.fi/uutiset/3-11294475,Pitäisikö mökkimaakuntien terveydenhuolto mitoittaa myös vapaa-ajan asukkaiden määrän mukaan? Kaakon kansanedustajista harva  innostuu ajatuksesta,2020-04-07T06:12:00Z
3-11573184,https://yle.fi/uutiset/3-11573184,"Pitäisikö maanomistajilla olla mahdollisuus kieltää malminetsintä maillaan? Kyllä, sanoo moni Kaakkois-Suomen kansanedustajista",2020-10-06T09:12:39Z
3-11627188,https://yle.fi/uutiset/3-11627188,Karstulassa sähköjohto on pudonnut tien ylle – raskas liikenne keskeytetty,2020-11-02T14:54:37Z
