id,url,title,date_modified
3-11653195,https://yle.fi/uutiset/3-11653195,"Kansanedustaja Iiris Suomela on saanut vauvan: ""Maailman paras joululahja otti vähän etumatkaa""",2020-11-17T19:59:39Z
3-11479811,https://yle.fi/uutiset/3-11479811,Vihreiden kansanedustaja Iiris Suomela saa lapsen – jää äitiyslomalle loppuvuodesta ,2020-08-05T06:28:51Z
3-11606092,https://yle.fi/uutiset/3-11606092,"Huijarisyndrooma piinaa menestyjiäkin: Tunnetut ammattilaiset kertovat, milloin pelkäsivät paljastuvansa huijareiksi – ja mitä sitten tapahtui",2020-10-26T14:57:47Z
3-11293782,https://yle.fi/uutiset/3-11293782,"Ylen kysely: Hallituksen ilmastotavoitteet jakavat kansanedustajia koronakriisin keskellä – katso, mitä oma kansanedustajasi vastasi",2020-04-07T02:37:00Z
3-11178859,https://yle.fi/uutiset/3-11178859,"Vain kaksi nuorta pirkanmaalaista edustajaa sallisi huumeiden piikityshuoneet Tampereelle, enemmistö epäilee tai vastustaa: ""Miksi käyttöä tulisi näin suosia?""",2020-02-04T06:18:00Z
3-11415018,https://yle.fi/uutiset/3-11415018,"Perussuomalaisten Mäenpään syytesuojasta puhkesi kiivas väittely: Arhinmäki syytti vihapuheen suojelusta, Halla-aho varoitti kierteestä",2020-06-24T08:05:52Z
3-11230227,https://yle.fi/uutiset/3-11230227,"Kansanedustajat sanomalehtien jättikaupasta: Aamulehden päätyminen Sanoman omistukseen ei ole uhka, kunhan pirkanmaalaisuus pysyy",2020-03-05T07:15:00Z
3-11287827,https://yle.fi/uutiset/3-11287827,"Pirkanmaan sairaanhoitopiirin säästöt pitää hyllyttää koronan ajaksi – Satonen: ""Terveydenhoidon pitää toimia kriisissä maksimiteholla""",2020-04-06T07:35:29Z
3-11411850,https://yle.fi/uutiset/3-11411850,"Tampereella huhutaan taas salaisesta natsikeikasta – vuokranantaja aikoo ilmoittaa taas poliisille, jos saa selville",2020-06-22T08:23:43Z
3-11628345,https://yle.fi/uutiset/3-11628345,"Sanna Marin lähtee kuntavaaliehdokkaaksi Tampereella, Satu Hassi ja Anna Kontula eivät – Perussuomalaiset uskoo kaupungin  valtasuhteiden vaihtuvan",2020-11-06T05:35:00Z
3-11434745,https://yle.fi/uutiset/3-11434745,Raiskauslakiuudistus ottaa uusia askeleita ja etenee lausuntokierrokselle – muistatko vielä mistä uudistuksessa on kyse?,2020-07-07T02:43:00Z
3-11394739,https://yle.fi/uutiset/3-11394739,"Kysyimme kansanedustajilta koronakevään onnistumisia, katso mistä oma edustajasi kehui itseään",2020-06-13T04:20:00Z
3-11548865,https://yle.fi/uutiset/3-11548865,Sote ajaisi Sydänsairaalan ja Coxan ulos Helsingistä – Asiantuntija: “Tässä palattaisiin ajassa taaksepäin“,2020-09-21T05:15:00Z
3-11189968,https://yle.fi/uutiset/3-11189968,"Uudet kansanedustajat työstään: Istuntosali kuin show-painiareena, valtaa käytetään valiokunnissa – ""Hyvä, että siellä ollaan suljettujen ovien takana""",2020-02-09T05:58:00Z
3-11144262,https://yle.fi/uutiset/3-11144262,Eurooppalaisnuoret koolla Tampereella – keskusteltavaa riittää muun muassa ruokajätteestä ja pikamuodista,2020-01-03T14:54:21Z
3-11632291,https://yle.fi/uutiset/3-11632291,Nuoret pitävät EU:sta mutta eivät koe voivansa vaikuttaa siihen – nuorisojärjestöt esittelivät eurooppaministerille neljä tapaa pelastaa tilanne,2020-11-06T08:39:05Z
3-11378706,https://yle.fi/uutiset/3-11378706,"Yritysten tukemisessa Pirkanmaalla sekä pulaa että pulmia 
– Satonen: ""Päätökset ovat kestäneet kauan ja vieläkin on epäselvää paljonko maksetaan""",2020-06-03T04:21:00Z
3-11568211,https://yle.fi/uutiset/3-11568211,Kiritetäänkö työllisyyttä vai kuritetaanko suurituloisia? Kuntien kassakriisiä ei haluta paikata palkkaverojen korotuksilla Pirkanmaalla,2020-10-07T04:15:00Z
3-11334112,https://yle.fi/uutiset/3-11334112,"Pitääkö ulkopaikkakuntalaisen päästä hoitoon myös korona-aikana? Pirkanmaan edustajista vain yksi rajoittaisi pääsyä, muut hoitaisivat mökkiläisiäkin",2020-05-05T04:05:00Z
