id,url,title,date_modified
3-11461529,https://yle.fi/uutiset/3-11461529,Sebastian Tynkkynen kanteli oikeuskanslerille Sanna Marinista – virastoon tullut myös 12 muuta kantelua,2020-07-23T06:47:19Z
3-11393636,https://yle.fi/uutiset/3-11393636,"Miksi Ano Turtiainen sai potkut nyt? Sebastian Tynkkynen: hän edustaa netissä ihmisvihaa, eikä kenttä hyväksynyt Turtiaisen tviittiä",2020-06-10T06:33:53Z
3-11560705,https://yle.fi/uutiset/3-11560705,"Nuori, joka ei saa aiheuttaa ongelmia? Perussuomalaiset käänsi selkänsä etnonationalisteille ja valitsi tilalle tubettaja Miko Bergbomin",2020-09-27T15:30:00Z
3-11429491,https://yle.fi/uutiset/3-11429491,Kansanedustaja Sebastian Tynkkysen tuomio kiihottamisesta kansanryhmää vastaan pysyi hovissa – aikoo valittaa Euroopan ihmisoikeustuomioistuimeen,2020-07-02T06:53:55Z
3-11582344,https://yle.fi/uutiset/3-11582344,Viharikosepäilyjä viime vuonna 900 – epäilyt kiihottamisesta kansanryhmää vastaan kolminkertaistuneet,2020-10-07T06:45:31Z
3-11172099,https://yle.fi/uutiset/3-11172099,Valtakunnansyyttäjä pyytää eduskunnalta lupaa asettaa perussuomalaisten Juha Mäenpää syytteeseen – Jussi Halla-aho: Tulemme estämään syyteoikeuden,2020-01-23T11:06:37Z
3-11251279,https://yle.fi/uutiset/3-11251279,Oulun vaalipiirin kansanedustajat kannattavat mahdollisuutta valita  päivähoito- tai koulupaikka myös naapurikunnan puolelta ,2020-03-12T06:19:48Z
