id,url,title,date_modified
3-11474945,https://yle.fi/uutiset/3-11474945,"Keskustan kansanedustajat puheenjohtajakamppailusta: ""Tästä tulee tiukkaa"", ""Katri kantoi vastuun virheistä, jotka eivät ole hänen"" ",2020-07-31T13:21:22Z
3-11189968,https://yle.fi/uutiset/3-11189968,"Uudet kansanedustajat työstään: Istuntosali kuin show-painiareena, valtaa käytetään valiokunnissa – ""Hyvä, että siellä ollaan suljettujen ovien takana""",2020-02-09T05:58:00Z
3-11606651,https://yle.fi/uutiset/3-11606651,"Eduskuntapuolueiden enemmistö tukee aborttilain muutosta – kansalaisaloite vaatii, että abortin saamiseen riittäisi raskaana olevan oma tahto",2020-10-22T08:18:22Z
3-11695983,https://yle.fi/uutiset/3-11695983,"Hallitus ja oppositio kinastelivat sotesta – Kiuru hermostui kokoomukselle: ""En ymmärrä tätä jankkaamista"", kokoomus piti uudistusta sutena jo syntyessään",2020-12-14T10:45:17Z
3-11686207,https://yle.fi/uutiset/3-11686207,Oulun vaalipiirin kansanedustajakyselyn vastaajista suurin osa haluaa lisätukea kulttuurille korona-aikana,2020-12-08T10:31:46Z
3-11527418,https://yle.fi/uutiset/3-11527418,Turpeenpolton vastustajat osoittavat mieltä keskustan puoluekokouksen edustalla – kaksi luontomielenosoitusta Oulussa viikonloppuna,2020-09-04T09:12:39Z
3-11579303,https://yle.fi/uutiset/3-11579303,"Valtaosa Oulun vaalipiirin kansanedustajista laittaisi valtion turvaamaan lentoliikenteen jatkumista, jos markkinaehtoista toimijaa ei löydy",2020-10-05T10:32:07Z
3-11335458,https://yle.fi/uutiset/3-11335458,Saako hoivakodin asukkaan lukita huoneeseensa? Oulun vaalipiirin kansanedustajilla eroavia mielipiteitä ,2020-05-05T10:37:33Z
