id,url,title,date_modified
3-11394268,https://yle.fi/uutiset/3-11394268,"Perussuomalaisten ajatuspaja keskeyttää ""naisten tyranniasta"" kertoneen Jukka Hankamäen kirjan julkaisun – Halla-aho myöntää: Laadunvalvonta saattoi pettää",2020-06-10T08:52:25Z
3-11420055,https://yle.fi/uutiset/3-11420055,Maahanmuuttajat korkeakouluun selvästi kantasuomalaisia harvemmin – eri taustojen vaikutus kouluttautumiseen selvitetään,2020-06-26T09:35:29Z
3-11461086,https://yle.fi/uutiset/3-11461086,"Väistyvä ministeri Hanna Kosonen: Kulttuurin, tieteen ja liikunnan rahoitus on jatkossa täysin auki – ”Asia on ratkaistava syksyn budjettiriihessä”",2020-07-23T03:00:00Z
3-11287800,https://yle.fi/uutiset/3-11287800,"Opetusministeri Andersson: Jos lapseen ei saada yhteyttä, koulun on viime kädessä otettava yhteyttä lastensuojeluun – katso tallenne hallituksen tiedotustilaisuudesta",2020-04-02T07:31:49Z
3-11219771,https://yle.fi/uutiset/3-11219771,Ahdistelut kuriin: Kulttuurialan eettisen toimielimen perustamista selvitetään,2020-02-20T14:12:28Z
3-11408715,https://yle.fi/uutiset/3-11408715,"Isojen festivaalien järjestäjät turhautuivat hallituksen linjauksesta: ""Ei helpottanut tuskaa, vaan pahensi sitä"" ",2020-06-18T13:43:34Z
3-11148053,https://yle.fi/uutiset/3-11148053,Maria Ohisalo ehdottaa kiristyksiä rahapeleihin: Jopa lottokupongit pakollisen tunnistautumisen taakse,2020-03-01T14:07:00Z
3-11462836,https://yle.fi/uutiset/3-11462836,Hallitus laajensi tekniikka- ja sote-alojen koulutusta – tarkoitus vastata osaajapulaan tietyillä aloilla ja alueilla,2020-07-23T13:25:36Z
3-11384530,https://yle.fi/uutiset/3-11384530,"Opetusministeri Andersson: Etäopetukseen voidaan turvautua syksyllä, jos koronatilanne sitä vaatii",2020-06-04T09:03:55Z
3-11396512,https://yle.fi/uutiset/3-11396512,"Koululaiset pääsevät harrastamaan entistä helpommin, ja vielä ilmaiseksi – Suomen mallista tulee vihdoin totta",2020-06-12T06:30:00Z
3-11404782,https://yle.fi/uutiset/3-11404782,Kulttuurin ja taiteen toimijoille korona-avustuksina lähes 21 miljoonaa euroa,2020-06-16T12:56:15Z
3-11304693,https://yle.fi/uutiset/3-11304693,Pienet elokuvateatterit voivat selvitä koronaepidemiasta isoja paremmin – helsinkiläinen Riviera ryhtyi myymään ruokaa,2020-04-21T07:15:00Z
3-11335818,https://yle.fi/uutiset/3-11335818,"Moni yksityiskohta on yhä auki, kun Suomen uusi normaali alkaa – katso miten ja milloin elämäsi helpottuu",2020-05-06T17:00:10Z
3-11382102,https://yle.fi/uutiset/3-11382102,Ministerit kehuvat lisäbudjetin satsauksia joukkoliikenteeseen ennätyksellisiksi ja talot halutaan rakentaa nyt puusta ,2020-06-03T07:01:22Z
3-11338878,https://yle.fi/uutiset/3-11338878,"Ministeri Kosonen: Myös kulttuuritapahtumiin jopa 500 henkeä kerralla: ""Järjestäjien estettävä ihmisten kasautuminen jonoihin ja sumppuihin""",2020-05-06T15:38:42Z
3-11531891,https://yle.fi/uutiset/3-11531891,"Perussuomalaisten ajatuspaja joutuu maksamaan osan valtionavustuksestaan takaisin ""naisten tyranniasta"" kertoneen kirjan takia",2020-09-08T14:02:15Z
3-11477180,https://yle.fi/uutiset/3-11477180,#Metoo nosti esiin kulttuurialan väärinkäytökset – Suomeen ehdotetaan eettisen toimielimen perustamista,2020-08-03T10:00:00Z
3-11460562,https://yle.fi/uutiset/3-11460562,"Herätys: Hanna Kosonen palaa ministeristä rivikansanedustajaksi, valokuvien väärinkäyttöä vaikeammaksi, Trump usuttaa valtion joukot Chicagoon",2020-07-23T03:15:59Z
3-11211516,https://yle.fi/uutiset/3-11211516,"Nuorisojärjestöjen avustuksista puhkesi sanaharkka – Vihreiden varapuheenjohtaja: ""Miksi keskusta taas rikkoo hallitusohjelmaa?""",2020-02-17T15:51:48Z
3-11237329,https://yle.fi/uutiset/3-11237329,"Suomalaista urheilukenttää vaivaa kuplautuminen, sanoo Kiira Korpi – ""Valitettavan usein kaltoin kohdellut ovat ongelmajätettä""",2020-03-03T09:34:20Z
3-11320741,https://yle.fi/uutiset/3-11320741,"""Onko reilua, että etäkoulussa toiset saa nukkua aamulla pidempään kuin toiset?"" – lapset tenttasivat ministereitä, katso kysymykset ja vastaukset tästä",2020-04-24T03:00:00Z
3-11720291,https://yle.fi/uutiset/3-11720291,Lakialoite ilotulitusten kuluttajakäytön kieltämisestä jumittaa eduskunnassa – Paukutonta uutta vuotta tarjoavat hotellit taas täynnä koiria,2020-12-31T07:58:59Z
3-11592349,https://yle.fi/uutiset/3-11592349,Osa työntekijöistä haluaisi tehdä töitä 68-vuotiaaksi – eläkeputki ei ole niin helppo valinta kuin usein luullaan,2020-10-13T09:57:01Z
3-11406508,https://yle.fi/uutiset/3-11406508,Näin korkeakoulujen syksyn yli 4 000 uutta opiskelupaikkaa jaetaan – katso yliopistojen kaikki lisäykset,2020-06-18T07:51:44Z
3-11626861,https://yle.fi/uutiset/3-11626861,Yle selvitti poliitikkojen usean vuoden tulot: pienipalkkaiset naiset nousivat vallan huipulle – pääministeri Marin kuusinkertaisti ansionsa,2020-11-03T15:48:42Z
3-11182364,https://yle.fi/uutiset/3-11182364,Uusi lääkärihelikopteri sai kansanedustajat vetämään reilusti kotiin päin – jopa saman puolueen sisällä edustajat ovat vankasti erimielisiä,2020-02-03T08:02:44Z
3-11386164,https://yle.fi/uutiset/3-11386164,"21 maakuntaa ja Helsinki sote-palveluiden ja pelastustoimen järjestäjiksi, tulossa oma verotusoikeus – Kiuru: ""Nyt päätetty isot suuntaviivat""",2020-06-05T06:27:00Z
3-11320510,https://yle.fi/uutiset/3-11320510,"Herätys: Omakotimarkkinat jakautuneet jyrkästi, moni tykkää etäkoulusta, lapset kysyvät koronasta hallitukselta",2020-04-24T03:19:14Z
3-11287930,https://yle.fi/uutiset/3-11287930,"Korkeakouluihin ennätysmäärä hakijoita, lähes 152 000 – tiedeministeri pitää valintakokeiden järjestämistä äärimmäisen tärkeänä",2020-04-02T10:55:11Z
3-11317470,https://yle.fi/uutiset/3-11317470,"Finland Festivals toivoo hallitukselta selkeää linjausta kesätapahtumista:
""Festivaalit ovat pitkään roikkuneet löysässä hirressä""",2020-04-22T11:04:47Z
3-11405671,https://yle.fi/uutiset/3-11405671,"Hallitus höllentää rajoituksia: Ravintolat saavat olla auki kahteen yöllä, enemmän asiakkaita sisään, buffetkielto poistuu ",2020-06-17T09:08:16Z
3-11480683,https://yle.fi/uutiset/3-11480683,Annika Saarikko palaa tänään vuoden perhevapaaltaan tiede- ja kulttuuriministeriksi,2020-08-06T02:37:00Z
3-11503700,https://yle.fi/uutiset/3-11503700,Kuopio vai Mikkeli? – Valtavan Varastokirjaston tulevaisuuden sijoituspaikka ratkeaa vihdoin,2020-08-20T14:30:00Z
3-11481163,https://yle.fi/uutiset/3-11481163,"Herätys: Toisen korona-aallon pelko ei näy päiväkodeissa, SDP:n kannatus ennätyslukemissa, Saarikko palaa ministeriksi",2020-08-06T03:35:17Z
3-11226329,https://yle.fi/uutiset/3-11226329,"Valtio halusi uudistaa kulttuurin rahoituksen, mutta juuri mikään ei muuttunut",2020-02-26T09:30:00Z
3-11316742,https://yle.fi/uutiset/3-11316742,Pääministeri Marin: Toivon päätöksiä kesän tapahtumista – muiden rajoitusten purkamisesta ei lopullista päätöstä tänään,2020-04-22T05:31:39Z
3-11427362,https://yle.fi/uutiset/3-11427362,"Kulttuuriväki huolissaan – mistä rahoitus, kun Veikkauksen tuotot pienenevät koronan takia?",2020-07-02T03:20:00Z
3-11403277,https://yle.fi/uutiset/3-11403277,"Perussuomalaiset suhtautuu epäilevästi feminismiin – Puheenjohtaja Halla-ahon mukaan aate lietsoo ""sotaa sukupuolten välille""",2020-06-15T21:02:58Z
3-11471169,https://yle.fi/uutiset/3-11471169,"Viisi asiaa, joista keskustan puheenjohtajakisaan lähtenyt Annika Saarikko tunnetaan",2020-07-30T03:03:00Z
3-11395477,https://yle.fi/uutiset/3-11395477,"Hallitus lieventää rajoituksia: yli 500 hengen ulkotilaisuudet sallitaan heinäkuussa, matkailu Baltiaan, Tanskaan, Norjaan ja Islantiin vapautuu maanantaina",2020-06-11T02:52:00Z
3-11356148,https://yle.fi/uutiset/3-11356148,Rock-klubien avaaminen täysin auki – Tavastian Merimaa: “Emme halua olla viruslinko”,2020-05-18T06:13:08Z
3-11400177,https://yle.fi/uutiset/3-11400177,"Halla-aho toivoo kohuille loppua: ""Kannattajille on vaikea perustella sitä, että perussuomalaiset puhuvat typeriä tai käyttäytyvät huonosti""",2020-06-13T05:29:24Z
3-11481699,https://yle.fi/uutiset/3-11481699,"Tieteen ja kulttuurin 140 miljoonan euron talouslovi tilkitään ""keinolla millä hyvänsä""  – Annika Saarikko palasi ministeriksi, katso puhe",2020-08-06T10:15:15Z
3-11402857,https://yle.fi/uutiset/3-11402857,"Annika Saarikko harkitsee puheenjohtajakisaan lähtöä elokuuhun – poliittinen todellisuus muuttui äitiysloman aikana: ""Oikein mikään ei ole entisellään""",2020-06-18T03:44:00Z
3-11395718,https://yle.fi/uutiset/3-11395718,Perussuomalaisten ajatuspajan kohukirjassa toistuu naisvihamielisyys – näin kirjoittaja kommentoi teostansa,2020-06-10T19:13:24Z
3-11626018,https://yle.fi/uutiset/3-11626018,Kuntapolitiikkaa kiinnostaa kansanedustajia  – Kaakkois-Suomen edustajat lähtemässä kilvan ehdolle,2020-11-02T12:48:13Z
3-11481392,https://yle.fi/uutiset/3-11481392,Kososen vuoden kestänyt ministerin pesti päättyy – Annikka Saarikko palaa ministeriksi,2020-08-06T03:50:37Z
3-11408070,https://yle.fi/uutiset/3-11408070,"Kemin kulttuurilaitoksille 103 000 euroa koronatukea – jaetaan teatterille, taidemuseolle ja orkesterille",2020-06-18T07:49:43Z
3-11293786,https://yle.fi/uutiset/3-11293786,HAMK kiinnosti ennätysmäärää hakijoita – hallituksen linjauksia valintakokeista odotetaan,2020-04-06T08:44:57Z
3-11478224,https://yle.fi/uutiset/3-11478224,"Mikkelissä päätöksenteon puheenjohtajat haluavat Varastokirjaston Mikkeliin – Pohjois-Savon kansanedustajat pitäisivät ""kirjastojen kirjaston"" Kuopiossa",2020-08-04T12:14:13Z
3-11407709,https://yle.fi/uutiset/3-11407709,Kotiteollisuus-yhtye sai 70 000 euroa korona-avustusta – myös Nuijamies ja Imatran kaupunkikeskustat saivat tukea,2020-06-18T04:44:56Z
3-11344724,https://yle.fi/uutiset/3-11344724,Ministeri Kosonen sanoo kansanedustajan suulla: Myös lähikontaktilajit voi aloittaa kesäkuussa,2020-05-10T10:04:24Z
3-11704527,https://yle.fi/uutiset/3-11704527,Balkanilla salaliittoteoriat leviävät ja rokotteiden vastustajat valmistautuvat taisteluun koronarokotteita vastaan,2020-12-18T04:59:30Z
3-11198012,https://yle.fi/uutiset/3-11198012,"JVG:lle neljä Emmaa, Lauri Tähkälle kolme, metalli-Emman sai Battle Beast",2020-02-08T13:07:10Z
3-11607171,https://yle.fi/uutiset/3-11607171,"Tuoreessa Uuden testamentin käännöksessä ei puhuta opetuslapsista, vanhurskaista tai laupeudesta – kuuntele Matteuksen evankeliumia Krista Kososen lukemana",2020-10-22T14:45:00Z
3-11401648,https://yle.fi/uutiset/3-11401648,"Kosovolainen Bleta Hyseni, 20, oppi suomen kielen koronakeväänä ja haaveilee lähihoitajan urasta: ""Kielen piti olla suurin haaste, mutta korona veikin voiton""",2020-06-21T14:30:00Z
3-11493043,https://yle.fi/uutiset/3-11493043,Maskisuositus otettiin positiivisesti vastaan – silti aamun työmatkaliikenteessä moni ilman maskia,2020-08-14T03:20:00Z
3-11385337,https://yle.fi/uutiset/3-11385337,Kirjailija Antti Heikkinen pääsee eläytymään hurmurihuijarin rooliin kesällä – teatterikesä ei ole sittenkään menetetty,2020-06-07T10:30:00Z
3-11291308,https://yle.fi/uutiset/3-11291308,"Suomeen jääneet ulkomaalaiset opiskelijat hankalassa tilanteessa – sivutyöt lähtivät alta, nyt opiskelupaikka ja oleskelulupa ovat katkolla",2020-04-04T10:38:00Z
3-11511423,https://yle.fi/uutiset/3-11511423,"Marin parantaisi työllisyyttä alentamalla päivähoitomaksuja – selvitimme, kannustaisiko konsti todella vanhempia töihin",2020-08-27T02:30:00Z
3-11390700,https://yle.fi/uutiset/3-11390700,"Muotikasvit voivat villiintyä uusiksi karkulaisiksi luontoon – kotipuutarhuri, näin kannat vastuusi vieraslajeista ja helpotat kitkemissavottaa",2020-06-09T05:22:00Z
3-11547297,https://yle.fi/uutiset/3-11547297,"Turpeen kiistelty veroetu ei poistunutkaan, vaan tilalle ilmestyi yllättäen uusi mekanismi – riittääkö se puolittamaan turpeen polton? ",2020-09-17T02:57:00Z
3-11243683,https://yle.fi/uutiset/3-11243683,"Uusi lapuanliike-ooppera on jo harjoitusvaiheessa – libretisti puolustaa tunteita herättävää aihevalintaa: ""Tämä ei ole vain historiallinen aihe""",2020-03-08T05:30:00Z
3-11714791,https://yle.fi/uutiset/3-11714791,Suomi vahvistaa rajavalvontaa uusilla tehokkaammilla lentokoneilla – sisäministeri: koneet tärkeitä myös Itämeren öljyvahinkoihin varautumisessa,2020-12-29T03:45:00Z
3-11606092,https://yle.fi/uutiset/3-11606092,"Huijarisyndrooma piinaa menestyjiäkin: Tunnetut ammattilaiset kertovat, milloin pelkäsivät paljastuvansa huijareiksi – ja mitä sitten tapahtui",2020-10-26T14:57:47Z
3-11549015,https://yle.fi/uutiset/3-11549015,"""TE-toimistoon meneminen ei ole vaihtoehto"" – Susie, Hanna ja lukuisat muut ulkomaalaiset pelkäävät karkotusta, jos hakevat työttömyystukea",2020-09-22T03:27:00Z
3-11208883,https://yle.fi/uutiset/3-11208883,Vanhusten hoito maatiloilla yleistyy vähitellen – puheet huutolaisuudesta ovat loppuneet ,2020-02-17T16:30:00Z
3-11396670,https://yle.fi/uutiset/3-11396670,"Turun ortodoksikirkon ympäristö muuttuu rajusti, viereen suunnitellut talot eivät miellytä kaikkia – ""Turha pilata rumilla rakennuksilla"" ",2020-06-11T11:57:03Z
3-11706413,https://yle.fi/uutiset/3-11706413,Virittäydy virtuaalisesti jouluun – kokosimme striimikonserttien huiput hevistä klassiseen,2020-12-18T15:45:00Z
3-11453816,https://yle.fi/uutiset/3-11453816,"Alennusmyynnit ovat tänä kesänä entistä suurempia, mutta ovatko vaateliikkeet vielä pelastettavissa?  Etujärjestö: ""Moni on vaarassa menettää leipänsä""",2020-07-20T13:03:50Z
3-11654172,https://yle.fi/uutiset/3-11654172,Tove on Suomen Oscar-ehdokas,2020-11-18T12:15:48Z
3-11483303,https://yle.fi/uutiset/3-11483303,"Ensimmäinen rippileirileffa ja absurdi komedia siitä, kuinka peruna valloitti Suomen – Tässä kotimaisen elokuvasyksyn odotetuimmat ensi-illat",2020-08-07T16:27:34Z
3-11267620,https://yle.fi/uutiset/3-11267620,"Kauppakeskus Hertsin monituhatpäiset tarjousavajaiset keskellä epidemiaa suututtavat – Kauppakeskusjohtaja: ""Olen pahoillani, ettei nettitarjouksia peruttu""",2020-03-20T18:09:20Z
3-11676651,https://yle.fi/uutiset/3-11676651,"Kaakon kansanedustajat antaisivat lisää tukea urheiluseuroille – ""Vaikea mennä sanomaan, mikä seura tarvitsee enemmän rahaa kuin toinen""",2020-12-07T14:05:55Z
3-11667772,https://yle.fi/uutiset/3-11667772,"Nämä tiukat rajoitukset tulevat pääkaupunkiseudulle seuraavaksi kolmeksi viikoksi – HUS: ""Tämä on se hetki, kun kaikkien on tehtävä uhrauksia""",2020-11-27T09:00:00Z
3-11413537,https://yle.fi/uutiset/3-11413537,"
“Äiti, mä en olekaan hidas ja tyhmä” – Idässä määrätään lapsille enemmän ADHD-lääkkeitä kuin lännessä",2020-06-27T06:01:14Z
3-11420126,https://yle.fi/uutiset/3-11420126,Ruotsin valtionepidemiologi Tegnell arvostelee WHO:ta väärintulkinnasta,2020-06-26T09:46:18Z
3-11210018,https://yle.fi/uutiset/3-11210018,Popkriitikko Tuisku-levystä: Suurin provokaatio ei ollut uskolla leikittely vaan Hiihtoliiton vertaaminen pervoilukerhoon,2020-02-15T09:59:48Z
3-11339990,https://yle.fi/uutiset/3-11339990,Eurooppa-kirje: Laajeneeko EU enää ikinä ja mikä onkaan unionin olemassaolon tarkoitus?,2020-05-08T05:00:00Z
3-11505404,https://yle.fi/uutiset/3-11505404,"Jo puolet Suomen koronatapauksista on peräisin ulkomaanmatkoilta – kartta kertoo, mistä tartuntoja on tullut eniten",2020-08-21T15:32:49Z
3-11555815,https://yle.fi/uutiset/3-11555815,Työttömien elämä myllätään lähivuosina perin pohjin – Tätä mieltä 58-vuotias ja 25-vuotias työtön ovat hallituksen uudistuksista,2020-09-22T15:30:56Z
3-11508052,https://yle.fi/uutiset/3-11508052,Yle kysyi: Melkein puolet suomalaisista käyttää kasvomaskia suositusten mukaisesti,2020-08-27T10:23:57Z
3-11267847,https://yle.fi/uutiset/3-11267847,"Tiedeyhteisö käy kuumeista kilpajuoksua koronaa vastaan – avuksi on valjastettu supertietokoneita, 3D-tulosteita ja oppeja sadan vuoden takaa",2020-03-21T05:15:00Z
3-11557469,https://yle.fi/uutiset/3-11557469,"Yle seurasi suurvaltojen johtajien puheita YK:ssa – Trump vaati Kiinaa vastuuseen teoistaan, Kiina lupaa koronarokotteen kaikille",2020-09-22T12:56:00Z
3-11525066,https://yle.fi/uutiset/3-11525066,"Koronatartuntojen lähde selviää vaihtelevasti eri puolilla maata, HUSin alueella jäljittäminen hankalinta: ""60–70 % on saanut tartunnan mistä tahansa""",2020-09-04T07:24:09Z
3-11104772,https://yle.fi/uutiset/3-11104772,"Äärioikeistotutkija näkee nykyajassa merkkejä 1930-luvulta – ""Vietetään tammisunnuntaita ja käydään Eugen Schaumanin haudalla kuin elettäisiin taas valkoisessa Suomessa""",2020-01-01T17:15:00Z
3-11719627,https://yle.fi/uutiset/3-11719627,Ei niin pahaa ettei hyvääkin: Vuosi 2020 toi norsujen vauvabuumin sekä iloisia tiedeuutisia ihmekanasta Kuun veteen – myös muumio puhui,2020-12-31T14:02:35Z
3-11343288,https://yle.fi/uutiset/3-11343288,"Futiskausi alkaa Kajaanissa kesäkuussa – Kajaanin Hakan puheenjohtaja: ""Tämä on iloa ja innostusta""",2020-05-08T13:50:30Z
3-11462254,https://yle.fi/uutiset/3-11462254,Jyväskylän yliopiston uusi koulutus on pitkän vaikuttamistyön tulosta: “Tarjonnan laajeneminen parantaa merkittävästi koko Jyväskylän vetovoimaa”,2020-07-23T10:50:09Z
3-11464267,https://yle.fi/uutiset/3-11464267,Yksikään norppa ei ole kuollut heinäkuussa kalastajien pyydyksiin – norpille vaarallisia katiskoja löytynyt kuitenkin ennätysmäärä,2020-07-27T03:56:28Z
3-11573184,https://yle.fi/uutiset/3-11573184,"Pitäisikö maanomistajilla olla mahdollisuus kieltää malminetsintä maillaan? Kyllä, sanoo moni Kaakkois-Suomen kansanedustajista",2020-10-06T09:12:39Z
3-11521661,https://yle.fi/uutiset/3-11521661,Savonlinnan seudun mahdollinen maakunnan vaihto jakaa kansanedustajat – hajontaa myös puolueiden ja maakuntien sisällä,2020-09-01T13:00:28Z
3-11242912,https://yle.fi/uutiset/3-11242912,Kansanedustajat kommentoivat: Tarvitseeko kuutti pidemmän kasvuajan vai riittävätkö nykyiset kalastusrajoitukset Saimaalla?,2020-03-06T11:50:45Z
3-11390875,https://yle.fi/uutiset/3-11390875,"Missä käräjäoikeus, missä äänestetään? Itä-Savon suunta vaikuttaa moneen muuhunkin kuin soteen",2020-06-09T04:21:45Z
3-11460743,https://yle.fi/uutiset/3-11460743,Kulmuni kaarsi kierroksellaan Lappiin – keskustan puheenjohtajavaaliin enää kuusi viikkoa,2020-07-23T14:27:37Z
3-11375752,https://yle.fi/uutiset/3-11375752,Uuden kansainvälisen rajanylityspaikan avaaminen Suomen ja Venäjän välille uhkaa lykkääntyä koronan vuoksi – alueen kansanedustajat ovat eri mieltä,2020-06-02T06:17:54Z
3-11487917,https://yle.fi/uutiset/3-11487917,Lue tästä Lapin koronapäivitykset 20.5.–31.7.,2020-08-11T07:57:34Z
3-11384634,https://yle.fi/uutiset/3-11384634,Lue tästä Uudenmaan koronapäivitykset 20.5.–9.7.,2020-06-04T08:56:21Z
3-11360822,https://yle.fi/uutiset/3-11360822,Lue tästä Lapin korona-päivitykset 23.4. – 19.5.,2020-05-20T07:37:48Z
3-11411069,https://yle.fi/uutiset/3-11411069,Lue tästä koronapäivitykset 16.6.–13.7.,2020-06-21T05:15:46Z
3-11584524,https://yle.fi/uutiset/3-11584524,Lasten määrä pienenee nopeasti – Kemi vähentää kouluja ja päiväkoteja,2020-10-14T10:53:28Z
3-11354828,https://yle.fi/uutiset/3-11354828,Kiteen kaupunginjohtajaksi hakee liki kolmekymmentä henkilöä ,2020-05-15T13:47:04Z
3-11323077,https://yle.fi/uutiset/3-11323077,Lue tästä koronapäivitykset 22.4.–11.5.,2020-04-26T06:37:53Z
3-11275130,https://yle.fi/uutiset/3-11275130,Lue tästä koronapäivitykset 24.3.–5.4.,2020-03-25T18:35:43Z
3-11268719,https://yle.fi/uutiset/3-11268719,Fahamka Koronada,2020-03-20T16:24:49Z
3-11355290,https://yle.fi/uutiset/3-11355290,"Lue tästä koronaviruspäivitykset 12.5.–15.6.
",2020-05-16T03:49:35Z
3-11580533,https://yle.fi/uutiset/3-11580533,Lue tästä Etelä-Pohjanmaan koronapäivitykset 24.5.-11.9.,2020-10-08T09:29:33Z
3-11268694,https://yle.fi/uutiset/3-11268694,زانیاری سەبارەت بە ڤایرۆسی کۆرۆنا ,2020-03-20T16:40:31Z
3-11697140,https://yle.fi/uutiset/3-11697140,Lue tästä koronapäivitykset 13.–29.12. ,2020-12-15T04:12:33Z
3-11302926,https://yle.fi/uutiset/3-11302926,Lue tästä koronapäivitykset 4.4.–21.4.,2020-04-11T03:46:44Z
3-11268675,https://yle.fi/uutiset/3-11268675,خبرهای مربوط به ویروس کرونا به زبان فارسی و دری,2020-03-20T16:37:55Z
3-11254317,https://yle.fi/uutiset/3-11254317,Lue tästä koronaviruspäivitykset 17.2.–23.3.,2020-03-12T15:16:25Z
3-11466892,https://yle.fi/uutiset/3-11466892,Lue tästä koronapäivitykset 21.7.–20.8.,2020-07-27T09:25:36Z
3-11259417,https://yle.fi/uutiset/3-11259417,"Uusimmat tiedot koronaviruksesta Etelä-Karjalassa: Neljä uutta koronatartuntaa Etelä-Karjalassa, Finentry-koronavirussovellus käyttöön Eksoten alueella",2020-03-16T11:26:08Z
