id,url,title,date_modified
3-11537894,https://yle.fi/uutiset/3-11537894,Mitä haluat kysyä Annika Saarikolta? Keskustan uusi puheenjohtaja vierailee Ykkösaamussa lauantaina,2020-09-10T12:55:16Z
3-11549976,https://yle.fi/uutiset/3-11549976,"Annika Saarikko linjasi keskustan sillanrakentajaksi: ""Olen 2020-luvun maa- ja kotitalousnainen""",2020-09-18T04:49:00Z
3-11435517,https://yle.fi/uutiset/3-11435517,Ylen kysely keskustavaikuttajille: Annika Saarikko on Katri Kulmunia suositumpi keskustan puheenjohtajaksi,2020-07-09T08:30:44Z
3-11530436,https://yle.fi/uutiset/3-11530436,Analyysi: Tahdotko mahdottoman tehtävän? Ryhdy puoluejohtajaksi kuten Annika Saarikko ja Petteri Orpo,2020-09-06T17:30:36Z
3-11470274,https://yle.fi/uutiset/3-11470274,"Annika Saarikko kertoo torstaina, lähteekö keskustan puheenjohtajakisaan",2020-07-29T09:41:34Z
3-11523803,https://yle.fi/uutiset/3-11523803,"""Tahdon lisäksi tarvitaan myös taitoa sopia"" – Näin Annika Saarikon ura on edennyt keskustan johtoon, 10 kuvaa huippuhetkistä",2020-09-05T17:06:45Z
3-11530908,https://yle.fi/uutiset/3-11530908,Turpeesta tulossa iso vääntö budjettiriihessä – Annika Saarikko: Keskusta noudattaa turvekysymyksessä hallitusohjelmaa,2020-09-07T04:59:05Z
3-11607537,https://yle.fi/uutiset/3-11607537,"Vastaamo, Tunnin juna sekä Nesteen Naantalin jalostamo puoluejohtajien huulilla – katso tallenne Yle Turun puheenjohtajatentistä",2020-10-26T09:50:00Z
3-11475543,https://yle.fi/uutiset/3-11475543,Yle seurasi hetki hetkeltä: Annika Saarikko haastoi Katri Kulmunin keskustan puheenjohtajakisan ensikohtaamisessa A-studiossa ,2020-08-03T10:45:00Z
3-11598864,https://yle.fi/uutiset/3-11598864,Uskonnolliset yhdyskunnat halutaan tartuntatautilain piiriin – kokoontumisrajoitukset eivät ole koskeneet esimerkiksi jumalanpalveluksia ,2020-10-16T11:24:24Z
3-11471169,https://yle.fi/uutiset/3-11471169,"Viisi asiaa, joista keskustan puheenjohtajakisaan lähtenyt Annika Saarikko tunnetaan",2020-07-30T03:03:00Z
3-11529438,https://yle.fi/uutiset/3-11529438,"Voittoa juhlittiin kyynärpäätervehdyksillä, maski käy kansallispuvunkin kanssa – Tältä näytti keskustan puoluekokous koronan varjossa",2020-09-06T08:08:03Z
3-11480683,https://yle.fi/uutiset/3-11480683,Annika Saarikko palaa tänään vuoden perhevapaaltaan tiede- ja kulttuuriministeriksi,2020-08-06T02:37:00Z
3-11515080,https://yle.fi/uutiset/3-11515080,Ylen kysely: Lähes puolet keskustavaikuttajista antaa tukensa Annika Saarikolle puheenjohtajakisassa,2020-08-28T08:26:50Z
3-11471497,https://yle.fi/uutiset/3-11471497,"Annika Saarikko haastaa Katri Kulmunin ja pyrkii keskustan puheenjohtajaksi: ”En halua olla ihminen, joka jää nurkkapöytään jupisemaan”",2020-07-30T06:57:45Z
3-11528034,https://yle.fi/uutiset/3-11528034,Ylen aamu tänään: Kääntyykö keskustan kurssi nyt nousuun? Vieraana uusi puheenjohtaja Annika Saarikko – katso lähetys tästä,2020-09-07T03:00:00Z
3-11481699,https://yle.fi/uutiset/3-11481699,"Tieteen ja kulttuurin 140 miljoonan euron talouslovi tilkitään ""keinolla millä hyvänsä""  – Annika Saarikko palasi ministeriksi, katso puhe",2020-08-06T10:15:15Z
3-11402857,https://yle.fi/uutiset/3-11402857,"Annika Saarikko harkitsee puheenjohtajakisaan lähtöä elokuuhun – poliittinen todellisuus muuttui äitiysloman aikana: ""Oikein mikään ei ole entisellään""",2020-06-18T03:44:00Z
3-11528664,https://yle.fi/uutiset/3-11528664,"Annika Saarikko keskustan johtoon selvin lukemin – ""Saatte minusta sitoutuneen puheenjohtajan ja naisen, jolla on jalat arjen kuralätäköissä""",2020-09-05T04:45:00Z
3-11394224,https://yle.fi/uutiset/3-11394224,"Ylen kysely: Keskustavaikuttajien mieli muuttui ja suurin osa haluaa nyt Katri Kulmunille haastajan puheenjohtajakisaan – ""Tulos tai ulos""",2020-06-11T12:50:01Z
3-11619758,https://yle.fi/uutiset/3-11619758,Lääkekehityskeskuksen sopimusluonnokset yliopistojen syynättävänä – selvitysryhmä saa työnsä valmiiksi ensi kuussa,2020-10-29T08:25:16Z
3-11476676,https://yle.fi/uutiset/3-11476676,Ylen tietojen mukaan keskustan puheenjohtajakisaan kolmaskin ehdokas – varapuheenjohtaja Petri Honkonen asettuu ehdolle,2020-08-02T17:32:29Z
3-11477046,https://yle.fi/uutiset/3-11477046,"Varapuheenjohtaja Honkonen ilmoittautui keskustan puheenjohtajakisaan mukaan – ""Olen kyllästynyt siihen, ettei keskusta mene eteenpäin""",2020-08-03T07:37:59Z
3-11700367,https://yle.fi/uutiset/3-11700367,"Marin: ""Valmiuslain edellytykset eivät vielä täyty, olemme silti yhä veitsenterällä""",2020-12-16T12:45:59Z
3-11540743,https://yle.fi/uutiset/3-11540743,"Ministeri Saarikko matkustusrajoitusten löysäämisestä: Ei pelasta suomalaista matkailua, mutta kaikki voitava tehtiin",2020-09-12T05:05:00Z
3-11675012,https://yle.fi/uutiset/3-11675012,"Eläkeputki putosi takaisin hallituksen pöydälle – Saarikko: ""Eläkeputki on poistettava"", Andersson: ""Kokonaisuus ratkaisee""",2020-12-01T17:30:00Z
3-11681891,https://yle.fi/uutiset/3-11681891,"Ministeri Saarikko: Tapahtuma-alalle aiotaan esittää tukirahaa – ""Summista on vielä mahdotonta antaa arviota""",2020-12-04T12:46:12Z
3-11606991,https://yle.fi/uutiset/3-11606991,Musiikkialaa uhkaa musertava lasku - Ministeri Saarikko kutsuu Paula Vesalan ja muut alan toimijat tapahtuma-alan pelastusryhmään,2020-10-22T06:38:07Z
3-11479360,https://yle.fi/uutiset/3-11479360,"Keskustan kolme johtajaehdokasta Nokialla – esitimme kaikille 5 samaa kysymystä, Saarikko: Keskustan hallitustyön alkuvaikeudet jatkuneet pitkään",2020-08-04T16:41:14Z
3-11491098,https://yle.fi/uutiset/3-11491098,"Kulttuuriministeri Saarikko harmistui isojen yleisötapahtumien väentungoksesta: ""Tapahtumiin osallistujilta vaaditaan korjausliikettä""",2020-08-12T15:21:00Z
3-11696823,https://yle.fi/uutiset/3-11696823,Elävän musiikin tulot romahtivat pakottaen monet harkitsemaan alan vaihtoa – ala käynnisti somekampanjan tulevaisuutensa puolesta,2020-12-14T15:44:15Z
3-11474945,https://yle.fi/uutiset/3-11474945,"Keskustan kansanedustajat puheenjohtajakamppailusta: ""Tästä tulee tiukkaa"", ""Katri kantoi vastuun virheistä, jotka eivät ole hänen"" ",2020-07-31T13:21:22Z
3-11604506,https://yle.fi/uutiset/3-11604506,"Saarikko Iltalehden puheenjohtajatentissä: Minulle kuvailtiin, ettei olisi mahdollista erottaa yökerhojen ja lounasravintoloiden rajoituksia toisistaan",2020-10-20T15:49:41Z
3-11472624,https://yle.fi/uutiset/3-11472624,"Kahden naisen kisa puheenjohtajuudesta on keskustalle helpotus, arvioi politiikantutkija",2020-07-30T15:06:00Z
3-11712551,https://yle.fi/uutiset/3-11712551,Keskustan pormestariehdokkaaksi Helsingissä Saarikon avustaja Eeva Kärkkäinen,2020-12-22T18:59:43Z
3-11525549,https://yle.fi/uutiset/3-11525549,"Keskusta kokoontuu valitsemaan puheenjohtajaa vaikeassa tilanteessa – entinen puoluesihteeri: ""Tämän kokouksen pitää olla käänteentekevä""",2020-09-04T02:53:00Z
3-11614169,https://yle.fi/uutiset/3-11614169,Kansallisen lääkekehityskeskuksen sijaintipaikaksi varmistui Turku,2020-10-26T14:10:47Z
3-11696580,https://yle.fi/uutiset/3-11696580,"""Keväällä huutokauppameininki"", ""Koulujen sulku nurinkurista"", ""Kaikkien pitäisi hoitaa oma tonttinsa"" – hallituspuolueiden johtajat avaavat vuoden vaikeuksia",2020-12-17T12:06:42Z
3-11649886,https://yle.fi/uutiset/3-11649886,Oulun suunnitelmat leikata teatterin rahoitusta herättävät vastarintaa – vastustajissa myös tiede- ja kulttuuriministeri,2020-11-16T13:51:40Z
3-11524416,https://yle.fi/uutiset/3-11524416,Analyysi: Ylen tuore kannatusmittaus ei helpota Katri Kulmunin asemaa puheenjohtajakisassa,2020-09-03T04:19:00Z
3-11519376,https://yle.fi/uutiset/3-11519376,Katso mihin korkeakoulujen yli 10 000 uutta opiskelupaikkaa jaettiin – muun muassa lääkäreitä ja logopedeja koulutetaan lisää,2020-08-31T10:31:02Z
3-11425624,https://yle.fi/uutiset/3-11425624,"Analyysi: On vain ajan kysymys, milloin keskustan puheenjohtajakisa käynnistyy – eikä se ole mikään ihme",2020-07-02T04:13:00Z
3-11596488,https://yle.fi/uutiset/3-11596488,"Hallitus: Leviämisvaiheessa suositellaan yleisötilaisuuksien kieltämistä, yksityistilaisuuksien rajaamista ja aikuisten ryhmäharrastusten keskeytystä",2020-10-15T09:49:26Z
3-11606640,https://yle.fi/uutiset/3-11606640,"Keskustavaikuttajat Kanava-lehdessä: Keskustan on tehtävä politiikkaa, josta se tunnistetaan!",2020-10-22T03:05:00Z
3-11496164,https://yle.fi/uutiset/3-11496164,"Tiede- ja kulttuuriministeri Saarikko vaatii toista koronatestausjärjestelmää –  ""Meidän on tehtävä kaikkemme, että vaihtoehdoksi ei jää vain Suomi kiinni -malli""",2020-08-15T06:58:34Z
3-11388428,https://yle.fi/uutiset/3-11388428,Rahakirstun vartijan paikka auki: keskustan ministeripeli käynnistyi heti – tässä ilmeisimmät ehdokkaat,2020-06-05T18:11:04Z
3-11471758,https://yle.fi/uutiset/3-11471758,Demokraatti-lehti: Elinkeinoministeri Mika Lintilä harkitsee keskustan puheenjohtajakisaan lähtöä,2020-07-30T04:45:23Z
3-11515789,https://yle.fi/uutiset/3-11515789,"Kesän tapahtumien jälkipyykki kiristi tunnelmaa keskustan puheenjohtajaehdokkaiden tentissä – Katri Kulmuni: ""Annika, olisit voinut kilauttaa minulle""",2020-08-31T05:32:00Z
3-11531458,https://yle.fi/uutiset/3-11531458,Kuihtuuko keskustapuolue? Tuleeko kokoomuksesta konservatiivisempi? Tässä 4 huomiota ja 1 välikohtaus viikonlopun puoluekokouksista,2020-09-07T15:30:00Z
3-11686075,https://yle.fi/uutiset/3-11686075,"Kotihoidon tuesta tulossa iso poliittinen kiista – Helsinki leikkaa kuntalisää, ja yhden aikuisen taloudessa se tuntuu: ""Tulot tippuvat noin neljänneksen""",2020-12-08T13:25:00Z
3-11638708,https://yle.fi/uutiset/3-11638708,Kokoomusjohto tyytymätön puolueen suosioon Ylen mittauksessa – Puoluesihteeri Kokko: “Kokoomukselle ei sovi perinteinen oppositiopolitiikka”,2020-11-09T15:24:31Z
3-11529675,https://yle.fi/uutiset/3-11529675,"Analyysi: Saarikon valinta on hallitukselle lupaus ""vähemmästä hässäkästä"" – uuden puoluejohtajan tulikoe on jo nurkan takana",2020-09-05T18:32:25Z
3-11596124,https://yle.fi/uutiset/3-11596124,"Sähkön siirtomaksujen nousua yritetään suitsia uusilla keinoilla – yksi niistä vaikuttaa nopeasti 1,8 miljoonaan asiakkaaseen ",2020-10-15T14:31:56Z
3-11503700,https://yle.fi/uutiset/3-11503700,Kuopio vai Mikkeli? – Valtavan Varastokirjaston tulevaisuuden sijoituspaikka ratkeaa vihdoin,2020-08-20T14:30:00Z
3-11671259,https://yle.fi/uutiset/3-11671259,"Puheenjohtaja Saarikko kehuu hallituksen yhteistyökykyä koronakriisissä – “En tunnista, että pääministerin kritiikki olisi kohdistettu keskustaan”",2020-11-28T12:19:57Z
3-11405738,https://yle.fi/uutiset/3-11405738,Seppo Kääriäinen keskustan johtajakisasta: Kilpailu ei ole  miehiltäkään kielletty,2020-06-21T03:00:00Z
3-11516106,https://yle.fi/uutiset/3-11516106,"Hallitus on lyönyt pöytään kovat tavoitteet työllisyydestä ja ilmastoteoista, mutta miksi toimien kertominen on sille niin hankalaa?",2020-08-29T16:31:37Z
3-11612663,https://yle.fi/uutiset/3-11612663,Omistajaohjaus vastusti Veikkauksen nettipelien poikkeusolojen tappiorajoituksia: vetosi markkinaosuuteen ja turvalliseen ”peli-iloon”,2020-10-26T13:30:00Z
3-11673987,https://yle.fi/uutiset/3-11673987,"Ministeri Haatainen lupaa päätöksiä yli 55-vuotiaiden työllisyystoimista joulukuussa – ""Tämä on ykkösasia hallituksen listalla""",2020-11-30T17:33:35Z
3-11583392,https://yle.fi/uutiset/3-11583392,Analyysi: Koronakriisi vie hapen poliittiselta keskustelulta – Ylen puoluekannatusmittaus voisi olla uusinta keväältä,2020-10-08T04:23:00Z
3-11597289,https://yle.fi/uutiset/3-11597289,"Halla-aho tuoreen kirjan väitteestä: ""Täysin järjetön"", Saarikko: On asioita joista ei sovi pelleillä",2020-10-19T03:07:00Z
3-11472580,https://yle.fi/uutiset/3-11472580,Analyysi: Keskustalaiset pelkäävät repivää puheenjohtajakisaa – ehdokkaan uskottavuus ratkaisee vaalin,2020-07-30T12:17:49Z
3-11618742,https://yle.fi/uutiset/3-11618742,"""Yhteinen huolemme liittyi rekisteröimättömiin yhteisöihin"" – ministeri Saarikko keskusteli uskonnollisten yhdyskuntien kanssa koronatoimista",2020-10-28T15:08:17Z
3-11435376,https://yle.fi/uutiset/3-11435376,Katri Kulmuni eron jälkeen: Rakastin työtä ministerinä – Keskustajohtaja taistelee nyt luottamuksensa ja uransa puolesta,2020-07-11T10:33:49Z
3-11648815,https://yle.fi/uutiset/3-11648815,Keskustan Lapin piiri vaatii ministeri Kiurun eroa – Saarikko ei tue erovaatimusta,2020-11-15T12:30:20Z
3-11533423,https://yle.fi/uutiset/3-11533423,"Kärkipoliitikot kohtasivat vaaliväittelyssä – Marin vetosi, että kunnat eivät irtisanoisi tai lomauttaisi, lupasi ""mittavia toimia""",2020-09-09T05:43:00Z
3-11146448,https://yle.fi/uutiset/3-11146448,Analyysi: Kulmunilla on puoli vuotta aikaa kääntää keskustan kurssi – Saarikko antoi moniselitteisen vastauksen puheenjohtajan haastamisesta,2020-01-07T13:35:43Z
3-11523136,https://yle.fi/uutiset/3-11523136,SDP:n kannatushuippu taittui puoluekokoukseen – kokoomus kiri kiinni perussuomalaisia,2020-09-03T03:00:00Z
3-11382500,https://yle.fi/uutiset/3-11382500,Analyysi: Suosion tuulet kuljettavat Sanna Marinia ja Katri Kulmunia eri suuntiin,2020-06-04T04:22:00Z
3-11677115,https://yle.fi/uutiset/3-11677115,"Rokote koronaa vastaan tarjotaan kaikille halukkaille, hallitus neuvotteli järjestyksestä – Arvio: hoitajien rokotukset alkavat ensi kuussa ",2020-12-02T13:58:44Z
3-11681099,https://yle.fi/uutiset/3-11681099,"Marin Ylen erikoislähetyksessä: Valmiuslain käyttöönotolle ei akuuttia tarvetta – hallitus on valmiudessa jouluna, mikäli koronatilanne pahenee",2020-12-17T16:05:09Z
3-11540981,https://yle.fi/uutiset/3-11540981,"Herätys: Ykkösaamussa ministeri Annika Saarikko, koronakuolemia todellisuudessa enemmän, Helsinki Pride -viikko huipentuu konserttiin",2020-09-12T05:20:00Z
3-11471372,https://yle.fi/uutiset/3-11471372,"Herätys: Annika Saarikko kertoo aikeistaan, suomalaiset kaipaavat konttorihumua, koronapandemia lisäsi muoviroskan määrää merissä",2020-07-30T03:19:55Z
3-11537009,https://yle.fi/uutiset/3-11537009,Yle seurasi kyselytuntia: Oppositio hiillosti hallitusta työllisyystoimista – Orpo: Korona ei ole syy jättää tekemättä,2020-09-10T12:04:10Z
3-11537153,https://yle.fi/uutiset/3-11537153,Miten Suomen talous saadaan ylös kuopasta? Neljä puheenjohtajaa kohtaa A-Talkissa klo 21.05,2020-09-10T15:00:00Z
3-11594830,https://yle.fi/uutiset/3-11594830,Pääministeri Marin A-studiossa: Koronatilanne on meidän kaikkien yhteinen asia,2020-10-14T15:47:28Z
3-11702298,https://yle.fi/uutiset/3-11702298,Miltä kuulostaa mopon rassaaminen tai ratsastus koulupäivän aikana? Näitäkin koululaiset itse listasivat mieliharrastuksikseen – toiveet eroavat sukupuolen mukaan,2020-12-17T09:45:00Z
3-11692313,https://yle.fi/uutiset/3-11692313,"Oppositio moitti Keskuskauppakamarin kuntavaalitentissä hallitusta tehottomista kuntatuista, ""Vaalimiljardi"", sanoo perussuomalaisten Jussi Halla-aho  ",2020-12-11T11:00:00Z
3-11389592,https://yle.fi/uutiset/3-11389592,Puolustusministeri Antti Kaikkonen ei tavoittele  valtiovarainministerin salkkua – Keskisuomalainen: Mauri Pekkarista kysytty tehtävään,2020-06-07T13:54:20Z
3-11631295,https://yle.fi/uutiset/3-11631295,Analyysi: ”Koronarauhan” rikkominen ja maskivääntö eivät tuoneet pikavoittoa kokoomukselle,2020-11-09T05:35:12Z
3-11474327,https://yle.fi/uutiset/3-11474327,Analyysi: EU:n liittovaltiomörkö tuo jännitystä keskustan johtajakisaan,2020-07-31T15:31:00Z
3-11527508,https://yle.fi/uutiset/3-11527508,"Keskusta äänestää puheenjohtajasta ja kokoomus taputtaa Petteri Orpon jatkokaudelle, Ylen lähetys jatkuu kello 14.30",2020-09-05T04:45:00Z
3-11573906,https://yle.fi/uutiset/3-11573906,Kyselytunnilla sanailtiin maahanmuutosta perussuomalaisten ja ministeri Ohisalon välillä ,2020-10-01T12:22:40Z
3-11478648,https://yle.fi/uutiset/3-11478648,"Antti Kurvinen ei asetu puheenjohtajakisaan ehdolle – ""Tässä tilanteessa keskusta tarvitsee vakautta""",2020-08-04T09:51:55Z
3-11592183,https://yle.fi/uutiset/3-11592183,"Sote-maakuntien nimi muuttuu hyvinvointialueiksi, rahoitukseen muutoksia – Yle seurasi sote-tiedotustilaisuutta hetki hetkeltä",2020-10-13T08:39:14Z
3-11481163,https://yle.fi/uutiset/3-11481163,"Herätys: Toisen korona-aallon pelko ei näy päiväkodeissa, SDP:n kannatus ennätyslukemissa, Saarikko palaa ministeriksi",2020-08-06T03:35:17Z
3-11626861,https://yle.fi/uutiset/3-11626861,Yle selvitti poliitikkojen usean vuoden tulot: pienipalkkaiset naiset nousivat vallan huipulle – pääministeri Marin kuusinkertaisti ansionsa,2020-11-03T15:48:42Z
3-11586740,https://yle.fi/uutiset/3-11586740,Hallitus pääsi sopuun sote-uudistuksen sisällöstä: Selvitys eduskuntaryhmille ensi viikon alussa,2020-10-09T07:17:53Z
3-11688407,https://yle.fi/uutiset/3-11688407,Pitääkö susien metsästys sallia? Näin vastaavat Suomen tiheimmällä susialueella asuvat kansanedustajat – lue Ylen kyselyn tulokset,2020-12-18T07:09:00Z
3-11454460,https://yle.fi/uutiset/3-11454460,Katri Kulmunin tukijalista julki – mukana muun muassa Juha Mieto ja Sirkka-Liisa Anttila,2020-07-17T14:29:17Z
3-11701181,https://yle.fi/uutiset/3-11701181,Korona vaikeutti suomalaisartistien kansainvälisiäkin kuvioita – EP:n englanniksi julkaissut Robin Packalen: ”Tilanne ei palaudu noin vaan”,2020-12-18T17:11:00Z
3-11414800,https://yle.fi/uutiset/3-11414800,IL:n kysely: Keskustan vaikuttajat haluavat puolueensa jatkavan Marinin hallituksessa,2020-06-24T04:02:10Z
3-11683750,https://yle.fi/uutiset/3-11683750,Valtaosa ministereistä asettumassa ehdolle kuntavaaleissa – kansanedustajistakin vahva enemmistö,2020-12-06T08:33:00Z
3-11583940,https://yle.fi/uutiset/3-11583940,"Herätys: Saarikon valinta ei nostanut keskustaa, Yhdysvaltain varapresidenttiehdokkaat kohtasivat väittelyssä, kirjallisuuden Nobel jaetaan",2020-10-08T03:15:09Z
3-11600904,https://yle.fi/uutiset/3-11600904,"Herätys: Saarikko ja Halla-aho kohtaavat yhteistentissä, pelialaa riivaavat hämärät irtisanomiset, Metsähallitus patistaa työttömiä keräämään käpyjä",2020-10-19T03:19:04Z
3-11550793,https://yle.fi/uutiset/3-11550793,"Herätys: 24 000 kotia yhä ilman sähköä Ailan jäljiltä, suomalaiset uhraavat työelämälle entistä vähemmän vuosia, Saarikko esittelee linjansa",2020-09-18T03:18:33Z
3-11711089,https://yle.fi/uutiset/3-11711089,"Sibelius-Akatemian käynyt muusikko kouluttautui siivoojaksi, kun korona vei keikat – ei luopuisi uudesta työstä, vaikka musiikkiala elpyisi",2020-12-27T13:02:00Z
3-11671877,https://yle.fi/uutiset/3-11671877,Pääministeri Marin selittää sähköposteissa kuvaamaansa turhautumista koronatoimiin: En arvostellut hallituskumppaneita,2020-11-29T12:38:28Z
3-11614900,https://yle.fi/uutiset/3-11614900,Työryhmä kertoo suosituksensa liikenteen päästöjen vähentämisestä,2020-10-27T02:39:36Z
3-11697582,https://yle.fi/uutiset/3-11697582,"Keskustan Kurvinen vaatii vihreitä ""siivoamaan nurkkansa"" – Pääministeri Marin: Haavisto voi jatkaa ulkoministerinä",2020-12-15T09:26:28Z
3-11531891,https://yle.fi/uutiset/3-11531891,"Perussuomalaisten ajatuspaja joutuu maksamaan osan valtionavustuksestaan takaisin ""naisten tyranniasta"" kertoneen kirjan takia",2020-09-08T14:02:15Z
3-11597171,https://yle.fi/uutiset/3-11597171,"Kyselytunnilla hallitusta hiillostettiin ravintolarajoituksista – Vartiainen: ""Onko tarkoitus lamauttaa taloutta niin paljon kuin perustuslaki sallii?""",2020-10-15T12:52:43Z
3-11460562,https://yle.fi/uutiset/3-11460562,"Herätys: Hanna Kosonen palaa ministeristä rivikansanedustajaksi, valokuvien väärinkäyttöä vaikeammaksi, Trump usuttaa valtion joukot Chicagoon",2020-07-23T03:15:59Z
3-11526542,https://yle.fi/uutiset/3-11526542,"Herätys: Sote-alaa pyöritetään keikkatyöläisillä, keskusta kokoontuu valitsemaan puheenjohtajan, tartuntatautipäiväraha on sairauspäivärahaa parempi",2020-09-04T03:17:11Z
3-11524610,https://yle.fi/uutiset/3-11524610,"Kun isä kuoli turvesuolle, Harrille jäi bisnes josta poliitikot riitelevät, vaikka peli on jo hävitty – ""Pahantekijän roolissa oleminen on raskasta pitemmän päälle""",2020-09-07T08:14:16Z
3-11485548,https://yle.fi/uutiset/3-11485548,Pahentunut koronatilanne perui elokuun tapahtumia – Porvoo soi ja Jyväskylän Rock In The City siirtyvät vuodella,2020-08-09T10:47:15Z
3-11595895,https://yle.fi/uutiset/3-11595895,Maskisuosituksesta noussut keskustelu jatkui Ylen A-studion jälkeen kiivaana Twitterissä – pääministeri Marin penäsi THL:n Tervahaudalta vastauksia,2020-10-15T03:49:04Z
3-11569418,https://yle.fi/uutiset/3-11569418,"Kansanedustaja Jussi Saramosta odotetusti opetusministerin sijainen, tehtävä jatkuu kesään asti: ""Hallituksella on edessä vaikea kevät""",2020-09-29T15:13:47Z
3-11596511,https://yle.fi/uutiset/3-11596511,"Katso videolta, mitä mieltä helsinkiläiset ovat hallituksen uusista koronasuosituksista Uudellemaalle – ne ymmärretään, mutta lisää rajoituksia ei toivota",2020-10-15T11:02:26Z
3-11703170,https://yle.fi/uutiset/3-11703170,"Oppositio jatkoi ulkoministerin hiostamista, kokoomus keskittäisi EU:n elvytysrahat korkeakouluille, Joulupukki saa rokotteensa – katso kyselytunnin tallenne",2020-12-17T13:16:47Z
3-11630056,https://yle.fi/uutiset/3-11630056,"Ylen kannatusmittaus: Perussuomalaiset kirii lähemmäs SDP:tä, kokoomus vajoaa lisää – keskustan kannatus on noussut",2020-11-09T04:00:00Z
3-11678983,https://yle.fi/uutiset/3-11678983,"Perussuomalaiset penäsi kyselytunnilla hallitukselta kansanäänestystä EU-elvytyspaketista, kokoomus perussuomalaisille: ""Eduskunta ei voi olla lapanen, vätys""",2020-12-03T12:53:34Z
3-11400934,https://yle.fi/uutiset/3-11400934,"Kulmuni ei kerro, aikooko palata hallitukseen, jos saa jatkaa puheenjohtajana",2020-06-13T11:46:36Z
3-11388093,https://yle.fi/uutiset/3-11388093,Sinetöikö puoluetoverien hiljaisuus Kulmunin kohtalon? Tutkijat: Eron taustalla oli muutakin kuin konsulttirahat,2020-06-05T15:45:00Z
3-11642525,https://yle.fi/uutiset/3-11642525,"Tuleeko hetun vaihtamisesta helpompaa? Hallitus pui Vastaamon tietomurtoa, tiedottaa toimista torstaina",2020-11-11T13:34:31Z
3-11582470,https://yle.fi/uutiset/3-11582470,"Ylen kannatusmittaus: Saarikon valinta ei nostanut keskustaa, eikä talousväittely kokoomusta – SDP jatkaa johdossa",2020-10-08T03:00:00Z
3-11665014,https://yle.fi/uutiset/3-11665014,"Hallitus neuvotteli koronatilanteessa ja kävi läpi valmiuslakia – Ylen tiedot: Tarvittaessa käyttöön sairaanhoitoa, hoitotakuuta, työvelvoitetta ja liikkumisrajoituksia koskevia pykäliä",2020-11-25T12:30:00Z
3-11527130,https://yle.fi/uutiset/3-11527130,"Paikastaan taisteleva Kulmuni piikitteli Marinia kuuden tunnin työpäiväpuheista – ""Suurin huoli ei ole lyhyempi päivä, vaan miten suomalaisille saadaan työpaikka""",2020-09-04T12:00:16Z
3-11549866,https://yle.fi/uutiset/3-11549866,"Oppositio moitti hallitusta teollisuuden tappamisesta ja vääristä työllisyysluvuista, Vanhanen: ""Jotain rajaa""",2020-09-17T12:17:26Z
3-11661519,https://yle.fi/uutiset/3-11661519,"Pääministeri Sanna Marin: Jos koronapandemiaa ei saada kuriin, valmiuslaki saatetaan ottaa uudelleen käyttöön – yökahviloihin 6 tunnin tauko",2020-11-23T12:40:56Z
3-11399705,https://yle.fi/uutiset/3-11399705,"Kulmuni avasi tuntojaan myllytyksestä: ""En toivoisi pahimmalle vihamiehellenikään"" – keskusta etsi itseään puoluevaltuuston kokouksessa",2020-06-13T05:30:30Z
3-11698437,https://yle.fi/uutiset/3-11698437,Analyysi: Keskusta pysyttelee hallituksessa mutta näyttää taas haluavan erottaa toisen puolueen ministerin ,2020-12-15T18:03:25Z
3-11479982,https://yle.fi/uutiset/3-11479982,"Ylen kannatusmittaus: SDP:n suosio huipussaan ja PS paransi juoksuaan, mutta keskusta rypee pohjalukemissa",2020-08-06T03:00:00Z
3-11655656,https://yle.fi/uutiset/3-11655656,"Yle seurasi kyselytunnin suorana – Ikäihmisten toimeentulo ja polkupyörien kotitalousvähennys puhuttivat: ""Mökin mummo ei nyt kiitä""",2020-11-19T13:03:26Z
3-11390233,https://yle.fi/uutiset/3-11390233,Analyysi: Matti Vanhasesta pääministeri Sanna Marinin paras kaveri – entinen pääministeri ei lähde hallitukseen leikkimään,2020-06-08T10:09:56Z
3-11593069,https://yle.fi/uutiset/3-11593069,Sote-uudistus herättää vastustusta hallituspuolueiden sisällä – kolme keskustalaista jätti eriävän mielipiteen ulkoistuksista,2020-10-13T14:16:06Z
3-11548215,https://yle.fi/uutiset/3-11548215,Analyysi: Eläkeputken loppu häämöttää – Hallitus teettää likaisen työn järjestöpomoilla,2020-09-16T16:25:39Z
3-11617366,https://yle.fi/uutiset/3-11617366,"Marin toivoo, että Vastaamon tietomurron uhrit voisivat muuttaa henkilötunnustaan nopeasti – hallitus pui tietomurtoa iltakoulussaan ",2020-10-28T09:27:53Z
3-11533049,https://yle.fi/uutiset/3-11533049,"Pääministeri Marin: Suomeen voisi jatkossa matkustaa ulkomailta, jos esittää negatiivisen koronatestituloksen",2020-09-08T08:45:00Z
3-11538206,https://yle.fi/uutiset/3-11538206,"Suomen ensimmäinen aktiivihiilitehdas valmistuu Ilomantsiin – seuraavan Vapo uhkaa rakentaa naapurimaahan, mikäli turpeen käyttö kiristyy",2020-09-10T14:30:00Z
3-11676798,https://yle.fi/uutiset/3-11676798,Analyysi: Kokoomuksen alamäki luo SDP:lle mahdollisuuden kuntavaalivoittoon – Perussuomalaisten Jussi Halla-aho opposition selvä johtohahmo,2020-12-03T05:23:00Z
3-11225294,https://yle.fi/uutiset/3-11225294,Ylen kysely: Keskustavaikuttajat antavat tukensa puheenjohtaja Kulmunille – ”Vaikeassa tilanteessa Katri on johtanut puoluetta hyvin”,2020-02-25T14:14:14Z
3-11666582,https://yle.fi/uutiset/3-11666582,BBC kutsuu Suomea Ihmenaisen feministiseksi utopiasaareksi: maa joka taistelee yhtä aikaa koronavirusta ja epätasa-arvoa vastaan,2020-11-26T11:01:27Z
3-11671737,https://yle.fi/uutiset/3-11671737,"Paavo Väyrynen valittu keskustan puoluehallitukseen: ""Minulla on voimakas vakaumus kuinka asiat pitäisi hoitaa""",2020-11-29T09:56:04Z
3-11537159,https://yle.fi/uutiset/3-11537159,"Hallituksen neuvottelu matkustusrajoituksista päättyi, Suomi nostaa raja-arvoa 25:een – Lintilä: ”Pystymme avamaan matkailulle talvisesongin”",2020-09-10T09:53:43Z
3-11392856,https://yle.fi/uutiset/3-11392856,Analyysi: Kulmunin huono kierre – keskustalaiset haluavat puheenjohtajakisan ,2020-06-09T14:16:40Z
3-11621146,https://yle.fi/uutiset/3-11621146,"Lisää opiskelupaikkoja, hukkalämpöputki vai hammaslääkäriautoja? Selvitimme, mihin Suomi voisi käyttää 2,3 miljardia EU:n elvytysrahaa",2020-10-31T05:37:00Z
3-11615195,https://yle.fi/uutiset/3-11615195,Alvar Aallon suunnitteleman Paimion parantolan tulevaisuus kirkastuu – funkkishelmen kehittämiseksi perustettiin säätiö,2020-10-27T11:30:00Z
3-11702131,https://yle.fi/uutiset/3-11702131,"Hallitus poistaa eläkeputken asteittain vuoteen 2025 mennessä, luvassa irtisanomiskorvaus ja lisää koulutusta – Saarikko: ""Hallitus laittoi kirkon keskelle kylää""",2020-12-17T09:25:14Z
3-11592242,https://yle.fi/uutiset/3-11592242,"Tiedonjulkistamisen elämäntyöpalkinto kirjailija Risto Isomäelle: ""Koronapandemia on esimakua siitä, mitä tapahtuu jos annamme ilmastonmuutoksen jatkua""",2020-10-13T11:30:38Z
3-11662209,https://yle.fi/uutiset/3-11662209,"Tässä ovat Taiteen valtionpalkinnon saajat - tunnustusta lastenkirjoille, #metoolle ja esitystaiteelle",2020-11-24T10:00:00Z
3-11561515,https://yle.fi/uutiset/3-11561515,"Koulukiusaaminen nousi kyselytunnin pääaiheeksi, opetusministeri Andersson: ""Tämä on yhteinen asia"" – Yle seurasi kyselytuntia",2020-09-24T12:06:23Z
3-11648373,https://yle.fi/uutiset/3-11648373,Jenny Lucander sai jättipalkinnon lastenkirjan kuvituksesta – suurin inspiraatio on kuuluisa isoäiti,2020-11-23T10:46:22Z
3-11388058,https://yle.fi/uutiset/3-11388058,Analyysi: Liian paljon liian nopeasti – Katri Kulmunin kujanjuoksu päättyi haaksirikkoon  ,2020-06-05T15:13:04Z
3-11389656,https://yle.fi/uutiset/3-11389656,"Analyysi: Oppositioon haikailevat vain ne, jotka eivät ole siellä olleet",2020-06-07T18:19:51Z
3-11149673,https://yle.fi/uutiset/3-11149673,Analyysi: Marinilla ja Kulmunilla syytä hymyyn,2020-01-10T04:30:00Z
3-11499428,https://yle.fi/uutiset/3-11499428,Hallituksen neuvottelu matkustusrajoituksista jatkui Säätytalolla yöhön – tiedotustilaisuus luvassa keskiviikkoaamuna,2020-08-18T12:30:00Z
3-11550605,https://yle.fi/uutiset/3-11550605,"Robert Sundman: Budjettiriihessä leivottiin kakku, jossa on hiekkaa ja kermaa",2020-09-17T17:22:35Z
3-11569494,https://yle.fi/uutiset/3-11569494,Työllisyyskeinoista edessä ankara väittely – kolme keskeistä kiistakohtaa hallituksen talouspolitiikasta,2020-09-30T03:03:00Z
3-11480512,https://yle.fi/uutiset/3-11480512,Suomalainen joukkorahoitti koronan kanssa kamppailevaa kulttuurikohdetta keskimäärin 40 eurolla – eniten rahaa sai yllättävä kohde,2020-08-10T07:52:28Z
3-11543871,https://yle.fi/uutiset/3-11543871,"Pääministeri Marin: Budjettiriihessä on syntynyt sopu, yksityiskohdista kerrotaan keskiviikkona – Yle seurasi budjettineuvotteluiden toista päivää",2020-09-15T02:33:00Z
3-11490376,https://yle.fi/uutiset/3-11490376,"Pääministeri Marin: ""Nyt ei ole aika matkailla huolettomasti"" – Hallitus jatkaa koronatoimien käsittelyä torstaina aamulla",2020-08-12T12:30:00Z
3-11484119,https://yle.fi/uutiset/3-11484119,"Valtiovarainministeri Vanhanen: Nyt on elvytyksen, ei leikkauslistojen aika",2020-08-07T14:22:09Z
3-11549907,https://yle.fi/uutiset/3-11549907,"""Aktiivimalli 2 nousi kuolleista"", sanoo työttömien etujärjestö – miksi Sipilän hallituksen inhokki kelpasi vasemmistolle nyt? ",2020-09-17T15:53:12Z
3-11587095,https://yle.fi/uutiset/3-11587095,"Mihin otan yhteyttä, kun sairastun? Pitääkö alkaa maksaa maakuntaveroa? Katso, miten sote-uudistus vaikuttaa elämääsi",2020-10-13T12:38:09Z
3-11388018,https://yle.fi/uutiset/3-11388018,Puhemies Matti Vanhanen: Kulmunin erolle ei ollut vaihtoehtoja – keskustavaikuttajien mielestä kyseessä oli suoraselkäinen vastuunkanto ,2020-06-05T13:45:42Z
3-11461086,https://yle.fi/uutiset/3-11461086,"Väistyvä ministeri Hanna Kosonen: Kulttuurin, tieteen ja liikunnan rahoitus on jatkossa täysin auki – ”Asia on ratkaistava syksyn budjettiriihessä”",2020-07-23T03:00:00Z
3-11568491,https://yle.fi/uutiset/3-11568491,Tutkimus eduskuntavaalien ehdokkaista: Tutkijat toivovat pelisääntöjä vaalihäirinnän estämiseksi – poliittisia oikeuksia ei saa kaventaa,2020-10-01T07:00:00Z
3-11605798,https://yle.fi/uutiset/3-11605798,"Kansliapäälliköt puolustavat kehnoksi syytettyä lainvalmistelua: ""On helpompi olla kriitikko kuin kirjoittaja”",2020-10-24T08:54:00Z
3-11667644,https://yle.fi/uutiset/3-11667644,"Näin Helsingistä tuli hallituksen silmätikku – Vapaavuori on arvostellut koronatoimia keväästä lähtien, nyt ministerit näpäyttivät takaisin",2020-11-26T15:22:08Z
3-11542208,https://yle.fi/uutiset/3-11542208,"Marin ja Vanhanen: Talouden epävarmuus heijastuu voimakkaasti budjettiin, HS kertoo työttömien työnhakuvelvoitteen kiristymisestä – Yle seurasi budjettiriihen ensimmäistä päivää",2020-09-14T04:47:00Z
3-11163006,https://yle.fi/uutiset/3-11163006,Posti-jupakan jälkinäytös: Osa Postin hallituksen jäsenistä tuskin jatkaa – Saivat syksyllä tarpeekseen Antti Rinteen omistajaohjauksesta,2020-01-21T03:31:00Z
3-11197849,https://yle.fi/uutiset/3-11197849,"Keskusta etsii itseään: Piirijohtajien mielestä puolueen on ensin löydettävä oma äänensä ja kirkastettava äänestäjille syy olemassaoloonsa, sitten kannatuskin piristyy",2020-02-08T10:16:43Z
3-11505111,https://yle.fi/uutiset/3-11505111,"""Taiteilija voi tulla Suomessa toimeen lähinnä Uudellamaalla"", sanoo rahoituksen aitiopaikalla istuva Paula Tuovinen",2020-08-23T05:07:00Z
3-11615577,https://yle.fi/uutiset/3-11615577,Ex-tietosuojavaltuutettu Reijo Aarnio jyrähtää vielä kerran: Vastaamon tietomurto on digitaalista väkivaltaa ja verinen vääryys,2020-11-01T14:41:28Z
3-11696729,https://yle.fi/uutiset/3-11696729,Kulttuuritoimijoiden korona-ahdinkoa autetaan ministeriön miljoonatuilla,2020-12-14T14:49:13Z
3-11657475,https://yle.fi/uutiset/3-11657475,Rovaniemeläinen Sirkus Taika-Aika sai Lapsenpäivä-palkinnon,2020-11-20T06:53:05Z
3-11523611,https://yle.fi/uutiset/3-11523611,Ex-ministeri Korkeaoja asettuu Annika Saarikon taakse keskustan puheenjohtajakisassa,2020-09-02T10:19:21Z
3-11527273,https://yle.fi/uutiset/3-11527273,"Annika Saarikko lähtee levollisin mielin tavoittelemaan keskustan puheenjohtajuutta: ""Ei kannata pelätä häviötä eikä voittoakaan""",2020-09-04T11:13:53Z
3-11241887,https://yle.fi/uutiset/3-11241887,Annika Saarikko jättää Turun valtuuston – taustalla muutto synnyinpaikkakunnalle,2020-03-05T06:09:52Z
3-11474258,https://yle.fi/uutiset/3-11474258,"Keskustan Päijät-Hämeen piirin puheenjohtaja Jukka Mölsä: "" Tarvitsemme valovoimaisen ja karismaattisen henkilön - kurssi ei käänny hetkessä""",2020-07-31T10:28:00Z
3-11472761,https://yle.fi/uutiset/3-11472761,Lapin keskustajohtajat: Kulmuni puolustaa aluepolitiikkaa ja on konservatiivinen – Saarikko on uudistusmielisempi,2020-07-30T13:09:25Z
3-11596619,https://yle.fi/uutiset/3-11596619,Ministerit kehuvat Kuhmoa koronaryppään hillitsemisessä – Kainuun soten terveysjohtaja korostaa yhteishenkeä ja ripeyttä,2020-10-15T10:46:02Z
3-11526981,https://yle.fi/uutiset/3-11526981,"Keskusta pitää puoluekokouksen etänä, osa kokouksesta myös Tampereella ",2020-09-04T04:23:12Z
3-11531232,https://yle.fi/uutiset/3-11531232,Kainuun keskustalaiset tyytyväisiä etäkokoukseen – puoluekokouksen äänestys sujui hyvin tekstiviestein,2020-09-07T10:41:18Z
3-11472648,https://yle.fi/uutiset/3-11472648,"Keskustan entinen puoluesihteeri Jouni Ovaska: Saarikko on kova haastaja, mutta Kulmuni pohjustanut paikkaansa kenttäkierroksella",2020-07-30T12:15:00Z
3-11473847,https://yle.fi/uutiset/3-11473847,"Keskustan Etelä-Hämeen piirin puheenjohtaja Johanna Häggman: ""Yhdellä henkilövaihdoksella ei Keskustan suunta muutu""",2020-07-31T07:22:11Z
3-11527566,https://yle.fi/uutiset/3-11527566,"Kulmunin tappio on menetys Meri-Lapille – Peräpohjolan keskustapiirin puheenjohtaja Tanja Joona: ""Odotukset ovat korkealla, että aluepolitiikkaa pidetään esillä""",2020-09-07T12:33:34Z
3-11531514,https://yle.fi/uutiset/3-11531514,Keskustan tuore varapuheenjohtaja Markus Lohi antaisi paikkansa valtiovarainvaliokunnassa Katri Kulmunille,2020-09-07T10:59:44Z
3-11527953,https://yle.fi/uutiset/3-11527953,"Moni Lapin keskustalainen haluaa Katri Kulmunin syrjään - puoluekokousedustaja: ""Tämä ei ole mikään maakuntavaali""",2020-09-04T12:57:42Z
3-11460743,https://yle.fi/uutiset/3-11460743,Kulmuni kaarsi kierroksellaan Lappiin – keskustan puheenjohtajavaaliin enää kuusi viikkoa,2020-07-23T14:27:37Z
3-11531860,https://yle.fi/uutiset/3-11531860,"Pohjois-Pohjanmaan keskusta toipuu viikonlopun kokousrutistuksesta – maakunta ei näy puolueen piikkipaikoilla, piirijohtajaa se ei huoleta",2020-09-07T13:15:01Z
3-11475049,https://yle.fi/uutiset/3-11475049,Katri Kulmunin kannattaminen ei ole itsestään selvää keskustan Lapin piirille – piiri otti aikalisän laajemmalle keskustelulle,2020-07-31T12:42:05Z
3-11478081,https://yle.fi/uutiset/3-11478081,Alavudelta yllätysnimi keskustan puheenjohtajakisaan,2020-08-04T02:23:43Z
3-11612399,https://yle.fi/uutiset/3-11612399,"Yle seurasi Vastaamon tietomurtoa: Näin kiristäjä ilmestyi Tor-verkon foorumille, poliisi pyytää harkintaa asiaan liittyvien yksityiskohtien julkaisemisessa",2020-10-25T08:29:53Z
3-11481392,https://yle.fi/uutiset/3-11481392,Kososen vuoden kestänyt ministerin pesti päättyy – Annikka Saarikko palaa ministeriksi,2020-08-06T03:50:37Z
3-11702659,https://yle.fi/uutiset/3-11702659,Kärnä ja Väyrynen eivät kelvanneet Helsingin pormestariehdokkaiksi,2020-12-17T10:02:04Z
3-11695893,https://yle.fi/uutiset/3-11695893,Lapin kulttuurilaitoksille koronatukea vajaat 800 000 euroa – isoimman potin saa Lapin alueteatteri,2020-12-14T09:42:59Z
3-11625889,https://yle.fi/uutiset/3-11625889,Lounaissuomalaiset kansanedustajat haluavat säilyttää mahdollisuuden olla mukana myös kunnallispolitiikassa,2020-11-02T13:59:40Z
3-11676651,https://yle.fi/uutiset/3-11676651,"Kaakon kansanedustajat antaisivat lisää tukea urheiluseuroille – ""Vaikea mennä sanomaan, mikä seura tarvitsee enemmän rahaa kuin toinen""",2020-12-07T14:05:55Z
3-11626018,https://yle.fi/uutiset/3-11626018,Kuntapolitiikkaa kiinnostaa kansanedustajia  – Kaakkois-Suomen edustajat lähtemässä kilvan ehdolle,2020-11-02T12:48:13Z
3-11457694,https://yle.fi/uutiset/3-11457694,"Keskustan Keski-Suomen piirijohto ei haikaile Kulmunille haastajaa: ""Hänhän on ollut vasta vuoden tuossa hommassa""",2020-07-21T04:46:17Z
3-11592364,https://yle.fi/uutiset/3-11592364,Sote-ministerityöryhmä: Itä-Savo kuuluu Etelä-Savon hyvinvointialueeseen,2020-10-13T10:17:16Z
3-11572690,https://yle.fi/uutiset/3-11572690,Valtio avustaa uuden yläkoulun liikuntasalia Liperissä,2020-10-01T04:56:05Z
3-11531456,https://yle.fi/uutiset/3-11531456,Oulun yliopisto viettää lukuvuoden avajaisiaan virtuaalisesti,2020-09-07T10:23:35Z
3-11526034,https://yle.fi/uutiset/3-11526034,Keskustaväki tiukoin odotuksin erilaiseen puoluekokoukseen – Itä-Suomessa kannatusta molemmilla puheenjohtajasuosikeilla ,2020-09-04T03:03:20Z
3-11530921,https://yle.fi/uutiset/3-11530921,Markus Lohi nousi keskustan varapuheenjohtajaksi – Heikki Autto kokoomuksen puoluevaltuuston puheenjohtajaksi,2020-09-07T04:57:22Z
3-11160778,https://yle.fi/uutiset/3-11160778,Lääkärihelikopterin paikka vielä kerran puntariin – luottamus- ja virkamieslähetystö Etelä-Karjalasta vetoaa ministeriin,2020-01-16T13:50:51Z
3-11525600,https://yle.fi/uutiset/3-11525600,"Ilkka Tiainen on kiertänyt maata ja uskoo kannatusta Keskustan puheenjohtajaksi olevan enemmän kuin prosentin verran: ""Hyvä nousukiito on käynnissä""",2020-09-03T16:05:00Z
3-11525312,https://yle.fi/uutiset/3-11525312,Maakuntamalli houkutteli keskustan puoluekokoukseen ennätysmäärän osallistujia – moni piiri odottaa ennätyslukuja etäkokouksiin,2020-09-03T14:41:48Z
3-11478224,https://yle.fi/uutiset/3-11478224,"Mikkelissä päätöksenteon puheenjohtajat haluavat Varastokirjaston Mikkeliin – Pohjois-Savon kansanedustajat pitäisivät ""kirjastojen kirjaston"" Kuopiossa",2020-08-04T12:14:13Z
3-11574288,https://yle.fi/uutiset/3-11574288,Ylen kysely: Suuri osa Varsinais-Suomen kansanedustajista tukisi edelleen voimakkaasti risteilyalusliikennettä,2020-10-05T09:56:25Z
3-11497820,https://yle.fi/uutiset/3-11497820,Koronaviruksen testitulosta saattaa joutua odottamaan jopa viikon – sairaanhoitopiirit taistelevat jo äärirajoilla testimäärien kanssa,2020-08-17T12:52:30Z
3-11600986,https://yle.fi/uutiset/3-11600986,Lue tästä koronapäivitykset 16.10.–25.10.,2020-10-18T11:32:04Z
3-11589714,https://yle.fi/uutiset/3-11589714,Lue tästä koronapäivitykset 8.10.–15.10. ,2020-10-11T06:00:31Z
3-11667957,https://yle.fi/uutiset/3-11667957,Lue tästä Pirkanmaan koronapäivitykset 1.9. – 14.11.,2020-11-30T13:11:40Z
3-11583480,https://yle.fi/uutiset/3-11583480,Lue tästä Uudenmaan koronapäivitykset 1.-31.10.,2020-10-26T14:15:56Z
3-11663578,https://yle.fi/uutiset/3-11663578,Lue tästä koronapäivitykset 22.11.–12.12.,2020-11-24T16:23:30Z
3-11697140,https://yle.fi/uutiset/3-11697140,Lue tästä koronapäivitykset 13.–29.12. ,2020-12-15T04:12:33Z
3-11577802,https://yle.fi/uutiset/3-11577802,Lue tästä koronapäivitykset 1.10.–7.10.,2020-10-03T10:01:24Z
3-11466892,https://yle.fi/uutiset/3-11466892,Lue tästä koronapäivitykset 21.7.–20.8.,2020-07-27T09:25:36Z
3-11619563,https://yle.fi/uutiset/3-11619563,Lue tästä koronapäivitykset 26.10.–16.11.,2020-10-29T05:53:20Z
