id,url,title,date_modified
3-11172449,https://yle.fi/uutiset/3-11172449,Suomen salaisin valiokunta kokoontuu bunkkerissa – sen työstä ei tiedetä juuri mitään,2020-01-26T15:06:45Z
3-11392088,https://yle.fi/uutiset/3-11392088,"Uusi puhemies Vehviläinen kuvailee olevansa ryhmäpelaaja ja toivoo, että vastustajia kunnioitetaan kiihkeidenkin väittelyiden aikana",2020-06-09T10:06:36Z
3-11251700,https://yle.fi/uutiset/3-11251700,"Jäämeren rataa on vaikea perustella ilman Tallinna-tunnelia, sanoo ratahankkeiden puuhamies Peter Vesterbacka – Jäämeren rata vielä lähtökuopissa",2020-03-11T14:12:21Z
3-11641827,https://yle.fi/uutiset/3-11641827,"Eduskunta kiisteli Suomen ulko- ja turvallisuuspolitiikasta, oppositio moitti hallituksen hämärtävän tärkeän selonteon roolia",2020-11-11T11:18:34Z
3-11234202,https://yle.fi/uutiset/3-11234202,"Ilmastonmuutos, pakolaiset ja pandemiat: Marinin hallitus nostaa Suomen uudet uhkakuvat esiin turvallisuuspolitiikan linjauksissaan ",2020-03-01T05:30:00Z
3-11568130,https://yle.fi/uutiset/3-11568130,"Lapin kansanedustajat eivät kieltäisi kaivostoimintaa kokonaan saamelaisalueella – Saamelaiskäräjien puheenjohtaja: ""Kaivostoiminta ei sovi saamelaisalueelle""",2020-09-30T14:27:46Z
3-11487949,https://yle.fi/uutiset/3-11487949,"Torniossa Suomen rajan ylittää 10 000 päivässä – Rajatyöhön tulvii yhteydenottoja: ""Henkilö ei ole pystynyt nukkumaan viime yönä, kun hän on huolissaan työpaikasta""",2020-08-11T08:31:47Z
3-11696403,https://yle.fi/uutiset/3-11696403,"Markus Mustajärvi jää pois kuntapolitiikasta keväällä – vain Kaisa Juuson, Heikki Autton ja Markus Lohen kuntavaaliehdokkuus on varmaa",2020-12-15T05:33:42Z
3-11514561,https://yle.fi/uutiset/3-11514561,"Ylen kysely kansanedustajille: Enemmistö vastaajista  säilyttäisi eläkeputken – Kokoomuksen, vihreiden ja RKP:n  edustajilta tukea poistolle",2020-09-01T02:30:00Z
3-11525737,https://yle.fi/uutiset/3-11525737,"Mustajärvi kummeksii upseerin lausuntoa uusista hävittäjistä: ""Onko ostettava konetyyppi jo valittu?""",2020-09-03T11:46:38Z
3-11568831,https://yle.fi/uutiset/3-11568831,Lapin kansanedustajat vastustavat uusia rajoituksia Lapin kaikille ravintoloille – ainakin jos niitä asetetaan Helsingistä,2020-09-29T11:57:13Z
3-11195515,https://yle.fi/uutiset/3-11195515,Suurin osa Lapin kansanedustajista kannattaa kaivosveron käyttöönottoa – Kaisa Juuso vielä miettii,2020-02-07T04:05:14Z
3-11284872,https://yle.fi/uutiset/3-11284872,Lapin kansanedustajat: koronakriisi voi tuoda isojakin pysyviä muutoksia arkeen  ,2020-04-15T09:14:04Z
3-11518084,https://yle.fi/uutiset/3-11518084,Lapin kansanedustajat vetoavat hallitukseen: Matkailualan hätään reagoitava nyt eikä sitten kun vahinko on jo tapahtunut,2020-08-29T10:07:00Z
3-11321833,https://yle.fi/uutiset/3-11321833,Lue tästä Lapin koronapäivitykset 6.–22.4.,2020-04-24T11:59:03Z
3-11556586,https://yle.fi/uutiset/3-11556586,Lue tästä Lapin koronapäivitykset 5.8.–17.9. 2020,2020-09-21T16:39:44Z
