id,url,title,date_modified
3-11189968,https://yle.fi/uutiset/3-11189968,"Uudet kansanedustajat työstään: Istuntosali kuin show-painiareena, valtaa käytetään valiokunnissa – ""Hyvä, että siellä ollaan suljettujen ovien takana""",2020-02-09T05:58:00Z
3-11520785,https://yle.fi/uutiset/3-11520785,"Turpeen verotuen poisto on kipeä kysymys turvealueilla – pohjalaiskansanedustajat eivät halua muutoksia ja luonnosuojeluliiton aluesihteerikin ymmärtää kannan, vaikka on eri mieltä",2020-09-01T07:55:00Z
3-11490183,https://yle.fi/uutiset/3-11490183,"Oikeusministeri Henriksson harkitsisi Ruotsin rajojen avaamista osittain: ""Ruotsissa on alueita, joissa jo täytetään Suomen asettamat kriteerit""",2020-08-13T08:59:27Z
3-11394739,https://yle.fi/uutiset/3-11394739,"Kysyimme kansanedustajilta koronakevään onnistumisia, katso mistä oma edustajasi kehui itseään",2020-06-13T04:20:00Z
3-11287919,https://yle.fi/uutiset/3-11287919,Pitääkö hallitus kiinni kovista ilmastotavoitteistaan koronakriisin keskellä? Ministeri: “Ilmastonmuutos ei ole kadonnut eikä peruutettu”,2020-04-03T09:50:00Z
3-11190401,https://yle.fi/uutiset/3-11190401,"Krista Mikkonen väistää vihreiden kantaa ydinvoimaan: ""Uusi ydinvoimala ei auta tähän tilanteeseen""",2020-02-07T16:00:00Z
3-11716478,https://yle.fi/uutiset/3-11716478,Vaasan vaalipiirin kansanedustajista ahkerimpia puhujia Paula Risikko ja Pasi Kivisaari – vähiten puheenvuoroja on käyttänyt Jukka Mäkynen,2020-12-31T06:13:39Z
3-11677348,https://yle.fi/uutiset/3-11677348,Vaasan vaalipiirin kansanedustajat vieroksuvat biokaasun verottamista,2020-12-07T08:31:46Z
3-11630628,https://yle.fi/uutiset/3-11630628,Vaasan vaalipiirin kansanedustajat ovat lähdössä isolla joukolla kevään 2021 kuntavaaleihin,2020-11-04T14:38:34Z
3-11294154,https://yle.fi/uutiset/3-11294154,"""Maatalous huoltovarmuuden kivijalka"" – pohjalaisedustajat maataloustukien noston kannalla",2020-04-06T12:12:27Z
3-11186165,https://yle.fi/uutiset/3-11186165,"Turkiseläinten vienti ulkomaille jakaa alueen kansanedustajia: iso osa kieltäisi, mutta tunnistaa vaikeudet ",2020-02-05T04:46:34Z
3-11245193,https://yle.fi/uutiset/3-11245193,Vaasan vaalipiirin kansanedustajista kolme kieltäisi kuntien vesi- ja energiayhtiöiden myynnin ,2020-03-09T07:17:00Z
3-11334291,https://yle.fi/uutiset/3-11334291,Pohjalaiskansanedustajat eivät antaisi verovähennystä etäkoulun läppäreihin ,2020-05-05T03:54:17Z
3-11375448,https://yle.fi/uutiset/3-11375448,"Rajoitusten alueellinen purkaminen jakaa vaalipiirin kansanedustajat – Ylen kyselyyn varovaisia vastauksia: ""Tässä voisi vastata sekä kyllä että ei""",2020-06-01T08:17:07Z
3-11590455,https://yle.fi/uutiset/3-11590455,Tarvitsevatko turkiseläimet tiukemman lain suojan? Kysymys turkiseläinten hyvinvoinnista jakaa Vaasan vaalipiirin kansanedustajia,2020-10-12T12:35:32Z
3-11337625,https://yle.fi/uutiset/3-11337625,Korona on kurittanut hoitoloita ja kampaamoita Meri-Lapissa – asiakkaiden myötätunto on kannatellut pahimman yli,2020-05-07T03:54:01Z
