id,url,title,date_modified
3-11203097,https://yle.fi/uutiset/3-11203097,Kansanedustaja Anneli Kiljunen nousemassa Eksoten hallituksen puheenjohtajaksi – nykyinen puheenjohtaja irtisanoutui kohun saattelemana,2020-02-11T12:14:44Z
3-11657396,https://yle.fi/uutiset/3-11657396,Etelä-Saimaa: Eksoten yritys myydä keskussairaalan rakennukset omalle kiinteistöyhtiölleen on vastatuulessa – toimitusjohtaja yrittää vakuuttaa STM:n yhtiöittämisen hyödyistä,2020-11-20T04:58:00Z
3-11393999,https://yle.fi/uutiset/3-11393999,"Oppositio moitti rahan roiskimista hankkeisiin koronan varjolla – Rahaministeri Vanhanen puolusti jättimäistä lisäbudjettia: ""Haluamme välttää 90-luvun laman virheet""",2020-06-10T10:01:26Z
3-11213482,https://yle.fi/uutiset/3-11213482,Lappeenrannan kaupunginhallitus esittää eron myöntämistä Anneli Kiljuselle,2020-02-17T15:45:20Z
3-11220972,https://yle.fi/uutiset/3-11220972,Marja-Liisa Vesterinen nousemassa Lappeenrannan kaupunginhallitukseen Anneli Kiljusen tilalle,2020-02-21T10:07:35Z
3-11232358,https://yle.fi/uutiset/3-11232358,"Eksoten valtuusto vahvisti uusiksi hallituksen puheenjohtajiksi Anneli Kiljusen, Antti Vilkon ja Heikki Järvenpään",2020-02-28T07:47:18Z
3-11596060,https://yle.fi/uutiset/3-11596060,Sote-uudistuksen suurimmat muutokset Eksotessa: rahoittajan vaihtuminen sekä terveysasemien tilalle tulevat sote-keskukset,2020-10-15T12:30:10Z
3-11500104,https://yle.fi/uutiset/3-11500104,Eksoten 30 miljoonan euron palkkarästit kuntien kontolle? – Yle seurasi tiedotustilaisuutta hetki hetkeltä,2020-08-19T05:30:00Z
3-11364974,https://yle.fi/uutiset/3-11364974,Eksoten tarkastuslautakunta moittii sote-piirin hallintoa ja johtoa: Roolit sekaisin eikä oikeaa eroteta väärästä,2020-05-22T14:43:43Z
