id,url,title,date_modified
3-11597850,https://yle.fi/uutiset/3-11597850,"Pääministeri Marin poistui Eurooppa-neuvoston kokouksesta kansanedustajan koronatartunnan vuoksi: ""Olen ollut satunnaisissa kohtaamisissa Packalénin kanssa""",2020-10-16T05:57:59Z
3-11317167,https://yle.fi/uutiset/3-11317167,Kansanedustaja Packalénin yritys sai Business Finlandilta täyden koronatuen – alana keskustelupalstojen siivoaminen,2020-04-22T10:32:09Z
3-11687275,https://yle.fi/uutiset/3-11687275,"Kansanedustaja Arto Satosella on todettu koronavirustartunta: ""Olo on tällä hetkellä kohtuullisen hyvä""",2020-12-08T13:04:41Z
3-11598363,https://yle.fi/uutiset/3-11598363,Haaviston virkarikosepäilyjen käsittely lykkääntyi perussuomalaisten koronavirusaltistumisten takia – kaikki puolueen edustajat poissa perustuslakivaliokunnasta,2020-10-16T09:33:57Z
3-11601098,https://yle.fi/uutiset/3-11601098,"Suomen edustaminen EU-huippukokouksessa voidaan uskoa tilapäisesti Ruotsille – ""Ei ole mikään ongelma"", sanoo alivaltiosihteeri",2020-10-18T13:34:55Z
3-11608155,https://yle.fi/uutiset/3-11608155,"Perussuomalaiset vaati hallitusta tuomitsemaan terroriteon Ranskassa, kokoomus kysyi sähkön siirtohinnoista – Yle seurasi eduskunnan kyselytuntia",2020-10-22T12:09:54Z
3-11641827,https://yle.fi/uutiset/3-11641827,"Eduskunta kiisteli Suomen ulko- ja turvallisuuspolitiikasta, oppositio moitti hallituksen hämärtävän tärkeän selonteon roolia",2020-11-11T11:18:34Z
3-11600986,https://yle.fi/uutiset/3-11600986,Lue tästä koronapäivitykset 16.10.–25.10.,2020-10-18T11:32:04Z
3-11583480,https://yle.fi/uutiset/3-11583480,Lue tästä Uudenmaan koronapäivitykset 1.-31.10.,2020-10-26T14:15:56Z
3-11663578,https://yle.fi/uutiset/3-11663578,Lue tästä koronapäivitykset 22.11.–12.12.,2020-11-24T16:23:30Z
