id,url,title,date_modified
3-11549625,https://yle.fi/uutiset/3-11549625,Kapea ja lähes ohituskelvoton valtatie on odottanut jättiremonttia ainakin 20 vuotta – eikä sitä tule vieläkään,2020-09-17T14:05:21Z
3-11418039,https://yle.fi/uutiset/3-11418039,"Kesän viimeisen kyselytunnin pääaiheiksi nousivat ruuhkamaksut ja työllisyystoimet, Vanhanen: Minulla ei ole ""hokkuspokkuskeinoja""",2020-06-25T12:23:35Z
3-11182364,https://yle.fi/uutiset/3-11182364,Uusi lääkärihelikopteri sai kansanedustajat vetämään reilusti kotiin päin – jopa saman puolueen sisällä edustajat ovat vankasti erimielisiä,2020-02-03T08:02:44Z
3-11189968,https://yle.fi/uutiset/3-11189968,"Uudet kansanedustajat työstään: Istuntosali kuin show-painiareena, valtaa käytetään valiokunnissa – ""Hyvä, että siellä ollaan suljettujen ovien takana""",2020-02-09T05:58:00Z
3-11676651,https://yle.fi/uutiset/3-11676651,"Kaakon kansanedustajat antaisivat lisää tukea urheiluseuroille – ""Vaikea mennä sanomaan, mikä seura tarvitsee enemmän rahaa kuin toinen""",2020-12-07T14:05:55Z
3-11626018,https://yle.fi/uutiset/3-11626018,Kuntapolitiikkaa kiinnostaa kansanedustajia  – Kaakkois-Suomen edustajat lähtemässä kilvan ehdolle,2020-11-02T12:48:13Z
3-11573184,https://yle.fi/uutiset/3-11573184,"Pitäisikö maanomistajilla olla mahdollisuus kieltää malminetsintä maillaan? Kyllä, sanoo moni Kaakkois-Suomen kansanedustajista",2020-10-06T09:12:39Z
3-11595008,https://yle.fi/uutiset/3-11595008,Tulevaisuuden liikennehankkeista päätetään ilman päijäthämäläisiä  – perussuomalaisten Ronkainen luovutti paikkansa Keski-Suomeen,2020-10-15T03:50:00Z
3-11335777,https://yle.fi/uutiset/3-11335777,Korona kiristää kuntien taloutta entisestään – Kaakkois-Suomen kansanedustajat eivät silti lämpene kuntaliitoksille,2020-05-05T16:00:00Z
3-11294475,https://yle.fi/uutiset/3-11294475,Pitäisikö mökkimaakuntien terveydenhuolto mitoittaa myös vapaa-ajan asukkaiden määrän mukaan? Kaakon kansanedustajista harva  innostuu ajatuksesta,2020-04-07T06:12:00Z
3-11375752,https://yle.fi/uutiset/3-11375752,Uuden kansainvälisen rajanylityspaikan avaaminen Suomen ja Venäjän välille uhkaa lykkääntyä koronan vuoksi – alueen kansanedustajat ovat eri mieltä,2020-06-02T06:17:54Z
3-11242912,https://yle.fi/uutiset/3-11242912,Kansanedustajat kommentoivat: Tarvitseeko kuutti pidemmän kasvuajan vai riittävätkö nykyiset kalastusrajoitukset Saimaalla?,2020-03-06T11:50:45Z
3-11382553,https://yle.fi/uutiset/3-11382553,Lisätalousarviossa raha jakautuu Kaakkoon vielä epätasaisesti – näin kansanedustajat kommentoivat tuoreita tukipäätöksiä,2020-06-03T13:34:04Z
3-11521661,https://yle.fi/uutiset/3-11521661,Savonlinnan seudun mahdollinen maakunnan vaihto jakaa kansanedustajat – hajontaa myös puolueiden ja maakuntien sisällä,2020-09-01T13:00:28Z
3-11411069,https://yle.fi/uutiset/3-11411069,Lue tästä koronapäivitykset 16.6.–13.7.,2020-06-21T05:15:46Z
3-11254317,https://yle.fi/uutiset/3-11254317,Lue tästä koronaviruspäivitykset 17.2.–23.3.,2020-03-12T15:16:25Z
