id,url,title,date_modified
3-11287800,https://yle.fi/uutiset/3-11287800,"Opetusministeri Andersson: Jos lapseen ei saada yhteyttä, koulun on viime kädessä otettava yhteyttä lastensuojeluun – katso tallenne hallituksen tiedotustilaisuudesta",2020-04-02T07:31:49Z
3-11461086,https://yle.fi/uutiset/3-11461086,"Väistyvä ministeri Hanna Kosonen: Kulttuurin, tieteen ja liikunnan rahoitus on jatkossa täysin auki – ”Asia on ratkaistava syksyn budjettiriihessä”",2020-07-23T03:00:00Z
3-11148053,https://yle.fi/uutiset/3-11148053,Maria Ohisalo ehdottaa kiristyksiä rahapeleihin: Jopa lottokupongit pakollisen tunnistautumisen taakse,2020-03-01T14:07:00Z
3-11462836,https://yle.fi/uutiset/3-11462836,Hallitus laajensi tekniikka- ja sote-alojen koulutusta – tarkoitus vastata osaajapulaan tietyillä aloilla ja alueilla,2020-07-23T13:25:36Z
3-11335818,https://yle.fi/uutiset/3-11335818,"Moni yksityiskohta on yhä auki, kun Suomen uusi normaali alkaa – katso miten ja milloin elämäsi helpottuu",2020-05-06T17:00:10Z
3-11477180,https://yle.fi/uutiset/3-11477180,#Metoo nosti esiin kulttuurialan väärinkäytökset – Suomeen ehdotetaan eettisen toimielimen perustamista,2020-08-03T10:00:00Z
3-11396512,https://yle.fi/uutiset/3-11396512,"Koululaiset pääsevät harrastamaan entistä helpommin, ja vielä ilmaiseksi – Suomen mallista tulee vihdoin totta",2020-06-12T06:30:00Z
3-11304693,https://yle.fi/uutiset/3-11304693,Pienet elokuvateatterit voivat selvitä koronaepidemiasta isoja paremmin – helsinkiläinen Riviera ryhtyi myymään ruokaa,2020-04-21T07:15:00Z
3-11338878,https://yle.fi/uutiset/3-11338878,"Ministeri Kosonen: Myös kulttuuritapahtumiin jopa 500 henkeä kerralla: ""Järjestäjien estettävä ihmisten kasautuminen jonoihin ja sumppuihin""",2020-05-06T15:38:42Z
3-11394268,https://yle.fi/uutiset/3-11394268,"Perussuomalaisten ajatuspaja keskeyttää ""naisten tyranniasta"" kertoneen Jukka Hankamäen kirjan julkaisun – Halla-aho myöntää: Laadunvalvonta saattoi pettää",2020-06-10T08:52:25Z
3-11720291,https://yle.fi/uutiset/3-11720291,Lakialoite ilotulitusten kuluttajakäytön kieltämisestä jumittaa eduskunnassa – Paukutonta uutta vuotta tarjoavat hotellit taas täynnä koiria,2020-12-31T07:58:59Z
3-11408715,https://yle.fi/uutiset/3-11408715,"Isojen festivaalien järjestäjät turhautuivat hallituksen linjauksesta: ""Ei helpottanut tuskaa, vaan pahensi sitä"" ",2020-06-18T13:43:34Z
3-11219771,https://yle.fi/uutiset/3-11219771,Ahdistelut kuriin: Kulttuurialan eettisen toimielimen perustamista selvitetään,2020-02-20T14:12:28Z
3-11384530,https://yle.fi/uutiset/3-11384530,"Opetusministeri Andersson: Etäopetukseen voidaan turvautua syksyllä, jos koronatilanne sitä vaatii",2020-06-04T09:03:55Z
3-11420055,https://yle.fi/uutiset/3-11420055,Maahanmuuttajat korkeakouluun selvästi kantasuomalaisia harvemmin – eri taustojen vaikutus kouluttautumiseen selvitetään,2020-06-26T09:35:29Z
3-11626861,https://yle.fi/uutiset/3-11626861,Yle selvitti poliitikkojen usean vuoden tulot: pienipalkkaiset naiset nousivat vallan huipulle – pääministeri Marin kuusinkertaisti ansionsa,2020-11-03T15:48:42Z
3-11480683,https://yle.fi/uutiset/3-11480683,Annika Saarikko palaa tänään vuoden perhevapaaltaan tiede- ja kulttuuriministeriksi,2020-08-06T02:37:00Z
3-11226329,https://yle.fi/uutiset/3-11226329,"Valtio halusi uudistaa kulttuurin rahoituksen, mutta juuri mikään ei muuttunut",2020-02-26T09:30:00Z
3-11427362,https://yle.fi/uutiset/3-11427362,"Kulttuuriväki huolissaan – mistä rahoitus, kun Veikkauksen tuotot pienenevät koronan takia?",2020-07-02T03:20:00Z
3-11481163,https://yle.fi/uutiset/3-11481163,"Herätys: Toisen korona-aallon pelko ei näy päiväkodeissa, SDP:n kannatus ennätyslukemissa, Saarikko palaa ministeriksi",2020-08-06T03:35:17Z
3-11404782,https://yle.fi/uutiset/3-11404782,Kulttuurin ja taiteen toimijoille korona-avustuksina lähes 21 miljoonaa euroa,2020-06-16T12:56:15Z
3-11460562,https://yle.fi/uutiset/3-11460562,"Herätys: Hanna Kosonen palaa ministeristä rivikansanedustajaksi, valokuvien väärinkäyttöä vaikeammaksi, Trump usuttaa valtion joukot Chicagoon",2020-07-23T03:15:59Z
3-11211516,https://yle.fi/uutiset/3-11211516,"Nuorisojärjestöjen avustuksista puhkesi sanaharkka – Vihreiden varapuheenjohtaja: ""Miksi keskusta taas rikkoo hallitusohjelmaa?""",2020-02-17T15:51:48Z
3-11406508,https://yle.fi/uutiset/3-11406508,Näin korkeakoulujen syksyn yli 4 000 uutta opiskelupaikkaa jaetaan – katso yliopistojen kaikki lisäykset,2020-06-18T07:51:44Z
3-11471169,https://yle.fi/uutiset/3-11471169,"Viisi asiaa, joista keskustan puheenjohtajakisaan lähtenyt Annika Saarikko tunnetaan",2020-07-30T03:03:00Z
3-11481699,https://yle.fi/uutiset/3-11481699,"Tieteen ja kulttuurin 140 miljoonan euron talouslovi tilkitään ""keinolla millä hyvänsä""  – Annika Saarikko palasi ministeriksi, katso puhe",2020-08-06T10:15:15Z
3-11382102,https://yle.fi/uutiset/3-11382102,Ministerit kehuvat lisäbudjetin satsauksia joukkoliikenteeseen ennätyksellisiksi ja talot halutaan rakentaa nyt puusta ,2020-06-03T07:01:22Z
3-11402857,https://yle.fi/uutiset/3-11402857,"Annika Saarikko harkitsee puheenjohtajakisaan lähtöä elokuuhun – poliittinen todellisuus muuttui äitiysloman aikana: ""Oikein mikään ei ole entisellään""",2020-06-18T03:44:00Z
3-11531891,https://yle.fi/uutiset/3-11531891,"Perussuomalaisten ajatuspaja joutuu maksamaan osan valtionavustuksestaan takaisin ""naisten tyranniasta"" kertoneen kirjan takia",2020-09-08T14:02:15Z
3-11607171,https://yle.fi/uutiset/3-11607171,"Tuoreessa Uuden testamentin käännöksessä ei puhuta opetuslapsista, vanhurskaista tai laupeudesta – kuuntele Matteuksen evankeliumia Krista Kososen lukemana",2020-10-22T14:45:00Z
3-11493043,https://yle.fi/uutiset/3-11493043,Maskisuositus otettiin positiivisesti vastaan – silti aamun työmatkaliikenteessä moni ilman maskia,2020-08-14T03:20:00Z
3-11316742,https://yle.fi/uutiset/3-11316742,Pääministeri Marin: Toivon päätöksiä kesän tapahtumista – muiden rajoitusten purkamisesta ei lopullista päätöstä tänään,2020-04-22T05:31:39Z
3-11405671,https://yle.fi/uutiset/3-11405671,"Hallitus höllentää rajoituksia: Ravintolat saavat olla auki kahteen yöllä, enemmän asiakkaita sisään, buffetkielto poistuu ",2020-06-17T09:08:16Z
3-11395477,https://yle.fi/uutiset/3-11395477,"Hallitus lieventää rajoituksia: yli 500 hengen ulkotilaisuudet sallitaan heinäkuussa, matkailu Baltiaan, Tanskaan, Norjaan ja Islantiin vapautuu maanantaina",2020-06-11T02:52:00Z
3-11400177,https://yle.fi/uutiset/3-11400177,"Halla-aho toivoo kohuille loppua: ""Kannattajille on vaikea perustella sitä, että perussuomalaiset puhuvat typeriä tai käyttäytyvät huonosti""",2020-06-13T05:29:24Z
3-11547297,https://yle.fi/uutiset/3-11547297,"Turpeen kiistelty veroetu ei poistunutkaan, vaan tilalle ilmestyi yllättäen uusi mekanismi – riittääkö se puolittamaan turpeen polton? ",2020-09-17T02:57:00Z
3-11511423,https://yle.fi/uutiset/3-11511423,"Marin parantaisi työllisyyttä alentamalla päivähoitomaksuja – selvitimme, kannustaisiko konsti todella vanhempia töihin",2020-08-27T02:30:00Z
3-11395718,https://yle.fi/uutiset/3-11395718,Perussuomalaisten ajatuspajan kohukirjassa toistuu naisvihamielisyys – näin kirjoittaja kommentoi teostansa,2020-06-10T19:13:24Z
3-11606092,https://yle.fi/uutiset/3-11606092,"Huijarisyndrooma piinaa menestyjiäkin: Tunnetut ammattilaiset kertovat, milloin pelkäsivät paljastuvansa huijareiksi – ja mitä sitten tapahtui",2020-10-26T14:57:47Z
3-11481392,https://yle.fi/uutiset/3-11481392,Kososen vuoden kestänyt ministerin pesti päättyy – Annikka Saarikko palaa ministeriksi,2020-08-06T03:50:37Z
3-11344724,https://yle.fi/uutiset/3-11344724,Ministeri Kosonen sanoo kansanedustajan suulla: Myös lähikontaktilajit voi aloittaa kesäkuussa,2020-05-10T10:04:24Z
3-11462254,https://yle.fi/uutiset/3-11462254,Jyväskylän yliopiston uusi koulutus on pitkän vaikuttamistyön tulosta: “Tarjonnan laajeneminen parantaa merkittävästi koko Jyväskylän vetovoimaa”,2020-07-23T10:50:09Z
3-11343288,https://yle.fi/uutiset/3-11343288,"Futiskausi alkaa Kajaanissa kesäkuussa – Kajaanin Hakan puheenjohtaja: ""Tämä on iloa ja innostusta""",2020-05-08T13:50:30Z
3-11293786,https://yle.fi/uutiset/3-11293786,HAMK kiinnosti ennätysmäärää hakijoita – hallituksen linjauksia valintakokeista odotetaan,2020-04-06T08:44:57Z
3-11478224,https://yle.fi/uutiset/3-11478224,"Mikkelissä päätöksenteon puheenjohtajat haluavat Varastokirjaston Mikkeliin – Pohjois-Savon kansanedustajat pitäisivät ""kirjastojen kirjaston"" Kuopiossa",2020-08-04T12:14:13Z
3-11626018,https://yle.fi/uutiset/3-11626018,Kuntapolitiikkaa kiinnostaa kansanedustajia  – Kaakkois-Suomen edustajat lähtemässä kilvan ehdolle,2020-11-02T12:48:13Z
3-11407709,https://yle.fi/uutiset/3-11407709,Kotiteollisuus-yhtye sai 70 000 euroa korona-avustusta – myös Nuijamies ja Imatran kaupunkikeskustat saivat tukea,2020-06-18T04:44:56Z
3-11408070,https://yle.fi/uutiset/3-11408070,"Kemin kulttuurilaitoksille 103 000 euroa koronatukea – jaetaan teatterille, taidemuseolle ja orkesterille",2020-06-18T07:49:43Z
3-11360822,https://yle.fi/uutiset/3-11360822,Lue tästä Lapin korona-päivitykset 23.4. – 19.5.,2020-05-20T07:37:48Z
3-11268719,https://yle.fi/uutiset/3-11268719,Fahamka Koronada,2020-03-20T16:24:49Z
3-11268694,https://yle.fi/uutiset/3-11268694,زانیاری سەبارەت بە ڤایرۆسی کۆرۆنا ,2020-03-20T16:40:31Z
3-11275130,https://yle.fi/uutiset/3-11275130,Lue tästä koronapäivitykset 24.3.–5.4.,2020-03-25T18:35:43Z
