id,url,title,date_modified
3-11293837,https://yle.fi/uutiset/3-11293837,"Näin kävi, kun videopuhelut tulivat osaksi arkeamme: paidattomia puolisoita, riehuvia lapsia ja ruokaa rinnuksilla  – ""Eihän kukaan tee sellaista toimistolla""",2020-04-14T04:20:00Z
3-11237601,https://yle.fi/uutiset/3-11237601,"Koulutuksen tasa-arvo ei toteudu Suomessa, kokevat lounaissuomalaiset kansanedustajat",2020-03-03T14:32:00Z
3-11548856,https://yle.fi/uutiset/3-11548856,“Eutanasia ei ole elämän väheksymistä“ - Eutanasian laillistaminen saa kannatusta sosiaali- ja terveysvaliokunnassa,2020-09-18T15:55:00Z
3-11688407,https://yle.fi/uutiset/3-11688407,Pitääkö susien metsästys sallia? Näin vastaavat Suomen tiheimmällä susialueella asuvat kansanedustajat – lue Ylen kyselyn tulokset,2020-12-18T07:09:00Z
3-11189968,https://yle.fi/uutiset/3-11189968,"Uudet kansanedustajat työstään: Istuntosali kuin show-painiareena, valtaa käytetään valiokunnissa – ""Hyvä, että siellä ollaan suljettujen ovien takana""",2020-02-09T05:58:00Z
3-11274772,https://yle.fi/uutiset/3-11274772,"""Olisin täysin yksin ilman somea"", sanoo 17-vuotias Åsa-Sofia Viittanen – nuorten tunteet nousevat pintaan, kun vaihto peruuntuu, ripari siirtyy tai autokoulu on katkolla",2020-03-27T17:00:00Z
3-11297679,https://yle.fi/uutiset/3-11297679,"Koronakriisi näkyy kansanedustajien työssä pahan olon purkautumisena: ""Soittaja toivoi kaikille edustajille koronaa""",2020-04-08T10:23:39Z
3-11430672,https://yle.fi/uutiset/3-11430672,"Turkki haluaa muuttaa Hagia Sofian moskeijaksi – 5 syytä, miksi asiasta puhutaan",2020-07-02T17:32:16Z
3-11707523,https://yle.fi/uutiset/3-11707523,Mustasaaressa yhtäkkiä satoja koronalle altistuneita – määrä on kasvanut koko lauantain ajan,2020-12-19T13:55:54Z
3-11690663,https://yle.fi/uutiset/3-11690663,"Runeberg-ehdokkaat julki – vuoden kirjasadossa runsaasti autofiktiota, ilmastoahdistusta ja taiteilijoiden kertomuksia taiteilijoista",2020-12-10T11:01:11Z
3-11614706,https://yle.fi/uutiset/3-11614706,Nasa teki odottamattoman löydön Kuusta: aurinkoisella alueella on vettä,2020-10-26T19:23:44Z
3-11608383,https://yle.fi/uutiset/3-11608383,"Kotimainen sohva pitää pintansa Ikea-puristuksessa, valmistajia on yhä kymmeniä ja kauppa käy – koronavuodesta tulossa ennätyksellinen",2020-11-19T12:00:00Z
3-11692340,https://yle.fi/uutiset/3-11692340,"Näin al-Holin suomalaisten kotiuttaminen eteni kulisseissa: Konsultille salattu sopimus, Rinteen vastuulla poliittiset ratkaisut",2020-12-11T18:45:00Z
3-11290313,https://yle.fi/uutiset/3-11290313,"Nuorisoporukoita jouduttu hajottamaan kaupungilla – nuoret kertovat, mikseivät noudata kokoontumiskieltoa: ""Minusta tulisi seinähullu""",2020-04-09T17:43:00Z
3-11330875,https://yle.fi/uutiset/3-11330875,Perinteinen vappupuhe ja lakitus Turun taidemuseonmäeltä hoituivat tänä vuonna etänä – katso video ja hyppää vapputunnelmaan,2020-04-30T12:00:00Z
3-11316256,https://yle.fi/uutiset/3-11316256,Manta lakitetaan tänä vappuna virtuaalimaailmassa,2020-04-21T15:08:31Z
3-11408562,https://yle.fi/uutiset/3-11408562,Vesille ja luonnon helmaan juhannusta juhlimaan! Näin länsirannikolla virittäydytään mittumaarin viettoon,2020-06-18T10:46:19Z
3-11175908,https://yle.fi/uutiset/3-11175908,"Monikielisyyttä ja väkivallan teemoja – Kaija Saariaho ja Sofi Oksanen kertovat uudesta Innocence-oopperastaan: ""Täydennämme hyvin toisiamme""",2020-01-26T12:10:55Z
3-11382725,https://yle.fi/uutiset/3-11382725,Stunt-esiintyjä Antti Pendikainen hyppäsi kuumailmapallosta ilman laskuvarjoa ja asui autossa – kaipasi kotia vasta vähän ennen kuolemaansa ,2020-06-20T16:02:00Z
3-11652510,https://yle.fi/uutiset/3-11652510,"Suomalaisyhtiö ajaa jättimäistä tuulipuistohanketta tunturierämaahan Pohjois-Norjassa – Aslak Holmberg: ""Se olisi maitten riisto""",2020-11-18T03:57:00Z
3-11261116,https://yle.fi/uutiset/3-11261116,"Koronavirus eristää mutta tuo myös esiin hyvää ihmisissä – hajuvesitehdas tekee käsidesiä, julkkis lukee satuja ja pikkupoika jakaa wc-paperia",2020-03-18T09:02:47Z
3-11285865,https://yle.fi/uutiset/3-11285865,"Etäkoulua on käyty nyt kaksi viikkoa – Neljän koululaisen äiti Elina Ylinen: ""Olotila on kuin maratonin jälkeen""",2020-04-01T16:13:00Z
3-11353490,https://yle.fi/uutiset/3-11353490,Koronapandemian ei-toivottu seuraus Ukrainassa – Yli 50 sijaissynnytettyä vauvaa odottaa ulkomaalaisia vanhempiaan hotellissa Kiovassa ,2020-05-15T08:49:51Z
3-11444212,https://yle.fi/uutiset/3-11444212,Kannattajat huutavat muutosta – Varsovan suosittu pormestari kiinni Puolan presidenttiydessä,2020-07-11T12:19:54Z
3-11664171,https://yle.fi/uutiset/3-11664171,Päätöksiä kuolemaan valmistavasta hoidosta on tehty ilman potilaan tapaamista – Ruotsissa hoivakotien koronahoidosta löydettiin vakavia puutteita ,2020-11-24T17:26:38Z
3-11454961,https://yle.fi/uutiset/3-11454961,"Helsinki on turistille huoleton matkakohde: ""Kuin virusta ei olisi enää olemassa"" – ulkomaisia matkailijoita vähän rajojen avaamisesta huolimatta",2020-07-19T10:45:43Z
3-11607283,https://yle.fi/uutiset/3-11607283,Kirjamessut siirtyi verkkoon – Amerikassa juhlittu Tommy Orange tulee messukävijöiden olohuoneisiin tänä iltana,2020-10-22T13:17:56Z
3-11630249,https://yle.fi/uutiset/3-11630249,"Saatko asuinpaikallasi riittävästi palvelua ruotsiksi? Porilaisnuoret yllättyivät yrittäessään – ""Ajattelin, ettei kukaan osaisi""",2020-11-06T09:11:25Z
3-11221007,https://yle.fi/uutiset/3-11221007,"Huhu, joka osoittautui todeksi - “MacGyverilla” suomalaiset sukujuuret",2020-02-22T16:00:00Z
3-11213271,https://yle.fi/uutiset/3-11213271,EU aikoo ryhtyä valvomaan Libyan asevientikieltoa – Itävalta vastusti siirtolaisten pelossa,2020-02-17T15:30:50Z
3-11696943,https://yle.fi/uutiset/3-11696943,"Tutkintapöytäkirjat paljastavat, mistä riita al-Holista repesi – Haavisto: ""Konsulipäällikkö totesi, että orpolapsilla on nyt hyvä olla siellä""",2020-12-14T18:30:39Z
3-11674343,https://yle.fi/uutiset/3-11674343,Mikrosiruja koronarokotteessa? Näin perätön tieto rokotteista leviää koronaepidemian myötä ,2020-12-07T04:00:00Z
3-11224040,https://yle.fi/uutiset/3-11224040,Kanariansaarten lentoliikenne palautumassa ennalleen,2020-02-24T01:14:09Z
3-11467683,https://yle.fi/uutiset/3-11467683,Turkki harkitsee eroamista kotiväkivaltaa torjuvasta Istanbulin sopimuksesta – Naiset protestoivat kaduilla,2020-07-29T03:10:00Z
3-11178859,https://yle.fi/uutiset/3-11178859,"Vain kaksi nuorta pirkanmaalaista edustajaa sallisi huumeiden piikityshuoneet Tampereelle, enemmistö epäilee tai vastustaa: ""Miksi käyttöä tulisi näin suosia?""",2020-02-04T06:18:00Z
3-11254603,https://yle.fi/uutiset/3-11254603,Venäläisemigranttien talvisota – Mannerheim hyväksyi huippusalaisen suunnitelman bolševikkien vastaisen sotavankiarmeijan perustamisesta,2020-03-15T10:41:47Z
3-11218562,https://yle.fi/uutiset/3-11218562,"Parisuhdeväkivaltaa kokenut nainen: “Jos lapsi joutuu näkemään, kun oma isä yrittää tappaa äidin, niin eihän sellaista koskaan voi unohtaa”",2020-02-24T05:45:00Z
3-11688212,https://yle.fi/uutiset/3-11688212,"Ihmisoikeusjärjestö: Kiinan Xinjiangissa tietokoneohjelma valikoi pidätettäviä – syyksi riittänyt soitto ulkomailta, kertoo AFP",2020-12-09T07:12:52Z
3-11361882,https://yle.fi/uutiset/3-11361882,Louhisaaren kartanolinna Askaisissa oli viimeisimpänä Mannerheimin suvun omistuksessa – hyvän ruuan ystävälle talon historia on oikea aarreaitta,2020-10-31T07:20:00Z
3-11350745,https://yle.fi/uutiset/3-11350745,"Ruotsin koronalinjan keulakuvan kasvot on ikuistettu ihailijoiden käsivarsiin– Anders Tegnell Ylelle: ""Voisimme vertailla tatuointeja Mika Salmisen kanssa""",2020-05-17T04:00:00Z
3-11241973,https://yle.fi/uutiset/3-11241973,"Katiska-jutun syytetty Ranta-aho rahasiirroistaan oikeudessa: Tässä salissa jokainen on pyytänyt minulta lainaa, raha on maksettu takaisin tilille",2020-03-05T11:25:03Z
3-11462849,https://yle.fi/uutiset/3-11462849,"Lähteekö korona vyörymään uudelleen, kun Eurooppa lomailee? Belgiassa ja Espanjassa torjutaan jo uutta nousua",2020-07-23T15:20:06Z
3-11186156,https://yle.fi/uutiset/3-11186156,"""Poliisi on pihalla kuin lumiukko"", kirjoitti viranomaisia pakoillut Janne Tranberg muistikirjaan – mutta sitten hän paljasti itse piilopaikkansa",2020-01-31T12:57:04Z
3-11237754,https://yle.fi/uutiset/3-11237754,"Katiska-juttu jatkui syytettyjen kuulemisella, Janne Tranberg hermostui syyttäjän kysymyksiin: ""Tämä ei etene, vaikka jankkaisitte kuinka""",2020-03-03T14:17:06Z
3-11478190,https://yle.fi/uutiset/3-11478190,Espanjan korruptiosta epäilty ex-kuningas teki katoamistempun – mistä dramaattisissa tapahtumissa on kyse?,2020-08-04T11:01:59Z
3-11267792,https://yle.fi/uutiset/3-11267792,"Nuoret kertovat, miten koronavirus muutti parissa päivässä asenteita opiskelua ja opettajia kohtaan:  ""Tuskin valitusta kouluista tulee enää""",2020-03-24T06:05:00Z
3-11354494,https://yle.fi/uutiset/3-11354494,"Jo yli sata miljoonaa intialaista ladannut koronasovelluksen kännykkään – tuomarikin kyseenalaistaa: ""Mihinkähän lakiin perustuen se on pakollinen?""",2020-05-15T16:33:46Z
3-11453816,https://yle.fi/uutiset/3-11453816,"Alennusmyynnit ovat tänä kesänä entistä suurempia, mutta ovatko vaateliikkeet vielä pelastettavissa?  Etujärjestö: ""Moni on vaarassa menettää leipänsä""",2020-07-20T13:03:50Z
3-11285503,https://yle.fi/uutiset/3-11285503,Miten kädestä suuhun elävän talous kestää koronan keskellä? Pikavippiyhtiöt ovat vaitonaisia hakemusten määristä ,2020-04-21T08:01:00Z
3-11270551,https://yle.fi/uutiset/3-11270551,"Pitkä lista: Näin eri maissa jo rajoitetaan ihmisten liikkumista – mökkikansa kotiin, 206 euron sakot, lapsella yksi kaveri, lomakkeella kauppaan",2020-03-23T07:44:55Z
3-11440348,https://yle.fi/uutiset/3-11440348,Tulli varoittaa: Maahan tuoduissa nuuskan kaltaisissa nikotiinivalmisteissa terveydelle haitallisia pitoisuuksia,2020-07-09T06:11:33Z
3-11679836,https://yle.fi/uutiset/3-11679836,Onko kaikki tv-sarjat jo nähty? Katso tästä lista suosikkeja pitkiin ja pimeisiin koti-iltoihin,2020-12-04T17:27:00Z
3-11556995,https://yle.fi/uutiset/3-11556995,"Kysely: Suomalaisista 80 prosenttia pitää elämäntapaansa ympäristön kannalta kestävänä – ""Käytämme ilmastonmuutokseen osittaista torjuntaa""",2020-09-23T06:30:00Z
3-11222038,https://yle.fi/uutiset/3-11222038,Maailman tunnetuin pakolainen kaipaa yhä Tiibetiin – Dalai-lama aikoo uhmata Kiinaa elämällä vielä pitkään ja syntymällä uudestaan vaikka hyönteisenä,2020-02-22T05:27:00Z
3-11613376,https://yle.fi/uutiset/3-11613376,"Nörttipsykologi koodasi ohjelman, jolla voi tarkistaa, onko omat Vastaamon tiedot julkaistu – siinä voi olla ongelma, mutta tietoturva-asiantuntija puoltaa palvelua",2020-10-27T14:39:16Z
3-11418855,https://yle.fi/uutiset/3-11418855,Turvavälitanssien kaupungin yöhön – seurasimme pikkulauantain viettoa Turun puistoissa ja Aurajoen varrella,2020-06-26T15:15:00Z
3-11379256,https://yle.fi/uutiset/3-11379256,Ravintolat avautuivat rajoitetusti – Satakunnan ja Varsinais-Suomen kansanedustajat puolueuskollisia ravintolarajoituksissa,2020-06-02T10:28:18Z
3-11633983,https://yle.fi/uutiset/3-11633983,"Miksi juuri isät opettavat kainalopieruja ja sutkauttelevat kassajonossa, vaikka vitsit aiheuttaisivat muissa myötähäpeää? Jaa paras kuulemasi iskävitsi",2020-11-08T16:50:00Z
3-11181878,https://yle.fi/uutiset/3-11181878,Kashmir on ollut lähes puoli vuotta ilman internetiä – Valtiot turvautuvat yhä useammin netin pimentämiseen ,2020-01-30T09:11:00Z
3-11703944,https://yle.fi/uutiset/3-11703944,"Koko vuosi piti juhlia, mutta korona tyhjensi 50-vuotiaan Tavastian – kolmannen polven musiikkimoguli Mikko Merimaa suunnittelee nyt rockklubille trendisynttäreitä ensi vuodeksi
",2020-12-29T12:31:06Z
3-11674341,https://yle.fi/uutiset/3-11674341,"Kilpajuoksu koronarokotteesta: Miljardeja rokoteannoksia on jo myyty, mutta kuka ne saa ja milloin?",2020-12-01T17:05:00Z
3-11518624,https://yle.fi/uutiset/3-11518624,Lounaissuomalaiset kansanedustajat eivät innostu kasvomaskipakosta – sen kannalla ovat vain perussuomalaiset,2020-08-31T08:17:37Z
3-11574288,https://yle.fi/uutiset/3-11574288,Ylen kysely: Suuri osa Varsinais-Suomen kansanedustajista tukisi edelleen voimakkaasti risteilyalusliikennettä,2020-10-05T09:56:25Z
3-11330033,https://yle.fi/uutiset/3-11330033,"Yritykset koronakriisissä: Nokian 5G-tukiasemat ovat liian hitaita ja kalliita, eikä Kiinassa synny kauppoja",2020-04-30T11:58:08Z
3-11669356,https://yle.fi/uutiset/3-11669356,"Kannabisteollisuuden lobbari Olivia Mannix varmistaa, että pilveä näkyy tv-sarjoissa – näin hän pyrkii muuttamaan sinunkin mielipidettäsi",2020-12-02T08:16:02Z
3-11334127,https://yle.fi/uutiset/3-11334127,"Lounaissuomalaiset kansanedustajat eivät kannata koronaveroa, mutta he toivovat kunnille tukea valtiolta",2020-05-04T12:26:54Z
3-11386629,https://yle.fi/uutiset/3-11386629,"”Anonyymi murhapalvelu, maksu bitcoineina” – Kun kaksi suomalaista nuorukaista löysi toisensa netissä, seuraukset olivat kohtalokkaat",2020-06-08T07:46:38Z
3-11683019,https://yle.fi/uutiset/3-11683019,"Glögiä, pullaa ja piparia etäyhteydellä – Katso, millaista meno on leivontapikkujouluissa",2020-12-05T07:20:13Z
3-11688563,https://yle.fi/uutiset/3-11688563,Lounais-Suomen kansanedustajat varovaisen luottavaisina ensi vuoteen – tulevaisuustutkija: ”Edessä on kaksi koronaan liittyvää vaihtoehtoa”,2020-12-09T11:29:08Z
3-11568211,https://yle.fi/uutiset/3-11568211,Kiritetäänkö työllisyyttä vai kuritetaanko suurituloisia? Kuntien kassakriisiä ei haluta paikata palkkaverojen korotuksilla Pirkanmaalla,2020-10-07T04:15:00Z
3-11437549,https://yle.fi/uutiset/3-11437549,Seinäjoen uuteen elokuvateatteriin tulee kuusi salia ja katolle pihasauna,2020-07-07T15:49:45Z
3-11372804,https://yle.fi/uutiset/3-11372804,"Enonkosken torille kohoaa kesällä 2,5 metriä korkeita hiekkaveistoksia",2020-06-10T12:50:03Z
3-11478584,https://yle.fi/uutiset/3-11478584,"Kasvomaskien menekki kolminkertaistui S-ryhmän kaupoissa – ""Huomasi selvän piikin menekissä""",2020-08-04T13:49:02Z
3-11237198,https://yle.fi/uutiset/3-11237198,Stalinin lehmät takaisin Joensuun kaupunginteatteriin ,2020-03-11T04:43:16Z
3-11697140,https://yle.fi/uutiset/3-11697140,Lue tästä koronapäivitykset 13.–29.12. ,2020-12-15T04:12:33Z
3-11315691,https://yle.fi/uutiset/3-11315691,Jyväskylän kaupungin poikkeustilaseteliä haki 436 yritystä – tuki myönnettiin sadalle,2020-04-21T11:50:52Z
3-11663578,https://yle.fi/uutiset/3-11663578,Lue tästä koronapäivitykset 22.11.–12.12.,2020-11-24T16:23:30Z
3-11668153,https://yle.fi/uutiset/3-11668153,Lue tästä Uudenmaan koronapäivitykset 1.-30.11.,2020-11-26T15:18:04Z
3-11619563,https://yle.fi/uutiset/3-11619563,Lue tästä koronapäivitykset 26.10.–16.11.,2020-10-29T05:53:20Z
3-11253125,https://yle.fi/uutiset/3-11253125,"Uusimmat koronatiedot Uudellamaalla: HUS: Toinen aalto kuormittaa työntekijöitä, kotimaan matkailuaan lisäsivät erityisesti pk-seudulla asuvat",2020-03-12T07:53:07Z
