id,url,title,date_modified
3-11189968,https://yle.fi/uutiset/3-11189968,"Uudet kansanedustajat työstään: Istuntosali kuin show-painiareena, valtaa käytetään valiokunnissa – ""Hyvä, että siellä ollaan suljettujen ovien takana""",2020-02-09T05:58:00Z
3-11224195,https://yle.fi/uutiset/3-11224195,Turun kauppatori pidetään sulana aurinkoenergialla – valtuusto löi pisteen kuukausien väännölle,2020-02-24T18:58:41Z
3-11191299,https://yle.fi/uutiset/3-11191299,"Oona Saarivuori, 18, haluaa isoon kaupunkiin lukion jälkeen eikä ole ainoa – Kansanedustajilta ehdotuksia kotiseudun vetovoiman lisäämiseksi",2020-02-04T09:44:59Z
3-11403326,https://yle.fi/uutiset/3-11403326,"Turku päätti pakkoraon edessä – Logomon sillalle lisärahoitus ja elämyskeskukseen 30 miljoonaa:  ""Tässä ei voi muuta tehdä kuin maksella""",2020-06-15T21:33:34Z
3-11327944,https://yle.fi/uutiset/3-11327944,"Ylen kysely: Kansanedustajat tyrmäävät tilapäisen koronaveron –  ""Elämässä mikään ei ole niin pysyvää kuin väliaikainen vero""",2020-05-05T02:53:00Z
3-11327802,https://yle.fi/uutiset/3-11327802,Poliitikot peräänkuuluttavat tukea Meyerin Turun telakalle – työkalupakissa suorat sijoitukset ja valtion projektit telakalle,2020-04-29T07:06:02Z
3-11688563,https://yle.fi/uutiset/3-11688563,Lounais-Suomen kansanedustajat varovaisen luottavaisina ensi vuoteen – tulevaisuustutkija: ”Edessä on kaksi koronaan liittyvää vaihtoehtoa”,2020-12-09T11:29:08Z
3-11574288,https://yle.fi/uutiset/3-11574288,Ylen kysely: Suuri osa Varsinais-Suomen kansanedustajista tukisi edelleen voimakkaasti risteilyalusliikennettä,2020-10-05T09:56:25Z
3-11518624,https://yle.fi/uutiset/3-11518624,Lounaissuomalaiset kansanedustajat eivät innostu kasvomaskipakosta – sen kannalla ovat vain perussuomalaiset,2020-08-31T08:17:37Z
3-11259242,https://yle.fi/uutiset/3-11259242,Koronavirus hyydytti Turun valtuuston jättämään raitiotien suunnitteluratkaisun pöydälle ,2020-03-16T19:44:23Z
3-11313881,https://yle.fi/uutiset/3-11313881,Valtuusto sinetöi Turun raitiotien suunnittelun jatkon,2020-04-20T17:41:12Z
