id,url,title,date_modified
3-11682296,https://yle.fi/uutiset/3-11682296,"Muut Pirkanmaan kansanedustajat investoisivat, perussuomalaiset himmaisivat jo: ""Raitiotien laajentaminen Tampereen naapurikuntiin on syytä laittaa jäihin""",2020-12-11T07:01:00Z
3-11313803,https://yle.fi/uutiset/3-11313803,"Vaikka korona jyllää, ei taiteesta tarvitse luopua: yksinäisyydestä kertovaa valokuvanäyttelyä pääsee katsomaan, mitenkäs muuten, kuin yksin",2020-04-25T06:02:00Z
3-11628345,https://yle.fi/uutiset/3-11628345,"Sanna Marin lähtee kuntavaaliehdokkaaksi Tampereella, Satu Hassi ja Anna Kontula eivät – Perussuomalaiset uskoo kaupungin  valtasuhteiden vaihtuvan",2020-11-06T05:35:00Z
3-11178859,https://yle.fi/uutiset/3-11178859,"Vain kaksi nuorta pirkanmaalaista edustajaa sallisi huumeiden piikityshuoneet Tampereelle, enemmistö epäilee tai vastustaa: ""Miksi käyttöä tulisi näin suosia?""",2020-02-04T06:18:00Z
3-11189968,https://yle.fi/uutiset/3-11189968,"Uudet kansanedustajat työstään: Istuntosali kuin show-painiareena, valtaa käytetään valiokunnissa – ""Hyvä, että siellä ollaan suljettujen ovien takana""",2020-02-09T05:58:00Z
3-11665942,https://yle.fi/uutiset/3-11665942,"Huumeparoni ""Lusu"" Ahlqvist rakensi vaatekaappiinsa pakotunnelin mutta tuli ammutuksi kotiinsa – Yle selvitti, miten epäily palkkamurhasta lakaistiin maton alle",2020-12-08T07:15:33Z
3-11568211,https://yle.fi/uutiset/3-11568211,Kiritetäänkö työllisyyttä vai kuritetaanko suurituloisia? Kuntien kassakriisiä ei haluta paikata palkkaverojen korotuksilla Pirkanmaalla,2020-10-07T04:15:00Z
3-11519227,https://yle.fi/uutiset/3-11519227,Kansanedustajilla on edessä tiukka koronasyksy – Kesä sujui turvavälejä pitäessä,2020-09-01T10:56:47Z
3-11254317,https://yle.fi/uutiset/3-11254317,Lue tästä koronaviruspäivitykset 17.2.–23.3.,2020-03-12T15:16:25Z
