id,url,title,date_modified
3-11193844,https://yle.fi/uutiset/3-11193844,"Suuret ratahankkeet ovat yhä raiteillaan – liikenneministeri Timo Harakka: ""Hyvässä järjestyksessä saamme EU-tukihakemukset liikkeelle""",2020-02-05T15:47:00Z
3-11325719,https://yle.fi/uutiset/3-11325719,"Hallitus lähtee tukemaan suomalaista journalismia – Ministeri Timo Harakka: ""Mediaa on lyöty moukarilla""",2020-04-28T06:01:15Z
3-11184817,https://yle.fi/uutiset/3-11184817,"Hallitus esittää helpotuksia kotihoidon pysäköintiin – ministeri Timo Harakka: ""Kun pysäköinti helpottuu, jää hoitotyölle enemmän aikaa""",2020-01-30T14:32:33Z
3-11499428,https://yle.fi/uutiset/3-11499428,Hallituksen neuvottelu matkustusrajoituksista jatkui Säätytalolla yöhön – tiedotustilaisuus luvassa keskiviikkoaamuna,2020-08-18T12:30:00Z
3-11461576,https://yle.fi/uutiset/3-11461576,"Ministeri Harakka: Suomi sijoittaa raidehankkeisiin 1,3 miljardia euroa",2020-07-23T09:03:17Z
3-11600088,https://yle.fi/uutiset/3-11600088,Uutissuomalainen: Harakka ei korottaisi bensiinin ja dieselin hintaa,2020-10-17T02:02:08Z
3-11399001,https://yle.fi/uutiset/3-11399001,Hallitus esittää 25 miljoonan euron tukea laivaliikenteelle – saajina niin rahti- kuin matkustaja-alukset,2020-06-12T08:27:09Z
3-11167828,https://yle.fi/uutiset/3-11167828,"Ministeri Harakka: Taksilakiin on tulossa viilauksia, mutta hintoja ei rajoiteta",2020-01-21T07:52:13Z
3-11295000,https://yle.fi/uutiset/3-11295000,"Euroopassa tehdään yhteistyötä tartuntaketjuja jäljittävän mobiilisovelluksen kehittämiseksi, mutta lopulta Suomi luo oman sovelluksensa",2020-04-07T04:30:00Z
3-11614900,https://yle.fi/uutiset/3-11614900,Työryhmä kertoo suosituksensa liikenteen päästöjen vähentämisestä,2020-10-27T02:39:36Z
3-11548089,https://yle.fi/uutiset/3-11548089,Saimaan kanavan sulkujen pidentämiseen tulossa jättisumma – mahdollistaa 90 000 rekkalastin siirtämisen vesille,2020-09-16T14:28:51Z
3-11501039,https://yle.fi/uutiset/3-11501039,"Vantaan terveyspalvelujohtaja Skopjen-lentojen keskeyttämisestä: ""Voi puntaroida, estääkö se kuitenkaan kyseisestä maasta tulevia meille saapumasta""",2020-08-18T18:59:09Z
3-11368014,https://yle.fi/uutiset/3-11368014,Liikenneministeri Harakka: Tuntuva koronakorvaus liikennöitsijöille olisi paikallaan,2020-05-26T04:24:53Z
3-11293619,https://yle.fi/uutiset/3-11293619,Suomessakin kehitetään nyt mobiilisovellusta tartuntaketjujen seurantaan – ministeri Harakka: Täysin vapaaehtoisuuteen perustuva palvelu,2020-04-06T06:28:42Z
3-11415509,https://yle.fi/uutiset/3-11415509,"Kiistellyn itäradan hankeyhtiö perusteilla – ministeriö odottaa kaupungeilta ja kunnilta piakkoin vastauksia, haluavatko ne osallistua   rahoitukseen ",2020-06-24T13:25:24Z
3-11507104,https://yle.fi/uutiset/3-11507104,"Sanna Marin SDP:n johtoon: ""Teidän ansiosta ja teidän vuoksenne"" – Ei ole kuullut Antti Rinteeltä ministerihaaveista, Yle seurasi kokousta",2020-08-23T05:30:00Z
3-11380377,https://yle.fi/uutiset/3-11380377,Analyysi: Rahaa jaetaan isolla kauhalla – viimeistään nyt politiikanteko palasi hallitukseenkin ,2020-06-03T04:30:00Z
3-11498756,https://yle.fi/uutiset/3-11498756,"Kuluttajavirasto: Jos hallitus peruu Skopjen-lentoja, asiakas on oikeutettu saamaan lipun hinnan takaisin",2020-08-17T13:49:46Z
3-11179871,https://yle.fi/uutiset/3-11179871,Britannia sallii Huawein rakentaa 5g-verkkojansa – Yhdysvallat on jo varoittanut Britanniaa ,2020-01-28T15:04:27Z
3-11600156,https://yle.fi/uutiset/3-11600156,Lapin matkailuyrittäjät kaipaavat hallitukselta pikaisesti selkeitä linjauksia matkailun helpottamisesta – Lintilä: Toinen testi voisi olla pikatesti,2020-10-17T14:30:00Z
3-11255977,https://yle.fi/uutiset/3-11255977,Harakka: Kaikille ulkomailta palaaville tulossa tekstiviesti puhelimeen,2020-03-13T12:52:17Z
3-11555757,https://yle.fi/uutiset/3-11555757,Raiteille menossa yhä isompi osuus väylärahoista – Liikenneministeri: Junakilpailu aukeaa ja suositut lähtöajat huutokaupataan,2020-09-26T12:20:45Z
3-11141555,https://yle.fi/uutiset/3-11141555,"Työllisyysryhmien työ takkuaa pahasti: ""Lillukanvarsia, ei merkittävästi vaikuttavia toimia, yhtä pitkää kuin leveää, puhetta lämpimikseen""",2020-01-05T07:15:00Z
3-11382102,https://yle.fi/uutiset/3-11382102,Ministerit kehuvat lisäbudjetin satsauksia joukkoliikenteeseen ennätyksellisiksi ja talot halutaan rakentaa nyt puusta ,2020-06-03T07:01:22Z
3-11381922,https://yle.fi/uutiset/3-11381922,Liikenneministeri Harakka: Hallituksen lisätalousarviossa rahoitusta Arkkitehtuuri- ja designmuseolle sekä isojen kaupunkien ratahankkeille ,2020-06-03T04:45:45Z
3-11501111,https://yle.fi/uutiset/3-11501111,Hallitus tiukensi matkustusrajoituksia kymmenen maan osalta – Norjan ja Ruotsin raja-alueilla asuville erityisjärjestelyjä,2020-08-19T04:15:39Z
3-11332741,https://yle.fi/uutiset/3-11332741,Iltalehden päätoimittaja: Tukilautakunnat sotkevat journalismin ja valtion jännitteisen suhteen,2020-05-02T08:14:52Z
3-11170354,https://yle.fi/uutiset/3-11170354,"Metsä Groupin tehdashanke luo paineita Kemin meriväylän syventämiseen – ministeri Harakka: ""Ollaan valmiita myöskin osallistumaan infrakustannuksiin""",2020-01-22T13:34:37Z
3-11209546,https://yle.fi/uutiset/3-11209546,"Suomen suuret raidehankkeet etenevät eri tahtiin – ministeri: ""Selvitämme vasta, onko kokonaan uusi rata Itä-Suomeen tarpeen""",2020-02-14T14:45:19Z
3-11607121,https://yle.fi/uutiset/3-11607121,"Harakka: Suomi ei ole kieltämässä Huawein tuotteita tietoverkoista – ""Uusi 5G-laki maailman tiukin ilman laitetoimittajien nimeämistäkin""",2020-10-22T16:35:00Z
3-11570506,https://yle.fi/uutiset/3-11570506,Asiantuntijat kannattavat maakuntakenttien lentojen tukemista – verorahoilla tuettaisiin reilun puolen vuoden jatkoa viidelle kentälle,2020-09-30T08:11:20Z
3-11168987,https://yle.fi/uutiset/3-11168987,"Taksiyrittäjä ja entinen keskustan kansanedustaja tyrmää taksiuudistuksen ja yritykset korjata sitä – ""Ennen asiakas saattoi ryöstää taksin, nyt taksi saattaa ryöstää asiakkaan""",2020-01-21T17:00:39Z
3-11360709,https://yle.fi/uutiset/3-11360709,Junien ja bussien matkustajamääriä saatetaan rajoittaa – vielä joukkoliikenteelle ei mätkäistä omia koronapykäliä ,2020-05-20T08:40:10Z
3-11599769,https://yle.fi/uutiset/3-11599769,Valtio on vetäytymässä tietotoimisto STT:n tuesta – STT on odottanut jatkoa tappiollisen toiminnan tukemiseen ,2020-10-16T14:31:29Z
3-11391281,https://yle.fi/uutiset/3-11391281,"THL: Täysiä linja-autoja ja junia kannattaa välttää, mutta tärkeintä on jäädä sairaana kotiin – Junat ja bussit myydään täyteen, jos asiakkaita riittää",2020-06-09T04:05:00Z
3-11423341,https://yle.fi/uutiset/3-11423341,Ministeri Harakka taksilain uudistamisesta: Ihmisten luottamuksen palauttaminen tärkeää – sitä selvennetään hinnoittelulla ja taksikuvulla,2020-06-29T07:06:41Z
3-11174486,https://yle.fi/uutiset/3-11174486,Analyysi: Hallituslähteet arvioivat kolmasosan työllisyyden välitavoitteesta olevan nyt pöydällä – puolueilla erimielisyyksiä aikataulusta,2020-01-27T04:45:00Z
3-11261530,https://yle.fi/uutiset/3-11261530,Suomen rajaliikennettä aletaan rajoittaa torstaina ja poliisi alkaa valvoa kokoontumisrajoituksia,2020-03-17T11:33:58Z
3-11524423,https://yle.fi/uutiset/3-11524423,Timo Harakka: Lakimuutos vaatisi Suomeen tulevaa ulkomaalaista esittämään todistuksen negatiivisesta koronatestistä – tarkistusvelvollisuus yhtiöille,2020-09-02T15:09:27Z
3-11497961,https://yle.fi/uutiset/3-11497961,"Liikenne- ja viestintäministeri Timo Harakka ehdottaa hallitukselle Skopjen-lentojen keskeyttämistä – ""Tämä on poikkeuksellinen toimi""",2020-08-17T07:57:05Z
3-11525304,https://yle.fi/uutiset/3-11525304,"Lapista tyrmäys turistien pakollisille koronatesteille –matkailuyrittäjä: ""Neljän hengen perheelle 600 euron lisämaksu""",2020-09-03T10:04:59Z
3-11197788,https://yle.fi/uutiset/3-11197788,Analyysi: Tampereelta Helsinkiin kaavaillun nopean oikoradan EU-rahan saanti kysymysmerkki,2020-02-07T15:07:21Z
3-11502871,https://yle.fi/uutiset/3-11502871,Turkuun tuli useita uusia koronan kantajia Pohjois-Makedoniasta – Turun kaupunki määräsi tartunnan kantajat karanteeniin,2020-08-19T18:42:25Z
3-11489914,https://yle.fi/uutiset/3-11489914,Ulkomaankauppaministeri Ville Skinnari peräänkuuluttaa paikallisia ratkaisuja maakuntalentojen turvaamiseksi,2020-08-12T13:02:26Z
3-11451360,https://yle.fi/uutiset/3-11451360,"EU myöntää 65 miljoonaa euroa Suomen liikennehankkeisiin – Turku saamassa haetun ratarahoituksen, Tampere jäämässä puille paljaille",2020-07-16T11:51:27Z
3-11512614,https://yle.fi/uutiset/3-11512614,Koronakoneen tulo Skopjesta Turkuun peruttiin yllättäen – Suomen viranomaiset eivät tiedä syytä lentoyhtiön outoon toimeen ,2020-08-26T13:31:11Z
3-11358582,https://yle.fi/uutiset/3-11358582,"Eduskunta ei kytke Finnairin tukea maakuntalentoihin, vaikka valtiovarainministeri Katri Kulmuni flirttailikin tuen ja lentojen kytköksellä",2020-05-19T15:25:25Z
3-11514693,https://yle.fi/uutiset/3-11514693,"Skopjen-lennot keskeytetään kahdeksi viikoksi – THL: Lennoilla ollut poikkeuksellisen paljon henkilöitä, jotka voivat levittää koronaa",2020-08-27T12:47:23Z
3-11299573,https://yle.fi/uutiset/3-11299573,"Kuinka lähellä olit ja kuinka kauan – altistuitko? Näin toimii virallinen koronasovellus, jollainen voi kohta olla sinunkin puhelimessasi",2020-04-10T10:04:18Z
3-11542646,https://yle.fi/uutiset/3-11542646,Maakuntakentille etsitään pelastusta ostopalvelusta – valtiolta toivotaan 20 miljoonan takausta,2020-09-14T08:57:29Z
3-11569495,https://yle.fi/uutiset/3-11569495,Lähes puolet Suomen lentoasemista on kiinni ja loputkin huokuvat alan ahdinkoa – katso kuvat kentiltä,2020-10-04T15:41:00Z
3-11505579,https://yle.fi/uutiset/3-11505579,"SDP juhlii Marinin nousua koronan varjossa – lue, mitä demarien puoluekokouksessa kannattaa tarkkailla ",2020-08-22T04:58:00Z
3-11683750,https://yle.fi/uutiset/3-11683750,Valtaosa ministereistä asettumassa ehdolle kuntavaaleissa – kansanedustajistakin vahva enemmistö,2020-12-06T08:33:00Z
3-11461580,https://yle.fi/uutiset/3-11461580,"HSL:n palvelut heikkenevät pääkaupunkiseudulla – liikenneministeri: ""Emme ryhdy valtion puolelta ohjaamaan kunnallista päätöksentekoa""",2020-07-23T07:04:53Z
3-11499068,https://yle.fi/uutiset/3-11499068,"Herätys: Taloudellinen eriarvoisuus kasvanut, hallitus pui rajaliikennettä, tuulivoimaa kaavaillaan hiljaisille alueille",2020-08-18T03:20:26Z
3-11588427,https://yle.fi/uutiset/3-11588427,LVM: Uuden rautatien suunnittelua jatketaan Kouvolan kautta – Kotkan lupaamat miljoonat eivät muuttaneet ministeriön kantaa,2020-10-09T13:46:29Z
3-11206291,https://yle.fi/uutiset/3-11206291,Suhtautuminen telejätti Huaweihin jakaa Eurooppaa  – Nokian ja Ericssonin johtajat tapaavat tänään Merkelin ,2020-02-13T04:37:27Z
3-11208579,https://yle.fi/uutiset/3-11208579,Tunnin junan ja Suomi-radan hankkeista sopu valtion ja kuntien kesken – EU-rahoituksen hakemisella kiire,2020-02-14T05:21:26Z
3-11453724,https://yle.fi/uutiset/3-11453724,"""Kääntyminen on todella riskialtista"" – kolme kunnanjohtajaa ja maakuntaliitto vaativat muutoksia tielle, jossa torstaina kuoli kaksi henkilöä",2020-07-17T11:16:48Z
3-11524350,https://yle.fi/uutiset/3-11524350,Hallitus neuvottelee jälleen koronatoimista – tarkoituksena sorvata suunnitelma epidemian eri vaiheisiin,2020-09-03T02:57:00Z
3-11594016,https://yle.fi/uutiset/3-11594016,Viranomaisten arvion perusteella Skopjen lentojen keskeyttämiselle ei toistaiseksi ole perusteita – tartunnat saadaan testattua nyt kootusti,2020-10-14T06:45:53Z
3-11195709,https://yle.fi/uutiset/3-11195709,"""Jopa Ruotsi vastustaa jäsenmaksun nostamista"" – perussuomalaiset kyseenalaisti Suomen EU-linjaa kevään ensimmäisellä kyselytunnilla",2020-02-06T12:59:56Z
3-11500569,https://yle.fi/uutiset/3-11500569,"Ei uusia rajoituksia ravintoloille?  – hallitusneuvos: ""Valmistelun lähtökohta on, että nykyiset rajoitukset olisivat voimassa vielä ensi kuussa""",2020-08-18T14:01:14Z
3-11500906,https://yle.fi/uutiset/3-11500906,"Herätys: Hallitus kertoo aamulla matkustusrajoituksista, yrittäjien korona-ahdistusta helpotetaan, koulujen alku hämmentää ruotsalaisia",2020-08-19T03:25:45Z
3-11595386,https://yle.fi/uutiset/3-11595386,Hallitus suunnittelee autojen romutuspalkkioita koko ensi vuodeksi,2020-10-14T14:19:23Z
3-11525132,https://yle.fi/uutiset/3-11525132,"Näin Finnair ja varustamot kommentoivat vaatimusta pakollisesta koronatestituloksesta – ""Hoidamme asian""",2020-09-03T14:02:44Z
3-11219113,https://yle.fi/uutiset/3-11219113,Valtio hakee EU-tukea Tunnin junan ja Suomi-radan suunnitteluun,2020-02-20T11:30:30Z
3-11549673,https://yle.fi/uutiset/3-11549673,"Finnair aikoo lopettaa Suomen sisäiset lennot viidelle maakuntakentälle maaliskuussa – ministeriö kaavailee, että valtio ostaisi lentoliikennettä sen jälkeen",2020-09-17T10:57:48Z
3-11344715,https://yle.fi/uutiset/3-11344715,"Entä jos tartunnat lähtevät leviämään nopeasti? Yle selvitti, miten Suomi voi uudelleen kiristää rajoituksia",2020-05-10T13:07:37Z
3-11395477,https://yle.fi/uutiset/3-11395477,"Hallitus lieventää rajoituksia: yli 500 hengen ulkotilaisuudet sallitaan heinäkuussa, matkailu Baltiaan, Tanskaan, Norjaan ja Islantiin vapautuu maanantaina",2020-06-11T02:52:00Z
3-11579431,https://yle.fi/uutiset/3-11579431,Liikenteen päästöt eivät puolitu ilman ikäviä keinoja – polttoaineveron korotus tai tieliikenteen päästökiintiöt tehokkaimmat toimet,2020-10-06T07:06:29Z
3-11204573,https://yle.fi/uutiset/3-11204573,"Uusi raideyhteys Helsingistä itään jakaa hallitusta – ministereistä osa vetäisi raiteet Kotkan, osa Kouvolan kautta",2020-02-12T09:51:31Z
3-11182811,https://yle.fi/uutiset/3-11182811,Matkustajajunaliikenne maaseudulla voi jatkua uudentyyppisellä sähköjunalla – idea voisi pelastaa myös romutusta odottavat lähijunat ,2020-01-30T11:15:00Z
3-11703194,https://yle.fi/uutiset/3-11703194,"Hurjat kuvat näyttävät Kilpisjärventien ongelman: kun kalarekka liukastelee liikenteen poikki, matka tyssää ambulanssiltakin – kiertotietä ei ole",2020-12-18T03:57:00Z
3-11390565,https://yle.fi/uutiset/3-11390565,"""Bussi oli täynnä ja istuimme vieri vieressä"" – junat ja bussit myydään täyteen, jos matkustajia riittää: ala sopi turvasäännöistä ",2020-06-08T16:01:19Z
3-11333843,https://yle.fi/uutiset/3-11333843,"Pääministeri Marinin mukaan venyneet purkuneuvottelut eivät kerro eripuraisesta hallituksesta: En näe asetelmaa puolueiden välillä, asioita vain paljon",2020-05-04T06:16:28Z
3-11537159,https://yle.fi/uutiset/3-11537159,"Hallituksen neuvottelu matkustusrajoituksista päättyi, Suomi nostaa raja-arvoa 25:een – Lintilä: ”Pystymme avamaan matkailulle talvisesongin”",2020-09-10T09:53:43Z
3-11501669,https://yle.fi/uutiset/3-11501669,"Halpahallin toimitusjohtaja huolissaan koronatestauksen hitaudesta: ""Lapset menevät testeihin, sieltä kotiin odottamaan tuloksia ja äidit jäävät hoitamaan lapsia""",2020-08-19T13:11:04Z
3-11319863,https://yle.fi/uutiset/3-11319863,Yritystuet nousivat kyselytunnin pääaiheeksi – Ministeri Lintilä lupaili uutta asetusta eduskunnalle,2020-04-23T12:18:09Z
3-11202456,https://yle.fi/uutiset/3-11202456,Takseissa havaittu uusi vilppikeino: Maksettu matka häviää järjestelmästä – ja samalla häviävät verotkin,2020-02-11T16:59:25Z
3-11216477,https://yle.fi/uutiset/3-11216477,Väylävirasto Itä-Suomen ratahankkeista: Parasta olisi korjata nykyisiä ratoja,2020-05-28T10:23:38Z
3-11262421,https://yle.fi/uutiset/3-11262421,"Liikenneministeri: ""Nyt on päätettävä, haluaako Suomeen tulla"", liikkumista estetään Suomen rajoilla, lääkkeiden saantia rajoitetaan – Näistä 5 asiasta hallitus päätti",2020-03-17T15:51:47Z
3-11584848,https://yle.fi/uutiset/3-11584848,"Oppositio roimi hallitusta hämärästä koronaviestinnästä – Marin myönsi, että maskisuositus jäi keväällä antamatta, koska maskeja ei ollut saatavilla",2020-10-08T11:56:00Z
3-11615349,https://yle.fi/uutiset/3-11615349,Näin työryhmä puolittaisi liikenteen päästöt: Suomeen tarvitaan 700 000 sähköautoa ja autoilun päästöille kovempi hinta,2020-10-27T12:05:00Z
3-11543093,https://yle.fi/uutiset/3-11543093,"""Pitäisikö henkilökunnan osata tulkita kreikankielistä testipaperia?"" Koronatestin vaatiminen riskimaista tulevilta herättää arvostelua ",2020-09-14T14:33:10Z
3-11502042,https://yle.fi/uutiset/3-11502042,Hallitus tiukensi matkustusrajoituksia useisiin maihin – perustuslakiasiantuntija arvostelee valittua linjaa,2020-08-19T12:01:05Z
3-11208638,https://yle.fi/uutiset/3-11208638,Suomiradan hankeyhtiö perustetaan – mukana on myös Kanta-Hämeen radanvarsikuntia,2020-02-14T07:43:47Z
3-11382895,https://yle.fi/uutiset/3-11382895,Analyysi: Hallitus väänsi Säätytalolla lähes huomiotta jääneestä kannanotosta,2020-06-03T12:35:21Z
3-11310212,https://yle.fi/uutiset/3-11310212,"Analyysi: Koronatartuntoja jäljittävä sovellus ei ole hopealuoti, joka vapauttaa meidät karanteenista",2020-04-19T16:30:00Z
3-11539024,https://yle.fi/uutiset/3-11539024,"Matkustusrajoitukset poistuvat muun muassa Ruotsista, Kyprokselta ja Japanista, uusi malli perustuu testaamiseen ja matkan kestoon – Yle seurasi hallituksen tiedotustilaisuutta",2020-09-11T07:03:09Z
3-11596956,https://yle.fi/uutiset/3-11596956,Perustuslakivaliokunta pysäytti ravintolarajoitukset ja vaatii muutoksia – hallituksen esitys rajoittaa liikaa elinkeinovapautta,2020-10-15T12:38:48Z
3-11525039,https://yle.fi/uutiset/3-11525039,Viruksen levitessä koronatoimien käyttöönottojärjestys olisi erilainen eri osissa maata  –  Pääministeri: Koronatutkinnan tarkoituksena on hallituksen ja viranomaisten toimien läpivalaisu kriisissä,2020-09-03T08:05:19Z
3-11497336,https://yle.fi/uutiset/3-11497336,"Analyysi: Neuvottelu, jossa ministeri raivostui – koronan kanssa taiteilu kiristää tunnelmaa hallituksessa",2020-08-16T17:29:26Z
3-11490290,https://yle.fi/uutiset/3-11490290,"Sanna Marin nousee viikon kuluttua SDP:n johtoon, mutta takaako se demareille hyvät ajat? Lue 8 asiaa, joita Marin saa toivoa tai pelätä",2020-08-16T04:38:00Z
3-11363597,https://yle.fi/uutiset/3-11363597,Yle selvitti opposition koronalinjan: Tartunnat pitää painaa nollaan ja hallituksen on suositeltava kasvomaskin käyttöä väkijoukoissa,2020-05-22T14:36:59Z
3-11612399,https://yle.fi/uutiset/3-11612399,"Yle seurasi Vastaamon tietomurtoa: Näin kiristäjä ilmestyi Tor-verkon foorumille, poliisi pyytää harkintaa asiaan liittyvien yksityiskohtien julkaisemisessa",2020-10-25T08:29:53Z
3-11487204,https://yle.fi/uutiset/3-11487204,Liikenneministeri Timo Harakka ehdottaa työryhmää etsimään pysyvää ratkaisua maakuntakenttien lentojen turvaamiseksi,2020-08-10T14:32:30Z
3-11169505,https://yle.fi/uutiset/3-11169505,Liikenneministeri Timo Harakka vierailee Meri-Lapissa,2020-01-22T05:21:34Z
3-11518064,https://yle.fi/uutiset/3-11518064,Imatra vetoaa rautatierajan kansainvälistämisen puolesta,2020-08-29T09:37:31Z
3-11500726,https://yle.fi/uutiset/3-11500726,"Liikenneministeri valmis Parkanon vaarallisen tieosuuden korjaamiseen nopealla aikataululla, jos Pirkanmaa nostaa sen kärkihankkeeksi",2020-08-18T14:06:31Z
3-11536075,https://yle.fi/uutiset/3-11536075,"Finnairin lentojen karsimiset mutkistavat Kruunupyyn-lentojen jatkoa – Kehitysjohtaja: ""Ei tämä hyvältä näytä""",2020-09-09T14:10:38Z
3-11489847,https://yle.fi/uutiset/3-11489847,Finnair siirtää päätöstään maakuntalentojen jatkumisesta elokuulta syyskuulle – viidessä kaupungissa odotetaan nyt tietoa talven lentoliikenteestä,2020-08-12T06:53:28Z
3-11413100,https://yle.fi/uutiset/3-11413100,Kärkölä vetoaa VR:ään ja ministereihin junavuorojen palauttamiseksi ennalleen,2020-06-23T05:39:15Z
3-11218628,https://yle.fi/uutiset/3-11218628,Nyt puhuvat itäistä Suomea repivän ratakiistan kovimmat kiistapukarit – Kouvolan ja Kotkan kaupunginjohtajat eivät pääse sopuun ratalinjauksesta,2020-02-20T13:47:39Z
3-11592116,https://yle.fi/uutiset/3-11592116,Liikenneministeriön Itärata-linjaus löi Lahden ällikällä: uusi rata veisi kaukojunavuorot kaupungista,2020-10-14T04:40:00Z
3-11610329,https://yle.fi/uutiset/3-11610329,Suomen ulkopolitiikan lähivuosien näkymät paketissa: Ulkopolitiikan johto viimeisteli ulko- ja turvallisuuspoliittisen selonteon sisällön,2020-10-23T10:58:09Z
3-11168536,https://yle.fi/uutiset/3-11168536,"5 kysymystä ja vastausta taksiuudistuksen remontista: Miten taksiala nyt muuttuu, halpenevatko matkat?",2020-01-21T13:06:33Z
3-11171827,https://yle.fi/uutiset/3-11171827,Superharvinainen pyyn ja riekon poikue bongattiin Lapissa – dna-tutkimus vahvistaa romanssin ,2020-02-02T10:41:00Z
3-11179832,https://yle.fi/uutiset/3-11179832,Liikenneministeri korostaa raideliikenteen ja sisävesiliikenteen mahdollisuuksia,2020-01-29T06:23:00Z
3-11695833,https://yle.fi/uutiset/3-11695833,Paraisten Kirjalansalmen sillan nopeus laskee liikennöinnin turvaamiseksi – sillan kunto on huonontunut nopeasti,2020-12-14T08:54:15Z
3-11508227,https://yle.fi/uutiset/3-11508227,Työryhmä alkaa selvittää viiden maakuntakentän lentojen turvaamista – myös kilpailutus puntariin,2020-08-24T09:01:20Z
3-11579303,https://yle.fi/uutiset/3-11579303,"Valtaosa Oulun vaalipiirin kansanedustajista laittaisi valtion turvaamaan lentoliikenteen jatkumista, jos markkinaehtoista toimijaa ei löydy",2020-10-05T10:32:07Z
3-11577838,https://yle.fi/uutiset/3-11577838,Ratayhteydet Venäjälle ja Saimaan venematkailu – Näihin Etelä-Karjalassa toivotaan EU:n elvytysrahaa,2020-10-03T11:33:45Z
3-11505055,https://yle.fi/uutiset/3-11505055,"Kansanedustaja Ilmari Nurminen valmiina: ""Puunasin ikkunat ja vähän siivosin"" – SDP:n puoluekokous saapuu Tampereelle",2020-08-21T09:03:19Z
3-11495197,https://yle.fi/uutiset/3-11495197,Lentojen tarve Kruunupyystä Helsinkiin selvitetään taas – korona on voinut muuttaa tilannetta,2020-08-14T13:34:02Z
3-11493782,https://yle.fi/uutiset/3-11493782,"Kainuun lentomotti uhkaa jo yritysten kaupankäyntiä – yrittäjien toimitusjohtaja: ""Nyt eletään löyhässä hirressä""",2020-08-14T12:45:56Z
3-11486538,https://yle.fi/uutiset/3-11486538,Kansanedustaja Marttinen vaatii Rauman henkilöjunaliikenteestä nopeaa päätöstä,2020-08-10T10:15:28Z
3-11539443,https://yle.fi/uutiset/3-11539443,"Riskimaista tulevilta Lapin talvituristeilta vaaditaan kaksi koronatestiä - Elinkeinoministeri Mika Lintilä: ""Tämä malli sallii matkailun niin normaalina kuin se näissä oloissa on mahdollista""",2020-09-11T08:52:22Z
3-11243315,https://yle.fi/uutiset/3-11243315,Pännäisten asemalle uusi nimi jo kesällä? – Jatkossa pysähdyspaikka olisi Pietarsaari–Pännäinen,2020-03-05T13:15:56Z
3-11466892,https://yle.fi/uutiset/3-11466892,Lue tästä koronapäivitykset 21.7.–20.8.,2020-07-27T09:25:36Z
3-11357154,https://yle.fi/uutiset/3-11357154,Lue tästä Uudenmaan koronapäivitykset 28.4.-19.5.,2020-05-18T10:22:44Z
3-11556586,https://yle.fi/uutiset/3-11556586,Lue tästä Lapin koronapäivitykset 5.8.–17.9. 2020,2020-09-21T16:39:44Z
3-11536702,https://yle.fi/uutiset/3-11536702,Lue tästä koronapäivitykset 8.9.–30.9.,2020-09-10T04:00:23Z
3-11507330,https://yle.fi/uutiset/3-11507330,Lue tästä koronapäivitykset 21.8.– 7.9.,2020-08-23T08:38:17Z
3-11426898,https://yle.fi/uutiset/3-11426898,"Myrsky runteli Pohjois-Karjalaa – hätäpuhelutkaan eivät kaikkialla toimi, Lieksassa häiriöitä veden jakelussa ",2020-07-01T03:51:32Z
3-11302926,https://yle.fi/uutiset/3-11302926,Lue tästä koronapäivitykset 4.4.–21.4.,2020-04-11T03:46:44Z
3-11268719,https://yle.fi/uutiset/3-11268719,Fahamka Koronada,2020-03-20T16:24:49Z
3-11412388,https://yle.fi/uutiset/3-11412388,Lue tästä Kainuun koronapäivitykset 25.5.–1.7.,2020-06-22T13:05:23Z
3-11355290,https://yle.fi/uutiset/3-11355290,"Lue tästä koronaviruspäivitykset 12.5.–15.6.
",2020-05-16T03:49:35Z
3-11323077,https://yle.fi/uutiset/3-11323077,Lue tästä koronapäivitykset 22.4.–11.5.,2020-04-26T06:37:53Z
3-11268675,https://yle.fi/uutiset/3-11268675,خبرهای مربوط به ویروس کرونا به زبان فارسی و دری,2020-03-20T16:37:55Z
3-11275130,https://yle.fi/uutiset/3-11275130,Lue tästä koronapäivitykset 24.3.–5.4.,2020-03-25T18:35:43Z
3-11254317,https://yle.fi/uutiset/3-11254317,Lue tästä koronaviruspäivitykset 17.2.–23.3.,2020-03-12T15:16:25Z
