id,url,title,date_modified
3-11182364,https://yle.fi/uutiset/3-11182364,Uusi lääkärihelikopteri sai kansanedustajat vetämään reilusti kotiin päin – jopa saman puolueen sisällä edustajat ovat vankasti erimielisiä,2020-02-03T08:02:44Z
3-11437323,https://yle.fi/uutiset/3-11437323,"Kouluille suunnattu korona-avustus kelpasi Kouvolalle, vaikka kaupunki lomauttaa opettajia – opetusneuvos: ""Ei avustuksen hengen mukaista""",2020-07-08T15:37:24Z
3-11189968,https://yle.fi/uutiset/3-11189968,"Uudet kansanedustajat työstään: Istuntosali kuin show-painiareena, valtaa käytetään valiokunnissa – ""Hyvä, että siellä ollaan suljettujen ovien takana""",2020-02-09T05:58:00Z
3-11710498,https://yle.fi/uutiset/3-11710498,Kouvola juhlii vuoden vaihtumista etänä – Sirkus Bravuuri korvaa ilotulituksen,2020-12-21T15:56:06Z
3-11676651,https://yle.fi/uutiset/3-11676651,"Kaakon kansanedustajat antaisivat lisää tukea urheiluseuroille – ""Vaikea mennä sanomaan, mikä seura tarvitsee enemmän rahaa kuin toinen""",2020-12-07T14:05:55Z
3-11626018,https://yle.fi/uutiset/3-11626018,Kuntapolitiikkaa kiinnostaa kansanedustajia  – Kaakkois-Suomen edustajat lähtemässä kilvan ehdolle,2020-11-02T12:48:13Z
3-11294475,https://yle.fi/uutiset/3-11294475,Pitäisikö mökkimaakuntien terveydenhuolto mitoittaa myös vapaa-ajan asukkaiden määrän mukaan? Kaakon kansanedustajista harva  innostuu ajatuksesta,2020-04-07T06:12:00Z
3-11335777,https://yle.fi/uutiset/3-11335777,Korona kiristää kuntien taloutta entisestään – Kaakkois-Suomen kansanedustajat eivät silti lämpene kuntaliitoksille,2020-05-05T16:00:00Z
3-11548116,https://yle.fi/uutiset/3-11548116,Valtatie 15 jäämässä vaille rahoitusta – hallitus esittää rahoitusta kolmelle muulle väylähankkeelle,2020-09-16T14:10:27Z
3-11521661,https://yle.fi/uutiset/3-11521661,Savonlinnan seudun mahdollinen maakunnan vaihto jakaa kansanedustajat – hajontaa myös puolueiden ja maakuntien sisällä,2020-09-01T13:00:28Z
3-11242912,https://yle.fi/uutiset/3-11242912,Kansanedustajat kommentoivat: Tarvitseeko kuutti pidemmän kasvuajan vai riittävätkö nykyiset kalastusrajoitukset Saimaalla?,2020-03-06T11:50:45Z
3-11573184,https://yle.fi/uutiset/3-11573184,"Pitäisikö maanomistajilla olla mahdollisuus kieltää malminetsintä maillaan? Kyllä, sanoo moni Kaakkois-Suomen kansanedustajista",2020-10-06T09:12:39Z
3-11375752,https://yle.fi/uutiset/3-11375752,Uuden kansainvälisen rajanylityspaikan avaaminen Suomen ja Venäjän välille uhkaa lykkääntyä koronan vuoksi – alueen kansanedustajat ovat eri mieltä,2020-06-02T06:17:54Z
