id,url,title,date_modified
3-11276032,https://yle.fi/uutiset/3-11276032,Perustuslakivaliokunta suosittaa korvausta ravintoloiden sulkemisesta ja avaa ovea alueellisille ratkaisuille,2020-03-25T16:41:10Z
3-11519913,https://yle.fi/uutiset/3-11519913,"Veroluonteiset maksut nousevat ensi vuonna – työntekijän tilipussi kevenee useilla kympeillä, mutta se ei vielä veronmaksajia huoleta",2020-08-31T14:16:00Z
3-11156158,https://yle.fi/uutiset/3-11156158,Kasvava joukko suomalaisia ei elä palkallaan – Myyjänä työskentelevä Mari Laasio sinnitteli kaverien vipeillä ulosottoon asti,2020-01-20T04:15:00Z
3-11463968,https://yle.fi/uutiset/3-11463968,Kokoomuksen Elina Lepomäki haluaa perustilin ja ansiosidonnaisen turvan kaikille – Onko hän pohjimmiltaan demari?,2020-07-24T15:00:00Z
3-11675431,https://yle.fi/uutiset/3-11675431,"Eduskunnan suuri enemmistö tukee EU:n yhteistä koronaelvytystä – PS, KD ja nyt-liike tyrmäsivät EU-elvytyksen",2020-12-01T14:06:06Z
3-11597171,https://yle.fi/uutiset/3-11597171,"Kyselytunnilla hallitusta hiillostettiin ravintolarajoituksista – Vartiainen: ""Onko tarkoitus lamauttaa taloutta niin paljon kuin perustuslaki sallii?""",2020-10-15T12:52:43Z
3-11599363,https://yle.fi/uutiset/3-11599363,Jonna Christensen pääsi tähdeksi yhtä aikaa Paula Vesalan kanssa ja päätti valloittaa maailman – sitten hän sai äitinsä viimeisen kirjeen Amerikkaan,2020-10-24T16:02:00Z
3-11228163,https://yle.fi/uutiset/3-11228163,Hasanniemen kaavamuutos ei edennyt vieläkään Joensuussa ,2020-02-26T09:26:07Z
