id,url,title,date_modified
3-11202326,https://yle.fi/uutiset/3-11202326,Kun v***u on uusi pilkku – nuorten kiroilua yritetään vähentää lasten toiveesta,2020-02-13T11:15:00Z
3-11580090,https://yle.fi/uutiset/3-11580090,"""Kiusaaminen on yhteiskunnan mätäpaise"" – näin pääkaupunkiseudun kansanedustajat ratkoisivat kouluväkivaltaa: empatian opettelua ja kovempia rangaistuksia",2020-10-06T06:45:00Z
3-11548856,https://yle.fi/uutiset/3-11548856,“Eutanasia ei ole elämän väheksymistä“ - Eutanasian laillistaminen saa kannatusta sosiaali- ja terveysvaliokunnassa,2020-09-18T15:55:00Z
3-11189968,https://yle.fi/uutiset/3-11189968,"Uudet kansanedustajat työstään: Istuntosali kuin show-painiareena, valtaa käytetään valiokunnissa – ""Hyvä, että siellä ollaan suljettujen ovien takana""",2020-02-09T05:58:00Z
3-11233554,https://yle.fi/uutiset/3-11233554,"Miten meni omasta mielestä? Näin kansanedustajat listasivat onnistumisiaan: hoitajamitoitus, lakialoite, jumppatunti, perhe yhä koossa",2020-03-03T08:30:51Z
