id,url,title,date_modified
3-11705768,https://yle.fi/uutiset/3-11705768,Poliisi epäilee kansanedustaja Mikko Kärnää rikoksesta ja aloittaa esitutkinnan,2020-12-18T12:02:09Z
3-11696048,https://yle.fi/uutiset/3-11696048,HS: Professori Tuomas Ojanen tekee rikosilmoituksen Mikko Kärnästä – Kärnä kiistää Ylelle syyllistyneensä kunnianloukkaukseen,2020-12-14T10:45:36Z
3-11189891,https://yle.fi/uutiset/3-11189891,"Keskustan Kärnä ei lähde puolueesta, vaikka Väyrynen palaa",2020-02-03T10:09:01Z
3-11367179,https://yle.fi/uutiset/3-11367179,"Taiwanista merkittävä lahjoitus pohjoisen sairaanhoitopiireille: 200 000 kirurgista suojaa, jotka riittävät kolmeksi viikoksi",2020-05-26T07:30:06Z
3-11413538,https://yle.fi/uutiset/3-11413538,Kansanedustaja Mikko Kärnä teki kirjallisen kysymyksen Ruotsin hallitukselle koronan torjumisesta,2020-06-23T10:23:11Z
3-11700761,https://yle.fi/uutiset/3-11700761,Antti Rinteestä perustuslakivaliokunnan pätkäpuheenjohtaja: Sosiaalinen media on lisännyt riidanhalua ja näin pienelle kansakunnalle se ei sovi,2020-12-16T18:51:57Z
3-11674329,https://yle.fi/uutiset/3-11674329,"Keskustan ytimeen palannut Väyrynen: ""Pyrin vaikuttamaan siihen, että puolue ryhtyisi toteuttamaan minun linjaani mahdollisimman pitkälti""",2020-12-01T09:25:13Z
3-11236612,https://yle.fi/uutiset/3-11236612,Hallitus pähkäilee turvapaikanhakijoiden jalkapantoja – rajunkuuloinen keino voikin helpottaa palautusta odottavien asemaa,2020-03-07T12:05:12Z
3-11568130,https://yle.fi/uutiset/3-11568130,"Lapin kansanedustajat eivät kieltäisi kaivostoimintaa kokonaan saamelaisalueella – Saamelaiskäräjien puheenjohtaja: ""Kaivostoiminta ei sovi saamelaisalueelle""",2020-09-30T14:27:46Z
3-11688464,https://yle.fi/uutiset/3-11688464,"Ylen tiedot: Perustuslakivaliokunnan mukaan Pekka Haavisto on toiminut lainvastaisesti, mutta syytekynnys ei ylity – vihreät jättää vastalauseen",2020-12-09T09:59:17Z
3-11697473,https://yle.fi/uutiset/3-11697473,Mikko Kärnä aikoo selvityttää rikosilmoituksen asianmukaisuuden,2020-12-15T09:17:53Z
3-11436038,https://yle.fi/uutiset/3-11436038,"Sisäministeri Ohisalo nihkeänä turvapaikanhakijoiden jalkapannoille – Keskustajohtaja: Pannat yhä vaihtoehto, pääministeri: Hallitusohjelmamuutoksista sovitaan aina yhdessä",2020-07-07T05:58:33Z
3-11234308,https://yle.fi/uutiset/3-11234308,Mikko Kärnä haluaisi aloittaa joutsenen rajoitetun metsästyksen ,2020-02-28T15:15:09Z
3-11345862,https://yle.fi/uutiset/3-11345862,Entinen rajaupseeri Mikko Kärnä teki kantelun ja arvostelee Rajavartiolaitosta tiukin sanankääntein,2020-05-11T11:04:35Z
3-11702659,https://yle.fi/uutiset/3-11702659,Kärnä ja Väyrynen eivät kelvanneet Helsingin pormestariehdokkaiksi,2020-12-17T10:02:04Z
3-11658994,https://yle.fi/uutiset/3-11658994,Keskustan Mikko Kärnä on käytettävissä Helsingin pormestariehdokkaaksi – lupaa ratkaista kaupungin valkoposkihanhiongelman,2020-11-20T14:31:07Z
3-11537308,https://yle.fi/uutiset/3-11537308,Susanna Junttilasta tulee Paavo Väyrysen Pohjantähti-keskuksen johtaja,2020-09-10T10:32:39Z
3-11665410,https://yle.fi/uutiset/3-11665410,"Keskustan Kärnä ja Kurvinen: Valtion työntekijöiden saatava valita, missä tekevät töitä",2020-11-25T11:37:44Z
3-11676720,https://yle.fi/uutiset/3-11676720,"Väyrynen nousi keskustassa vallan kahvaan, lähdöllä uhannut Kärnä ei jättänytkään puoluetta",2020-12-02T14:15:00Z
3-11544212,https://yle.fi/uutiset/3-11544212,Mikko Kärnä ministeriön matkustuslinjauksesta: Sekoilua,2020-09-15T04:04:14Z
3-11401999,https://yle.fi/uutiset/3-11401999,Mikko Kärnä mielii Keskustan varapuheenjohtajaksi,2020-06-15T08:59:39Z
3-11220495,https://yle.fi/uutiset/3-11220495,"Kansanedustaja Mikko Kärnä seksiviestikohusta: ""Olen elämäni eri vaiheissa tehnyt virheitä, mitään lainvastaista taas en""",2020-02-21T06:45:15Z
3-11390568,https://yle.fi/uutiset/3-11390568,Markus Lohi ja Mikko Kärnä tyytyväisiä Vanhasen nimeämiseen valtiovarainministeriksi,2020-06-08T12:14:29Z
3-11221298,https://yle.fi/uutiset/3-11221298,Seksiviestikohun keskelle joutunut Kärnä kiistää häirinneensä ketään,2020-02-21T11:33:50Z
3-11387840,https://yle.fi/uutiset/3-11387840,"Kulmunin ero järkytti keskustaväen – Lapin piirin puheenjohtaja: ""Katri kantaa nyt raskaan taakan""",2020-06-05T15:01:33Z
3-11195515,https://yle.fi/uutiset/3-11195515,Suurin osa Lapin kansanedustajista kannattaa kaivosveron käyttöönottoa – Kaisa Juuso vielä miettii,2020-02-07T04:05:14Z
3-11696403,https://yle.fi/uutiset/3-11696403,"Markus Mustajärvi jää pois kuntapolitiikasta keväällä – vain Kaisa Juuson, Heikki Autton ja Markus Lohen kuntavaaliehdokkuus on varmaa",2020-12-15T05:33:42Z
3-11580533,https://yle.fi/uutiset/3-11580533,Lue tästä Etelä-Pohjanmaan koronapäivitykset 24.5.-11.9.,2020-10-08T09:29:33Z
3-11580537,https://yle.fi/uutiset/3-11580537,Lue tästä Pohjanmaan koronapäivitykset 23.5.-3.9.,2020-10-06T08:16:07Z
