id,url,title,date_modified
3-11631359,https://yle.fi/uutiset/3-11631359,Psykoterapiakeskus Vastaamon palvelut ostokieltoon Helsingissä – apulaispormestari Vesikansa: Emme ohjaa enää yhtään uutta asiakasta Vastaamoon,2020-11-04T19:01:22Z
3-11570702,https://yle.fi/uutiset/3-11570702,Lakivaliokunta hyväksyi kansalaisaloitteen: tyttöjen sukuelinten silpominen tehtävä laissa rangaistavaksi nykyistä selkeämmin ,2020-09-30T08:37:50Z
3-11684882,https://yle.fi/uutiset/3-11684882,Ylen kysely: Kokoomuksen ja RKP:n kansanedustajia kaihertaa hallituksen ratkaisu sote-rahoista – keskustalta ja SDP:ltä kiitosta,2020-12-08T03:47:00Z
3-11400075,https://yle.fi/uutiset/3-11400075,"""Miksi naispoliitikoille ei sallita virheitä?"" somessa kysyttiin, kun Katri Kulmuni erosi – sukupuolella on merkitystä, sanovat tutkijat",2020-06-14T09:45:00Z
