id,url,title,date_modified
3-11688491,https://yle.fi/uutiset/3-11688491,Jo toinen kansanedustaja haluaa Tampereen pormestariksi ,2020-12-09T08:58:27Z
3-11628345,https://yle.fi/uutiset/3-11628345,"Sanna Marin lähtee kuntavaaliehdokkaaksi Tampereella, Satu Hassi ja Anna Kontula eivät – Perussuomalaiset uskoo kaupungin  valtasuhteiden vaihtuvan",2020-11-06T05:35:00Z
3-11163368,https://yle.fi/uutiset/3-11163368,Niikko selvitti Kiina-kytköksiään valiokunnalle – Selvitystä vaatinut Virolainen on tyytyväinen vastauksiin,2020-01-17T13:11:57Z
3-11474945,https://yle.fi/uutiset/3-11474945,"Keskustan kansanedustajat puheenjohtajakamppailusta: ""Tästä tulee tiukkaa"", ""Katri kantoi vastuun virheistä, jotka eivät ole hänen"" ",2020-07-31T13:21:22Z
3-11385050,https://yle.fi/uutiset/3-11385050,EU:n elvytysrahasto kuumensi tunteet kyselytunnilla – valehtelusyytökset saivat puhemiehen puuttumaan peliin ,2020-06-04T12:19:04Z
3-11514561,https://yle.fi/uutiset/3-11514561,"Ylen kysely kansanedustajille: Enemmistö vastaajista  säilyttäisi eläkeputken – Kokoomuksen, vihreiden ja RKP:n  edustajilta tukea poistolle",2020-09-01T02:30:00Z
3-11682296,https://yle.fi/uutiset/3-11682296,"Muut Pirkanmaan kansanedustajat investoisivat, perussuomalaiset himmaisivat jo: ""Raitiotien laajentaminen Tampereen naapurikuntiin on syytä laittaa jäihin""",2020-12-11T07:01:00Z
3-11472624,https://yle.fi/uutiset/3-11472624,"Kahden naisen kisa puheenjohtajuudesta on keskustalle helpotus, arvioi politiikantutkija",2020-07-30T15:06:00Z
3-11230227,https://yle.fi/uutiset/3-11230227,"Kansanedustajat sanomalehtien jättikaupasta: Aamulehden päätyminen Sanoman omistukseen ei ole uhka, kunhan pirkanmaalaisuus pysyy",2020-03-05T07:15:00Z
3-11287827,https://yle.fi/uutiset/3-11287827,"Pirkanmaan sairaanhoitopiirin säästöt pitää hyllyttää koronan ajaksi – Satonen: ""Terveydenhoidon pitää toimia kriisissä maksimiteholla""",2020-04-06T07:35:29Z
3-11394224,https://yle.fi/uutiset/3-11394224,"Ylen kysely: Keskustavaikuttajien mieli muuttui ja suurin osa haluaa nyt Katri Kulmunille haastajan puheenjohtajakisaan – ""Tulos tai ulos""",2020-06-11T12:50:01Z
3-11228135,https://yle.fi/uutiset/3-11228135,"Ylen kysely: Kansanedustajat tyrmäävät lapsilisien poiston hyvätuloisilta – ""Se olisi vääränlainen viesti"", ""Koko järjestelmän rahoittaminen voisi vaarantua""",2020-03-03T03:37:00Z
3-11602405,https://yle.fi/uutiset/3-11602405,Tampereen raitiotien rakentaminen etenee toiseen vaiheeseen - asiaa puitiin yli neljä tuntia,2020-10-19T13:45:06Z
3-11189968,https://yle.fi/uutiset/3-11189968,"Uudet kansanedustajat työstään: Istuntosali kuin show-painiareena, valtaa käytetään valiokunnissa – ""Hyvä, että siellä ollaan suljettujen ovien takana""",2020-02-09T05:58:00Z
3-11646187,https://yle.fi/uutiset/3-11646187,Tampereen valtuusto päätti talousarviosta 12 tunnin maratonkokouksessa – suuria investointeja ja tukea nuorille ,2020-11-16T06:39:01Z
3-11579600,https://yle.fi/uutiset/3-11579600,Hämeenkyrön sumppu on parin vuoden päästä historiaa – Valtatie 3:n uutta ohitustietä rakennetaan kovaa vauhtia,2020-10-05T13:22:41Z
3-11472648,https://yle.fi/uutiset/3-11472648,"Keskustan entinen puoluesihteeri Jouni Ovaska: Saarikko on kova haastaja, mutta Kulmuni pohjustanut paikkaansa kenttäkierroksella",2020-07-30T12:15:00Z
3-11281909,https://yle.fi/uutiset/3-11281909,Edustajalive esittelemään kansanedustajan työtä ,2020-03-30T06:53:52Z
3-11690991,https://yle.fi/uutiset/3-11690991,Minna Minkkinen on vasemmistoliiton pormestariehdokas Tampereella,2020-12-10T12:02:28Z
3-11519227,https://yle.fi/uutiset/3-11519227,Kansanedustajilla on edessä tiukka koronasyksy – Kesä sujui turvavälejä pitäessä,2020-09-01T10:56:47Z
3-11378706,https://yle.fi/uutiset/3-11378706,"Yritysten tukemisessa Pirkanmaalla sekä pulaa että pulmia 
– Satonen: ""Päätökset ovat kestäneet kauan ja vieläkin on epäselvää paljonko maksetaan""",2020-06-03T04:21:00Z
