id,url,title,date_modified
3-11304754,https://yle.fi/uutiset/3-11304754,Oikeuskanslerille jo 10 kantelua suojavarustesotkusta – ministeri Tuula Haataisen ja HVK:n ex-johtajan Tomi Louneman toimista halutaan selvitys,2020-04-14T09:46:15Z
3-11504222,https://yle.fi/uutiset/3-11504222,Työministeri Haatainen: Viranomaisten otteen pitää parantua ulkomaisen työvoiman hyväksikäytön estämisessä,2020-08-20T17:13:51Z
3-11434461,https://yle.fi/uutiset/3-11434461,"Väärinkäytöksistä epäilty siivousfirma oli käytössä Espoossa, mutta kaupunki hylkäsi sen vuosi sitten epäselvyyksien vuoksi – Vantaa tekee saman, jos väärinkäytöksiä ilmenee",2020-07-06T07:43:03Z
3-11694715,https://yle.fi/uutiset/3-11694715,Työministeri Haatainen ei ota kantaa eläkeputken poistamiseen: “Tärkeintä on ikääntyneiden työntekijöiden tukeminen”,2020-12-12T12:02:24Z
3-11305255,https://yle.fi/uutiset/3-11305255,Huoltovarmuuskeskuksen kohukaupat puretaan suurelta osin – tuore selvitys antaa moitteet johdolle muun muassa taloussääntöjen rikkomisesta,2020-04-14T15:09:56Z
3-11434019,https://yle.fi/uutiset/3-11434019,"Työministeri Haatainen siivousalan väärinkäytöksistä: Tietyille aloille on pesiytynyt mätä kulttuuri, jossa hyväksikäyttö on järjestelmällistä",2020-07-05T14:55:18Z
3-11508657,https://yle.fi/uutiset/3-11508657,"Ministeriö: Suomeen houkuteltu harhaanjohtavilla tiedoilla useita marjanpoimijaryhmiä – ""Heitä on jätetty minne sattuu"", kuvaa virkamies",2020-08-24T14:00:09Z
3-11505194,https://yle.fi/uutiset/3-11505194,"Suomessa 300:aa työnhakijaa palvelee yksi virkailija – Työministeri Haatainen haluaa ""merkittävän"" lisärahoituksen työvoimapalveluihin",2020-08-21T14:56:13Z
3-11703542,https://yle.fi/uutiset/3-11703542,Hallitus esittää lakimuutoksia ulkomaisten työntekijöiden hyväksikäytön kitkemiseksi,2020-12-17T13:11:29Z
3-11274095,https://yle.fi/uutiset/3-11274095,"Tällainen on hallituksen ravintolaesitys: Ravintolat kiinni koko kevääksi, noutoruokaa saa hakea",2020-03-24T19:00:32Z
3-11302066,https://yle.fi/uutiset/3-11302066,Suomi kieltäytyi lääkealan yrityksen avusta hankkia suojaimia Kiinasta ja päätyi ostamaan kelvottomia maskeja – Vastuuministeri oli kuviosta tietämätön,2020-04-09T15:52:52Z
3-11304236,https://yle.fi/uutiset/3-11304236,"Huoltovarmuuskeskus antaa ministeriölle selvityksen 
sekoilusta kasvomaskikaupoissa",2020-04-14T03:20:48Z
3-11180305,https://yle.fi/uutiset/3-11180305,Energia-alan lakonuhka siirtyy – lakko alkamassa vasta helmikuun puolivälissä,2020-01-28T15:17:08Z
3-11160957,https://yle.fi/uutiset/3-11160957,"Haatainen: Hallitus on aikataulussa työllisyystavoitteen saavuttamisessa, työryhmien työ jatkuu",2020-01-17T10:46:07Z
3-11302809,https://yle.fi/uutiset/3-11302809,"Miten maskiskandaali eteni siihen pisteeseen, että tilauksista vastuussa oleva erosi ja väliaikainen johtaja astui tilalle?",2020-04-10T19:29:53Z
3-11511580,https://yle.fi/uutiset/3-11511580,Suomen Yrittäjien pääekonomisti: Syksy tuo irtisanomisia mittavissa määrin,2020-08-25T20:59:33Z
3-11341262,https://yle.fi/uutiset/3-11341262,"Ministerien mahdollinen altistuminen tapahtui valtioneuvoston tiloissa – turvallisuusjohtaja: ""Ei vaikuta hallituksen toimintakykyyn""",2020-05-07T17:44:01Z
3-11302597,https://yle.fi/uutiset/3-11302597,"Pääministeri Marin: Huoltovarmuuskeskus on menetellyt väärin, pääministerin luottamusta toimitusjohtaja ei enää nauti ",2020-04-10T10:08:32Z
3-11174089,https://yle.fi/uutiset/3-11174089,Työministeri Haatainen päätti siirtää Pron lakkoja Teknologiateollisuuden toimialoilla,2020-01-24T09:48:21Z
3-11597507,https://yle.fi/uutiset/3-11597507,Työneuvosto linjasi: Ruokalähetit ovat työsuhteessa – eivät yrittäjiä,2020-10-15T16:01:40Z
3-11495362,https://yle.fi/uutiset/3-11495362,"Opetusministeri Andersson tyrmää ehdotukset opintotuen leikkaamisesta – ""Opiskelijoihin kohdistettaisiin ristiriitaisia paineita""",2020-08-14T14:33:00Z
3-11370117,https://yle.fi/uutiset/3-11370117,"Kolme yritystä aloittanut kotimaisten kasvosuojaimien valmistuksen – Terveydenhuolto tarvitsee suojia miljoonan vuorokaudessa, suomalainen tuotanto kattaa nyt tarpeen",2020-05-27T07:36:37Z
3-11674160,https://yle.fi/uutiset/3-11674160,Suomen valtion kaivoskumppani Trafigura haastettiin oikeuteen Brasiliassa – Yhtiö kiistää korruptiosyytökset,2020-12-01T00:26:08Z
3-11316395,https://yle.fi/uutiset/3-11316395,Työministeri Haatainen esittää erillistä korvausta ravintoloille ,2020-04-21T15:55:22Z
3-11694262,https://yle.fi/uutiset/3-11694262,"Herätys: Eduskunta poikkeuksellisesti koolla tänään, Haatainen ei poistaisi eläkeputkea vielä, suomalaisilla maailman suurimmat ilmastopäästöt",2020-12-12T06:32:57Z
3-11689249,https://yle.fi/uutiset/3-11689249,Ykkösaamun vieraana Tuula Haatainen - mitä haluat kysyä työministeriltä?,2020-12-10T12:11:51Z
3-11249105,https://yle.fi/uutiset/3-11249105,"Työministeri Haatainen lupaa puuttua ulkomaista työvoimaa
kaltoin kohtelevien työnantajien lupiin",2020-03-10T07:47:19Z
3-11338713,https://yle.fi/uutiset/3-11338713,"Hallitus sopi 120 miljoonan euron paketista ravintoloille: 1000 euron tuki työntekijää kohden, hyvitystä myynnin laskusta",2020-05-06T14:32:32Z
3-11499731,https://yle.fi/uutiset/3-11499731,SDP:n Lindtman vaatii uutta tukipakettia kunnille – myös päivähoitomaksujen alennusta tulisi hänen mukaansa harkita,2020-08-18T13:13:34Z
3-11338923,https://yle.fi/uutiset/3-11338923,"Millä perusteella ja kuinka paljon ravintola voi saada koronahyvitystä? 10 kysymystä ja vastausta tuesta, jota hallitus esittää ravintola-alalle ",2020-05-06T17:43:25Z
3-11163505,https://yle.fi/uutiset/3-11163505,"Tutkijat: Hallitus saanee 30 000 uutta työpaikkaa kasaan paperilla, mutta eri asia on mitä se tarkoittaa oikeasti",2020-01-17T15:58:37Z
3-11673987,https://yle.fi/uutiset/3-11673987,"Ministeri Haatainen lupaa päätöksiä yli 55-vuotiaiden työllisyystoimista joulukuussa – ""Tämä on ykkösasia hallituksen listalla""",2020-11-30T17:33:35Z
3-11693624,https://yle.fi/uutiset/3-11693624,"Työministeri Haatainen tukkisi eläkeputken vasta elvytysvuosien jälkeen – ministeri TV 1:n Ykkösaamussa lauantaina
",2020-12-12T06:31:19Z
3-11196424,https://yle.fi/uutiset/3-11196424,Kemianteollisuuteen syntyi sopu – kiky-tunnit poistuvat,2020-02-06T15:37:14Z
3-11567856,https://yle.fi/uutiset/3-11567856,"Ministeri Haatainen: Hyväksikäytetyn ulkomaalaisen työntekijän asema paranee uudessa lakipaketissa – uhri saisi jäädä maahan, vaikka työ loppuisi",2020-09-28T19:42:02Z
3-11341977,https://yle.fi/uutiset/3-11341977,Hallitus hyväksyi esityksen ravintolatuista – tukea luvassa yhteensä 123 miljoonaa euroa,2020-05-08T08:29:03Z
3-11264188,https://yle.fi/uutiset/3-11264188,"Työmarkkinajärjestöt ehdottavat järeitä toimia koronakriisiin: Työeläkemaksuja alas lähes miljardilla, lomauttaminen nopeutuu, työttömyysturva paranee",2020-03-18T14:43:30Z
3-11339129,https://yle.fi/uutiset/3-11339129,"Ministeri Haatainen ravintoloiden tukipaketista: ""Aivan uusi instrumentti neljässä viikossa"" – tarkoitus suojella pieniä yrityksiä",2020-05-06T19:38:57Z
3-11174486,https://yle.fi/uutiset/3-11174486,Analyysi: Hallituslähteet arvioivat kolmasosan työllisyyden välitavoitteesta olevan nyt pöydällä – puolueilla erimielisyyksiä aikataulusta,2020-01-27T04:45:00Z
3-11434185,https://yle.fi/uutiset/3-11434185,Siivousalan ongelmat ovat tuttuja PAMissa – lakimies ehdottaa kolmea keinoa hyväksikäytön kitkemiseksi,2020-07-05T16:00:00Z
3-11341090,https://yle.fi/uutiset/3-11341090,Valtiovarainministeri Kulmuni: Ravintolatukien korvausajankohtaa pohditaan vielä uudelleen,2020-05-07T14:30:47Z
3-11181637,https://yle.fi/uutiset/3-11181637,Hallitus kokoontui iltakouluun ruotimaan työllisyystavoitettaan – työministeri lupasi uusia avauksia työperäisestä maahanmuutosta,2020-01-29T08:25:40Z
3-11712708,https://yle.fi/uutiset/3-11712708,"Outokummun 230 työpaikan vähennys järkyttää torniolaisia: ""Kyllä se vaikuttaa perheiden hyvinvointiin"" – kaupunki odottaa valtiolta tukipakettia",2020-12-23T06:43:43Z
3-11371768,https://yle.fi/uutiset/3-11371768,SK: Rajua nokittelua hallituksen sisällä – keskusta pysäytti SDP:n Raimo Luoman nimityksen TEMin kansliapäälliköksi,2020-05-27T15:57:43Z
3-11305266,https://yle.fi/uutiset/3-11305266,Ylen tieto: Poliisia on pyydetty selvittämään Huoltovarmuuskeskuksen suojavarustekauppoja,2020-04-14T14:21:06Z
3-11342156,https://yle.fi/uutiset/3-11342156,Huoltovarmuuskeskuksen kahdelle johtoryhmän jäsenelle potkut hengityssuojainkohun seurauksena – hallituksen puheenjohtajan mukaan päätös oli yksimielinen ,2020-05-08T08:15:24Z
3-11292849,https://yle.fi/uutiset/3-11292849,"Poliitikko Pertti Paasio on kuollut – Eero Heinäluoma: ""Hänen seurassaan oli aina mukava olla""",2020-04-04T17:00:15Z
3-11551133,https://yle.fi/uutiset/3-11551133,"Elinkeinoministeri Lintilä pelkää jo uutta tehtaan lopettamista – ""Osaan ennakoida seuraavan paikkakunnan, mutten sano""",2020-09-18T04:46:26Z
3-11681173,https://yle.fi/uutiset/3-11681173,"Onko oikeuskanslerin moitteista mitään hyötyä? Kysyimme virkamieheltä, miten maskisotkussa tehdyt virheet aiotaan välttää tulevaisuudessa",2020-12-04T15:04:26Z
3-11316742,https://yle.fi/uutiset/3-11316742,Pääministeri Marin: Toivon päätöksiä kesän tapahtumista – muiden rajoitusten purkamisesta ei lopullista päätöstä tänään,2020-04-22T05:31:39Z
3-11343557,https://yle.fi/uutiset/3-11343557,Jälleen käänne valtion oudoissa maskikaupoissa: Tiina Jylhän yhtiö vaatii Huoltovarmuuskeskukselta lähes kolmea miljoonaa euroa,2020-05-08T14:55:55Z
3-11502293,https://yle.fi/uutiset/3-11502293,Työryhmä ehdottaa rangaistusmaksua ulkomaisen työvoiman hyväksikäytöstä –  nyt viranomaiset saavat vain ohjeistaa ja työnantaja kerää hyödyt,2020-08-20T06:29:06Z
3-11349324,https://yle.fi/uutiset/3-11349324,Oikeuskansleri pyytää maskikaupoista selvitystä ministeriöiltä ja Huoltovarmuuskeskukselta – 17 kysymyksen lista epäselvyyksistä,2020-05-13T12:19:37Z
3-11555868,https://yle.fi/uutiset/3-11555868,"Ministerit Lintilä ja Haatainen Suomen kaivoskumppanin rahanpesukohusta: Tärkeintä varmistaa vastuullinen toiminta,  Trafigurasta uusi selvitys",2020-09-21T12:27:22Z
3-11626861,https://yle.fi/uutiset/3-11626861,Yle selvitti poliitikkojen usean vuoden tulot: pienipalkkaiset naiset nousivat vallan huipulle – pääministeri Marin kuusinkertaisti ansionsa,2020-11-03T15:48:42Z
3-11397038,https://yle.fi/uutiset/3-11397038,"Veronumeropakko laajenee rakennuksilta telakoille ja ehkä myös ravintoloihin – piilorikollisten ""seula tihenee"", sanoo työministeri",2020-06-11T11:45:13Z
3-11468249,https://yle.fi/uutiset/3-11468249,"Syntyykö uusi “kadotettu sukupolvi”, jonka startti työelämässä viivästyy? Yli 50 000 nuorta ja nuorta aikuista jäi vaille töitä edellisvuoteen verrattuna",2020-08-03T02:55:00Z
3-11303952,https://yle.fi/uutiset/3-11303952,"Huoltovarmuuskeskus tiesi kyllä, mitä suojamaskeja oli ostamassa, maskien myyjä sanoo – eivät olleet sairaalakäyttöön tarkoitettujakaan",2020-04-12T16:18:18Z
3-11554432,https://yle.fi/uutiset/3-11554432,Uusi tietovuoto: Suomen valtion kaivoskumppanista lukuisia rahanpesuilmoituksia – Terrafamen osakas ollut vuosia pankkien erityistarkkailussa,2020-09-20T17:00:00Z
3-11402213,https://yle.fi/uutiset/3-11402213,"Poliittiset virkanimitykset jylläävät maan ykkösviroissa, vaikkei kunnissa keittäjältä enää jäsenkirjaa penätäkään",2020-07-04T05:11:00Z
3-11243707,https://yle.fi/uutiset/3-11243707,"Georgialaiskokkien kielteisiin työlupapäätöksiin meni 17 kuukautta, Migri vihjaili ihmiskaupasta – yrittäjä: ""Tuntuu, että liiketoimintaamme yritetään torpata""",2020-03-09T03:50:00Z
3-11625498,https://yle.fi/uutiset/3-11625498,"Uusimmat tiedot veropäivästä: Marin pitää suurituloisten nimien poistamista valitettavana, suurten valtionyhtiöiden pomoilla miljoonatulot",2020-11-03T03:30:00Z
3-11570241,https://yle.fi/uutiset/3-11570241,Lappilaiset pääsevät esittämään näkemyksiään EU:n elpymis- ja palautumistukien käytöstä,2020-09-30T05:50:11Z
3-11551739,https://yle.fi/uutiset/3-11551739,Marin Naantalissa: EU:n oikeudenmukaisen siirtymän rahasto käytettävissä uuden vihreämmän työllisyyden luomiseksi – Lintilä lupaa Naantaliin selvityshenkilön,2020-09-18T15:05:00Z
3-11593329,https://yle.fi/uutiset/3-11593329,Pohjanmaan maakunta odottaa 700 miljoonan osuutta EU:n koronaelvytysrahoista,2020-10-13T14:05:18Z
3-11571077,https://yle.fi/uutiset/3-11571077,Lapille ei ole tulossa korvamerkittyä rahaa EU:n kahden miljardin koronaelvytyspaketista,2020-09-30T13:41:50Z
3-11655721,https://yle.fi/uutiset/3-11655721,Tuore raportti: Suojavarusteiden hankinta oli kriisin alussa puutteellista – työministeri Haatainen ehdottaa kotimaisen suojavarustetuotannon tukemista,2020-11-19T09:50:59Z
3-11694221,https://yle.fi/uutiset/3-11694221,MTV: KRP tutkii vakavaa rikosepäilyä – ministeri Ohisaloon tai valtakunnansyyttäjään ei kohdistunut konkreettista uhkaa,2020-12-11T17:39:28Z
3-11308560,https://yle.fi/uutiset/3-11308560,"Perussuomalaiset nosti maskijupakan eduskunnan kyselytunnin pääaiheeksi: ""Oletteko valmis eroamaan, ministeri Haatainen?""",2020-04-16T12:20:04Z
3-11510304,https://yle.fi/uutiset/3-11510304,Omistajaohjausministeri Tuppurainen ja työministeri Haatainen lupaavat tukea Finnairin työntekijöille,2020-08-25T10:33:18Z
3-11347479,https://yle.fi/uutiset/3-11347479,Eduskunta ruoti ravintoloiden koronatukia – Työministeri Haatainen puolusti tukien perustumista tammi–helmikuuhun,2020-05-12T10:43:09Z
3-11272574,https://yle.fi/uutiset/3-11272574,Tuula Haatainen: Ravintoloiden aukioloa rajoitetaan ja uudet rajoitukset voimaan ehkä jo lauantaina – ehdotus annettiin eduskunnan käsittelyyn,2020-03-24T07:59:22Z
3-11510130,https://yle.fi/uutiset/3-11510130,"Finnair vähentää arviolta 1 000 työpaikkaa – toimitusjohtaja Topi Manner: ""Lentoliikenteen toipuminen kestää vuosia""",2020-08-25T09:18:00Z
3-11647217,https://yle.fi/uutiset/3-11647217,Meri-Lappiin halutaan tukipaketti Outokummun vähennysten vuoksi – ministereitä kutsutaan paikan päälle,2020-11-13T13:56:21Z
3-11176783,https://yle.fi/uutiset/3-11176783,"Oulun Stora Enso sulki paperikoneensa, usea saha ja puujalostamo kiinni – metsäteollisuuden lakko näkyy eri puolilla Pohjois-Pohjanmaata",2020-01-27T05:39:14Z
3-11600986,https://yle.fi/uutiset/3-11600986,Lue tästä koronapäivitykset 16.10.–25.10.,2020-10-18T11:32:04Z
3-11302926,https://yle.fi/uutiset/3-11302926,Lue tästä koronapäivitykset 4.4.–21.4.,2020-04-11T03:46:44Z
3-11323077,https://yle.fi/uutiset/3-11323077,Lue tästä koronapäivitykset 22.4.–11.5.,2020-04-26T06:37:53Z
3-11355290,https://yle.fi/uutiset/3-11355290,"Lue tästä koronaviruspäivitykset 12.5.–15.6.
",2020-05-16T03:49:35Z
3-11254317,https://yle.fi/uutiset/3-11254317,Lue tästä koronaviruspäivitykset 17.2.–23.3.,2020-03-12T15:16:25Z
