id,url,title,date_modified
3-11246594,https://yle.fi/uutiset/3-11246594,"Asevelvollisuus voi kokea ison mullistuksen: Puolueissa on valmiutta kutsuntoihin kaikille ja kansalaispalveluun, armeijaa arvostellaan valikoinnista",2020-03-07T15:47:59Z
3-11413795,https://yle.fi/uutiset/3-11413795,"Naisten ja miesten yhteistuvista hyviä kokemuksia – ""Pääsee paremmin mukaan joukkoon ja tiedonkulku sujuu helpommin""",2020-06-23T13:03:29Z
3-11595008,https://yle.fi/uutiset/3-11595008,Tulevaisuuden liikennehankkeista päätetään ilman päijäthämäläisiä  – perussuomalaisten Ronkainen luovutti paikkansa Keski-Suomeen,2020-10-15T03:50:00Z
3-11579694,https://yle.fi/uutiset/3-11579694,Valtaosa Hämeen kansanedustajista kannattaa uhkasakkoa koulukiusaamisen kitkemiseksi,2020-10-06T12:40:00Z
3-11457708,https://yle.fi/uutiset/3-11457708,"Nettomaksaja Suomi saamassa elvytyspaketista 3,2 miljardia euroa – Marin neuvotteluista: ""Suomi ei halunnut blokkiutua, yhteistyö tärkeämpää""",2020-07-21T05:08:58Z
3-11356707,https://yle.fi/uutiset/3-11356707,"Jari Lindströmin muistelmat kertovat perussuomalaisten keskinäisistä kahinoista, ""omaan pesään kusemisesta"" ja ex-ministerin tiestä kortistoon",2020-05-19T21:01:00Z
