id,url,title,date_modified
3-11631754,https://yle.fi/uutiset/3-11631754,"Vastaamon tietomurto ja terrori-iskut puhuttivat kyselytunnilla – Ohisalo terrorismista: Vakava ja tuomittava ilmiö, Tavio: Aika siirtyä puheista tekoihin",2020-11-05T13:01:43Z
3-11190893,https://yle.fi/uutiset/3-11190893,Ympäristojärjestöjä korpesi turpeen verotuen jatkaminen hallituksen ilmastotoimissa,2020-02-03T18:21:37Z
3-11277269,https://yle.fi/uutiset/3-11277269,"PS:n Purra kyselytunnilla: Kuka on tehnyt virheen, kun ulkomailta Suomeen palaavia ei ole ohjeistettu selkeästi?",2020-03-26T13:01:18Z
3-11418039,https://yle.fi/uutiset/3-11418039,"Kesän viimeisen kyselytunnin pääaiheiksi nousivat ruuhkamaksut ja työllisyystoimet, Vanhanen: Minulla ei ole ""hokkuspokkuskeinoja""",2020-06-25T12:23:35Z
3-11692794,https://yle.fi/uutiset/3-11692794,"Näin kaikki eteni 265 päivää sitten, kun Uusimaa laitettiin säppiin – kolme aitiopaikalla ollutta kertoo ennennäkemättömästä operaatiosta",2020-12-17T03:45:00Z
3-11225286,https://yle.fi/uutiset/3-11225286,Tunnelissa kulkeva Lentorata keräsi tylyä kritiikkiä valtuutetuilta – Vantaa päätti silti lähteä mukaan Suomi-radan suunnitteluun,2020-02-24T20:28:59Z
3-11714353,https://yle.fi/uutiset/3-11714353,Vantaa julistaa joulurauhan aattona kello 13 ja Porvoo kello 16 – molemmat tapahtumat ovat verkossa,2020-12-23T15:41:05Z
