id,url,title,date_modified
3-11242277,https://yle.fi/uutiset/3-11242277,Opposition Ben Zyskowicz: Sisäministeri Ohisalon kanta Kreikan turvapaikanhakijoista näyttää olevan toinen kuin presidentti Niinistön,2020-03-05T10:59:36Z
3-11714482,https://yle.fi/uutiset/3-11714482,HS: Pitkäaikainen kansanedustaja Zyskowicz saattaa jättää eduskunnan tämän kauden jälkeen terveyssyistä – kokoomuspoliitikko kärsii migreenistä ja masennuksesta,2020-12-24T04:32:46Z
3-11200737,https://yle.fi/uutiset/3-11200737,"Kansanedustajat eivät yleensä puutu siihen, miten kansalaisten kantelut ratkaistaan – Uskonto on poikkeus  ",2020-02-11T10:32:10Z
3-11243719,https://yle.fi/uutiset/3-11243719,Mepit vaativat Kreikan rajalla olevien pakolaisten siirtämistä EU-maihin – suomalaisista vain Ville Niinistö allekirjoitti vetoomuksen,2020-03-05T15:31:57Z
3-11709032,https://yle.fi/uutiset/3-11709032,"Ulkoministeri Haavisto al-Hol-kotiutuksista: Sain tarkan tiedon asiasta perjantaina, leirille jääminen olisi ollut suurempi turvallisuusriski   ",2020-12-21T11:36:04Z
3-11549866,https://yle.fi/uutiset/3-11549866,"Oppositio moitti hallitusta teollisuuden tappamisesta ja vääristä työllisyysluvuista, Vanhanen: ""Jotain rajaa""",2020-09-17T12:17:26Z
3-11243279,https://yle.fi/uutiset/3-11243279,"Oppositio hiillosti hallitusta Suomen kannasta Kreikan turvapaikanhakijoihin – ""Kulmunin ja Ohisalon kannat ovat ristiriidassa"" ",2020-03-05T13:12:08Z
3-11350950,https://yle.fi/uutiset/3-11350950,"Oppositio kurmotti kyselytunnilla hallitusta kasvavista EU-vastuista, ravintolapäätöksen viipymisestä ja suojamaskisuosituksesta",2020-05-14T12:02:00Z
3-11220654,https://yle.fi/uutiset/3-11220654,Tutkimus: Teiniliiton taistolaisvaihe vieraannutti nuoret politiikasta – vasta Greta Thunbergin ilmastoliike palauttamassa politiikan imun,2020-02-21T14:02:21Z
3-11617690,https://yle.fi/uutiset/3-11617690,"Ylen kysely kansanedustajille: Trumpin kausi ei ollut eduksi Suomelle, sanoo enemmistö vastanneista – ""En usko, että tuollainen tolvana on ollut hyödyksi juuri kenellekään""",2020-11-02T09:37:46Z
3-11181696,https://yle.fi/uutiset/3-11181696,Ylen kysely kansanedustajille: Oikeisto ja vihreät haluavat porrastaa ansiosidonnaisen – Vasemmisto ja puolet perussuomalaisista vastustaa,2020-02-04T03:30:00Z
3-11461969,https://yle.fi/uutiset/3-11461969,"Psykoottinen pistoolimies ministeriössä, puukkomiehiä ja kaasuhyökkäys: Suomessa poliitikkojen kimppuun on hyökätty sodan jälkeen vain muutaman kerran",2020-07-26T05:15:00Z
