id,url,title,date_modified
3-11189968,https://yle.fi/uutiset/3-11189968,"Uudet kansanedustajat työstään: Istuntosali kuin show-painiareena, valtaa käytetään valiokunnissa – ""Hyvä, että siellä ollaan suljettujen ovien takana""",2020-02-09T05:58:00Z
3-11165997,https://yle.fi/uutiset/3-11165997,Luontojärjestöt: metsänhakkuista Padasjoen Taruksella tulisi luopua uhanalaisten lajien takia,2020-01-20T13:24:25Z
3-11391384,https://yle.fi/uutiset/3-11391384,"
Hämeenlinnan valtuusto tyytyi keskustelemaan talousongelmasta – yhteistyötä hehkutetaan, mutta ratkaisujen kanssa tekee vielä tiukkaa",2020-06-08T20:34:39Z
3-11681819,https://yle.fi/uutiset/3-11681819,Kannabislainsäädännön höllentäminen ei saa kannatusta Hämeestä – vain yksi kansanedustaja poistaisi rangaistukset käyttäjiltä,2020-12-07T04:33:53Z
3-11579694,https://yle.fi/uutiset/3-11579694,Valtaosa Hämeen kansanedustajista kannattaa uhkasakkoa koulukiusaamisen kitkemiseksi,2020-10-06T12:40:00Z
3-11551123,https://yle.fi/uutiset/3-11551123,Hämeen kansanedustajat: uutta jätelakia on vaikea arvioida tässä vaiheessa,2020-09-18T07:19:29Z
3-11595008,https://yle.fi/uutiset/3-11595008,Tulevaisuuden liikennehankkeista päätetään ilman päijäthämäläisiä  – perussuomalaisten Ronkainen luovutti paikkansa Keski-Suomeen,2020-10-15T03:50:00Z
3-11236896,https://yle.fi/uutiset/3-11236896,Ylen kysely: hämäläiset kansanedustajat torppaavat Suomiradan linjausvaihtoehtojen selvittämisen,2020-03-02T13:31:04Z
3-11190078,https://yle.fi/uutiset/3-11190078,Puolet Hämeen kansanedustajista ei lämpene Päijät-Hämeen sote-yhteisyritykselle,2020-02-04T07:12:29Z
3-11380305,https://yle.fi/uutiset/3-11380305,Ylen kansanedustajakysely: valtaosa hämäläiskansanedustajista toivoo valtiolta enemmän rahallista tukea kunnille,2020-06-03T11:39:56Z
