id,url,title,date_modified
3-11569418,https://yle.fi/uutiset/3-11569418,"Kansanedustaja Jussi Saramosta odotetusti opetusministerin sijainen, tehtävä jatkuu kesään asti: ""Hallituksella on edessä vaikea kevät""",2020-09-29T15:13:47Z
3-11525935,https://yle.fi/uutiset/3-11525935,"Analyysi: Li Anderssonin ilmoitus äitiyslomasta avasi seuraajaveikkailut vasemmistoliitossa – Saramo, Arhinmäki ja Sarkkinen vahvoilla ministeriksi",2020-09-03T13:12:05Z
3-11535219,https://yle.fi/uutiset/3-11535219,"""Koskaan ei tiedä, kuka työyhteisössä pitää sisällään painavaa salaisuutta"" – Ossian Rajala, 26, kertoi sukupuolestaan työpaikallaan ja hengittää nyt vapaammin",2020-10-04T11:30:00Z
3-11434745,https://yle.fi/uutiset/3-11434745,Raiskauslakiuudistus ottaa uusia askeleita ja etenee lausuntokierrokselle – muistatko vielä mistä uudistuksessa on kyse?,2020-07-07T02:43:00Z
3-11233554,https://yle.fi/uutiset/3-11233554,"Miten meni omasta mielestä? Näin kansanedustajat listasivat onnistumisiaan: hoitajamitoitus, lakialoite, jumppatunti, perhe yhä koossa",2020-03-03T08:30:51Z
3-11228135,https://yle.fi/uutiset/3-11228135,"Ylen kysely: Kansanedustajat tyrmäävät lapsilisien poiston hyvätuloisilta – ""Se olisi vääränlainen viesti"", ""Koko järjestelmän rahoittaminen voisi vaarantua""",2020-03-03T03:37:00Z
3-11393999,https://yle.fi/uutiset/3-11393999,"Oppositio moitti rahan roiskimista hankkeisiin koronan varjolla – Rahaministeri Vanhanen puolusti jättimäistä lisäbudjettia: ""Haluamme välttää 90-luvun laman virheet""",2020-06-10T10:01:26Z
3-11684882,https://yle.fi/uutiset/3-11684882,Ylen kysely: Kokoomuksen ja RKP:n kansanedustajia kaihertaa hallituksen ratkaisu sote-rahoista – keskustalta ja SDP:ltä kiitosta,2020-12-08T03:47:00Z
3-11617690,https://yle.fi/uutiset/3-11617690,"Ylen kysely kansanedustajille: Trumpin kausi ei ollut eduksi Suomelle, sanoo enemmistö vastanneista – ""En usko, että tuollainen tolvana on ollut hyödyksi juuri kenellekään""",2020-11-02T09:37:46Z
3-11627993,https://yle.fi/uutiset/3-11627993,"Eduskunnan keskustelu oppivelvollisuuden laajentamisesta yltyi kiivaaksi: ""Elämästä vieraantunut laki"", ""Kannattaa lukea lakipaketti ja keskustella sitten lisää""",2020-11-03T11:00:22Z
3-11189968,https://yle.fi/uutiset/3-11189968,"Uudet kansanedustajat työstään: Istuntosali kuin show-painiareena, valtaa käytetään valiokunnissa – ""Hyvä, että siellä ollaan suljettujen ovien takana""",2020-02-09T05:58:00Z
3-11151591,https://yle.fi/uutiset/3-11151591,Temppu ja miten se tehdään – muut puolueet seuraavat  huolissaan perussuomalaisten voittoisaa rymistelyä sosiaalisessa mediassa ,2020-01-12T07:30:28Z
