id,url,title,date_modified
3-11504850,https://yle.fi/uutiset/3-11504850,"Satakuntalaiset kansanedustajat vaativat merimetsokannan harventamiseen järeämpiä toimia: ""Saatava nopeasti valtakunnallinen ratkaisu""",2020-08-21T04:33:22Z
3-11246594,https://yle.fi/uutiset/3-11246594,"Asevelvollisuus voi kokea ison mullistuksen: Puolueissa on valmiutta kutsuntoihin kaikille ja kansalaispalveluun, armeijaa arvostellaan valikoinnista",2020-03-07T15:47:59Z
3-11432241,https://yle.fi/uutiset/3-11432241,Pienpanimoiden etämyynti koronatukitoimena hylättiin lopullisesti,2020-07-03T11:38:10Z
3-11231144,https://yle.fi/uutiset/3-11231144,"Yle seurasi: Pääministeri Marin antoi ilmoituksen koronaviruksen hoitamisesta – ""On luonnollista, että kansalaisten huoli kasvaa""",2020-02-27T13:26:24Z
3-11447420,https://yle.fi/uutiset/3-11447420,"""Tervetullut kuva suomalaiseen olutkulttuuriin"" – Pienpanimoiden puolesta puhunut kansanedustaja Jari Myllykoski uskoo lakialoitteen etenevän syksyllä",2020-07-20T06:34:54Z
3-11556117,https://yle.fi/uutiset/3-11556117,"Kansanedustaja Jari Myllykoski: ""Valkoposkihanhen maahan hautaaminen tai polttaminen on tuhlausta""",2020-09-21T12:50:56Z
3-11350632,https://yle.fi/uutiset/3-11350632,Myllykoski haluaa lisää poikkeuslupia valkoposkihanhien ja merimetsojen ampumiseen,2020-05-14T05:03:07Z
3-11289281,https://yle.fi/uutiset/3-11289281,Kansanedustaja Myllykoski kaipaa apua pienpanimoille,2020-04-02T13:46:31Z
3-11691178,https://yle.fi/uutiset/3-11691178,"Rannikon kansanedustajat haluavat korvausta merimetsovahingoista: ""Kalastajat oman onnensa nojassa""",2020-12-10T12:58:15Z
3-11692780,https://yle.fi/uutiset/3-11692780,"Neljä satakuntalaiskohdetta saa yhteensä miljoonapotin, kun valtio jakaa lisämäärarahoja",2020-12-11T10:45:13Z
3-11367870,https://yle.fi/uutiset/3-11367870,Kokoomus esitti tukea maakuntalennoille mutta jätti Porin huomioimatta – kansanedustaja Matias Marttinen selittää ratkaisua,2020-05-25T17:54:49Z
3-11381407,https://yle.fi/uutiset/3-11381407,Lisäbudjetti tuomassa ilonaiheen Lounais-Suomeen: Eurajoen risteys kasitiellä viimein remonttiin,2020-06-02T19:18:16Z
3-11364241,https://yle.fi/uutiset/3-11364241,"Satakunnan kansanedustajat vaativat valtiota huomioimaan Porin lentoyhteyden: ""Ilman lentoja Satakunta on pussinperä""",2020-05-22T11:52:19Z
3-11626758,https://yle.fi/uutiset/3-11626758,Tässä on Kymenlaakson suurituloisimpien tilastokärki 2019 – muhkeimmat tilit tehtiin yrityskaupoilla,2020-11-03T06:58:34Z
3-11598334,https://yle.fi/uutiset/3-11598334,Yle selvitti: Alle puolet Porin valtuutetuista varmasti ehdolla huhtikuun kuntavaaleissa – eniten epävarmuutta vihreissä ja kokoomuksessa,2020-10-19T03:19:56Z
3-11276360,https://yle.fi/uutiset/3-11276360,Myllykosken vanhaan paperitehtaaseen etsitään yhä isoa vuokralaista – alueen remontti on saatu valmiiksi,2020-03-26T09:52:59Z
3-11355290,https://yle.fi/uutiset/3-11355290,"Lue tästä koronaviruspäivitykset 12.5.–15.6.
",2020-05-16T03:49:35Z
3-11275130,https://yle.fi/uutiset/3-11275130,Lue tästä koronapäivitykset 24.3.–5.4.,2020-03-25T18:35:43Z
