id,url,title,date_modified
3-11587950,https://yle.fi/uutiset/3-11587950,"Miehiä syrjitään, pilkataan ja mätkitään käsilaukuilla päähän – ""Sä olet mies, ja sun pitää vaan kestää ja olla hiljaa""",2020-10-09T15:00:00Z
3-11559439,https://yle.fi/uutiset/3-11559439,Oikeusministeri Anna-Maja Henriksson: Paikallisen sopimisen laajennus työpaikoille edes määräaikaisena – RKP ei hyväksy soten rahoitusmallia,2020-09-26T04:15:00Z
3-11660874,https://yle.fi/uutiset/3-11660874,EK jättää palkkojen avoimuutta pohtineen kolmikantaisen työryhmän,2020-11-23T05:13:18Z
3-11683750,https://yle.fi/uutiset/3-11683750,Valtaosa ministereistä asettumassa ehdolle kuntavaaleissa – kansanedustajistakin vahva enemmistö,2020-12-06T08:33:00Z
3-11592183,https://yle.fi/uutiset/3-11592183,"Sote-maakuntien nimi muuttuu hyvinvointialueiksi, rahoitukseen muutoksia – Yle seurasi sote-tiedotustilaisuutta hetki hetkeltä",2020-10-13T08:39:14Z
3-11522179,https://yle.fi/uutiset/3-11522179,"Kruunupyy on saamassa sote-palvelunsa jatkossakin Keski-Pohjanmaalta – Tasa-arvoministeri: ""Kuntalaisille tarjottava palveluita myös yli maakuntarajojen""",2020-09-01T13:52:24Z
3-11580881,https://yle.fi/uutiset/3-11580881,Marja Sannikka: Miestä saa mollata,2020-10-06T10:12:56Z
3-11382171,https://yle.fi/uutiset/3-11382171,Hallituksen työryhmän raportti: Koronakriisi paljastaa yhteiskunnan heikot kohdat – kriisi iskee erityisesti nuoriin ja heikompiosaisiin,2020-06-03T08:28:21Z
3-11204573,https://yle.fi/uutiset/3-11204573,"Uusi raideyhteys Helsingistä itään jakaa hallitusta – ministereistä osa vetäisi raiteet Kotkan, osa Kouvolan kautta",2020-02-12T09:51:31Z
3-11211706,https://yle.fi/uutiset/3-11211706,Palkkatasa-arvoon tähdännyt ohjelma kariutui – palkansaajat ja työnantajat erimielisiä oikeista keinoista,2020-02-17T05:00:00Z
3-11628463,https://yle.fi/uutiset/3-11628463,"Vastuut vaimon kanssa tasaava italialainen, viiden lapsen sijaisvanhempi, ahkera vapaaehtoinen – tällaisia ovat Vuoden isät 2020",2020-11-03T12:30:12Z
3-11216477,https://yle.fi/uutiset/3-11216477,Väylävirasto Itä-Suomen ratahankkeista: Parasta olisi korjata nykyisiä ratoja,2020-05-28T10:23:38Z
3-11349129,https://yle.fi/uutiset/3-11349129,"Yritystuista päästiin sopuun, ravintoloiden aukiolosta ei – hallitus kertoo päätöksistään aamulla klo 9",2020-05-13T11:10:14Z
3-11217109,https://yle.fi/uutiset/3-11217109,"Itäisen rantaradan kannattajat lataavat uusia panoksia taistelussa uuden radan linjauksesta: ""Julkistamme lähiaikoina uuden tutkimuksen""",2020-02-20T05:13:00Z
3-11626861,https://yle.fi/uutiset/3-11626861,Yle selvitti poliitikkojen usean vuoden tulot: pienipalkkaiset naiset nousivat vallan huipulle – pääministeri Marin kuusinkertaisti ansionsa,2020-11-03T15:48:42Z
3-11532809,https://yle.fi/uutiset/3-11532809,Kruunupyyssä löytyi yksimielisyys sote-palvelujen suunnasta,2020-09-08T04:55:16Z
