id,url,title,date_modified
3-11476676,https://yle.fi/uutiset/3-11476676,Ylen tietojen mukaan keskustan puheenjohtajakisaan kolmaskin ehdokas – varapuheenjohtaja Petri Honkonen asettuu ehdolle,2020-08-02T17:32:29Z
3-11515080,https://yle.fi/uutiset/3-11515080,Ylen kysely: Lähes puolet keskustavaikuttajista antaa tukensa Annika Saarikolle puheenjohtajakisassa,2020-08-28T08:26:50Z
3-11479360,https://yle.fi/uutiset/3-11479360,"Keskustan kolme johtajaehdokasta Nokialla – esitimme kaikille 5 samaa kysymystä, Saarikko: Keskustan hallitustyön alkuvaikeudet jatkuneet pitkään",2020-08-04T16:41:14Z
3-11515789,https://yle.fi/uutiset/3-11515789,"Kesän tapahtumien jälkipyykki kiristi tunnelmaa keskustan puheenjohtajaehdokkaiden tentissä – Katri Kulmuni: ""Annika, olisit voinut kilauttaa minulle""",2020-08-31T05:32:00Z
3-11527130,https://yle.fi/uutiset/3-11527130,"Paikastaan taisteleva Kulmuni piikitteli Marinia kuuden tunnin työpäiväpuheista – ""Suurin huoli ei ole lyhyempi päivä, vaan miten suomalaisille saadaan työpaikka""",2020-09-04T12:00:16Z
3-11528664,https://yle.fi/uutiset/3-11528664,"Annika Saarikko keskustan johtoon selvin lukemin – ""Saatte minusta sitoutuneen puheenjohtajan ja naisen, jolla on jalat arjen kuralätäköissä""",2020-09-05T04:45:00Z
3-11477046,https://yle.fi/uutiset/3-11477046,"Varapuheenjohtaja Honkonen ilmoittautui keskustan puheenjohtajakisaan mukaan – ""Olen kyllästynyt siihen, ettei keskusta mene eteenpäin""",2020-08-03T07:37:59Z
3-11474945,https://yle.fi/uutiset/3-11474945,"Keskustan kansanedustajat puheenjohtajakamppailusta: ""Tästä tulee tiukkaa"", ""Katri kantoi vastuun virheistä, jotka eivät ole hänen"" ",2020-07-31T13:21:22Z
3-11478648,https://yle.fi/uutiset/3-11478648,"Antti Kurvinen ei asetu puheenjohtajakisaan ehdolle – ""Tässä tilanteessa keskusta tarvitsee vakautta""",2020-08-04T09:51:55Z
3-11450795,https://yle.fi/uutiset/3-11450795,Maatalouden kuormitus Itämereen uhkaa nousta historian pahimmaksi tänä vuonna – satojen miljoonien tukirahat uusjakoon?,2020-08-02T12:00:00Z
3-11471497,https://yle.fi/uutiset/3-11471497,"Annika Saarikko haastaa Katri Kulmunin ja pyrkii keskustan puheenjohtajaksi: ”En halua olla ihminen, joka jää nurkkapöytään jupisemaan”",2020-07-30T06:57:45Z
3-11390065,https://yle.fi/uutiset/3-11390065,"Keskustan varapuheenjohtaja Petri Honkonen ei halaja puolueensa puheenjohtajaksi: ""Uskon, että hämmennys kentällä nyt rauhoittuu,  Matti Vanhasta vahvempaa ehdokasta valtiovarainministeriksi ei voi löytyä"" ",2020-06-08T10:08:10Z
3-11686472,https://yle.fi/uutiset/3-11686472,Keski-Suomen kansanedustajat toivovat valtiolta lisätukea talousvaikeuksiin ajautuneille urheiluseuroille,2020-12-08T12:53:51Z
3-11478081,https://yle.fi/uutiset/3-11478081,Alavudelta yllätysnimi keskustan puheenjohtajakisaan,2020-08-04T02:23:43Z
3-11519122,https://yle.fi/uutiset/3-11519122,Keski-Suomen koronatestaus saa vaalipiirin kansanedustajilta risuja mutta myös ymmärrystä,2020-09-03T12:04:30Z
3-11297180,https://yle.fi/uutiset/3-11297180,Kansanedustajat eivät usko kuntaliitosten pelastavan ahdinkoon joutuvia kuntia – valtio saa auttaa koronakriisissä,2020-04-08T07:15:41Z
3-11227718,https://yle.fi/uutiset/3-11227718,Laajakaista kaikille muuttui murheeksi muutamille – Keski-Suomen kansanedustajien enemmistö haluaa lisää valtion rahaa kuntien verkkoihin,2020-03-03T04:15:00Z
3-11182565,https://yle.fi/uutiset/3-11182565,Tuulivoiman maihinnousu tuo paineita kaavoitukseen - Keski-Suomen kansanedustajien enemmistö lisäisi tuulivoima-alueita maakunnassa,2020-01-30T17:35:00Z
3-11330066,https://yle.fi/uutiset/3-11330066,Keskisuomalaiset kansanedustajat eivät innostu siirtämään kesämökkiläisten terveydenhuoltoa kuntien vastuulle,2020-05-04T15:00:00Z
