id,url,title,date_modified
3-11300484,https://yle.fi/uutiset/3-11300484,"Työriidan etäsovittelua makuuhuoneesta, kapellimestari pääsi hakkaamaan halkoja – näin eri alojen ammattilaiset selviävät eristyksissä",2020-04-11T09:00:00Z
3-11666706,https://yle.fi/uutiset/3-11666706,Eduskunnan perustuslakivaliokunta: vangeilta ei saa kieltää tupakointia ulkona,2020-11-27T09:50:00Z
3-11570702,https://yle.fi/uutiset/3-11570702,Lakivaliokunta hyväksyi kansalaisaloitteen: tyttöjen sukuelinten silpominen tehtävä laissa rangaistavaksi nykyistä selkeämmin ,2020-09-30T08:37:50Z
3-11584848,https://yle.fi/uutiset/3-11584848,"Oppositio roimi hallitusta hämärästä koronaviestinnästä – Marin myönsi, että maskisuositus jäi keväällä antamatta, koska maskeja ei ollut saatavilla",2020-10-08T11:56:00Z
3-11608155,https://yle.fi/uutiset/3-11608155,"Perussuomalaiset vaati hallitusta tuomitsemaan terroriteon Ranskassa, kokoomus kysyi sähkön siirtohinnoista – Yle seurasi eduskunnan kyselytuntia",2020-10-22T12:09:54Z
3-11617690,https://yle.fi/uutiset/3-11617690,"Ylen kysely kansanedustajille: Trumpin kausi ei ollut eduksi Suomelle, sanoo enemmistö vastanneista – ""En usko, että tuollainen tolvana on ollut hyödyksi juuri kenellekään""",2020-11-02T09:37:46Z
3-11212596,https://yle.fi/uutiset/3-11212596,"Uusimmat tiedot koronaviruksesta: Oulun teatteri lomauttaa koko henkilöstönsä, WHO:n raportti: ei vielä selkoa viruksen alkuperästä",2020-02-17T15:00:07Z
3-11658438,https://yle.fi/uutiset/3-11658438,"Kuka vain voi myydä ruokavalioita netissä, ja ne voivat laukaista jopa syömishäiriökäyttäytymistä tai saada kropan sekaisin – Tsekkaa nämä, ennen kuin ostat",2020-12-26T06:00:00Z
3-11711561,https://yle.fi/uutiset/3-11711561,"Susi, hylje, valkohäntäkauris – kärjistyneet luontokeskustelut ovat ajan ilmiö, eikä yhteisymmärryksen löytymisestä ole takeita",2020-12-31T10:12:45Z
3-11185712,https://yle.fi/uutiset/3-11185712,"Nainen merimiehenä on yhä poikkeus pingviinien keskellä – Mareena Viljanen: ""Naiset pärjäävät aivan hyvin nykypäivän merenkulussa""",2020-02-02T12:09:00Z
3-11287305,https://yle.fi/uutiset/3-11287305,Risteily venähti aiottua pidemmäksi eikä kotiinpaluukaan mennyt niin kuin piti – Juhani Järvenpää ja Leena Tuutti joutuivat ensin eristyksiin koronamajoitukseen,2020-04-02T09:04:38Z
3-11472678,https://yle.fi/uutiset/3-11472678,Pohjanmaalla kaadettu merikotkan pesäpuu herätti valtakunnalliseen ongelmaan: pesintätiedot eivät ole välittyneet luonnonsuojelijoilta metsätoimijoille vuosiin,2020-08-04T16:17:00Z
3-11649295,https://yle.fi/uutiset/3-11649295,"Liikenneturva haluaisi nuoret mukaan koulujen liikennekasvatuksen suunnitteluun – ""Valtaosa nuorista toimii turvallisesti liikenteessä""",2020-11-16T10:48:17Z
3-11677150,https://yle.fi/uutiset/3-11677150,Leena Vilkan kolumni: Toivon ja lohdun monet kanavat kaikille särkyneille,2020-12-25T05:30:00Z
3-11651105,https://yle.fi/uutiset/3-11651105,"Leena Partanen, 34, innostui sijoittamisesta jo pienenä, näkee nyt rahansa muutosvoimana – nuorten naisten sijoitustrendi näkyy finanssitaloissa",2020-11-21T09:22:00Z
3-11612588,https://yle.fi/uutiset/3-11612588,"Kyberturvallisuuden työelämäprofessori Jarno Limnéll Ylen erikoislähetyksessä: ""Ministerien kokoontuminen antaa viestin siitä, kuinka merkittävästä asiasta on kysymys""",2020-10-25T13:43:41Z
3-11700593,https://yle.fi/uutiset/3-11700593,Suomalaiselle saunalle arvokas kansainvälinen hatunnosto – saunaperinne lisättiin Unescon aineettoman kulttuuriperinnön luetteloon,2020-12-17T13:20:36Z
3-11240758,https://yle.fi/uutiset/3-11240758,Henkilöstöpula kiusaa kuntien kotihoitoa – säännöllistä kotihoitoa tarvitsevien joukko kasvaa ,2020-03-04T14:35:56Z
3-11659910,https://yle.fi/uutiset/3-11659910,"Lappiin tänään ensimmäiset kotimaan pakettimatkalaiset kymmeniin vuosiin – ”Luonto, ulkoilu ja sauna kiehtovat”",2020-11-21T14:17:37Z
3-11516041,https://yle.fi/uutiset/3-11516041,Yle seurasi: Näin toimii maarajojen ensimmäinen koronatestauspiste – Ruotsista Suomeen saapuvilta voidaan ottaa koronatesti heti rajalla,2020-08-31T06:45:00Z
3-11226169,https://yle.fi/uutiset/3-11226169,"Kotisiivouksia ostavat nyt jopa opiskelijat – siivousalan arvostus on noussut, mutta joskus asiakkaan negatiivinen asenne näkyy",2020-03-01T16:45:00Z
3-11695749,https://yle.fi/uutiset/3-11695749,"Entinen himosiivooja huomasi, että helpommallakin pääsee – nyt joku muu puunaa kodin jouluksi: ""Ihanaa tulla kotiin ja olla vaan""",2020-12-14T13:23:00Z
3-11375262,https://yle.fi/uutiset/3-11375262,Leena Vilkan kolumni: Jumala näyttäytyy luonnossa,2020-06-11T03:45:00Z
3-11501431,https://yle.fi/uutiset/3-11501431,"Hormonikammo ihmetyttää vaihdevuosiin erikoistunutta lääkäriä – ""Seksielämäkään ei lopu vaihdevuosiin""",2020-08-20T06:22:55Z
3-11323630,https://yle.fi/uutiset/3-11323630,Joka viides suomalainen kärsii monimuotoisesta valoihottumasta – Kevätaurinko kiusaa enemmän naisia kuin miehiä,2020-04-26T01:38:19Z
3-11633865,https://yle.fi/uutiset/3-11633865,"Terrorismitutkija Ranskan ja Itävallan iskuista: ""Yksittäisten ihmisten tekemien iskujen uhka ei ole väistynyt missään vaiheessa""",2020-11-06T08:46:38Z
3-11241262,https://yle.fi/uutiset/3-11241262,Leena Vilkan kolumni: Eläimen tärkein oikeus on oikeus elämään,2020-03-16T04:45:00Z
3-11243683,https://yle.fi/uutiset/3-11243683,"Uusi lapuanliike-ooppera on jo harjoitusvaiheessa – libretisti puolustaa tunteita herättävää aihevalintaa: ""Tämä ei ole vain historiallinen aihe""",2020-03-08T05:30:00Z
3-11566405,https://yle.fi/uutiset/3-11566405,"Analyysi: Suomessa koulusurmaajaa ei syytetä terrorismista, vaikka hän käytännössä tunnustaa – tutkijan mukaan kotimaisia iskuja vähätellään",2020-09-29T21:01:00Z
3-11352992,https://yle.fi/uutiset/3-11352992,"”Olemme varautuneet siihen, että emme näe vuoteen” – Etäsuhteesta voi saada irti yhtä paljon kuin lähisuhteestakin, lupaa asiantuntija",2020-05-15T04:45:00Z
3-11516921,https://yle.fi/uutiset/3-11516921,"Viisi yliopistoa otti käyttöön Sisun, jonka piti helpottaa tiedonsiirtoa, mutta toisin kävi – ylioppilaskunta: “järjestelmävaihdos aiheutti opiskelijoille huomattavaa stressiä”",2020-08-31T16:15:00Z
3-11665101,https://yle.fi/uutiset/3-11665101,"Kirjallisuuden Finlandiat Anni Kytömäelle, tanssikiellosta kertovalle kirjalle ja radion historiasta nimensä saaneelle lastenkirjalle – katso video palkintojuhlasta",2020-11-25T15:01:34Z
3-11436927,https://yle.fi/uutiset/3-11436927,Yleistyvät metsäpalot vaativat uusia sammutuskeinoja –  suomalaisten keksinnöt voisivat auttaa myös maailmalla,2020-07-09T09:02:00Z
3-11256898,https://yle.fi/uutiset/3-11256898,Koronan pelko toi kauppoihin petollisen ilmiön – näin käytät kertakäyttöhanskoja oikein,2020-03-14T06:06:00Z
3-11637714,https://yle.fi/uutiset/3-11637714,"Tornio-Haaparannan koronatilanne pahenee – perusturvajohtaja: Ei voi syyttää kumpaakaan maata, onko se Suomen vai Ruotsin vika",2020-11-09T15:29:09Z
3-11230547,https://yle.fi/uutiset/3-11230547,"Huumeita käytetään kirjastoissa, tyypillisin todiste vessasta löytynyt käytetty huumeruisku – ilmiö näkyy koko maassa, osa kasvavaa ongelmaa",2020-02-28T12:04:44Z
3-11610001,https://yle.fi/uutiset/3-11610001,Vanhojen ihmisten hoidon uudet laatusuositukset kumisevat tyhjyyttä – Professorit tylyttävät: suositukset ja arki elävät eri todellisuudessa,2020-11-14T05:00:00Z
3-11208984,https://yle.fi/uutiset/3-11208984,Ulkomaista riistalihaa myyty kotimaisena ympäri Suomea – eteläpohjalaisen yrityksen omistaja on vangittu,2020-02-14T08:53:12Z
3-11437445,https://yle.fi/uutiset/3-11437445,Polttavaa vesihöyryä ja kiipeileviä vuohia – Suomi ja Ruotsi etsivät yhdessä parasta keinoa jättipalsamin ja kurtturuusun nujertamiseen,2020-07-11T09:30:00Z
3-11676534,https://yle.fi/uutiset/3-11676534,Suomen Leijonan suurristin saavat Ilkka Niiniluoto ja Tuomas Pöysti – katso kaikki yli 3600 kunniamerkkien saajaa,2020-12-02T07:53:21Z
3-11615058,https://yle.fi/uutiset/3-11615058,Harvinaisen huonoa onnea? Vaasa kertoi pyrkivänsä maailman onnellisimmaksi kaupungiksi vain päivää ennen kuin korona räjähti – onnellisuustutkija Ojanen: “Harmittaa”,2020-10-28T17:19:00Z
3-11161757,https://yle.fi/uutiset/3-11161757,Tervetuloa lennolle! Uhkarohkeiden veljesten puuhastelusta syntyi kotimainen lentoyhtiö ja kapteeni Esko Kaukiainen näki suomalaisten ryntäyksen maailmalle,2020-01-18T08:29:00Z
3-11439087,https://yle.fi/uutiset/3-11439087,"Ministeriö selvittää suomi toisena kielenä -opetusta, ongelmat  heijastuvat urapolkuihin: ”En odottanut, että järjestelmä syrjii hakijoita” ",2020-07-10T16:30:00Z
3-11241457,https://yle.fi/uutiset/3-11241457,"10 vuotta sitten kaupunki poisti toimistoista roskapussit, ja kaikki meni pieleen – nyt yritetään taas: ""Toivomme, ettei laiteta purkkaa""",2020-03-04T19:03:00Z
3-11243304,https://yle.fi/uutiset/3-11243304,Uusi taide- ja kulttuurikeskus Kalevan navetta avaa Seinäjoella – 130-vuotiaassa rakennuksessa soivat niin Sibelius-Akatemian flyygeli kuin opiston oikohöyläkin,2020-03-06T16:30:00Z
3-11242482,https://yle.fi/uutiset/3-11242482,"Asentajan hommille tuli loppu, nyt Rami Hantula auttaa kylänsä vanhuksia asumaan kotonaan – edes korona ei pysäyttänyt työttömille suunnan antavaa hanketta",2020-05-08T06:02:00Z
3-11197693,https://yle.fi/uutiset/3-11197693,Tutkimus: ADHD:n lääkehoito lisääntyy suomalaislapsilla – viidellä prosentilla lapsista on oireilua,2020-02-07T12:14:00Z
3-11276928,https://yle.fi/uutiset/3-11276928,“On etuoikeus päästä tekemään tälle tilanteelle jotain” – Näin Suomen hoitajat ja lääkärit valmistautuvat taisteluun koronavirusta vastaan,2020-03-26T13:20:15Z
3-11055054,https://yle.fi/uutiset/3-11055054,"Leena Vilkan kolumni: Mitä lapseni opetti minulle kuuden vuoden, kuukauden ja neljän päivän aikana",2020-01-13T04:45:00Z
3-11273713,https://yle.fi/uutiset/3-11273713,"Sota-ajan tanssikieltoa valvottiin ankarasti, silti Suomi tanssi – kaksi kuoli, kaksi tuomittiin vankilaan, kymmeniä tuhansia sakotettiin",2020-03-29T13:47:05Z
3-11524908,https://yle.fi/uutiset/3-11524908,"Katso videolta, miten paljon vasikat nauttivat kiehnätä navetan uutta selkäharjaa vasten – tuotantoeläinten hyvinvointi on kasvava ala",2020-09-04T05:01:00Z
3-11335598,https://yle.fi/uutiset/3-11335598,"Puhtain kaupunki-ilma syntyy vaihtelevilla katupuilla, parhaiten tuulettuisivat puuttomat bulevardit",2020-05-05T09:59:32Z
3-11546496,https://yle.fi/uutiset/3-11546496,"Saattohoitokodit kamppailevat olemassaolostaan – kysyimme asiantuntijoilta, miten kuolevien kunnioittava hoito parhaiten taataan",2020-09-20T05:15:00Z
3-11193768,https://yle.fi/uutiset/3-11193768,Numeroiden antamista aikaistetaan peruskouluissa – arviointia myös yhtenäistetään oppilaiden yhdenvertaisuuden turvaamiseksi,2020-02-11T00:00:00Z
3-11120494,https://yle.fi/uutiset/3-11120494,Näin nuorten heikot luku- ja laskutaidot heijastuvat ammattiopistoihin – moni ei pärjää enää ilman erityisopetusta,2020-01-08T03:55:00Z
3-11661989,https://yle.fi/uutiset/3-11661989,Niemistöjen laajan taidekokoelman talletussopimus jatkuu Hämeenlinnassa vuoteen 2030 saakka – kokoelman teoksia kysytään usein lainaan myös ulkomaille,2020-11-24T04:58:17Z
3-11699585,https://yle.fi/uutiset/3-11699585,"Kun Eila Leppänen sairastui koronaan, pikkukunnan somessa alkoi vihjailu – taudin pelossa kylällä väisteltiin lopulta jopa pariskunnan koiraa",2020-12-17T07:30:00Z
3-11699908,https://yle.fi/uutiset/3-11699908,Lihankorvikkeiden raaka-ainetta rahdataan ulkomailta – Suomeen kaavaillaan uutta kasviproteiinitehdasta,2020-12-23T04:04:00Z
3-11568366,https://yle.fi/uutiset/3-11568366,"Voiko maailma olla mielekäs, jos siinä on pahaa? Väittelijä: ""Pahoja asioita voi tapahtua sattumalta tai täysin vääränlaisista syistä""",2020-10-03T17:43:09Z
3-11715957,https://yle.fi/uutiset/3-11715957,"Massarokotusten suunnittelu Helsingissä jo pitkällä – rokotteen saanut sosiaalityöntekijä Ritva Larsson: ”Tämä oli ihana tunne, helpottunut olo""",2020-12-28T13:20:00Z
3-11425125,https://yle.fi/uutiset/3-11425125,"Sata vuotta sitten varakas rouva kuoli salaperäisesti – siitä alkoi ura, joka teki Agatha Christiestä maailman suosituimman kirjailijan",2020-07-05T04:55:00Z
3-11618071,https://yle.fi/uutiset/3-11618071,"Mikä on yhdelle katastrofi, voi olla toiselle mahdollisuus: korona lisännyt VTT:n tutkimusmääriä – ja osa vanhoista keksinnöistä saa nyt nostetta, kuten moduulihuoneet",2020-11-09T06:05:00Z
3-11667529,https://yle.fi/uutiset/3-11667529,"Eurooppa-kirje: Kreikka odottaa EU:n tukea Turkin kalistellessa sapeleitaan, jalkapalloilijan kuolema somessa – ja brexit-jännitys tihenee",2020-11-27T06:00:00Z
3-11539416,https://yle.fi/uutiset/3-11539416,Kontiolahden kunta loi valeprofiileja Tinderiin ja Facebookiin myydäkseen tontteja – lupia kyselemättä tehty kampanja loppui lyhyeen,2020-09-11T16:05:00Z
3-11401776,https://yle.fi/uutiset/3-11401776,Liito-oravaperheelle kävi köpelösti: kärppä tuhosi koko pesueen emoa myöten – katso Kuopion museon dramaattiset videot,2020-06-16T07:37:53Z
3-11337580,https://yle.fi/uutiset/3-11337580,"Osa vanhemmista on ymmärtänyt kotikoulun väärin – lapsi voi jäädä ilman kouluruokaa, kirjoja ja todistusta",2020-05-07T03:15:00Z
3-11388240,https://yle.fi/uutiset/3-11388240,Yksityisautoilun merkitys kotimaan henkilöliikenteessä on koronan myötä saattanut entisestään kasvaa,2020-06-07T05:11:27Z
3-11297668,https://yle.fi/uutiset/3-11297668,"Koronavirus pompautti Alkon litramyynnin huimaan nousuun – 
takana 12 miinusvuotta",2020-04-15T06:03:40Z
3-11508680,https://yle.fi/uutiset/3-11508680,"Sekoilu uusista kokoontumisrajoituksista ehti perua kymmeniä tapahtumia: ""Nyt sitten keskustellaan perumisten perumisista""",2020-08-24T15:02:26Z
3-11653617,https://yle.fi/uutiset/3-11653617,"Valtiovarainministeriön kansliapäälliköksi tarjolla uusia, vahvoja nimiä – Roope Uusitalo ja Elina Pylkkänen hakijoiden joukossa",2020-11-18T09:43:23Z
3-11690663,https://yle.fi/uutiset/3-11690663,"Runeberg-ehdokkaat julki – vuoden kirjasadossa runsaasti autofiktiota, ilmastoahdistusta ja taiteilijoiden kertomuksia taiteilijoista",2020-12-10T11:01:11Z
3-11342432,https://yle.fi/uutiset/3-11342432,Kuusivuotias vietiin mustelmien takia lääkäriin ja häneltä löytyikin syöpä – sen jälkeen koronarajoitukset eivät tunnu perheessä enää missään,2020-05-09T16:03:00Z
3-11620097,https://yle.fi/uutiset/3-11620097,Harjoitukset visiirin takaa tai pillit kokonaan pussissa – Tamperelaiset kuorot ja puhallinorkesterit etsivät keinoja säilyttää sointi yli pandemian,2020-11-07T06:31:00Z
3-11535661,https://yle.fi/uutiset/3-11535661,WWF:n uusi raportti: Selkärankaisten eläinten populaatiot kutistuneet erittäin hälyttävästi – Latinalaisessa Amerikassa lajien yksilömäärät ovat pienentyneet 94 prosenttia,2020-09-09T23:01:00Z
3-11376411,https://yle.fi/uutiset/3-11376411,"Kasaritaide oli isoa, hintavaa ja rajoja rikkovaa – jopa pankista sai lainaa taidehankintoihin",2020-06-02T10:04:00Z
3-11382891,https://yle.fi/uutiset/3-11382891,"Ministeriöt eivät kilpailuttaneet Kulmunin koulutuksia, vaikka olisi pitänyt – valtiovarainministeriö keskeyttää nyt ostot ministerin kouluttajalta",2020-06-03T13:17:06Z
3-11318993,https://yle.fi/uutiset/3-11318993,"Päivi Nergin nimitys kansliapäälliköksi jäi jälleen tekemättä  – Päätös pöydälle SDP:n Ville Skinnarin pyynnöstä, Nerg ihmettelee",2020-04-23T10:39:47Z
3-11226211,https://yle.fi/uutiset/3-11226211,Tutkimus: Kesällä syntyneet lapset heräilevät talvivauvoja vähemmän,2020-02-25T10:59:59Z
3-11499377,https://yle.fi/uutiset/3-11499377,"Ennen sovittiin etätöistä, nyt sovitaan milloin pitää olla läsnä – etätyö tuli jäädäkseen ja kyselyn mukaan se on monelle hyvä uutinen",2020-08-18T16:15:00Z
3-11525131,https://yle.fi/uutiset/3-11525131,"Koira oppii uuden hajun minuuteissa – tarkka nenä haistaa koronan, matalan verensokerin tai vaikka hyvän sienipaikan",2020-09-03T16:20:00Z
3-11166422,https://yle.fi/uutiset/3-11166422,"Kuopiossa herättiin nastakenkien tekemiin vaurioihin lattioissa – “Tärkeintä kuitenkin on, että ihminen pysyy pystyssä”",2020-01-20T17:30:00Z
3-11293151,https://yle.fi/uutiset/3-11293151,"Luonnonsuojelija Pentti Linkola on kuollut – Elämäkerturi: ""Hänellä oli ymmärrystä ja herkkyyttä kuunnella toista ihmistä""",2020-04-05T09:35:09Z
3-11520927,https://yle.fi/uutiset/3-11520927,"Kaupunki antoi miljoonia, helsinkiläiset halusivat futiskentän ja kauramaitoa – osallistuva budjetointi toi kuntiin myös saunavihtoja ja roskiksia",2020-09-03T03:50:00Z
3-11470237,https://yle.fi/uutiset/3-11470237,Ylen Pelasta pörriäinen -kampanja näkyy pihoilla ja kaupungeissa: nurmikot on jätetty leikkaamatta ja niittyjä perustetaan urakalla,2020-07-30T07:35:00Z
3-11309814,https://yle.fi/uutiset/3-11309814,"Kellojen siirtely voi heikentää vauvojen unen laatua – Tutkija: “Onhan se ihan älytöntä, että kellojen siirtelyä jatketaan”",2020-04-18T05:30:00Z
3-11415487,https://yle.fi/uutiset/3-11415487,Asenteet malminetsintää kohtaan muuttuvat yhä kielteisemmiksi – myös kunnat ovat alkaneet vastustaa,2020-06-26T15:17:01Z
3-11261838,https://yle.fi/uutiset/3-11261838,"Vaihda kuulumisia puhelimessa, pidä kiinni arjen rutiineista – Näin Vanhustyön keskusliitto neuvoo meitä toimimaan koronaviruksen aikana",2020-03-18T11:29:44Z
3-11561314,https://yle.fi/uutiset/3-11561314,"Vanhan kaivoksen jätealueella on kisattu moottoripyörillä 36 vuotta, mutta kukaan ei tiedä, onko pöllyävä hiekka terveysriski – vastaavia paikkoja on ympäri Suomea",2020-10-03T04:45:00Z
3-11158844,https://yle.fi/uutiset/3-11158844,"Kirjat, läppäri ja koulukyyti ilmaiseksi – pienten kuntien lukiot tarjoavat houkuttimia pysyäkseen hengissä",2020-01-16T18:00:00Z
3-11205842,https://yle.fi/uutiset/3-11205842,Hyvän työllisyyden piti vähentää tuen tarvetta: Kalliit asumiskulut pakottavat pienituloiset pätkätyöläiset turvautumaan yhä toimeentulotukeen ,2020-02-23T05:00:00Z
3-11505998,https://yle.fi/uutiset/3-11505998,"Koronatestaamiseen tarvitaan satoja työntekijöitä lisää – Uudellamaalla pohditaan nyt, missä terveyspalveluissa voidaan mennä säästöliekillä talvella",2020-08-24T09:30:00Z
3-11243279,https://yle.fi/uutiset/3-11243279,"Oppositio hiillosti hallitusta Suomen kannasta Kreikan turvapaikanhakijoihin – ""Kulmunin ja Ohisalon kannat ovat ristiriidassa"" ",2020-03-05T13:12:08Z
3-11142925,https://yle.fi/uutiset/3-11142925,Pohjoismaiden suurimmalle terveysjätille mutka matkaan: Pihlajalinnan ja Mehiläisen kauppa voi pitkittyä,2020-01-03T07:21:56Z
3-11305176,https://yle.fi/uutiset/3-11305176,"Uudenmaan eristyksen purkamista odotetaan molemmin puolin rajaa, muttei varauksetta – Suositun mökkipitäjän toive: ""Ettei lähdettäisi ihan parin päivän takia""",2020-04-14T14:38:21Z
3-11646187,https://yle.fi/uutiset/3-11646187,Tampereen valtuusto päätti talousarviosta 12 tunnin maratonkokouksessa – suuria investointeja ja tukea nuorille ,2020-11-16T06:39:01Z
3-11697509,https://yle.fi/uutiset/3-11697509,"Infektiolääkärin neuvo kauppaan: ""Jos käyttää ostoskärryjä hyökkäysvaununa, saa heti metrin tilaa"" – Pirkanmaalla tiukat rajoitukset jatkuvat",2020-12-15T12:15:00Z
3-11543221,https://yle.fi/uutiset/3-11543221,"Saattohoitokodin puolesta taistellaan: Eija Ahvo, Samuli Edelmann ja yli sata muuta kulttuuripersoonaa vetoavat talousvaikeuksissa olevan Terhokodin puolesta",2020-09-14T13:15:00Z
3-11344562,https://yle.fi/uutiset/3-11344562,Suurin osa ravintolisien käyttäjistä syö niitä turhaan,2020-05-09T23:42:48Z
3-11548856,https://yle.fi/uutiset/3-11548856,“Eutanasia ei ole elämän väheksymistä“ - Eutanasian laillistaminen saa kannatusta sosiaali- ja terveysvaliokunnassa,2020-09-18T15:55:00Z
3-11605081,https://yle.fi/uutiset/3-11605081,"Britanniassa on ilmastolaki, jonka avulla on ajettu muun muassa kivihiiltä alas – tehdäänkö Suomeen samanlainen nyt, kun lakia uudistetaan?",2020-10-22T03:02:00Z
3-11584903,https://yle.fi/uutiset/3-11584903,"Kuuluisa saksalaislääkäri näyttää, miten pöntöllä kannattaa istua, että kakka kulkee kunnolla – suolistomikrobiston salaisuudet kiehtovat tutkijoita ympäri maailmaa",2020-10-09T05:20:12Z
3-11478789,https://yle.fi/uutiset/3-11478789,"Pienessä kunnassa tapahtui ei-toivottu asia, ja nyt kouluvuosi alkaa ristiriitaisissa tunnelmissa – rehtori lomautuksista: ""Toiminta ontuu suurimman osan vuotta""",2020-08-05T06:15:36Z
3-11590531,https://yle.fi/uutiset/3-11590531,"""Osasinpa sanoa ytimekkäästi"": Päivi Räsänen piti Homoiltaa ensin laimeana keskusteluna – sitten kirkosta erosi 40 000 ihmistä",2020-10-12T10:56:28Z
3-11475036,https://yle.fi/uutiset/3-11475036,"Kilometrejä pitkä uusi vesireitti keskellä Suomea on nyt totta – 20 miljoonan euron veneväylä sai asukkaatkin tyytyväisiksi: ""Vuosia seurattiin mätänevää kanavaa""",2020-08-03T06:32:00Z
3-11282063,https://yle.fi/uutiset/3-11282063,"Maailman maat yrittävät saada lajien sukupuutot loppumaan kansainvälisellä sopimuksella – Suomen neuvottelija: ""Jos ei ole lajeja, ei ole elämääkään""",2020-04-01T02:55:00Z
3-11384763,https://yle.fi/uutiset/3-11384763,Perussuomalaisten eduskuntaryhmä erottaa Ano Turtiaisen rasistisen tviitin takia – Potkuista seuraa eduskunnassa harvinainen tilanne,2020-06-04T12:11:33Z
3-11572822,https://yle.fi/uutiset/3-11572822,Kaksi vuotta sitten Kari Hotakainen iski kultasuoneen Kimi Räikkösen elämäkerralla – nyt hän pelastaa tuotoilla käännöskirjallisuutta ahdingosta,2020-10-01T06:33:07Z
3-11285672,https://yle.fi/uutiset/3-11285672,"Sanna Marinista juttu myös Amerikan Voguessa – toimittaja tapasi myös pääministerin puolison, jonka mukaan hääpäivä pitää laittaa kalenteriin",2020-04-01T09:16:52Z
3-11438392,https://yle.fi/uutiset/3-11438392,"Yli 100 vuotta sitten alettiin suunnitella kanavaa, joka yhdistäisi Suomen suurimman järven osat toisiinsa – koronavirus voi nyt saada pyörät pyörimään",2020-07-13T09:24:26Z
3-11488665,https://yle.fi/uutiset/3-11488665,Koronatilanteen pahentuminen kiristää ohjeita – Jyväskylän Ikääntyvien yliopisto saa tarjota syksyllä vain etäopintoja,2020-08-12T03:26:25Z
3-11599114,https://yle.fi/uutiset/3-11599114,"Kiertolaispanimo on oikotie olutyrittäjyyteen – ""Kaverit alkoivat kysellä, miksei tätä saa kaupoista"", kertoo olutharrastaja Pekka Korhonen",2020-10-20T15:45:00Z
3-11347099,https://yle.fi/uutiset/3-11347099,Ysiluokat jakavat tuhansien eurojen luokkaretkipotteja oppilailleen – yli 100 euron palautus tietää ongelmia vähävaraisille perheille,2020-05-13T12:47:00Z
3-11350143,https://yle.fi/uutiset/3-11350143,"Elokuvaohjaaja Juho Kuosmanen yritti päästä elämästä helpolla, ja sitten hän löysi itsensä ohjaamasta elokuvaa Venäjällä",2020-05-17T05:10:00Z
3-11299446,https://yle.fi/uutiset/3-11299446,Jyväskylässä haaveillaan suurta yhteiskorttelia kulttuurille – Jussi Järvenpää: ”Sinfonia työskentelee Suomen surkeimmassa akustiikassa”,2020-04-17T16:00:00Z
3-11685310,https://yle.fi/uutiset/3-11685310,"Suuria summia ja taistelua elämästä – teollisuus ja valtiot vääntävät kättä harvinaislääkkeiden katteista, mutta miten käy potilaan?",2020-12-13T05:04:00Z
3-11210244,https://yle.fi/uutiset/3-11210244,"Janne Naakka meikkaa tuhansien edessä, mutta itsevarmin hän on iho paljaana – miesten kosmetiikka on nopeasti kasvava miljardibisnes",2020-02-21T17:00:00Z
3-11148133,https://yle.fi/uutiset/3-11148133,Lapsella ei ollutkaan ADHD:ta – psykologin mukaan avoimissa oppimisympäristöissä opiskelevia koululaisia on tulkittu virheellisesti ylivilkkaiksi,2020-01-09T19:09:00Z
3-11450196,https://yle.fi/uutiset/3-11450196,"Rasismi saa rehottaa supersuositussa Tiktokissa – yhtiö myöntää, että sisältöön olisi pitänyt puuttua aiemmin",2020-07-24T17:30:00Z
3-11307173,https://yle.fi/uutiset/3-11307173,"Hoitajia juhlitaan koronasodan sankareina,  Anne Pauna ottaisi mieluummin palkankorotuksen – ""Jos tästä maksetaan leikkirahaa, tätä ei kannata tehdä""",2020-04-17T08:39:57Z
3-11193344,https://yle.fi/uutiset/3-11193344,Luottotiedoton siivooja ryhtyi asuntosijoittajaksi – vuokraa 11 asuntoaan vain luottotiedottomille,2020-02-12T10:14:08Z
3-11387216,https://yle.fi/uutiset/3-11387216,"Suomessa harvinaisen, epäillyn palkkamurhan hinta 10 000 euroa, syyttäjän mukaan teon syitä raha ja uhrin pojan lapsuus – syytetyt kiistävät",2020-06-08T06:20:55Z
3-11396361,https://yle.fi/uutiset/3-11396361,"Tehohoidossa ollut Sini Nemlander: ""En suostunut lasteni takia hengityskoneeseen"" – koronavirus ottaa koville henkisestikin",2020-07-05T14:17:24Z
3-11266914,https://yle.fi/uutiset/3-11266914,Ikääntyvien yliopiston toiminta siirtyy verkkoon,2020-03-20T04:46:18Z
3-11689092,https://yle.fi/uutiset/3-11689092,Piia-Riina Patjas söi skitsofrenialääkettä unettomuuteen kahden vuoden ajan – psykoosilääkkeiden käyttö unettomuuden hoidossa kasvaa vastoin suosituksia,2020-12-29T07:30:23Z
3-11390892,https://yle.fi/uutiset/3-11390892,"Yle seurasi: Oikeuden mukaan uhrin poika tilasi isänsä palkkasurman Tampereella, molemmat nuoret miehet määrättiin mielentilatutkimukseen",2020-06-09T06:07:20Z
3-11612399,https://yle.fi/uutiset/3-11612399,"Yle seurasi Vastaamon tietomurtoa: Näin kiristäjä ilmestyi Tor-verkon foorumille, poliisi pyytää harkintaa asiaan liittyvien yksityiskohtien julkaisemisessa",2020-10-25T08:29:53Z
3-11691262,https://yle.fi/uutiset/3-11691262,Torniossa mietitään vielä uuden vuoden ilotulitusta – taustalla aluehallintoviraston tiukennetut määräykset,2020-12-10T13:18:12Z
3-11700602,https://yle.fi/uutiset/3-11700602,"Assi-sairaalan toteutumiseen vaadittiin lukuisia neuvotteluja ja asennemuutosta: ""Yhteishenki alkoi parantua loppuvuotta kohden""",2020-12-17T04:56:00Z
3-11686207,https://yle.fi/uutiset/3-11686207,Oulun vaalipiirin kansanedustajakyselyn vastaajista suurin osa haluaa lisätukea kulttuurille korona-aikana,2020-12-08T10:31:46Z
3-11689486,https://yle.fi/uutiset/3-11689486,Forssa rutisti ylijäämäisen talousarvion koronan keskellä,2020-12-09T18:06:25Z
3-11692723,https://yle.fi/uutiset/3-11692723,Hausjärvi ei irtisanonut Ryttylän koulun väistötiloja kirjallisesti – vuokraaja vaatii kunnalta satojatuhansia euroja tyhjiksi jäävistä tiloista,2020-12-11T11:55:55Z
3-11679383,https://yle.fi/uutiset/3-11679383,"Osa lukiolaisista haluaisi siirtyä etäopetukseen – ""Äitini on riskiryhmää, tartunta pelottaa joka päivä"" ",2020-12-03T11:53:40Z
3-11622930,https://yle.fi/uutiset/3-11622930,Kuopiolaiskoirat Nana ja Hugo ovat nyt Sankarikoiria – pelastivat toiminnallaan ihmishenkiä,2020-10-30T12:44:41Z
3-11656001,https://yle.fi/uutiset/3-11656001,Saariston Rengastien varrella sijaitseva Lenholman haka sai valtakunnallista kiitosta monipuolisuudestaan,2020-11-19T11:08:31Z
3-11626015,https://yle.fi/uutiset/3-11626015,"KSML: Moni kokenut valtuutettu jättämässä Jyväskylän kunnallispolitiikan, eniten luopujia keskustan ryhmässä",2020-11-02T09:15:47Z
3-11633373,https://yle.fi/uutiset/3-11633373,Pirkanmaalaiset kahmivat lukuisia Finlandia-ehdokkuuksia,2020-11-05T15:47:51Z
3-11579303,https://yle.fi/uutiset/3-11579303,"Valtaosa Oulun vaalipiirin kansanedustajista laittaisi valtion turvaamaan lentoliikenteen jatkumista, jos markkinaehtoista toimijaa ei löydy",2020-10-05T10:32:07Z
3-11595890,https://yle.fi/uutiset/3-11595890,Jyväskylän yliopistoon tulee tuntuvasti lisää aloituspaikkoja,2020-10-15T03:20:05Z
3-11388301,https://yle.fi/uutiset/3-11388301,Hämeenlinnan taidemuseoon talletettu Niemistö-kokoelma täydentyi Aurora Reinhardin teoksilla,2020-06-05T14:54:03Z
3-11251279,https://yle.fi/uutiset/3-11251279,Oulun vaalipiirin kansanedustajat kannattavat mahdollisuutta valita  päivähoito- tai koulupaikka myös naapurikunnan puolelta ,2020-03-12T06:19:48Z
3-11154491,https://yle.fi/uutiset/3-11154491,"Viisi kiinnostavaa juttua lauantai-iltaan: valmentaja nöyryytti luistelijoita, Putin suunnittelee seuraavaa siirtoaan ja seksi askarruttaa nuoria",2020-01-18T16:00:00Z
3-11293786,https://yle.fi/uutiset/3-11293786,HAMK kiinnosti ennätysmäärää hakijoita – hallituksen linjauksia valintakokeista odotetaan,2020-04-06T08:44:57Z
3-11335458,https://yle.fi/uutiset/3-11335458,Saako hoivakodin asukkaan lukita huoneeseensa? Oulun vaalipiirin kansanedustajilla eroavia mielipiteitä ,2020-05-05T10:37:33Z
3-11148974,https://yle.fi/uutiset/3-11148974,Raisionjokeen päässyt jätevesi ei aiheuttanut suurta haittaa kalakannalle – lisätutkimuksia tarvitaan,2020-01-09T04:32:00Z
3-11220573,https://yle.fi/uutiset/3-11220573,"Hoitoalan kesäsijaiset ovat kortilla Meri-Lapissa – ""Kyllä nyt on hoitajien markkinat""",2020-02-21T07:24:23Z
3-11368631,https://yle.fi/uutiset/3-11368631,Kouvolalaiset yrittäjät ovat hakeneet Business Finlandin isoja tukirahoja vähemmän kuin lähikaupunkien yrittäjät – kaupunki patistaa yrittäjiä hakemaan,2020-05-26T16:59:30Z
3-11327115,https://yle.fi/uutiset/3-11327115,Lastensuojeluilmoitukset vähentyneet koronan aikana Porissa ja Raumalla,2020-04-29T02:47:55Z
3-11326638,https://yle.fi/uutiset/3-11326638,Janakkala aloittaa yt-neuvottelut mahdollisimman pian,2020-04-28T12:05:44Z
3-11227998,https://yle.fi/uutiset/3-11227998,Meri-Lapissa on vapautumassa johtavan lääkärin ja perusturvajohtajan pestit,2020-02-26T08:13:01Z
3-11274363,https://yle.fi/uutiset/3-11274363,Kaupunkirakennelautakunta hyväksyi ehdotuksen toriparkista,2020-03-25T07:21:10Z
3-11160642,https://yle.fi/uutiset/3-11160642,Uusien ja vanhojen kerrostaloasuntojen välinen hintakuilu repesi Porissa,2020-01-20T05:53:03Z
3-11494733,https://yle.fi/uutiset/3-11494733,Meri-Lapissa kunnat valmistautuvat kasvomaskien jakoon ,2020-08-14T11:24:41Z
3-11579834,https://yle.fi/uutiset/3-11579834,"Pari tuntia värikästä puhetta ja kaksi tiukkaa äänestystä – 
Lahden valtuusto asettaa tilapäisen valiokunnan arvioimaan kokoomusvaltuutettujen luottamusta",2020-10-05T18:29:20Z
3-11378471,https://yle.fi/uutiset/3-11378471,Oulun vaalipiirin kansanedustajat haluaisivat lisärahaa yksityisteiden kunnostukseen ,2020-06-02T12:51:24Z
3-11178792,https://yle.fi/uutiset/3-11178792,"TaitoTehdas tuo ammatillisen koulutuksen takaisin Kuhmoon – ""Yritykset tarvitsevat työntekijöitä""",2020-01-28T08:52:34Z
3-11155019,https://yle.fi/uutiset/3-11155019,Ministeriö: Kemin kaupunginorkesterin valtionosuus ei siirry Meri-Lapin jousikvartetille,2020-01-13T13:15:05Z
3-11297770,https://yle.fi/uutiset/3-11297770,Oulun vaalipiirin kansanedustajilta ymmärrystä turveyrittäjien valtiontuelle toimialan muutoksessa,2020-04-08T10:19:58Z
3-11442223,https://yle.fi/uutiset/3-11442223,"""Koronalisän"" pienuus harmittaa sairaaloissa – osa saa 45 euroa, osa ei saa mitään",2020-07-10T06:20:54Z
3-11253474,https://yle.fi/uutiset/3-11253474,"Koronavirusvarautumista kiristetään Lapissa: koulu suljettiin, lukiolaisten retki peruttiin, matkustamista ja vierailuja rajoitetaan",2020-03-12T11:03:10Z
3-11662737,https://yle.fi/uutiset/3-11662737,Lue tästä Pohjois-Karjalan koronapäivitykset 22.5.–21.11.,2020-11-24T08:06:53Z
3-11556586,https://yle.fi/uutiset/3-11556586,Lue tästä Lapin koronapäivitykset 5.8.–17.9. 2020,2020-09-21T16:39:44Z
3-11535554,https://yle.fi/uutiset/3-11535554,Lue tästä aiemmat Keski-Suomen koronatiedot,2020-09-09T11:54:57Z
3-11386454,https://yle.fi/uutiset/3-11386454,Lue tästä Etelä-Pohjanmaan koronapäivitykset 14.4.-23.5.2020,2020-06-05T08:08:00Z
3-11580537,https://yle.fi/uutiset/3-11580537,Lue tästä Pohjanmaan koronapäivitykset 23.5.-3.9.,2020-10-06T08:16:07Z
3-11357271,https://yle.fi/uutiset/3-11357271,Lue tästä Varsinais-Suomen koronapäivitykset 16.3.–15.5.,2020-05-23T08:29:13Z
3-11253125,https://yle.fi/uutiset/3-11253125,"Uusimmat koronatiedot Uudellamaalla: HUS: Toinen aalto kuormittaa työntekijöitä, kotimaan matkailuaan lisäsivät erityisesti pk-seudulla asuvat",2020-03-12T07:53:07Z
3-11572735,https://yle.fi/uutiset/3-11572735,Lue tästä Uudenmaan koronapäivitykset 24.8.-30.9.,2020-10-01T07:23:24Z
3-11581142,https://yle.fi/uutiset/3-11581142,Lue tästä Pohjois-Savon koronapäivitykset 18.5.–30.9.,2020-10-06T11:06:53Z
3-11259437,https://yle.fi/uutiset/3-11259437,"Uusimmat tiedot koronaviruksesta Kymenlaaksossa: Pyhtää jakaa pikalainoja ravintoloille, tartunnan saaneet ja altistuneet purkavat kiukkuaan koronajäljittäjien niskaan",2020-03-16T11:25:00Z
3-11580533,https://yle.fi/uutiset/3-11580533,Lue tästä Etelä-Pohjanmaan koronapäivitykset 24.5.-11.9.,2020-10-08T09:29:33Z
3-11481491,https://yle.fi/uutiset/3-11481491,Lue tästä Uudenmaan koronapäivitykset 13.7-23.8.,2020-08-06T05:41:51Z
3-11507330,https://yle.fi/uutiset/3-11507330,Lue tästä koronapäivitykset 21.8.– 7.9.,2020-08-23T08:38:17Z
3-11411069,https://yle.fi/uutiset/3-11411069,Lue tästä koronapäivitykset 16.6.–13.7.,2020-06-21T05:15:46Z
3-11275130,https://yle.fi/uutiset/3-11275130,Lue tästä koronapäivitykset 24.3.–5.4.,2020-03-25T18:35:43Z
3-11325020,https://yle.fi/uutiset/3-11325020,Lue tästä Kanta-Hämeen koronapäivitykset 27.3.2020–27.02.2021,2020-04-28T11:36:32Z
3-11323077,https://yle.fi/uutiset/3-11323077,Lue tästä koronapäivitykset 22.4.–11.5.,2020-04-26T06:37:53Z
3-11355290,https://yle.fi/uutiset/3-11355290,"Lue tästä koronaviruspäivitykset 12.5.–15.6.
",2020-05-16T03:49:35Z
3-11254317,https://yle.fi/uutiset/3-11254317,Lue tästä koronaviruspäivitykset 17.2.–23.3.,2020-03-12T15:16:25Z
3-11268719,https://yle.fi/uutiset/3-11268719,Fahamka Koronada,2020-03-20T16:24:49Z
3-11268675,https://yle.fi/uutiset/3-11268675,خبرهای مربوط به ویروس کرونا به زبان فارسی و دری,2020-03-20T16:37:55Z
