id,url,title,date_modified
3-11141408,https://yle.fi/uutiset/3-11141408,"Jani Koskela päätti aloittaa vuoden Facebookissa eri tavalla ja yllättyi – sai kymmeniä viestejä siitä, mikä on elämässä hyvin",2020-01-02T08:32:27Z
3-11582007,https://yle.fi/uutiset/3-11582007,"Budjettikeskustelussa kokoomus tivasi vastausta Marinin irtisanomis- ja osinkopuheista: ""Miksi lietsotte vastakkainasettelua""",2020-10-07T05:43:00Z
3-11355054,https://yle.fi/uutiset/3-11355054,Honkajoki liittyy Kankaanpäähän vuodenvaihteessa – valtuustot hyväksyivät ainoan Suomessa vireillä olevan kuntaliitoksen,2020-05-15T15:54:00Z
3-11189968,https://yle.fi/uutiset/3-11189968,"Uudet kansanedustajat työstään: Istuntosali kuin show-painiareena, valtaa käytetään valiokunnissa – ""Hyvä, että siellä ollaan suljettujen ovien takana""",2020-02-09T05:58:00Z
3-11328846,https://yle.fi/uutiset/3-11328846,Kansanedustaja Jari Koskela avaisi koulut vasta syksyllä,2020-04-29T11:43:08Z
3-11611138,https://yle.fi/uutiset/3-11611138,Matias Marttinen eduskunnan valtiovarainvaliokuntaan ,2020-10-23T12:58:15Z
3-11145889,https://yle.fi/uutiset/3-11145889,Helsingin Koskelantien ampumistapauksesta etsitty epäilty ilmoittautui poliisille,2020-01-06T21:12:20Z
3-11279723,https://yle.fi/uutiset/3-11279723,Pankit huolissaan: tuleeko alkuviikosta ryntäys yli seitsemänkymppisistä? ,2020-03-29T14:07:00Z
3-11565847,https://yle.fi/uutiset/3-11565847,"
Kalanpyydyksistä löytynyt kesän aikana vain yksi kuollut kuutti",2020-09-27T13:24:05Z
3-11555839,https://yle.fi/uutiset/3-11555839,"""Jope, minä menen"" – tasavallan presidentin lupaus vierailusta Kemissä otetaan liikuttuneena vastaan Jope Ruonansuun vanhalla koululla",2020-09-21T14:45:00Z
3-11696370,https://yle.fi/uutiset/3-11696370,"""Mulle ei ole käynyt mitään, mutta monelle muulle on"", kommentoi teini-ikäinen menoa Helsingin keskustassa – jo lähes 50 alaikäistä epäiltynä henkirikoksesta tänä vuonna",2020-12-19T07:45:00Z
3-11688563,https://yle.fi/uutiset/3-11688563,Lounais-Suomen kansanedustajat varovaisen luottavaisina ensi vuoteen – tulevaisuustutkija: ”Edessä on kaksi koronaan liittyvää vaihtoehtoa”,2020-12-09T11:29:08Z
3-11212596,https://yle.fi/uutiset/3-11212596,"Uusimmat tiedot koronaviruksesta: Pääkaupunkiseudulla palataan asteittain lähiopetukseen, Etelä-Suomen avi valmistelee määräystä liikuntatilojen sulkemisesta",2020-02-17T15:00:07Z
3-11581491,https://yle.fi/uutiset/3-11581491,Pomarkun kunnanhallitus vaihtumassa puolueloikkauksen takia,2020-10-07T04:21:33Z
3-11379256,https://yle.fi/uutiset/3-11379256,Ravintolat avautuivat rajoitetusti – Satakunnan ja Varsinais-Suomen kansanedustajat puolueuskollisia ravintolarajoituksissa,2020-06-02T10:28:18Z
3-11576305,https://yle.fi/uutiset/3-11576305,Ylen kysely satakuntalaisille kansanedustajille: Valtion pitäisi tukea Porin lentoliikennettä ,2020-10-05T04:02:16Z
3-11518624,https://yle.fi/uutiset/3-11518624,Lounaissuomalaiset kansanedustajat eivät innostu kasvomaskipakosta – sen kannalla ovat vain perussuomalaiset,2020-08-31T08:17:37Z
3-11334127,https://yle.fi/uutiset/3-11334127,"Lounaissuomalaiset kansanedustajat eivät kannata koronaveroa, mutta he toivovat kunnille tukea valtiolta",2020-05-04T12:26:54Z
3-11364241,https://yle.fi/uutiset/3-11364241,"Satakunnan kansanedustajat vaativat valtiota huomioimaan Porin lentoyhteyden: ""Ilman lentoja Satakunta on pussinperä""",2020-05-22T11:52:19Z
3-11369259,https://yle.fi/uutiset/3-11369259,Lue tästä Kainuun koronapäivitykset 21. huhtikuuta – 24. toukokuuta,2020-05-26T13:58:06Z
3-11584896,https://yle.fi/uutiset/3-11584896,Lue täältä Keski-Pohjanmaan koronapäivitykset 20.5.-18.9.2020,2020-10-08T09:53:36Z
3-11302926,https://yle.fi/uutiset/3-11302926,Lue tästä koronapäivitykset 4.4.–21.4.,2020-04-11T03:46:44Z
