id,url,title,date_modified
3-11684965,https://yle.fi/uutiset/3-11684965,"Susia suojellaan Suomessa liikaa, sanovat Itä-Suomen kansanedustajat Ylen kyselyssä – myös suden kannanhoidollinen metsästys saa kannatusta",2020-12-07T16:05:00Z
3-11181696,https://yle.fi/uutiset/3-11181696,Ylen kysely kansanedustajille: Oikeisto ja vihreät haluavat porrastaa ansiosidonnaisen – Vasemmisto ja puolet perussuomalaisista vastustaa,2020-02-04T03:30:00Z
3-11189968,https://yle.fi/uutiset/3-11189968,"Uudet kansanedustajat työstään: Istuntosali kuin show-painiareena, valtaa käytetään valiokunnissa – ""Hyvä, että siellä ollaan suljettujen ovien takana""",2020-02-09T05:58:00Z
3-11477333,https://yle.fi/uutiset/3-11477333,Perussuomalaiset rynnii vauhdilla kohti ensi kevään kuntavaaleja,2020-08-03T11:05:37Z
3-11331194,https://yle.fi/uutiset/3-11331194,Koronakuolemista tiedottaminen jakaa Savo-Karjalan kansanedustajia,2020-05-04T07:19:44Z
3-11367099,https://yle.fi/uutiset/3-11367099,Yli puolet Savo-Karjalan kansanedustajista haluaa lähteä ehdokkaaksi kevään 2021 kuntavaaleissa,2020-06-01T02:55:00Z
3-11295664,https://yle.fi/uutiset/3-11295664,"Ylen kysely: Savo-Karjalan kansanedustajat haluavat parantaa etäyhteyksiä, jotta poliittinen päätöksenteko turvataan",2020-04-07T14:04:31Z
3-11238536,https://yle.fi/uutiset/3-11238536,"Savo-Karjalan kansanedustajat haluavat puuttua asuntojen hintojen laskuun, mutta keinot ovat vähissä",2020-03-04T04:35:23Z
3-11521661,https://yle.fi/uutiset/3-11521661,Savonlinnan seudun mahdollinen maakunnan vaihto jakaa kansanedustajat – hajontaa myös puolueiden ja maakuntien sisällä,2020-09-01T13:00:28Z
