id,url,title,date_modified
3-11184089,https://yle.fi/uutiset/3-11184089,TV1:n Ykkösaamussa Tytti Tuppurainen: Mitä haluat kysyä?,2020-01-30T10:56:13Z
3-11714711,https://yle.fi/uutiset/3-11714711,"Britannia irtautuu lopullisesti EU:sta vain viikon päästä – lue tästä, mitä joulun sopimuspaketista paljastuu ",2020-12-25T08:43:31Z
3-11187837,https://yle.fi/uutiset/3-11187837,Tytti Tuppurainen omistajaohjauksesta: Varsinaisia linjamuutoksia en tee,2020-02-01T10:41:05Z
3-11172186,https://yle.fi/uutiset/3-11172186,"Solidiumin johto tapasi uuden omistajaohjausministerin: ""Oli enempi kuuntelu- ja oppimismodessa""  ",2020-01-23T14:33:49Z
3-11632291,https://yle.fi/uutiset/3-11632291,Nuoret pitävät EU:sta mutta eivät koe voivansa vaikuttaa siihen – nuorisojärjestöt esittelivät eurooppaministerille neljä tapaa pelastaa tilanne,2020-11-06T08:39:05Z
3-11543232,https://yle.fi/uutiset/3-11543232,Paine valtion omaisuuden myymiseen hellittää budjettiriihessä –  EU-elvytysavustus voisi rahoittaa tulevaisuusinvestointeja,2020-09-14T12:31:56Z
3-11358582,https://yle.fi/uutiset/3-11358582,"Eduskunta ei kytke Finnairin tukea maakuntalentoihin, vaikka valtiovarainministeri Katri Kulmuni flirttailikin tuen ja lentojen kytköksellä",2020-05-19T15:25:25Z
3-11382201,https://yle.fi/uutiset/3-11382201,"Hallitus ei muodostanut vielä kantaa EU:n elvytysrahastoon, käsittelyä jatketaan myöhemmin – Ministeri Tuppurainen: Kanta valmis mahdollisimman pian",2020-06-03T08:53:25Z
3-11358101,https://yle.fi/uutiset/3-11358101,"Ministeri Tytti Tuppurainen Finnairin tuesta: ""Siihen ei voi sitoa mitään ehtoja"" – Valtio haluaa auttaa lentoyhtiön yli kriisistä",2020-05-18T19:21:40Z
3-11287497,https://yle.fi/uutiset/3-11287497,Omistajaohjeuksen periaatepäätöksen käsittely siirtyy ,2020-04-02T00:17:04Z
3-11163006,https://yle.fi/uutiset/3-11163006,Posti-jupakan jälkinäytös: Osa Postin hallituksen jäsenistä tuskin jatkaa – Saivat syksyllä tarpeekseen Antti Rinteen omistajaohjauksesta,2020-01-21T03:31:00Z
3-11187823,https://yle.fi/uutiset/3-11187823,Entinen pääministeri Esko Aho: Suomen vaikutusvalta EU:ssa pienenee brexitin vuoksi,2020-02-01T08:52:42Z
3-11281264,https://yle.fi/uutiset/3-11281264,Lännen Media: Omistajaohjausministeri Tuppurainen vaatii valtionyhtiöltä pidättävyyttä johdon palkitsemisessa,2020-03-29T03:54:16Z
3-11607001,https://yle.fi/uutiset/3-11607001,Valtio aikoo pääomittaa lentokenttäyhtiö Finaviaa 350 miljoonalla eurolla ,2020-10-22T06:24:15Z
3-11298353,https://yle.fi/uutiset/3-11298353,"Hallituksen uusi omistajapolitiikan linjaus: Valtioyhtiöiden johtajien peruspalkat voivat myös laskea, ympäristövastuusta voi palkita",2020-04-08T11:23:51Z
3-11217083,https://yle.fi/uutiset/3-11217083,Suomi taistelee aina vain maatalouden puolesta – EU:n budjettineuvottelut alkavat ,2020-02-20T04:07:00Z
3-11213948,https://yle.fi/uutiset/3-11213948,"Brexit, seuraava näytös: Mitä EU ja Britannia saavat sovittua suhteestaan ja mitä Suomi siihen sanoo?",2020-02-18T16:25:22Z
3-11653126,https://yle.fi/uutiset/3-11653126,"Eurooppaministerit keskustelevat muun muassa oikeusvaltioasioista, monivuotisesta budjetista ja aloittavat joulukuun huippukokouksen valmistelun",2020-11-17T18:21:55Z
3-11372905,https://yle.fi/uutiset/3-11372905,"Eduskunta kiisteli EU:n jättimäisestä elpymisrahastosta, Halla-aho: Rahaa lapioidaan maihin, joiden veroaste Suomea matalampi",2020-05-28T12:09:22Z
3-11539341,https://yle.fi/uutiset/3-11539341,Omistajaohjausministeri Tuppurainen: Olen valmis tarkastelemaan pelikoneiden poistamista kaupoista ja kioskeista – monopolilla kuitenkin yhä vankka kannatus,2020-09-11T14:27:18Z
3-11533276,https://yle.fi/uutiset/3-11533276,Marja Sannikka: Veikkaus ottaa köyhiltä ja antaa rikkaille,2020-09-08T11:28:59Z
3-11219096,https://yle.fi/uutiset/3-11219096,Omistajaohjausministeri vaatii riippumatonta selvitystä Ylen esiin nostamasta Veikkauksen hankinta-asiasta,2020-02-20T11:25:12Z
3-11145726,https://yle.fi/uutiset/3-11145726,Omistajaohjausministeri linjaa pian ilmastovelvoitteista ja hallituspalkkioista – Tuppurainen yritysjohtajien palkkiopaineista: Viisauden alku on tosiasioiden tunnustaminen,2020-01-07T03:56:00Z
3-11371870,https://yle.fi/uutiset/3-11371870,Tuppurainen ja Orpo samoilla linjoilla komission ehdotuksesta: Elpymisrahaston olisi pitänyt olla lainapainotteisempi,2020-05-27T16:16:24Z
3-11161059,https://yle.fi/uutiset/3-11161059,"Eurooppa-kirje: Lontoon-kirjeenvaihtaja hilpeänä, koska brittikomedian ensimmäinen tuotantokausi päättyy – Juhlat Big Benillä kuun lopussa",2020-01-17T06:00:00Z
3-11578961,https://yle.fi/uutiset/3-11578961,"Tulevaisuusfoorumi: Miten pärjäämme teknologian ""kylmässä sodassa”? – katso tallenne keskustelusta",2020-10-06T06:00:00Z
3-11687210,https://yle.fi/uutiset/3-11687210,Brexit-umpikuja pahenee – Johnson ja von der Leyen ehkä viimeiseen neuvotteluyritykseen huomenna,2020-12-08T16:18:18Z
3-11349017,https://yle.fi/uutiset/3-11349017,Omistajaohjausministeri Tuppurainen edellyttää Veikkaukselta tarkkaavaisuutta hankinnoissaan,2020-05-13T07:26:58Z
3-11368784,https://yle.fi/uutiset/3-11368784,Ylen aamu tänään: Rattijuopumuksia ja huumerikoksia on raportoitu paljon korona-aikana – miltä näyttävät poliisin rikostilastot? Katso lähetys tästä,2020-05-27T03:00:00Z
3-11177456,https://yle.fi/uutiset/3-11177456,"Ministeri Tuppurainen pyytää Veikkaukselta selvitystä pimitetystä miljoonasopimuksesta – Johto valitsi ""ilmeisen laittoman"" ja ""todennäköisesti laittoman"" välillä",2020-01-27T12:51:31Z
3-11380729,https://yle.fi/uutiset/3-11380729,Hallitus linjaa Suomen kannan EU:n elvytysrahastoon – jättikoko ja tukirahan suuri osuus hiertävät ,2020-06-03T02:47:00Z
3-11449813,https://yle.fi/uutiset/3-11449813,Ratkaisun hetket lähestyvät EU:n rahaneuvotteluissa – loppuvaiheessa Suomen päätökset ovat Sanna Marinin käsissä,2020-07-15T18:10:19Z
3-11308711,https://yle.fi/uutiset/3-11308711,Eurooppa-kirje: Pelko turrutti Pariisin ja sai suurkaupungin rauhoittumaan – EU:lle korona voi olla kohtalonkysymys  ,2020-04-17T05:00:00Z
3-11699850,https://yle.fi/uutiset/3-11699850,Suomen valtio valmistelee 400 miljoonan euron lainaa Finnairille,2020-12-16T08:43:20Z
3-11358037,https://yle.fi/uutiset/3-11358037,Elinkeinoministeri Lintilä: Kävimme vakavamielisen keskustelun Finnairin kanssa ,2020-05-18T15:10:13Z
3-11185378,https://yle.fi/uutiset/3-11185378,Yle seurasi hetki hetkeltä – Eurooppaministeri Tytti Tuppurainen: Suomelta lähti tärkeä kumppani,2020-01-31T04:13:16Z
3-11481699,https://yle.fi/uutiset/3-11481699,"Tieteen ja kulttuurin 140 miljoonan euron talouslovi tilkitään ""keinolla millä hyvänsä""  – Annika Saarikko palasi ministeriksi, katso puhe",2020-08-06T10:15:15Z
3-11409117,https://yle.fi/uutiset/3-11409117,Janne “Rysky” Riiheläisen kolumni: Presidentti Sauli Niinistön turvallisuuspolitiikan pilarit horjuvat,2020-06-23T03:45:00Z
3-11328350,https://yle.fi/uutiset/3-11328350,"Yritykset koronakriisissä: Finnair tekee miljoonatappion joka päivä – valtio-omistaja on valmis ""kaikkiin mahdollisiin järjestelyihin""",2020-04-29T13:59:40Z
3-11450984,https://yle.fi/uutiset/3-11450984,"Eurooppa-kirje: Puola jakautui vaaleissa, ja hajallaan on myös EU huippukokouksen alla – Kaikki haluavat nyt Hollannin Rutten seuraan",2020-07-17T05:00:00Z
3-11426669,https://yle.fi/uutiset/3-11426669,"Analyysi: EU-elvytysrahoista voi tulla vielä perustuslaillinen riita Suomessa – eduskunta ja asiantuntijat täysin eri linjoilla, mitä perustuslaki sallii",2020-07-01T14:58:08Z
3-11413100,https://yle.fi/uutiset/3-11413100,Kärkölä vetoaa VR:ään ja ministereihin junavuorojen palauttamiseksi ennalleen,2020-06-23T05:39:15Z
3-11362970,https://yle.fi/uutiset/3-11362970,Kokkola-Pietarsaaren lentoliikenteen tarve selvitetään,2020-05-21T06:44:41Z
3-11198545,https://yle.fi/uutiset/3-11198545,Valtion omistajaohjauksesta ei tule vetoapua karvalakkilähetystön pyrkimyksille ,2020-02-07T15:13:33Z
3-11217685,https://yle.fi/uutiset/3-11217685,Karvalakkilähetystön yhdysmies haluaisi Valtion kehitysyhtiön mukaan kalatierakentamiseen,2020-02-19T16:27:00Z
3-11716056,https://yle.fi/uutiset/3-11716056,"Näin EU:n ja Britannian suhteet jatkossa hoidetaan, katso 9 olennaista kohtaa – Suomi hyväksyi sopimuksen alustavasti  ",2020-12-28T11:00:32Z
3-11568142,https://yle.fi/uutiset/3-11568142,Alkoholijuomayhtiö Altia ja norjalainen Arcus yhdistyvät – Altian osuus uudesta yhtiöstä yli puolet,2020-09-29T05:55:51Z
3-11510304,https://yle.fi/uutiset/3-11510304,Omistajaohjausministeri Tuppurainen ja työministeri Haatainen lupaavat tukea Finnairin työntekijöille,2020-08-25T10:33:18Z
3-11714571,https://yle.fi/uutiset/3-11714571,"EU ja Britannia pääsivät viime hetken sopuun kauppaneuvotteluissaan – Britannian pääministeri Boris Johnson: ""Tämä on hyvä sopimus koko Euroopalle""",2020-12-24T14:55:13Z
3-11592572,https://yle.fi/uutiset/3-11592572,EU aikoo esittää eurooppalaista minimipalkkaa – Mitä se merkitsisi suomalaiselle palkansaajalle?,2020-10-14T03:10:00Z
3-11542208,https://yle.fi/uutiset/3-11542208,"Marin ja Vanhanen: Talouden epävarmuus heijastuu voimakkaasti budjettiin, HS kertoo työttömien työnhakuvelvoitteen kiristymisestä – Yle seurasi budjettiriihen ensimmäistä päivää",2020-09-14T04:47:00Z
3-11596803,https://yle.fi/uutiset/3-11596803,Eurooppa-kirje: Miksi Sanna Marin piiloutuu medialta? Suomalaiset toimittajat ovat muiden EU-maiden tiedotuksen varassa huippukokouksessa,2020-10-16T05:00:00Z
3-11385469,https://yle.fi/uutiset/3-11385469,"Eduskunnassa käytiin kiivas keskustelu EU:n isosta elvytyspaketista – oppositio kävi jo etukäteen kuumana, kun hallituksen kantaa ei kuulunut",2020-06-04T13:46:59Z
3-11363306,https://yle.fi/uutiset/3-11363306,"Matkustamohenkilökunta raivostui Finnairille: osalla aukeavista kaukolennoista ulkomaista työvoimaa, vaikka Helsingissä lomautukset jatkuvat",2020-05-21T15:29:53Z
3-11584896,https://yle.fi/uutiset/3-11584896,Lue täältä Keski-Pohjanmaan koronapäivitykset 20.5.-18.9.2020,2020-10-08T09:53:36Z
3-11386456,https://yle.fi/uutiset/3-11386456,Lue tästä Pohjanmaan koronapäivitykset 14.4.-22.5.2020,2020-06-10T11:33:31Z
3-11378471,https://yle.fi/uutiset/3-11378471,Oulun vaalipiirin kansanedustajat haluaisivat lisärahaa yksityisteiden kunnostukseen ,2020-06-02T12:51:24Z
3-11355290,https://yle.fi/uutiset/3-11355290,"Lue tästä koronaviruspäivitykset 12.5.–15.6.
",2020-05-16T03:49:35Z
3-11302926,https://yle.fi/uutiset/3-11302926,Lue tästä koronapäivitykset 4.4.–21.4.,2020-04-11T03:46:44Z
