id,url,title,date_modified
3-11670425,https://yle.fi/uutiset/3-11670425,"Vasemmistoliiton Merja Kyllönen Suomen verojärjestelmästä: ""Tällä hetkellä se on sellainen sekamelska""",2020-11-27T16:00:00Z
3-11631754,https://yle.fi/uutiset/3-11631754,"Vastaamon tietomurto ja terrori-iskut puhuttivat kyselytunnilla – Ohisalo terrorismista: Vakava ja tuomittava ilmiö, Tavio: Aika siirtyä puheista tekoihin",2020-11-05T13:01:43Z
3-11676951,https://yle.fi/uutiset/3-11676951,"Hallituksen mielestä oppositiolla ei ole yhteistä linjaa, oppositio: Ei sitä tunnu olevan hallituksellakaan – Yle seurasi budjettikeskustelua",2020-12-02T10:45:00Z
3-11548856,https://yle.fi/uutiset/3-11548856,“Eutanasia ei ole elämän väheksymistä“ - Eutanasian laillistaminen saa kannatusta sosiaali- ja terveysvaliokunnassa,2020-09-18T15:55:00Z
3-11371462,https://yle.fi/uutiset/3-11371462,"Ylen kysely: Oppivelvollisuusiän korotus jakaa eduskuntaa – oppositio luopuisi, hallitus kannattaa, keskustassa epäröidään",2020-06-02T02:30:00Z
3-11394739,https://yle.fi/uutiset/3-11394739,"Kysyimme kansanedustajilta koronakevään onnistumisia, katso mistä oma edustajasi kehui itseään",2020-06-13T04:20:00Z
3-11189968,https://yle.fi/uutiset/3-11189968,"Uudet kansanedustajat työstään: Istuntosali kuin show-painiareena, valtaa käytetään valiokunnissa – ""Hyvä, että siellä ollaan suljettujen ovien takana""",2020-02-09T05:58:00Z
3-11686207,https://yle.fi/uutiset/3-11686207,Oulun vaalipiirin kansanedustajakyselyn vastaajista suurin osa haluaa lisätukea kulttuurille korona-aikana,2020-12-08T10:31:46Z
3-11522003,https://yle.fi/uutiset/3-11522003,"Pohjoisen kansanedustajat eivät kannata kuntien pakkoliitoksia – Merja Kyllönen ehdottaa valtiolle työkaluja, joilla laittaa kunnat ruotuun",2020-09-01T13:21:15Z
3-11196061,https://yle.fi/uutiset/3-11196061,Terrafamen uraanilupa saa kannatusta kainuulaisilta kansanedustajilta – Merja Kyllönen muutti kantaansa,2020-02-06T13:56:25Z
3-11191455,https://yle.fi/uutiset/3-11191455,"Suomussalmelainen kansanedustaja Merja Kyllönen pyrkii SAK:n varapuheenjohtajaksi: ""Olen täysillä mukana""",2020-02-04T08:55:47Z
3-11358393,https://yle.fi/uutiset/3-11358393,"Kainuun kansanedustajat eivät hyväksy lentomottia – Merja Kyllönen: ""Nyt kuohuu koko eduskunta, maakunnat ja muut toimijat""",2020-05-19T05:10:26Z
3-11579303,https://yle.fi/uutiset/3-11579303,"Valtaosa Oulun vaalipiirin kansanedustajista laittaisi valtion turvaamaan lentoliikenteen jatkumista, jos markkinaehtoista toimijaa ei löydy",2020-10-05T10:32:07Z
3-11578870,https://yle.fi/uutiset/3-11578870,Lennot Kajaaniin jatkossakin valtion pussista? Kansanedustajat haluavat maakuntalentojen säilyvän,2020-10-05T09:22:37Z
3-11378471,https://yle.fi/uutiset/3-11378471,Oulun vaalipiirin kansanedustajat haluaisivat lisärahaa yksityisteiden kunnostukseen ,2020-06-02T12:51:24Z
3-11511797,https://yle.fi/uutiset/3-11511797,Suomussalmelaisesta kansanedustaja Merja Kyllösestä ei tullut SAK:n varapuheenjohtajaa,2020-08-26T06:39:49Z
3-11225885,https://yle.fi/uutiset/3-11225885,"Kainuulaiset kansanedustajat haluavat tasapuolisuutta sähkönsiirtohintoihin – Kettunen: ""Sähköverkko on oltava kohtuuhintainen eikä mikään bisneskeinottelun raha-automaatti""",2020-02-25T05:26:08Z
3-11251279,https://yle.fi/uutiset/3-11251279,Oulun vaalipiirin kansanedustajat kannattavat mahdollisuutta valita  päivähoito- tai koulupaikka myös naapurikunnan puolelta ,2020-03-12T06:19:48Z
3-11297770,https://yle.fi/uutiset/3-11297770,Oulun vaalipiirin kansanedustajilta ymmärrystä turveyrittäjien valtiontuelle toimialan muutoksessa,2020-04-08T10:19:58Z
3-11335458,https://yle.fi/uutiset/3-11335458,Saako hoivakodin asukkaan lukita huoneeseensa? Oulun vaalipiirin kansanedustajilla eroavia mielipiteitä ,2020-05-05T10:37:33Z
