id,url,title,date_modified
3-11586740,https://yle.fi/uutiset/3-11586740,Hallitus pääsi sopuun sote-uudistuksen sisällöstä: Selvitys eduskuntaryhmille ensi viikon alussa,2020-10-09T07:17:53Z
3-11593625,https://yle.fi/uutiset/3-11593625,"Oppositio ihmettelee, miten hallitus rahoittaa sote-uudistuksen – ""Suurten kaupunkien osalta kestämätön""  ",2020-10-13T17:06:32Z
3-11589402,https://yle.fi/uutiset/3-11589402,"Oppositio toistaiseksi varovainen sote-esityksen arvostelussa – Anna-Kaisa Ikonen: ""Onko ohitettu alueitten antama palaute?""",2020-10-10T14:06:42Z
3-11231144,https://yle.fi/uutiset/3-11231144,"Yle seurasi: Pääministeri Marin antoi ilmoituksen koronaviruksen hoitamisesta – ""On luonnollista, että kansalaisten huoli kasvaa""",2020-02-27T13:26:24Z
3-11572735,https://yle.fi/uutiset/3-11572735,Lue tästä Uudenmaan koronapäivitykset 24.8.-30.9.,2020-10-01T07:23:24Z
