id,url,title,date_modified
3-11552617,https://yle.fi/uutiset/3-11552617,Ilkka Kanerva vaatii tuhtia tukipakettia Naantalille,2020-09-18T12:21:33Z
3-11311490,https://yle.fi/uutiset/3-11311490,Pertti Paasio muistetaan huumoristaan – Ilkka Kanerva: “Hän nousi poliitikkojen joukosta päätään pidemmäksi käyttämällä hyväksi itseironiaa” ,2020-04-19T15:18:00Z
3-11388929,https://yle.fi/uutiset/3-11388929,Orpo ja Kanerva Turun Sanomissa: hävittäjähankintoja ei saa lykätä ,2020-06-06T11:52:44Z
3-11469818,https://yle.fi/uutiset/3-11469818,Analyysi: Kokoomus tasapainoilee EU-politiikassa hallituksen ja perussuomalaisten välissä,2020-07-29T14:24:50Z
3-11246594,https://yle.fi/uutiset/3-11246594,"Asevelvollisuus voi kokea ison mullistuksen: Puolueissa on valmiutta kutsuntoihin kaikille ja kansalaispalveluun, armeijaa arvostellaan valikoinnista",2020-03-07T15:47:59Z
3-11234202,https://yle.fi/uutiset/3-11234202,"Ilmastonmuutos, pakolaiset ja pandemiat: Marinin hallitus nostaa Suomen uudet uhkakuvat esiin turvallisuuspolitiikan linjauksissaan ",2020-03-01T05:30:00Z
3-11675130,https://yle.fi/uutiset/3-11675130,Ilkka Kanerva toivoo Naantalin jalostamon alueelle uutta teollista toimintaa ,2020-12-01T12:14:54Z
3-11243567,https://yle.fi/uutiset/3-11243567,"Asevelvollisuus, sosiaaliturva ja lapsistrategia – viisi parlamentaarista komiteaa alkaa valmistella suuria muutoksia",2020-03-05T13:59:44Z
3-11149368,https://yle.fi/uutiset/3-11149368,"Kanerva: Irakin tilanne on Suomen rauhanturvaamisen historian kaikkien aikojen vaarallisin, mutta Suomi ei ole lähdössä alueelta pois",2020-01-09T10:50:00Z
3-11147220,https://yle.fi/uutiset/3-11147220,Presidentti Niinistö ja pääministeri Marin: Suomi tuomitsee Iranin ohjusiskut,2020-01-08T08:49:49Z
3-11678983,https://yle.fi/uutiset/3-11678983,"Perussuomalaiset penäsi kyselytunnilla hallitukselta kansanäänestystä EU-elvytyspaketista, kokoomus perussuomalaisille: ""Eduskunta ei voi olla lapanen, vätys""",2020-12-03T12:53:34Z
3-11631754,https://yle.fi/uutiset/3-11631754,"Vastaamon tietomurto ja terrori-iskut puhuttivat kyselytunnilla – Ohisalo terrorismista: Vakava ja tuomittava ilmiö, Tavio: Aika siirtyä puheista tekoihin",2020-11-05T13:01:43Z
3-11679122,https://yle.fi/uutiset/3-11679122,"Naantalin jalostamolla raaka-aine voi vaihtua öljystä oljeksi – selvityshenkilö: ""Emme ajattele vain Nesteen loppua, vaan myös biosiirtymää""",2020-12-03T16:17:00Z
3-11370206,https://yle.fi/uutiset/3-11370206,"Eduskunnan puolustusvaliokunta: Etenkin Suomen NATO-yhteistyöstä vaikeuksia saada tietoa ministeriöistä – Yksi tapaus ""räikeä laiminlyönti""",2020-05-27T08:12:30Z
3-11211182,https://yle.fi/uutiset/3-11211182,Puolustusministeri on valmis harkitsemaan kutsuntojen ulottamista naisiin – Kaikkonen uskoo yleiseen asevelvollisuuteen mutta kaipaa lisää sotilaita,2020-02-16T15:03:32Z
3-11192327,https://yle.fi/uutiset/3-11192327,Tuomioja Niikon Kiina-suhteista: Ulkoasianvaliokunnan osalta loppuun käsitelty – kansanedustajille ohjeet vaikuttamisyritysten varalle?,2020-02-04T16:13:26Z
3-11220654,https://yle.fi/uutiset/3-11220654,Tutkimus: Teiniliiton taistolaisvaihe vieraannutti nuoret politiikasta – vasta Greta Thunbergin ilmastoliike palauttamassa politiikan imun,2020-02-21T14:02:21Z
3-11641827,https://yle.fi/uutiset/3-11641827,"Eduskunta kiisteli Suomen ulko- ja turvallisuuspolitiikasta, oppositio moitti hallituksen hämärtävän tärkeän selonteon roolia",2020-11-11T11:18:34Z
3-11157218,https://yle.fi/uutiset/3-11157218,"Suomalaiset sotilaat ovat vaarassa Irakissa, mutta heillä on konsteja säilyä hengissä: yksi heistä kertoo nyt tukikohdan arjesta",2020-01-18T18:05:00Z
3-11625498,https://yle.fi/uutiset/3-11625498,"Uusimmat tiedot veropäivästä: Marin pitää suurituloisten nimien poistamista valitettavana, suurten valtionyhtiöiden pomoilla miljoonatulot",2020-11-03T03:30:00Z
3-11688563,https://yle.fi/uutiset/3-11688563,Lounais-Suomen kansanedustajat varovaisen luottavaisina ensi vuoteen – tulevaisuustutkija: ”Edessä on kaksi koronaan liittyvää vaihtoehtoa”,2020-12-09T11:29:08Z
3-11574288,https://yle.fi/uutiset/3-11574288,Ylen kysely: Suuri osa Varsinais-Suomen kansanedustajista tukisi edelleen voimakkaasti risteilyalusliikennettä,2020-10-05T09:56:25Z
3-11441074,https://yle.fi/uutiset/3-11441074,Joensuun katukoriskenttä on jouduttu sulkemaan – paikalla tehty myös ilkivaltaa ,2020-07-09T10:51:26Z
3-11619563,https://yle.fi/uutiset/3-11619563,Lue tästä koronapäivitykset 26.10.–16.11.,2020-10-29T05:53:20Z
3-11411069,https://yle.fi/uutiset/3-11411069,Lue tästä koronapäivitykset 16.6.–13.7.,2020-06-21T05:15:46Z
