id,url,title,date_modified
3-11691056,https://yle.fi/uutiset/3-11691056,Tarja Filatov nousee eduskunnan varapuhemieheksi Antti Rinteen tilalle,2020-12-10T14:05:14Z
3-11705688,https://yle.fi/uutiset/3-11705688,Eduskunta valitsi Tarja Filatovin ensimmäiseksi varapuhemieheksi Antti Rinteen tilalle,2020-12-18T11:17:19Z
3-11699529,https://yle.fi/uutiset/3-11699529,Antti Rinne valittiin kuohuvan perustuslakivaliokunnan puheenjohtajaksi,2020-12-16T09:10:34Z
3-11315499,https://yle.fi/uutiset/3-11315499,Elinkeinoministeri Lintilä: Business Finlandin jakamat yritystuet tarkastetaan kahdesti – tukiperusteisiin muutoksia,2020-04-21T11:05:02Z
3-11181696,https://yle.fi/uutiset/3-11181696,Ylen kysely kansanedustajille: Oikeisto ja vihreät haluavat porrastaa ansiosidonnaisen – Vasemmisto ja puolet perussuomalaisista vastustaa,2020-02-04T03:30:00Z
3-11565328,https://yle.fi/uutiset/3-11565328,"
Paikallisen sopimisen tuomista työpaikoista puuttuu näyttö – ""Kuinka paljon se tuo työpaikkoja, jos sovitaan työaikapankin käytöstä tai lomarahojen siirtämisestä?"" ",2020-09-27T12:09:43Z
3-11390408,https://yle.fi/uutiset/3-11390408,"Kanta-Hämeessä iloitaan pääradan miljoonista – Tarja Filatov: ""Se raha tulee""",2020-06-08T12:20:59Z
3-11621198,https://yle.fi/uutiset/3-11621198,"Vankikarkuri jäi kiinni 8 vuoden paon jälkeen – kertoo nyt, mitä elämässä tapahtui",2020-10-30T11:12:00Z
3-11681819,https://yle.fi/uutiset/3-11681819,Kannabislainsäädännön höllentäminen ei saa kannatusta Hämeestä – vain yksi kansanedustaja poistaisi rangaistukset käyttäjiltä,2020-12-07T04:33:53Z
3-11579694,https://yle.fi/uutiset/3-11579694,Valtaosa Hämeen kansanedustajista kannattaa uhkasakkoa koulukiusaamisen kitkemiseksi,2020-10-06T12:40:00Z
3-11627848,https://yle.fi/uutiset/3-11627848,Presidentti Donald Trumpin hyödyllisyys Suomelle jakaa hämäläiskansanedustajien mielipiteet,2020-11-03T08:55:36Z
3-11551123,https://yle.fi/uutiset/3-11551123,Hämeen kansanedustajat: uutta jätelakia on vaikea arvioida tässä vaiheessa,2020-09-18T07:19:29Z
3-11190078,https://yle.fi/uutiset/3-11190078,Puolet Hämeen kansanedustajista ei lämpene Päijät-Hämeen sote-yhteisyritykselle,2020-02-04T07:12:29Z
3-11236896,https://yle.fi/uutiset/3-11236896,Ylen kysely: hämäläiset kansanedustajat torppaavat Suomiradan linjausvaihtoehtojen selvittämisen,2020-03-02T13:31:04Z
3-11380305,https://yle.fi/uutiset/3-11380305,Ylen kansanedustajakysely: valtaosa hämäläiskansanedustajista toivoo valtiolta enemmän rahallista tukea kunnille,2020-06-03T11:39:56Z
