id,url,title,date_modified
3-11703495,https://yle.fi/uutiset/3-11703495,"Kansanedustaja Johanna Ojala-Niemelä: Aivokasvainleikkaus meni hyvin – ""Tästä toipuminen alkaa""",2020-12-17T13:05:36Z
3-11688108,https://yle.fi/uutiset/3-11688108,"Perustuslakivaliokunnan puheenjohtaja Johanna Ojala-Niemelällä  aivokasvain – Antti Rinne ehdolla tilalle, Antti Lindtman ei lähde varapuhemieheksi",2020-12-09T04:52:48Z
3-11699529,https://yle.fi/uutiset/3-11699529,Antti Rinne valittiin kuohuvan perustuslakivaliokunnan puheenjohtajaksi,2020-12-16T09:10:34Z
3-11705688,https://yle.fi/uutiset/3-11705688,Eduskunta valitsi Tarja Filatovin ensimmäiseksi varapuhemieheksi Antti Rinteen tilalle,2020-12-18T11:17:19Z
3-11440781,https://yle.fi/uutiset/3-11440781,"Miksi kokoonnutte pommisuojassa, kiiruhdatteko Haaviston rikosepäilyn käsittelyä? 7 kysymystä perustuslakivaliokunnan puheenjohtajalle",2020-07-12T04:47:00Z
3-11663007,https://yle.fi/uutiset/3-11663007,"Järeä valmiuslaki nostettiin taas pöydälle – Asiantuntijat muistuttavat, ettei poikkeusoloihin voi siirtyä kevein perustein",2020-11-24T12:35:51Z
3-11596956,https://yle.fi/uutiset/3-11596956,Perustuslakivaliokunta pysäytti ravintolarajoitukset ja vaatii muutoksia – hallituksen esitys rajoittaa liikaa elinkeinovapautta,2020-10-15T12:38:48Z
3-11524672,https://yle.fi/uutiset/3-11524672,Ulkoministeri Haaviston rikosepäilyjen käsittely jatkuu perustuslakivaliokunnassa,2020-09-02T21:28:55Z
3-11694608,https://yle.fi/uutiset/3-11694608,"Puhe toimittajien kurinpalautuksesta ihmetyttää: ""Ensin poliitikot ovat rajoittamassa sananvapautta, ja jos se sopii heidän omiin tarkoitusperiinsä, he kannustavat sananvapautta"" ",2020-12-12T10:05:18Z
3-11312769,https://yle.fi/uutiset/3-11312769,VNK patistaa ministeriöitä parempaan tiedonkulkuun eduskunnan suuntaan,2020-04-18T23:24:20Z
3-11679857,https://yle.fi/uutiset/3-11679857,Perustuslakivaliokunta yrittää saada Haavisto-mietinnön alkuviikosta valmiiksi,2020-12-03T13:57:20Z
3-11572204,https://yle.fi/uutiset/3-11572204,Perustuslakivaliokunta pyrkii saamaan kantansa valmiiksi Haaviston virkarikosepäilyistä lokakuussa,2020-09-30T14:55:00Z
3-11276032,https://yle.fi/uutiset/3-11276032,Perustuslakivaliokunta suosittaa korvausta ravintoloiden sulkemisesta ja avaa ovea alueellisille ratkaisuille,2020-03-25T16:41:10Z
3-11510767,https://yle.fi/uutiset/3-11510767,"Lomamatka kuplassa tarkoittaisi koronatestiä, maskipakkoa ja paikallisten välttelyä – Eristetty matkailukokemus voi olla ainoa tapa pelastaa Lapin matkailu",2020-08-25T13:22:30Z
3-11558435,https://yle.fi/uutiset/3-11558435,"Koronan piti täyttää teho-osastot, mutta ne jäivätkin tyhjilleen: ""On isomman arvioinnin paikka"", sanoo perustuslakivaliokunnan puheenjohtaja",2020-09-23T08:07:34Z
3-11399481,https://yle.fi/uutiset/3-11399481,"Perustuslakivaliokunta ei hyväksy jättimäisen EU-elvytysrahaston rahoittamista lainalla, suuri valiokunta näytti vihreää valoa hallituksen linjalle",2020-06-12T11:44:46Z
3-11216371,https://yle.fi/uutiset/3-11216371,"Pääministeri Marin: Haavisto saa jatkaa ulkoministerinä esitutkinnan aikana – ""Nähdäkseni sille ei ole estettä""",2020-02-19T08:29:16Z
3-11278212,https://yle.fi/uutiset/3-11278212,"Hallitus korjaa asetustaan Uudenmaan eristämisestä, rajoitukset halutaan voimaan yhä keskiyöllä – Yle seurasi historiallista päivää ",2020-03-27T03:50:00Z
3-11691056,https://yle.fi/uutiset/3-11691056,Tarja Filatov nousee eduskunnan varapuhemieheksi Antti Rinteen tilalle,2020-12-10T14:05:14Z
3-11276735,https://yle.fi/uutiset/3-11276735,"Perustuslakivaliokunta kuulee asiantuntijoita Uudenmaan liikkumisrajoituksista huomenna – Puheenjohtaja arvioi, että kielto voisi tulla voimaan jo perjantaina",2020-03-26T09:50:57Z
3-11689947,https://yle.fi/uutiset/3-11689947,"HS: Presidentti Niinistö huolissaan, jos luottamus perustuslakivaliokuntaan rapautuu",2020-12-09T20:09:31Z
3-11568130,https://yle.fi/uutiset/3-11568130,"Lapin kansanedustajat eivät kieltäisi kaivostoimintaa kokonaan saamelaisalueella – Saamelaiskäräjien puheenjohtaja: ""Kaivostoiminta ei sovi saamelaisalueelle""",2020-09-30T14:27:46Z
3-11289045,https://yle.fi/uutiset/3-11289045,Perustuslakivaliokunta: Ravintolat voidaan sulkea lauantaina,2020-04-02T13:29:23Z
3-11686370,https://yle.fi/uutiset/3-11686370,"Perustuslakivaliokunta ei saanut tänään valmiiksi mietintöään Haavisto-asiassa, käsittely jatkuu huomenna",2020-12-08T09:42:45Z
3-11688904,https://yle.fi/uutiset/3-11688904,Pääministeri Marin: Haavistolla on hallituspuolueiden puheenjohtajien tuki jatkaa ministerinä – perustuslakivaliokunta ei näe edellytyksiä syytteen nostamiselle al-Hol-asiassa,2020-12-09T14:10:00Z
3-11155560,https://yle.fi/uutiset/3-11155560,Al-Hol-vyyhti: Haavisto ja Tuominen antoivat perustuslakivaliokunnalle ristiriitaiset lausunnot – Tällainen on salassa pidetty Korpi-ryhmä,2020-01-14T03:37:00Z
3-11446826,https://yle.fi/uutiset/3-11446826,Haaviston rikosepäilyn käsittely jatkuu syyskuussa – perustuslakivaliokunta varautunut käsittelemään vielä kesän aikana EU:n elvytysrahastoa,2020-07-14T08:23:27Z
3-11434846,https://yle.fi/uutiset/3-11434846,Ulkoministeri Pekka Haaviston al-Holin toimia koskeva esitutkinta on valmistunut ,2020-07-06T09:09:43Z
3-11292335,https://yle.fi/uutiset/3-11292335,"Ravintolat, kahvilat, baarit ja pubit sulkivat ovensa toukokuun loppuun asti",2020-04-03T22:28:15Z
3-11303275,https://yle.fi/uutiset/3-11303275,Poliitikot yllättyivät vallastaan: Hallitus voisi runnoa poikkeustoimet läpi oppositiosta välittämättä – Valmiuslain kiristys ehkä pohdintaan ,2020-04-12T15:18:15Z
3-11263507,https://yle.fi/uutiset/3-11263507,"Perustuslakivaliokunta kertoi kantansa valmiuslakiin: Kiireellinen asetus läpäisi seulan, terveydenhuollon työvelvoite jäi valiokunnan hampaisiin",2020-03-18T10:27:17Z
3-11649645,https://yle.fi/uutiset/3-11649645,Analyysi: Perustuslakivaliokunta ratkaisee ulkoministeri Pekka Haaviston poliittisen tulevaisuuden – päätös valmistunee ensi viikon alussa,2020-11-24T03:57:00Z
3-11272825,https://yle.fi/uutiset/3-11272825,"Katso, miten tehohoitoa tarvitseville potilaille käy, jos koronatartuntojen määrää ei pystytä rajoittamaan",2020-03-26T05:30:00Z
3-11217017,https://yle.fi/uutiset/3-11217017,"Vain harvan ministerin toiminta on päätynyt esitutkintaan Suomessa – Professori Haaviston tapauksesta: ""Kova päätös""",2020-02-19T14:36:50Z
3-11265870,https://yle.fi/uutiset/3-11265870,Perustuslakivaliokunta näytti pääosin vihreää valoa valmiuslain soveltamisasetuksille – opetus- ja varhaiskasvatusasioihin palataan vielä ensi viikolla,2020-03-19T12:53:22Z
3-11276266,https://yle.fi/uutiset/3-11276266,"Tuleeko matkustuskielto voimaan jo perjantaina? Perustuslakivaliokunnan puheenjohtaja: ""Tämä vaatii harkintaa ja aikaa, mutta teemme parhaamme""",2020-03-25T22:04:13Z
3-11575999,https://yle.fi/uutiset/3-11575999,Eduskunta tyytymätön tiedonsaantiin: Myös salassa pidettävät tiedot kerrottava eduskunnalle,2020-10-02T10:50:17Z
3-11218750,https://yle.fi/uutiset/3-11218750,"Perustuslakivaliokunta kuuli kansanedustaja Juha Mäenpäätä vieraslajipuheista – ""En ole mielestäni loukannut mitään ryhmää""",2020-02-20T10:08:51Z
3-11324641,https://yle.fi/uutiset/3-11324641,Kymmenien miljoonien laajennus ehti valmistua juuri ennen koronaa – nyt yhdellä Suomen vilkkaimmista kentistä on vain muutama kymmenen asiakasta päivässä,2020-04-28T08:38:54Z
3-11603375,https://yle.fi/uutiset/3-11603375,"Sote-valiokunta linjasi: Yökerhoille ja pubeille tiukemmat, ruokaravintoloille ja kahviloille löyhemmät koronarajoitukset – aukioloajat alueen epidemiatilanteen mukaan",2020-10-20T09:24:46Z
3-11251700,https://yle.fi/uutiset/3-11251700,"Jäämeren rataa on vaikea perustella ilman Tallinna-tunnelia, sanoo ratahankkeiden puuhamies Peter Vesterbacka – Jäämeren rata vielä lähtökuopissa",2020-03-11T14:12:21Z
3-11700761,https://yle.fi/uutiset/3-11700761,Antti Rinteestä perustuslakivaliokunnan pätkäpuheenjohtaja: Sosiaalinen media on lisännyt riidanhalua ja näin pienelle kansakunnalle se ei sovi,2020-12-16T18:51:57Z
3-11157396,https://yle.fi/uutiset/3-11157396,"Oikeuskansleri Tuomas Pöysti: Terrorismilainsäädäntöä voitaisiin kiristää, koska sen soveltamisessa on ongelmia",2020-01-14T20:23:32Z
3-11598363,https://yle.fi/uutiset/3-11598363,Haaviston virkarikosepäilyjen käsittely lykkääntyi perussuomalaisten koronavirusaltistumisten takia – kaikki puolueen edustajat poissa perustuslakivaliokunnasta,2020-10-16T09:33:57Z
3-11403606,https://yle.fi/uutiset/3-11403606,Perustuslakivaliokunta: perussuomalaisten kansanedustajan Juha Mäenpään syytesuoja olisi poistettava – Halla-aho syyttää politisoitumisesta,2020-06-17T08:36:38Z
3-11197601,https://yle.fi/uutiset/3-11197601,Kansanedustaja Juha Mäenpään syyteasia suoraan perustuslakivaliokuntaan – eduskuntaryhmät halusivat monimutkaiseen oikeusasiaan valiokunnan kannan,2020-02-07T11:23:44Z
3-11340372,https://yle.fi/uutiset/3-11340372,Ylen tieto: Valtakunnansyyttäjä on ilmoittanut perustuslakivaliokunnalle haluavansa syyttää perussuomalaisten kansanedustajaa Juha Mäenpäätä ,2020-05-07T15:24:28Z
3-11255788,https://yle.fi/uutiset/3-11255788,Oppositio ei käytä koronasta johtuvia poissaoloja hyödykseen eduskunnassa – Lindtman: ”Lainsäädäntötyö halutaan viedä kaikissa tilanteissa läpi”,2020-03-13T12:00:05Z
3-11444463,https://yle.fi/uutiset/3-11444463,"Herätys: Eduskunnan perustuslakivaliokunnalla ruuhkavuosi, tuulivoimalle maksetaan ennätystukia, matalapaine väistyy",2020-07-12T05:16:44Z
3-11630464,https://yle.fi/uutiset/3-11630464,Haavisto-tutkinnan valmistuminen lykkääntyy: Asiantuntijoita kuullaan vielä marraskuun ajan,2020-11-04T11:47:56Z
3-11276276,https://yle.fi/uutiset/3-11276276,"Analyysi: Hallituksen esitys liikkumisrajoituksesta osoittaa, kuinka vakava koronavirustilanne Suomessa on",2020-03-26T04:00:00Z
3-11662849,https://yle.fi/uutiset/3-11662849,"Ministeri Kiuru antoi ohjeita koronan leviämisalueille: uimahallit ja ryhmäliikunta seis, lasten harrastusten lopettamista harkittava tarkkaan: ""Yleinen tahtotila on, että tehdään se, mikä on tehtävissä""  ",2020-11-24T09:21:47Z
3-11217210,https://yle.fi/uutiset/3-11217210,Analyysi: Miksi poliisia tarvitaan selvittämään ulkoministerin tekoja?,2020-02-19T15:51:08Z
3-11189834,https://yle.fi/uutiset/3-11189834,"Eduskunta avaa kevään: Mika Niikko kiistää Kiina-kytkökset, ja Juha Mäenpään puherajoja puidaan eduskunnan käräjillä",2020-02-04T03:58:00Z
3-11401289,https://yle.fi/uutiset/3-11401289,"Hallitus päätti luopua valmiuslain käytöstä, Suomi palaa normaalioloihin – pääministeri Marin: ""Epidemian uhka ei ole ohi""",2020-06-15T02:30:00Z
3-11399211,https://yle.fi/uutiset/3-11399211,"Mahdollistaako soteuudistus Länsi-Pohjan miljardiulkoistuksen purkamisen? Sotevaliokunnan puheenjohtaja Markus Lohi: ""Ei se mahdoton ajatus ole""",2020-06-15T02:55:00Z
3-11279450,https://yle.fi/uutiset/3-11279450,"Uudenmaan liikkumisrajoitukset astuivat voimaan klo 00.00 – Hallitus päätti yksityiskohdista, eduskunta hyväksyi esityksen jo aiemmin",2020-03-27T13:20:38Z
3-11463178,https://yle.fi/uutiset/3-11463178,Tutkija: Perussuomalaisten syytöksen tarkoituksena on työntää epäilyksen varjo pääministeri Marinin ylle,2020-07-23T17:04:00Z
3-11415018,https://yle.fi/uutiset/3-11415018,"Perussuomalaisten Mäenpään syytesuojasta puhkesi kiivas väittely: Arhinmäki syytti vihapuheen suojelusta, Halla-aho varoitti kierteestä",2020-06-24T08:05:52Z
3-11487949,https://yle.fi/uutiset/3-11487949,"Torniossa Suomen rajan ylittää 10 000 päivässä – Rajatyöhön tulvii yhteydenottoja: ""Henkilö ei ole pystynyt nukkumaan viime yönä, kun hän on huolissaan työpaikasta""",2020-08-11T08:31:47Z
3-11387856,https://yle.fi/uutiset/3-11387856,Analyysi: Länsirajan valvontaoperaatio näyttää yhä enemmän kansalaisten harhauttamiselta,2020-06-06T06:30:00Z
3-11426669,https://yle.fi/uutiset/3-11426669,"Analyysi: EU-elvytysrahoista voi tulla vielä perustuslaillinen riita Suomessa – eduskunta ja asiantuntijat täysin eri linjoilla, mitä perustuslaki sallii",2020-07-01T14:58:08Z
3-11696403,https://yle.fi/uutiset/3-11696403,"Markus Mustajärvi jää pois kuntapolitiikasta keväällä – vain Kaisa Juuson, Heikki Autton ja Markus Lohen kuntavaaliehdokkuus on varmaa",2020-12-15T05:33:42Z
3-11649213,https://yle.fi/uutiset/3-11649213,"Enemmistö Lapin päättäjistä ei puolla Kiurun eroa – Lohi: ""Kyseessä hätähuuto""",2020-11-16T07:18:00Z
3-11598814,https://yle.fi/uutiset/3-11598814,Lapin matkailuväki tuskailee edelleen epätietoisuudessa – yritysten edusnainen: Jokainen päivä ilman selkeitä sääntöjä tuo enemmän menetyksiä,2020-10-16T11:21:42Z
3-11568831,https://yle.fi/uutiset/3-11568831,Lapin kansanedustajat vastustavat uusia rajoituksia Lapin kaikille ravintoloille – ainakin jos niitä asetetaan Helsingistä,2020-09-29T11:57:13Z
3-11195515,https://yle.fi/uutiset/3-11195515,Suurin osa Lapin kansanedustajista kannattaa kaivosveron käyttöönottoa – Kaisa Juuso vielä miettii,2020-02-07T04:05:14Z
3-11284872,https://yle.fi/uutiset/3-11284872,Lapin kansanedustajat: koronakriisi voi tuoda isojakin pysyviä muutoksia arkeen  ,2020-04-15T09:14:04Z
3-11518084,https://yle.fi/uutiset/3-11518084,Lapin kansanedustajat vetoavat hallitukseen: Matkailualan hätään reagoitava nyt eikä sitten kun vahinko on jo tapahtunut,2020-08-29T10:07:00Z
3-11216619,https://yle.fi/uutiset/3-11216619,Ilmajokelaiskansanedustaja perustuslakivaliokunnan kuultavana,2020-02-20T03:18:10Z
3-11321833,https://yle.fi/uutiset/3-11321833,Lue tästä Lapin koronapäivitykset 6.–22.4.,2020-04-24T11:59:03Z
3-11556586,https://yle.fi/uutiset/3-11556586,Lue tästä Lapin koronapäivitykset 5.8.–17.9. 2020,2020-09-21T16:39:44Z
3-11275130,https://yle.fi/uutiset/3-11275130,Lue tästä koronapäivitykset 24.3.–5.4.,2020-03-25T18:35:43Z
3-11536702,https://yle.fi/uutiset/3-11536702,Lue tästä koronapäivitykset 8.9.–30.9.,2020-09-10T04:00:23Z
3-11254317,https://yle.fi/uutiset/3-11254317,Lue tästä koronaviruspäivitykset 17.2.–23.3.,2020-03-12T15:16:25Z
3-11268694,https://yle.fi/uutiset/3-11268694,زانیاری سەبارەت بە ڤایرۆسی کۆرۆنا ,2020-03-20T16:40:31Z
