id,url,title,date_modified
3-11385469,https://yle.fi/uutiset/3-11385469,"Eduskunnassa käytiin kiivas keskustelu EU:n isosta elvytyspaketista – oppositio kävi jo etukäteen kuumana, kun hallituksen kantaa ei kuulunut",2020-06-04T13:46:59Z
3-11347479,https://yle.fi/uutiset/3-11347479,Eduskunta ruoti ravintoloiden koronatukia – Työministeri Haatainen puolusti tukien perustumista tammi–helmikuuhun,2020-05-12T10:43:09Z
3-11218416,https://yle.fi/uutiset/3-11218416,"
Kuka lähmii eduskunnan hissiä? Mysteeri on vaivannut siivoojia jo vuosia",2020-02-20T12:52:42Z
3-11319863,https://yle.fi/uutiset/3-11319863,Yritystuet nousivat kyselytunnin pääaiheeksi – Ministeri Lintilä lupaili uutta asetusta eduskunnalle,2020-04-23T12:18:09Z
3-11228135,https://yle.fi/uutiset/3-11228135,"Ylen kysely: Kansanedustajat tyrmäävät lapsilisien poiston hyvätuloisilta – ""Se olisi vääränlainen viesti"", ""Koko järjestelmän rahoittaminen voisi vaarantua""",2020-03-03T03:37:00Z
3-11371462,https://yle.fi/uutiset/3-11371462,"Ylen kysely: Oppivelvollisuusiän korotus jakaa eduskuntaa – oppositio luopuisi, hallitus kannattaa, keskustassa epäröidään",2020-06-02T02:30:00Z
3-11320222,https://yle.fi/uutiset/3-11320222,Mies huuruisten bilebiisien takana rentoutuu kalastaen – Heinosen Pasin tunnet vain lempinimeltä,2020-05-02T15:30:00Z
3-11686472,https://yle.fi/uutiset/3-11686472,Keski-Suomen kansanedustajat toivovat valtiolta lisätukea talousvaikeuksiin ajautuneille urheiluseuroille,2020-12-08T12:53:51Z
3-11519122,https://yle.fi/uutiset/3-11519122,Keski-Suomen koronatestaus saa vaalipiirin kansanedustajilta risuja mutta myös ymmärrystä,2020-09-03T12:04:30Z
3-11297180,https://yle.fi/uutiset/3-11297180,Kansanedustajat eivät usko kuntaliitosten pelastavan ahdinkoon joutuvia kuntia – valtio saa auttaa koronakriisissä,2020-04-08T07:15:41Z
3-11227718,https://yle.fi/uutiset/3-11227718,Laajakaista kaikille muuttui murheeksi muutamille – Keski-Suomen kansanedustajien enemmistö haluaa lisää valtion rahaa kuntien verkkoihin,2020-03-03T04:15:00Z
3-11182565,https://yle.fi/uutiset/3-11182565,Tuulivoiman maihinnousu tuo paineita kaavoitukseen - Keski-Suomen kansanedustajien enemmistö lisäisi tuulivoima-alueita maakunnassa,2020-01-30T17:35:00Z
3-11330066,https://yle.fi/uutiset/3-11330066,Keskisuomalaiset kansanedustajat eivät innostu siirtämään kesämökkiläisten terveydenhuoltoa kuntien vastuulle,2020-05-04T15:00:00Z
3-11717756,https://yle.fi/uutiset/3-11717756,"Keski-Suomen keskussairaala tekee jatkossakin vaativia leikkauksia, vaikka keskittämisasetus on viemässä  huippuosaamista yliopistosairaaloihin ",2020-12-30T05:56:15Z
3-11592341,https://yle.fi/uutiset/3-11592341,Maanomistajille oikeus kieltää malminetsintä? – Valtaosa Keski-Suomen kansanedustajista tiukentaisi kaivoslakia,2020-10-13T14:15:00Z
3-11621065,https://yle.fi/uutiset/3-11621065,Valtaosa Keski-Suomen kansanedustajista lähtee ehdolle kunnallisvaaleihin – pitkän valtuustouran tehnyt keskustan Anne Kalmari jää pois,2020-11-02T12:35:16Z
3-11628470,https://yle.fi/uutiset/3-11628470,Perussuomalaisten Jouni Kotiaho Jämsästä ylsi tuloillaan istuvien kansanedustajien kärkiviisikkoon,2020-11-03T13:17:26Z
3-11378600,https://yle.fi/uutiset/3-11378600,"Koronakriisin kolhimien yritysten tukeminen kuuluu valtiolle, sanoo Keski-Suomen kansanedustajien enemmistö",2020-06-04T03:00:00Z
