id,url,title,date_modified
3-11231144,https://yle.fi/uutiset/3-11231144,"Yle seurasi: Pääministeri Marin antoi ilmoituksen koronaviruksen hoitamisesta – ""On luonnollista, että kansalaisten huoli kasvaa""",2020-02-27T13:26:24Z
3-11229347,https://yle.fi/uutiset/3-11229347,Helsinki nostanut valmiutta koronaviruksen vuoksi – Johtajalääkäri: Potilaat erillisiin yksiköihin ja tarvittaessa kotikaranteeniin,2020-02-26T16:21:33Z
3-11181696,https://yle.fi/uutiset/3-11181696,Ylen kysely kansanedustajille: Oikeisto ja vihreät haluavat porrastaa ansiosidonnaisen – Vasemmisto ja puolet perussuomalaisista vastustaa,2020-02-04T03:30:00Z
3-11327998,https://yle.fi/uutiset/3-11327998,"Pääministeri Marin antoi eduskunnalle ilmoituksen koronakriisin hoidosta: ""Epidemian vaikutukset yllättivät"", ""kannan suojavarusteista kovaa huolta""",2020-04-29T10:00:22Z
3-11189968,https://yle.fi/uutiset/3-11189968,"Uudet kansanedustajat työstään: Istuntosali kuin show-painiareena, valtaa käytetään valiokunnissa – ""Hyvä, että siellä ollaan suljettujen ovien takana""",2020-02-09T05:58:00Z
