id,url,title,date_modified
3-11232628,https://yle.fi/uutiset/3-11232628,"Vaasassa juhlitaan tänään laajan päivystyksen sairaalaa – taistelu oman sairaalan puolesta kesti neljä vuotta, katso suora lähetys kello 13.30 ",2020-03-02T05:30:00Z
3-11520785,https://yle.fi/uutiset/3-11520785,"Turpeen verotuen poisto on kipeä kysymys turvealueilla – pohjalaiskansanedustajat eivät halua muutoksia ja luonnosuojeluliiton aluesihteerikin ymmärtää kannan, vaikka on eri mieltä",2020-09-01T07:55:00Z
3-11679167,https://yle.fi/uutiset/3-11679167,"Lapin rekikoirien adoptio ei ole fiksu vaihtoehto, sanoo husky-yrittäjä Erika Zopf: “Huskylle ei iso takapiha riitä”",2020-12-04T16:50:00Z
3-11548856,https://yle.fi/uutiset/3-11548856,“Eutanasia ei ole elämän väheksymistä“ - Eutanasian laillistaminen saa kannatusta sosiaali- ja terveysvaliokunnassa,2020-09-18T15:55:00Z
3-11189968,https://yle.fi/uutiset/3-11189968,"Uudet kansanedustajat työstään: Istuntosali kuin show-painiareena, valtaa käytetään valiokunnissa – ""Hyvä, että siellä ollaan suljettujen ovien takana""",2020-02-09T05:58:00Z
3-11716478,https://yle.fi/uutiset/3-11716478,Vaasan vaalipiirin kansanedustajista ahkerimpia puhujia Paula Risikko ja Pasi Kivisaari – vähiten puheenvuoroja on käyttänyt Jukka Mäkynen,2020-12-31T06:13:39Z
3-11384828,https://yle.fi/uutiset/3-11384828,"11-vuotias Myrtis antiikin Kreikasta haluaa pelastaa nykylapset tappavilta taudeilta – sometili ""haudan takaa"" kannustaa käsienpesuun",2020-06-05T03:10:00Z
3-11367492,https://yle.fi/uutiset/3-11367492,Ravintola-alalla pohditaan nyt kiivaasti palaavatko asiakkaat ensi viikolla – uudenlainen epävarmuus vaikuttaa koko tuotantoketjuun,2020-05-28T06:15:00Z
3-11572822,https://yle.fi/uutiset/3-11572822,Kaksi vuotta sitten Kari Hotakainen iski kultasuoneen Kimi Räikkösen elämäkerralla – nyt hän pelastaa tuotoilla käännöskirjallisuutta ahdingosta,2020-10-01T06:33:07Z
3-11570155,https://yle.fi/uutiset/3-11570155,Kärsivälle Vantaalle vaihteeksi hyviä uutisia: iso logistiikkakeskus nousee lentoaseman tuntumaan – mutta riittääkö se pelastamaan kaupunkia?,2020-09-30T07:16:17Z
3-11677348,https://yle.fi/uutiset/3-11677348,Vaasan vaalipiirin kansanedustajat vieroksuvat biokaasun verottamista,2020-12-07T08:31:46Z
3-11404472,https://yle.fi/uutiset/3-11404472,Ahdistuneet miehet kuvittelivat surmanneensa ja ruotsalainen valehteli itsestään sarjamurhaajan – miksi syytön tunnustaa vakavan rikoksen?,2020-06-21T16:30:00Z
3-11306547,https://yle.fi/uutiset/3-11306547,Mika D. Rubanovitsch keräsi vuonna 2014 valtavan pinon ideoita Stockmannin pelastamiseksi – raportti lähes sivuutettiin ja nyt yhtiö on saneerauksessa,2020-04-16T06:00:00Z
3-11415221,https://yle.fi/uutiset/3-11415221,"Opiskelijapari nukkui Viking Sallyn kannella makuupusseissaan, kun tappaja hyökkäsi – Turun poliisin mukaan 33 vuotta vanha murha on selvinnyt",2020-09-11T06:33:36Z
3-11681779,https://yle.fi/uutiset/3-11681779,"Kun eläkeputkesta ei saatu sopua, kolmikanta julistettiin taas kuolleeksi – Hautajaisia on vietetty ennenkin, mutta onko tällä kertaa kaikki toisin?",2020-12-12T06:22:00Z
3-11334291,https://yle.fi/uutiset/3-11334291,Pohjalaiskansanedustajat eivät antaisi verovähennystä etäkoulun läppäreihin ,2020-05-05T03:54:17Z
3-11417157,https://yle.fi/uutiset/3-11417157,Perussuomalaisten Juha Mäenpään syytesuoja saa Vaasan vaalipiirissä tukea myös muilta kuin oman puolueen kansanedustajilta,2020-06-25T09:38:37Z
3-11294154,https://yle.fi/uutiset/3-11294154,"""Maatalous huoltovarmuuden kivijalka"" – pohjalaisedustajat maataloustukien noston kannalla",2020-04-06T12:12:27Z
3-11186165,https://yle.fi/uutiset/3-11186165,"Turkiseläinten vienti ulkomaille jakaa alueen kansanedustajia: iso osa kieltäisi, mutta tunnistaa vaikeudet ",2020-02-05T04:46:34Z
3-11375448,https://yle.fi/uutiset/3-11375448,"Rajoitusten alueellinen purkaminen jakaa vaalipiirin kansanedustajat – Ylen kyselyyn varovaisia vastauksia: ""Tässä voisi vastata sekä kyllä että ei""",2020-06-01T08:17:07Z
3-11386456,https://yle.fi/uutiset/3-11386456,Lue tästä Pohjanmaan koronapäivitykset 14.4.-22.5.2020,2020-06-10T11:33:31Z
3-11655267,https://yle.fi/uutiset/3-11655267,Lue tästä koronapäivitykset 17.11–21.11. ,2020-11-19T04:56:38Z
3-11184532,https://yle.fi/uutiset/3-11184532,"Steve Bannon vastaan Paavi Franciscus – katolisen kirkon sisällä kiehuu riita, joka on pohjimmiltaan poliittinen",2020-02-02T07:30:00Z
3-11259417,https://yle.fi/uutiset/3-11259417,"Uusimmat tiedot koronaviruksesta Etelä-Karjalassa: Neljä uutta koronatartuntaa Etelä-Karjalassa, Finentry-koronavirussovellus käyttöön Eksoten alueella",2020-03-16T11:26:08Z
3-11275130,https://yle.fi/uutiset/3-11275130,Lue tästä koronapäivitykset 24.3.–5.4.,2020-03-25T18:35:43Z
3-11254317,https://yle.fi/uutiset/3-11254317,Lue tästä koronaviruspäivitykset 17.2.–23.3.,2020-03-12T15:16:25Z
3-11323077,https://yle.fi/uutiset/3-11323077,Lue tästä koronapäivitykset 22.4.–11.5.,2020-04-26T06:37:53Z
