id,url,title,date_modified
3-11655656,https://yle.fi/uutiset/3-11655656,"Yle seurasi kyselytunnin suorana – Ikäihmisten toimeentulo ja polkupyörien kotitalousvähennys puhuttivat: ""Mökin mummo ei nyt kiitä""",2020-11-19T13:03:26Z
3-11716478,https://yle.fi/uutiset/3-11716478,Vaasan vaalipiirin kansanedustajista ahkerimpia puhujia Paula Risikko ja Pasi Kivisaari – vähiten puheenvuoroja on käyttänyt Jukka Mäkynen,2020-12-31T06:13:39Z
3-11173469,https://yle.fi/uutiset/3-11173469,Pesä Yseistä ja KPL:sta tuttu Jukka Mäkinen on IPV:n uusi kakkospelinjohtaja,2020-01-24T05:12:45Z
3-11624777,https://yle.fi/uutiset/3-11624777,Pohjanmaan Sosialidemokraatit valitsi varapuheenjohtajat ja piirihallituksen,2020-10-31T12:08:52Z
3-11294154,https://yle.fi/uutiset/3-11294154,"""Maatalous huoltovarmuuden kivijalka"" – pohjalaisedustajat maataloustukien noston kannalla",2020-04-06T12:12:27Z
3-11245193,https://yle.fi/uutiset/3-11245193,Vaasan vaalipiirin kansanedustajista kolme kieltäisi kuntien vesi- ja energiayhtiöiden myynnin ,2020-03-09T07:17:00Z
