id,url,title,date_modified
3-11547875,https://yle.fi/uutiset/3-11547875,"Yle pyysi opposition varjoriiheen: Perussuomalaiset tekisi säästölistan, kokoomus heti rajut työllisyystoimet – ""Hallituksen päätökset eivät riitä mihinkään""",2020-09-19T04:31:00Z
3-11345697,https://yle.fi/uutiset/3-11345697,"Mihin elvytysmiljardit käytetään? Yle kysyi kaikilta eduskuntapuolueilta, millä Suomi saataisiin nostettua koronasuosta",2020-05-11T18:00:53Z
3-11483185,https://yle.fi/uutiset/3-11483185,"Puolueet palauttaisivat etätyöt ja osa sulkisi yökerhot, jos koronatilanne pahenee – maskipakko epäilyttää",2020-08-07T14:20:53Z
3-11246594,https://yle.fi/uutiset/3-11246594,"Asevelvollisuus voi kokea ison mullistuksen: Puolueissa on valmiutta kutsuntoihin kaikille ja kansalaispalveluun, armeijaa arvostellaan valikoinnista",2020-03-07T15:47:59Z
3-11480528,https://yle.fi/uutiset/3-11480528,Analyysi: SDP hyökkää kärjessä kohti ensi kevään kuntavaaleja,2020-08-06T04:23:00Z
3-11712551,https://yle.fi/uutiset/3-11712551,Keskustan pormestariehdokkaaksi Helsingissä Saarikon avustaja Eeva Kärkkäinen,2020-12-22T18:59:43Z
3-11573094,https://yle.fi/uutiset/3-11573094,"Ylen kysely: Eduskunnassa vahvaa halua korottaa kotitalousvähennystä, vaikka sitä juuri alkuvuonna nipistettiin",2020-10-06T07:23:37Z
3-11590714,https://yle.fi/uutiset/3-11590714,"Ravintolarajoitukset jakavat hallitusta ja oppositiota – kysyimme eduskuntaryhmiltä, mitä erilaisista koronatoimista nyt ajatellaan",2020-10-12T13:54:27Z
3-11675431,https://yle.fi/uutiset/3-11675431,"Eduskunnan suuri enemmistö tukee EU:n yhteistä koronaelvytystä – PS, KD ja nyt-liike tyrmäsivät EU-elvytyksen",2020-12-01T14:06:06Z
3-11677649,https://yle.fi/uutiset/3-11677649,Ylen kannatusmittaus: Perussuomalaiset nousi SDP:n ohi suosituimmaksi puolueeksi – kokoomus vajoaa edelleen,2020-12-03T04:00:00Z
3-11675194,https://yle.fi/uutiset/3-11675194,Eduskuntapuolueet erimielisiä sukupuolten määrästä – yli puolet ryhmien puheenjohtajista kirjaisi lakiin kolmannen tai useamman sukupuolen,2020-12-01T13:37:25Z
3-11475870,https://yle.fi/uutiset/3-11475870,"Uutissuomalainen: Eduskuntaryhmien puheenjohtajat avoimia kasvomaskisuositukselle, jos koronatilanne pahenee",2020-08-01T06:44:33Z
3-11523136,https://yle.fi/uutiset/3-11523136,SDP:n kannatushuippu taittui puoluekokoukseen – kokoomus kiri kiinni perussuomalaisia,2020-09-03T03:00:00Z
3-11606651,https://yle.fi/uutiset/3-11606651,"Eduskuntapuolueiden enemmistö tukee aborttilain muutosta – kansalaisaloite vaatii, että abortin saamiseen riittäisi raskaana olevan oma tahto",2020-10-22T08:18:22Z
3-11350950,https://yle.fi/uutiset/3-11350950,"Oppositio kurmotti kyselytunnilla hallitusta kasvavista EU-vastuista, ravintolapäätöksen viipymisestä ja suojamaskisuosituksesta",2020-05-14T12:02:00Z
3-11167310,https://yle.fi/uutiset/3-11167310,Pitäisikö lain taata kaikille vähintään kympin tuntipalkka? Kysyimme puolueiden kannat EU:n minimipalkkaehdotukseen,2020-01-20T15:58:14Z
3-11146687,https://yle.fi/uutiset/3-11146687,"Opetusministeri Li Andersson uskonnonopetuksen ja elämänkatsomustiedon yhdistämisestä: ""Tervehdin keskustelua ilolla""",2020-01-07T14:49:54Z
3-11379018,https://yle.fi/uutiset/3-11379018,"Pitäisikö perheen itse saada valita, onko lapsi etä- vai lähiopetuksessa? Näin Suomen koronapesäkkeen kansanedustajien äänet jakautuvat",2020-06-02T10:53:51Z
3-11300395,https://yle.fi/uutiset/3-11300395,"Oppositio kaipaa erityistukea ravintoloille – Rahan riittämistä oppivelvollisuuden pidentämiseen epäillään, koska valtion velka kasvaa",2020-04-09T14:51:49Z
3-11629797,https://yle.fi/uutiset/3-11629797,"Mitä tienasivat yritysjohtajat, kansanedustajat ja urheilijat – ja mitä se kertoo Suomesta? Katso kooste veropäivän huipuista",2020-11-04T09:47:47Z
3-11584848,https://yle.fi/uutiset/3-11584848,"Oppositio roimi hallitusta hämärästä koronaviestinnästä – Marin myönsi, että maskisuositus jäi keväällä antamatta, koska maskeja ei ollut saatavilla",2020-10-08T11:56:00Z
3-11394739,https://yle.fi/uutiset/3-11394739,"Kysyimme kansanedustajilta koronakevään onnistumisia, katso mistä oma edustajasi kehui itseään",2020-06-13T04:20:00Z
3-11684882,https://yle.fi/uutiset/3-11684882,Ylen kysely: Kokoomuksen ja RKP:n kansanedustajia kaihertaa hallituksen ratkaisu sote-rahoista – keskustalta ja SDP:ltä kiitosta,2020-12-08T03:47:00Z
3-11580090,https://yle.fi/uutiset/3-11580090,"""Kiusaaminen on yhteiskunnan mätäpaise"" – näin pääkaupunkiseudun kansanedustajat ratkoisivat kouluväkivaltaa: empatian opettelua ja kovempia rangaistuksia",2020-10-06T06:45:00Z
3-11626861,https://yle.fi/uutiset/3-11626861,Yle selvitti poliitikkojen usean vuoden tulot: pienipalkkaiset naiset nousivat vallan huipulle – pääministeri Marin kuusinkertaisti ansionsa,2020-11-03T15:48:42Z
3-11486313,https://yle.fi/uutiset/3-11486313,Valtion taloutta ohjataan nyt sumussa – lisävelka jakaa eduskuntaryhmiä,2020-08-11T02:50:00Z
3-11371462,https://yle.fi/uutiset/3-11371462,"Ylen kysely: Oppivelvollisuusiän korotus jakaa eduskuntaa – oppositio luopuisi, hallitus kannattaa, keskustassa epäröidään",2020-06-02T02:30:00Z
3-11514561,https://yle.fi/uutiset/3-11514561,"Ylen kysely kansanedustajille: Enemmistö vastaajista  säilyttäisi eläkeputken – Kokoomuksen, vihreiden ja RKP:n  edustajilta tukea poistolle",2020-09-01T02:30:00Z
3-11480101,https://yle.fi/uutiset/3-11480101,Pitäisikö seksikaupan lainsäädäntöä muuttaa? Puolueet ovat asiasta eri linjoilla Ylen kyselyssä,2020-08-05T14:31:03Z
3-11568491,https://yle.fi/uutiset/3-11568491,Tutkimus eduskuntavaalien ehdokkaista: Tutkijat toivovat pelisääntöjä vaalihäirinnän estämiseksi – poliittisia oikeuksia ei saa kaventaa,2020-10-01T07:00:00Z
3-11363597,https://yle.fi/uutiset/3-11363597,Yle selvitti opposition koronalinjan: Tartunnat pitää painaa nollaan ja hallituksen on suositeltava kasvomaskin käyttöä väkijoukoissa,2020-05-22T14:36:59Z
3-11625498,https://yle.fi/uutiset/3-11625498,"Uusimmat tiedot veropäivästä: Marin pitää suurituloisten nimien poistamista valitettavana, suurten valtionyhtiöiden pomoilla miljoonatulot",2020-11-03T03:30:00Z
3-11449657,https://yle.fi/uutiset/3-11449657,Puoluepomot olisivat valmiita ulottamaan ansiosidonnaisen kaikille – Yle seurasi Suomi-areenan paneelikeskustelua,2020-07-15T18:24:02Z
3-11628470,https://yle.fi/uutiset/3-11628470,Perussuomalaisten Jouni Kotiaho Jämsästä ylsi tuloillaan istuvien kansanedustajien kärkiviisikkoon,2020-11-03T13:17:26Z
