id,url,title,date_modified
3-11401244,https://yle.fi/uutiset/3-11401244,Pääministeri Marin: Valmiuslain pykälät voidaan kumota jo ennen kesäkuun loppua ,2020-06-14T10:36:52Z
3-11688464,https://yle.fi/uutiset/3-11688464,"Ylen tiedot: Perustuslakivaliokunnan mukaan Pekka Haavisto on toiminut lainvastaisesti, mutta syytekynnys ei ylity – vihreät jättää vastalauseen",2020-12-09T09:59:17Z
3-11696048,https://yle.fi/uutiset/3-11696048,HS: Professori Tuomas Ojanen tekee rikosilmoituksen Mikko Kärnästä – Kärnä kiistää Ylelle syyllistyneensä kunnianloukkaukseen,2020-12-14T10:45:36Z
3-11692448,https://yle.fi/uutiset/3-11692448,Katso tallenne: Perussuomalaiset esitti epäluottamuslausetta ulkoministeri Haavistolle – eduskunta jatkaa ulkoministerin toimien käsittelyä ensi viikolla,2020-12-11T09:11:52Z
3-11688904,https://yle.fi/uutiset/3-11688904,Pääministeri Marin: Haavistolla on hallituspuolueiden puheenjohtajien tuki jatkaa ministerinä – perustuslakivaliokunta ei näe edellytyksiä syytteen nostamiselle al-Hol-asiassa,2020-12-09T14:10:00Z
3-11691785,https://yle.fi/uutiset/3-11691785,Korkeimman oikeuden presidentti ei innostu Niinistön ehdotuksesta perustuslakivaliokunnan työn kehittämisestä – ex-puheenjohtajat  varoittavat instituutioiden välisestä jännitteestä,2020-12-10T16:25:46Z
3-11379018,https://yle.fi/uutiset/3-11379018,"Pitäisikö perheen itse saada valita, onko lapsi etä- vai lähiopetuksessa? Näin Suomen koronapesäkkeen kansanedustajien äänet jakautuvat",2020-06-02T10:53:51Z
3-11573094,https://yle.fi/uutiset/3-11573094,"Ylen kysely: Eduskunnassa vahvaa halua korottaa kotitalousvähennystä, vaikka sitä juuri alkuvuonna nipistettiin",2020-10-06T07:23:37Z
3-11228135,https://yle.fi/uutiset/3-11228135,"Ylen kysely: Kansanedustajat tyrmäävät lapsilisien poiston hyvätuloisilta – ""Se olisi vääränlainen viesti"", ""Koko järjestelmän rahoittaminen voisi vaarantua""",2020-03-03T03:37:00Z
3-11189968,https://yle.fi/uutiset/3-11189968,"Uudet kansanedustajat työstään: Istuntosali kuin show-painiareena, valtaa käytetään valiokunnissa – ""Hyvä, että siellä ollaan suljettujen ovien takana""",2020-02-09T05:58:00Z
3-11611809,https://yle.fi/uutiset/3-11611809,Jussi Holopaisen lapsen ei tarvitse enää tulla nälkäisenä päiväkodista – Kajaanissa alettiin lopulta tarjota vegaaniruokaa lapsille,2020-10-26T10:02:00Z
3-11535489,https://yle.fi/uutiset/3-11535489,"Nelli Holopainen, 6, tulee usein nälkäisenä päiväkodista – ruokavalioon sopivaa ruokaa ei tarjota eikä omia eväitä sallita",2020-09-10T17:39:00Z
3-11392040,https://yle.fi/uutiset/3-11392040,Tallinna-tunnelin linjauksesta syntyi taas kiista – Tunnelin puuhamies: Rakentaminen työllistäisi 30 000 ihmistä kuuden vuoden ajan,2020-06-09T12:08:37Z
3-11483218,https://yle.fi/uutiset/3-11483218,Päijät-Hämeen hyvinvointiyhtymän ja Mehiläisen sote-yhteisyritys perustetaan,2020-08-07T08:16:43Z
3-11684773,https://yle.fi/uutiset/3-11684773,"Keväällä iskee mielenterveyspommi, sanoo Olavi Sydänmaanlakka – Terapiatakuuta tarvitaan ja se halutaan, mutta kansanedustajat ovat eri mieltä sen toteutuksesta",2020-12-11T05:35:00Z
3-11627809,https://yle.fi/uutiset/3-11627809,"
Lapin kovatuloisimmat tienasivat yrityskaupoilla – verokuningas autovuokraamoyrittäjä Jussi Holopainen, kakkosena päiväkodit myynyt Mari Jolanki",2020-11-03T08:58:24Z
3-11656007,https://yle.fi/uutiset/3-11656007,Sähköt alkavat vähitellen palautua Savon Voiman jakelualueella – yöksi sähköttä jää arviolta 10 000 taloutta,2020-11-19T11:58:58Z
3-11254317,https://yle.fi/uutiset/3-11254317,Lue tästä koronaviruspäivitykset 17.2.–23.3.,2020-03-12T15:16:25Z
