id,url,title,date_modified
3-11590558,https://yle.fi/uutiset/3-11590558,"Nais- ja miesnäyttelijöiden Jussi-palkinnoista pitää luopua, sanoo elokuva-alan kärki Ylen kyselyssä",2020-10-13T03:17:00Z
3-11684882,https://yle.fi/uutiset/3-11684882,Ylen kysely: Kokoomuksen ja RKP:n kansanedustajia kaihertaa hallituksen ratkaisu sote-rahoista – keskustalta ja SDP:ltä kiitosta,2020-12-08T03:47:00Z
3-11580090,https://yle.fi/uutiset/3-11580090,"""Kiusaaminen on yhteiskunnan mätäpaise"" – näin pääkaupunkiseudun kansanedustajat ratkoisivat kouluväkivaltaa: empatian opettelua ja kovempia rangaistuksia",2020-10-06T06:45:00Z
3-11189968,https://yle.fi/uutiset/3-11189968,"Uudet kansanedustajat työstään: Istuntosali kuin show-painiareena, valtaa käytetään valiokunnissa – ""Hyvä, että siellä ollaan suljettujen ovien takana""",2020-02-09T05:58:00Z
3-11646187,https://yle.fi/uutiset/3-11646187,Tampereen valtuusto päätti talousarviosta 12 tunnin maratonkokouksessa – suuria investointeja ja tukea nuorille ,2020-11-16T06:39:01Z
3-11527337,https://yle.fi/uutiset/3-11527337,"Ohjaaja Petri Kotwica pidättelee usein naurua, vaikka aihe on vakava: “Komediassa tulee vielä syvemmät hampaanjäljet”",2020-09-07T06:39:59Z
3-11523948,https://yle.fi/uutiset/3-11523948,Arkkitehti sai erikoisen toimeksiannon – nyt vaatimaton kerrostalo haastaa Olympiastadionin kisassa Finlandia-palkinnosta,2020-09-02T18:03:00Z
3-11166634,https://yle.fi/uutiset/3-11166634,”Vuosiluku 2020 kivannäköinen sormuksen kaiverruksessa” – suosittu häävuosi näkyy kirkkojen varauskalentereissa ja hääpukuliikkeissä,2020-01-24T10:20:00Z
3-11360688,https://yle.fi/uutiset/3-11360688,"Kankaanpäässä kierretään toririnkiä koko perheen voimin – vanhemmat näyttävät, miten ennen sosiaalista mediaa verkostoiduttiin",2020-05-22T16:24:00Z
3-11534994,https://yle.fi/uutiset/3-11534994,"Ylen joukkoistus: aikuiset yllättyivät, kun koululaiset oppivat käsienpesun koronasyksynä – Peppi Tuunela: En halua minun tai muiden saavan koronaa",2020-09-14T08:15:00Z
3-11443128,https://yle.fi/uutiset/3-11443128,Karavaanaribuumilla tehdään jopa vuokrausbisnestä – vuokraaja: mies haaveilee jo toisesta autosta,2020-07-10T14:30:00Z
3-11146508,https://yle.fi/uutiset/3-11146508,Venäjän keisarin ikivanhasta kalastusmajasta tuli yllättäen hitti Suomessa – takoi tasaisten vuosien jälkeen kovat kävijäluvut,2020-01-07T16:38:00Z
3-11463728,https://yle.fi/uutiset/3-11463728,"Jäitkö vaille opiskelupaikkaa? Opinto-ohjaaja kertoo vinkit, minne loppukesästä voi hakea",2020-07-25T04:12:00Z
3-11381518,https://yle.fi/uutiset/3-11381518,"Yli 300 ihmistä unohtui suljetun mielisairaalan hautausmaalle – sitten paikalle saapui tukku entisiä työntekijöitä ja kukkalasti: ”Nyt alkaa tapahtua""",2020-06-02T18:03:00Z
3-11467630,https://yle.fi/uutiset/3-11467630,Onko kuluttajien luottamus talouteen toipunut turhan nopeasti? Kysyimme ekonomistilta,2020-07-27T15:57:56Z
3-11360532,https://yle.fi/uutiset/3-11360532,"Kevään sankarit näkyvät jo vaatekaupoissa, mutta juhlaväki puuttuu – ylioppilaslakkeja menee lähes tavalliseen tapaan",2020-05-20T05:18:00Z
3-11703842,https://yle.fi/uutiset/3-11703842,"Lehtijuttu teatterikoululaisten herkkähipiäisyydestä tyrmistytti – nyt puhuvat opiskelijat: “Outoja mielikuvia syntyy, kun meitä ei kuulla”",2020-12-18T17:02:35Z
3-11671786,https://yle.fi/uutiset/3-11671786,"Koronaa potevasta Laura Frimanista tuli Instassa vertaistukihahmo sairautensa salanneille: ""Kyttäämiskulttuuri on valloillaan""",2020-11-29T17:02:43Z
3-11675410,https://yle.fi/uutiset/3-11675410,"Eutanasian salliminen huolettaa monia asiantuntijoita: kohta ei enää keskustella, onko toisen surmaaminen sallittua, vaan kenelle se tehdään",2020-12-13T05:50:00Z
3-11202408,https://yle.fi/uutiset/3-11202408,"Saamelainen erikoiskirjasto kehittänyt saamelaiskirjallisuutta jo 30 vuotta – kirjastonhoitaja: ""Lukeminen on jokaisen perusoikeus"" ",2020-02-12T06:00:00Z
3-11352070,https://yle.fi/uutiset/3-11352070,Peruuntuneet lennot ja majoitukset harmittavat monia – mikä on asiakkaan oikeus saada rahansa takaisin?,2020-05-19T08:44:26Z
3-11603771,https://yle.fi/uutiset/3-11603771,"Ekonomistit eivät vielä ennakoi, miten käy lomautetuille – ""Suuri kysymysmerkki on, jääkö meillä työttömyyden nousu tähän""",2020-10-20T13:34:02Z
3-11434883,https://yle.fi/uutiset/3-11434883,"Veneilyn suosio roimassa kasvussa, mutta vaikutukset luontoon ovat osittain mysteeri – esimerkiksi järvien roskaantumista ei seurata lainkaan",2020-07-09T02:50:00Z
3-11479148,https://yle.fi/uutiset/3-11479148,"Tämä kesä todisti, että tulevaisuuden äärisäät ovat jo täällä – vaikutukset näkyvät marjametsässä, tien päällä ja pihoissa",2020-08-05T11:04:12Z
3-11425721,https://yle.fi/uutiset/3-11425721,Minna Canthin kotitalo on jo 200 vuotta vanha ja nyt siellä aukeaa uusi näyttely – katso videokierros historiallisesta Kanttilasta,2020-07-01T08:30:00Z
3-11303869,https://yle.fi/uutiset/3-11303869,"Satoja aterioita kotioville, sukulointia videoyhteydellä ja jumalanpalveluksia tyhjille kirkoille – näin pääsiäistä vietettiin poikkeusoloissa",2020-04-12T16:24:37Z
3-11412349,https://yle.fi/uutiset/3-11412349,"Eläkemaksujen lykkäys auttoi vain hetken, nyt monella yrityksellä on edessä tuplamaksut – taksiyrittäjä: ""Kyllä siihen pitää ajaa muutama tunti""",2020-06-24T13:05:00Z
3-11557272,https://yle.fi/uutiset/3-11557272,"Miksi työllisyysluvut laskevat ja miten alas ne voivat vielä vajota? Kysyimme asiantuntijoilta, mitä piilee synkkenevien lukujen takana",2020-09-22T13:10:23Z
3-11492934,https://yle.fi/uutiset/3-11492934,"”Ilmoitusten väheneminen ei ole lohdullinen, vaan ahdistava tieto” – asiantuntijat arvioivat kotiväkivallan jääneen piiloon koronakeväänä",2020-08-17T04:52:00Z
3-11521447,https://yle.fi/uutiset/3-11521447,Onko testiin aivan pakko mennä? Entä perheenjäsenten? Muun muassa näitä koronaneuvonnasta nyt kysytään – katso vastaukset yleisiin kysymyksiin,2020-09-02T09:40:00Z
3-11319242,https://yle.fi/uutiset/3-11319242,"Festivaalikesän peruuntumisesta miljoonatappiot – ""katastrofi"", ""konkursseja"", ""tukea on tultava""",2020-04-23T11:19:45Z
3-11415120,https://yle.fi/uutiset/3-11415120,"Raisa Räisäsen katoamiseen etsitään vihjeitä uudesta paikasta Tampereelta: Noin 400 ihmisen olinpaikka on mysteeri Suomessa, moni katoaa kesällä ",2020-06-25T14:00:00Z
3-11286617,https://yle.fi/uutiset/3-11286617,"Kirjastot luopuvat suosituista kirjakasseista – asiakkaille ideoidaan nyt uusia palveluita, jopa “hanuripartiota” on harkittu",2020-04-01T15:45:00Z
3-11354100,https://yle.fi/uutiset/3-11354100,Koko maan hengityssuojaintilanne on parantunut – Suomeen tuodaan nyt viikoittain 5–10 miljoonaa kasvosuojaa,2020-05-15T15:45:00Z
3-11489087,https://yle.fi/uutiset/3-11489087,Valtava leikkuri uhkaa Kouvolan kulttuuria − 2 teatteria loppuisi ja orkesterista tulisi toimintakyvytön,2020-08-11T15:19:51Z
3-11565182,https://yle.fi/uutiset/3-11565182,"Vain harva on lukenut, mutta silti moni väittää niin – huomisesta lähtien helpottaa, sillä 900-sivuisen merkkiteoksen voi kuunnella äänikirjana",2020-09-27T13:05:55Z
3-11228301,https://yle.fi/uutiset/3-11228301,Arvosanojen korotusinto vetää väkeä ylioppilaskirjoituksiin – lukiolainen Sini Ojala: ”Koepäivänä salissa istuu tosi paljon porukkaa” ,2020-03-02T06:32:00Z
3-11539933,https://yle.fi/uutiset/3-11539933,"Lukiolaiset pelkäävät, ettei koronalle altistuneita päästetä yo-kokeisiin – syksyn ylioppilaskirjoitukset alkavat tänään",2020-09-14T02:45:00Z
3-11547951,https://yle.fi/uutiset/3-11547951,"
Miksi eivät ihmisten tiet enää vie Helsingin ytimeen? Perinteikkään kultaseppäsuvun toimitusjohtaja: tämä kehitys jatkunut jo pitkään",2020-09-17T15:36:04Z
3-11537191,https://yle.fi/uutiset/3-11537191,"Riku Eskelinen ei pääse ylioppilaskirjoituksiin koronakaranteenin takia – Rehtori myöntää virheen, YTL pitää altistuneiden kokeita lähes mahdottomina",2020-09-10T16:05:00Z
3-11707111,https://yle.fi/uutiset/3-11707111,"Al-Holista kotiutettiin nyt myös aikuisia – paljonko paluut ovat maksaneet, mitä leirillä vielä oleville tapahtuu?",2020-12-20T10:52:49Z
3-11189913,https://yle.fi/uutiset/3-11189913,"Betonitehdas sai kipeästi tarvitsemansa työntekijät turvapaikanhakijoista, nyt perheitä uhkaa käännytys – tehdaspäällikkö: ""Kohtuutonta meille ja heille""",2020-02-04T17:40:00Z
3-11413187,https://yle.fi/uutiset/3-11413187,"Analyysi: Hyvää tarkoittava hoitajamitoitus vanhuspalveluissa voi kääntyä päälaelleen, jos kunnat alkavat kiertää lakia ",2020-06-23T15:47:20Z
3-11680136,https://yle.fi/uutiset/3-11680136,"Yllätys Lapin matkailussa: ""Kausi oli koronasta huolimatta yksi parhaista"", sanoo 32-vuotias nuori yrittäjä – tutustuimme uusiin oivalluksiin",2020-12-26T05:37:00Z
3-11284569,https://yle.fi/uutiset/3-11284569,"Suomi hidastelee koronatestien kanssa, sanovat Ylen lähteet – Turussa tehdas voisi valmistaa 100 000 testiä viikossa",2020-03-31T14:24:56Z
3-11389972,https://yle.fi/uutiset/3-11389972,"Yrityksen piti muuttaa uusin tiloihin, mutta tiloihin muuttivatkin työntekijöiden lapset – samalla ratkesi lastenhoitopulma",2020-06-11T02:54:00Z
3-11240717,https://yle.fi/uutiset/3-11240717,"Mistä löytyisi vastaehdokas Sture Fjäderille? Hallitus nuorensi politiikan kasvot kerralla, mutta keskusjärjestöissä miesvalta jyrää",2020-03-07T11:10:36Z
3-11686368,https://yle.fi/uutiset/3-11686368,"Korona on vielä pientä, kun vertaa siihen mitä Suomi on aiemmin kokenut – Ylen erikoisjuttu vie sinut kuuden ison kriisin tapahtumiin, kuviin ja opetuksiin",2020-12-19T06:55:00Z
3-11480668,https://yle.fi/uutiset/3-11480668,Tampereen pormestarimalli on laittanut valtuustoryhmät tekemään kompromisseja – Tutkija pitää laajaa koalitiota vain hyvänä asiana,2020-08-08T07:01:00Z
3-11674356,https://yle.fi/uutiset/3-11674356,"Hamina sulkee joulukojut, kauneimmat joululaulut siirtyvät verkkoon – katso tästä, miten koronarajoitukset vaikuttavat tapahtumiin Kymenlaaksossa",2020-12-01T08:49:37Z
3-11572650,https://yle.fi/uutiset/3-11572650,Kotkan Talvimeripäivät siirtynevät syksylle 2021 – tältä vuodelta peruuntunut Kritiikkipäivä saatetaan järjestää samalla,2020-10-01T04:50:11Z
3-11605943,https://yle.fi/uutiset/3-11605943,Messukeskuksen drive in -piste on valmis lisäämään testausta – näytteitä voidaan ottaa kahdeksalla kaistalla yli tuhat päivässä,2020-10-22T06:11:22Z
3-11318736,https://yle.fi/uutiset/3-11318736,Kotkan Meripäivät aiotaan perua – tapahtumapäällikkö: ''En näe siirtoa vaihtoehtona'',2020-04-23T05:11:26Z
3-11522767,https://yle.fi/uutiset/3-11522767,Teatterit torjuvat tartuntariskiä – koronan takia katsojien määrää vähennetään ja turvatoimia lisätään,2020-09-02T09:26:37Z
3-11568159,https://yle.fi/uutiset/3-11568159,Limingan lukio aiotaan korjata – rakennukseen halutaan tehdä nykyaikainen monitoimitila,2020-09-29T09:35:11Z
3-11483060,https://yle.fi/uutiset/3-11483060,Iisalmi ja Sonkajärvi ovat lomauttaneet opettajat juuri ennen kouluvuoden aloitusta,2020-08-07T03:55:07Z
3-11474254,https://yle.fi/uutiset/3-11474254,Keski-Pohjanmaan liiton johtopestit kiinnostivat vain kourallista hakijoita,2020-07-31T10:23:23Z
3-11503785,https://yle.fi/uutiset/3-11503785,Lahti tinkii miljoonia euroja päivähoidosta ja perusopetuksesta – säästölistalla myös kulttuuri- ja liikuntapalveluja  ,2020-08-20T12:41:06Z
3-11335626,https://yle.fi/uutiset/3-11335626,"Kirjastojen ovet avautuvat ensi viikolla, maauimala kesäkuun alussa – näin koronarajoitusten purkaminen alkaa Lahdessa",2020-05-05T14:36:02Z
3-11466816,https://yle.fi/uutiset/3-11466816,Lämmin sää suosinut tuholaisen lisääntymistä – Rautalammilla kirjanpainajakuoriaisen epidemiaraja ylitetty,2020-07-27T08:56:23Z
3-11466592,https://yle.fi/uutiset/3-11466592,"Kuopiossa saattaa tulla pula hoitopaikoista, kun subjektiivinen päivähoito palaa ja ryhmäkoot pienenevät",2020-07-27T06:37:46Z
3-11469610,https://yle.fi/uutiset/3-11469610,Kirjanpainajan tuhot jääneet vielä vähäisiksi Etelä-Savossa,2020-07-29T03:37:54Z
3-11214595,https://yle.fi/uutiset/3-11214595,"Kokkola aikoo höllentää pysäköintiä – kiekolla saisi kaksi tuntia, ilta- ja yöpysäköinti askarruttaa vielä",2020-02-18T12:54:21Z
3-11318292,https://yle.fi/uutiset/3-11318292,"Kotkan Meripäivät varautuu tapahtuman peruuntumiseen tänä kesänä – ""Odotamme kovasti sitä, että hallitukselta tulisi linjauksia""",2020-04-22T15:48:41Z
3-11517106,https://yle.fi/uutiset/3-11517106,Ylioppilaat juhlivat viikonloppuna erityisjärjestelyin – Kemissä kaikille Tervahalliin tulijoille on määrätyt istumapaikat,2020-08-28T13:56:02Z
3-11279790,https://yle.fi/uutiset/3-11279790,Kotkassa suunnitellaan Meripäiviä myös talveksi – kesän Meripäivät aiotaan edelleen järjestää,2020-03-27T14:59:26Z
3-11408462,https://yle.fi/uutiset/3-11408462,Kaste- ja vihkivaraukset ovat kasvussa Kouvolassa koronakevään jälkeen – osa perui kesähäät,2020-06-18T11:54:56Z
3-11418099,https://yle.fi/uutiset/3-11418099,Hoivakodit purkavat koronarajoituksia vähitellen – näin omaisten tapaaminen Hämeessä helpottuu,2020-06-25T14:17:35Z
3-11684686,https://yle.fi/uutiset/3-11684686,Lue täältä Etelä-Pohjanmaan koronauutiset 12.9.-20.11.2020,2020-12-07T11:05:31Z
3-11304928,https://yle.fi/uutiset/3-11304928,Lue tästä Pohjois-Karjalan koronapäivitykset 13.3.–8.4.,2020-04-14T10:42:09Z
3-11360822,https://yle.fi/uutiset/3-11360822,Lue tästä Lapin korona-päivitykset 23.4. – 19.5.,2020-05-20T07:37:48Z
3-11319701,https://yle.fi/uutiset/3-11319701,Lue tästä Etelä-Pohjanmaan koronapäivitykset 10.3.-13.4.,2020-04-27T12:50:59Z
3-11380485,https://yle.fi/uutiset/3-11380485,Lue tästä Pohjois-Karjalan koronapäivitykset 9.4.–20.5.,2020-06-02T09:55:50Z
3-11412388,https://yle.fi/uutiset/3-11412388,Lue tästä Kainuun koronapäivitykset 25.5.–1.7.,2020-06-22T13:05:23Z
3-11454975,https://yle.fi/uutiset/3-11454975,Lue tästä koronapäivitykset 14.7–20.7.,2020-07-18T09:15:42Z
3-11369259,https://yle.fi/uutiset/3-11369259,Lue tästä Kainuun koronapäivitykset 21. huhtikuuta – 24. toukokuuta,2020-05-26T13:58:06Z
3-11260181,https://yle.fi/uutiset/3-11260181,"Uusimmat tiedot koronaviruksesta Etelä-Pohjanmaalla: Alueellinen nyrkki piti kokoontumisrajoitukset tiukkoina huhtikuun ajan, maanantaina 10 tartuntaa, tartuntoja runsaasti tuulivoimatyömaalla Teuvalla",2020-03-16T14:20:55Z
3-11325025,https://yle.fi/uutiset/3-11325025,Lue tästä Päijät-Hämeen koronapäivitykset 27.3.–30.01.2021,2020-04-28T11:40:23Z
3-11379198,https://yle.fi/uutiset/3-11379198,Lue tästä Keski-Pohjanmaan koronapäivitykset 14.4.-19.5.2020,2020-06-01T11:47:18Z
3-11330733,https://yle.fi/uutiset/3-11330733,Lue tästä Pirkanmaan koronapäivitykset 27.3.–30.4.,2020-04-30T10:43:09Z
3-11411069,https://yle.fi/uutiset/3-11411069,Lue tästä koronapäivitykset 16.6.–13.7.,2020-06-21T05:15:46Z
3-11536702,https://yle.fi/uutiset/3-11536702,Lue tästä koronapäivitykset 8.9.–30.9.,2020-09-10T04:00:23Z
3-11619563,https://yle.fi/uutiset/3-11619563,Lue tästä koronapäivitykset 26.10.–16.11.,2020-10-29T05:53:20Z
3-11302926,https://yle.fi/uutiset/3-11302926,Lue tästä koronapäivitykset 4.4.–21.4.,2020-04-11T03:46:44Z
3-11259437,https://yle.fi/uutiset/3-11259437,"Uusimmat tiedot koronaviruksesta Kymenlaaksossa: Pyhtää jakaa pikalainoja ravintoloille, tartunnan saaneet ja altistuneet purkavat kiukkuaan koronajäljittäjien niskaan",2020-03-16T11:25:00Z
3-11355290,https://yle.fi/uutiset/3-11355290,"Lue tästä koronaviruspäivitykset 12.5.–15.6.
",2020-05-16T03:49:35Z
3-11535554,https://yle.fi/uutiset/3-11535554,Lue tästä aiemmat Keski-Suomen koronatiedot,2020-09-09T11:54:57Z
3-11663578,https://yle.fi/uutiset/3-11663578,Lue tästä koronapäivitykset 22.11.–12.12.,2020-11-24T16:23:30Z
3-11323077,https://yle.fi/uutiset/3-11323077,Lue tästä koronapäivitykset 22.4.–11.5.,2020-04-26T06:37:53Z
3-11325020,https://yle.fi/uutiset/3-11325020,Lue tästä Kanta-Hämeen koronapäivitykset 27.3.2020–27.02.2021,2020-04-28T11:36:32Z
3-11697140,https://yle.fi/uutiset/3-11697140,Lue tästä koronapäivitykset 13.–29.12. ,2020-12-15T04:12:33Z
3-11275130,https://yle.fi/uutiset/3-11275130,Lue tästä koronapäivitykset 24.3.–5.4.,2020-03-25T18:35:43Z
