id,url,title,date_modified
3-11319863,https://yle.fi/uutiset/3-11319863,Yritystuet nousivat kyselytunnin pääaiheeksi – Ministeri Lintilä lupaili uutta asetusta eduskunnalle,2020-04-23T12:18:09Z
3-11579314,https://yle.fi/uutiset/3-11579314,Savo-Karjalan kansanedustajat sallisivat valkoposkihanhien metsästyksen,2020-10-06T02:37:58Z
3-11295664,https://yle.fi/uutiset/3-11295664,"Ylen kysely: Savo-Karjalan kansanedustajat haluavat parantaa etäyhteyksiä, jotta poliittinen päätöksenteko turvataan",2020-04-07T14:04:31Z
3-11331194,https://yle.fi/uutiset/3-11331194,Koronakuolemista tiedottaminen jakaa Savo-Karjalan kansanedustajia,2020-05-04T07:19:44Z
3-11367099,https://yle.fi/uutiset/3-11367099,Yli puolet Savo-Karjalan kansanedustajista haluaa lähteä ehdokkaaksi kevään 2021 kuntavaaleissa,2020-06-01T02:55:00Z
3-11238536,https://yle.fi/uutiset/3-11238536,"Savo-Karjalan kansanedustajat haluavat puuttua asuntojen hintojen laskuun, mutta keinot ovat vähissä",2020-03-04T04:35:23Z
3-11521661,https://yle.fi/uutiset/3-11521661,Savonlinnan seudun mahdollinen maakunnan vaihto jakaa kansanedustajat – hajontaa myös puolueiden ja maakuntien sisällä,2020-09-01T13:00:28Z
