id,url,title,date_modified
3-11293782,https://yle.fi/uutiset/3-11293782,"Ylen kysely: Hallituksen ilmastotavoitteet jakavat kansanedustajia koronakriisin keskellä – katso, mitä oma kansanedustajasi vastasi",2020-04-07T02:37:00Z
3-11613899,https://yle.fi/uutiset/3-11613899,"SaiPan uusi kotihalli rakennetaan Kisapuistoon, paikasta kiisteltiin liki 4 tuntia ratkaisevassa valtuustossa: ""Tilanne muistuttaa jenkkien presidentinvaaleja""",2020-10-26T15:30:00Z
3-11182364,https://yle.fi/uutiset/3-11182364,Uusi lääkärihelikopteri sai kansanedustajat vetämään reilusti kotiin päin – jopa saman puolueen sisällä edustajat ovat vankasti erimielisiä,2020-02-03T08:02:44Z
3-11162793,https://yle.fi/uutiset/3-11162793,Eteläkarjalaisten lähetystö jätti ministerille vetoomuksen lääkärihelikopterin saamiseksi Lappeenrantaan,2020-01-17T12:46:37Z
3-11382553,https://yle.fi/uutiset/3-11382553,Lisätalousarviossa raha jakautuu Kaakkoon vielä epätasaisesti – näin kansanedustajat kommentoivat tuoreita tukipäätöksiä,2020-06-03T13:34:04Z
3-11227299,https://yle.fi/uutiset/3-11227299,Vanhojen rivitalojen katoissa piilee tulipalon leviämisen vaara – yhden uhrin vaatinut tulipalo syttyi uudelleen ja levisi koko taloon ,2020-02-25T16:44:28Z
3-11676651,https://yle.fi/uutiset/3-11676651,"Kaakon kansanedustajat antaisivat lisää tukea urheiluseuroille – ""Vaikea mennä sanomaan, mikä seura tarvitsee enemmän rahaa kuin toinen""",2020-12-07T14:05:55Z
3-11521661,https://yle.fi/uutiset/3-11521661,Savonlinnan seudun mahdollinen maakunnan vaihto jakaa kansanedustajat – hajontaa myös puolueiden ja maakuntien sisällä,2020-09-01T13:00:28Z
3-11626018,https://yle.fi/uutiset/3-11626018,Kuntapolitiikkaa kiinnostaa kansanedustajia  – Kaakkois-Suomen edustajat lähtemässä kilvan ehdolle,2020-11-02T12:48:13Z
3-11335777,https://yle.fi/uutiset/3-11335777,Korona kiristää kuntien taloutta entisestään – Kaakkois-Suomen kansanedustajat eivät silti lämpene kuntaliitoksille,2020-05-05T16:00:00Z
3-11294475,https://yle.fi/uutiset/3-11294475,Pitäisikö mökkimaakuntien terveydenhuolto mitoittaa myös vapaa-ajan asukkaiden määrän mukaan? Kaakon kansanedustajista harva  innostuu ajatuksesta,2020-04-07T06:12:00Z
3-11403744,https://yle.fi/uutiset/3-11403744,Lappeenrantalaisilla kansanedustajilla on vahva edustus eduskunnan Love Saimaa -ryhmässä – puheenjohtajaksi vihreiden Hanna Holopainen,2020-06-16T07:38:49Z
3-11375752,https://yle.fi/uutiset/3-11375752,Uuden kansainvälisen rajanylityspaikan avaaminen Suomen ja Venäjän välille uhkaa lykkääntyä koronan vuoksi – alueen kansanedustajat ovat eri mieltä,2020-06-02T06:17:54Z
3-11242912,https://yle.fi/uutiset/3-11242912,Kansanedustajat kommentoivat: Tarvitseeko kuutti pidemmän kasvuajan vai riittävätkö nykyiset kalastusrajoitukset Saimaalla?,2020-03-06T11:50:45Z
3-11573184,https://yle.fi/uutiset/3-11573184,"Pitäisikö maanomistajilla olla mahdollisuus kieltää malminetsintä maillaan? Kyllä, sanoo moni Kaakkois-Suomen kansanedustajista",2020-10-06T09:12:39Z
3-11259417,https://yle.fi/uutiset/3-11259417,"Uusimmat tiedot koronaviruksesta Etelä-Karjalassa: Neljä uutta koronatartuntaa Etelä-Karjalassa, Finentry-koronavirussovellus käyttöön Eksoten alueella",2020-03-16T11:26:08Z
3-11619563,https://yle.fi/uutiset/3-11619563,Lue tästä koronapäivitykset 26.10.–16.11.,2020-10-29T05:53:20Z
3-11535554,https://yle.fi/uutiset/3-11535554,Lue tästä aiemmat Keski-Suomen koronatiedot,2020-09-09T11:54:57Z
