id,url,title,date_modified
3-11293782,https://yle.fi/uutiset/3-11293782,"Ylen kysely: Hallituksen ilmastotavoitteet jakavat kansanedustajia koronakriisin keskellä – katso, mitä oma kansanedustajasi vastasi",2020-04-07T02:37:00Z
3-11655156,https://yle.fi/uutiset/3-11655156,Eduskunnan susikeskustelussa esiin nousivat tutut teemat: uhanalaisuus ja lasten turvallisuus – kansalaisaloite kannanhoidollisesta metsästyksestä lähti jatkokäsittelyyn valiokuntaan,2020-11-18T22:55:05Z
3-11379018,https://yle.fi/uutiset/3-11379018,"Pitäisikö perheen itse saada valita, onko lapsi etä- vai lähiopetuksessa? Näin Suomen koronapesäkkeen kansanedustajien äänet jakautuvat",2020-06-02T10:53:51Z
3-11189968,https://yle.fi/uutiset/3-11189968,"Uudet kansanedustajat työstään: Istuntosali kuin show-painiareena, valtaa käytetään valiokunnissa – ""Hyvä, että siellä ollaan suljettujen ovien takana""",2020-02-09T05:58:00Z
3-11167864,https://yle.fi/uutiset/3-11167864,"Suomi on Euroopan unionin toiseksi väkivaltaisin maa naisille, mutta väkivalta kirjataan vain harvoin sairaalassa ylös",2020-01-21T08:05:59Z
3-11544431,https://yle.fi/uutiset/3-11544431,Tiukentunut rajavalvonta johti toivottuun ilmiöön – rikollisilta kaikkosivat keinot tuoda ulkomaalaisia laittomasti Suomeen,2020-09-15T13:47:00Z
3-11488138,https://yle.fi/uutiset/3-11488138,"Valtioneuvosto lievensi koronarajoituksia: Venäjältä pääsee nyt rajan yli, jos Suomessa odottaa seurustelukumppani",2020-08-11T09:43:43Z
3-11634712,https://yle.fi/uutiset/3-11634712,"Kasvomaskeja heitetään vessanpönttöön ja luontoon – maskien käyttö yleistyy, mutta samalla syntyi ympäristöongelma ",2020-11-06T13:59:18Z
3-11390207,https://yle.fi/uutiset/3-11390207,Etelä-Karjalan uusi maakuntajohtaja on Satu Sikanen – valinta syntyi yksimielisesti,2020-06-08T08:15:07Z
3-11282955,https://yle.fi/uutiset/3-11282955,Pääkaupunkiseudulla tyhjennetään jo sairaaloita koronapotilaille – terveimmät siirretään entisiin vanhainkoteihin ja seniorikeskuksiin,2020-03-31T10:15:34Z
3-11426029,https://yle.fi/uutiset/3-11426029,"Turvekielto veisi myös kotimaiset salaatit, kurkut ja yrtit – yhdeksän kymmenestä kauppapuutarhasta sanoo lopettavansa, jos turvetta ei voi käyttää",2020-07-03T16:00:00Z
3-11237881,https://yle.fi/uutiset/3-11237881,"Livekamera tuo luonnon käteen – pää tyhjenee turhasta, kun odottaa eläintä näytölle",2020-03-04T16:00:00Z
3-11513516,https://yle.fi/uutiset/3-11513516,"Tutkimus osoittaa sen, minkä kalastajat jo tiesivät: merimetson pesimäalueella ahvensaalis voi jäädä jopa puoleen tavanomaisesta",2020-09-01T02:51:00Z
3-11444571,https://yle.fi/uutiset/3-11444571,Urbaanista ruoasta ratkaisu kasvavan väestön nälkään: Voisiko pääkaupunkiseudun ruoantuotanto olla täysin omavaraista? ,2020-07-12T17:36:53Z
3-11719627,https://yle.fi/uutiset/3-11719627,Ei niin pahaa ettei hyvääkin: Vuosi 2020 toi norsujen vauvabuumin sekä iloisia tiedeuutisia ihmekanasta Kuun veteen – myös muumio puhui,2020-12-31T14:02:35Z
3-11182436,https://yle.fi/uutiset/3-11182436,"Jo 150 vuotta mölyä tukka takussa – Aleksis Kiven Seitsemän veljestä on kulttuurimme kulmakiviä, vaikka saikin ilmestyessään murskatuomion",2020-02-02T04:55:49Z
3-11512526,https://yle.fi/uutiset/3-11512526,"Keskellä Sipoota on historiallinen mielisairaala-alue, jonka jugendrakennuksista osa rapistuu nyt käsiin – harvat ovat nähneet nämä suljetut tunnelit",2020-09-13T06:12:00Z
3-11103633,https://yle.fi/uutiset/3-11103633,Kuusi väitettä sähköstä – uskotko Suomen olevan Venäjän sähköstä riippuvainen ja sähköautojen kaatavan verkot?,2020-01-06T12:51:46Z
3-11154333,https://yle.fi/uutiset/3-11154333,Syöpäsairas Kauko Kivi pääsi takaisin tuttuun petiin – saattohoitopotilaat palasivat kertaalleen suljettuun Turun Karinakotiin,2020-01-13T16:23:00Z
3-11253790,https://yle.fi/uutiset/3-11253790,"Keikkoja, kulttuuritapahtumia ja yleisötilaisuuksia perutaan nyt urakalla – soitimme järjestäjille ympäri Suomea, näin he vastaavat",2020-03-12T13:02:54Z
3-11260900,https://yle.fi/uutiset/3-11260900,Venäjän raja sulkeutuu tänään kello 23 – liikenne on jo hiljentynyt,2020-03-17T04:57:50Z
3-11601624,https://yle.fi/uutiset/3-11601624,Kokkola liputtaa sittenkin kesän 2021 Pride-tapahtuman kunniaksi,2020-10-19T19:46:26Z
3-11481491,https://yle.fi/uutiset/3-11481491,Lue tästä Uudenmaan koronapäivitykset 13.7-23.8.,2020-08-06T05:41:51Z
