id,url,title,date_modified
3-11685907,https://yle.fi/uutiset/3-11685907,Aku Louhimies korvaa Antti J. Jokisen Omerta-elokuvan ohjaajana – elokuvia tulee kahden sijaan vain yksi,2020-12-07T16:50:21Z
3-11718978,https://yle.fi/uutiset/3-11718978,"Aluepolitiikka meni terveyspolitiikan edelle, kritisoi HUSin toimitusjohtaja – ministeriön mukaan koronatukia jaetaan enemmän suoraan kunnille kuin sairaanhoitopiireille",2020-12-30T15:35:45Z
3-11686689,https://yle.fi/uutiset/3-11686689,"Kohu Omerta-elokuvan ympärillä jatkuu: tuotantoyhtiö pyytelee anteeksi järkyttäviä työskentelyolosuhteita – kysyimme, mistä on kyse",2020-12-08T12:33:16Z
3-11692467,https://yle.fi/uutiset/3-11692467,"Kulttuurialan alasajo teki valomestarista koronajäljittäjän – ""En koe itseäni sankariksi""",2020-12-12T05:05:00Z
3-11329372,https://yle.fi/uutiset/3-11329372,"Tunnetun arkkitehtikolmikon ateljee ja asunto oli ilon, rakkauden ja hyvän ruuan talo – Nykypäivänä sen elämästä saisi meheviä lööppejä",2020-11-21T10:00:00Z
3-11183858,https://yle.fi/uutiset/3-11183858,"Historioitsija Markku Jokisipilä arvostelee tulkintaa, että suomalaiset SS-miehet olisivat osallistuneet hirmutekoihin – ""Savuavaa asetta ei ole löytynyt""",2020-01-30T12:58:21Z
3-11552697,https://yle.fi/uutiset/3-11552697,"Eduskuntatutkimuksen Jokisipilä: ""Lintilän lausunto tehtaiden sulkemisesta poikkeuksellinen ja yllättävä, en muista tällaista kuulleeni""        ",2020-09-18T13:05:13Z
3-11585701,https://yle.fi/uutiset/3-11585701,"Tenojoen ainutlaatuinen lohikanta on äärimmäisen heikossa tilassa, mutta miksi? Tutkija Panu Orellkaan ei tiedä ja syytä etsitään mereltä",2020-10-11T08:00:00Z
3-11645176,https://yle.fi/uutiset/3-11645176,Sanna riitautti kirjastomaksuista syntyneen velan ja voitti – vain harva velallinen osaa puuttua vanhentuneiden saatavien perimiseen,2020-11-16T07:40:00Z
3-11599127,https://yle.fi/uutiset/3-11599127,"Maksaisitko sinä vaellusreitin kulkemisesta tai tulipaikan käytöstä? Kansallispuiston kävijämäärä kasvoi, mutta se ei näy luontoyrittäjän tuloissa",2020-10-18T15:07:00Z
3-11356910,https://yle.fi/uutiset/3-11356910,"Toinen maailmansota voisi näyttää erilaiselta, jos USA olisi miehittänyt Suomen – tutkijan mielestä se olisi voinut olla liittoutuneille katastrofi",2020-06-04T18:02:00Z
3-11268216,https://yle.fi/uutiset/3-11268216,Huoltovarmuuskeskus on ottanut suuryritykset tehoseurantaan – Lääketeollisuus vaatii ohituskaistaa lääkerekoille,2020-03-21T15:20:15Z
3-11686239,https://yle.fi/uutiset/3-11686239,"Merenkurkku on yhä ahvenen tärkeimpiä kalastusalueita, mutta saalismäärät laskevat – kannan turvaamiseksi tarvitaan kunnostuksia ja kutualueiden suojaamista",2020-12-16T10:35:00Z
3-11387986,https://yle.fi/uutiset/3-11387986,"Jasper Pääkkönen täyttää 40 ja bodaa itseään toimintasankariksi: ""Katsooko ne parikymppiset, että on toi aika vanha ukko?""",2020-06-07T05:03:00Z
3-11472299,https://yle.fi/uutiset/3-11472299,Johanna Liipola suppasi Somerolta Paimioon – ”Aina ei tarvitse lähteä kauas päästäkseen seikkailulle”,2020-07-31T04:19:00Z
3-11383367,https://yle.fi/uutiset/3-11383367,"Jarno Ankerman näki Hesarissa ilmoituksen rantatontista, jätti Espoon ja rakensi unelmatalonsa kylälle – tutkija: ""Haaveet maallemuutosta saattavat alkaa koronan myötä toteutua""",2020-06-07T07:30:00Z
3-11571620,https://yle.fi/uutiset/3-11571620,Tutkija: Tornionjoen lohikanta on parempi kuin koskaan toisen maailmansodan jälkeen – ensi kesästä ennustetaan taas huippuvuotta,2020-10-03T07:05:00Z
3-11478397,https://yle.fi/uutiset/3-11478397,Merimetsoilla Suomen ensimmäinen onnistunut pesintä sisämaassa: kiistelty lintu valloitti Enäjärven Porissa ,2020-08-04T14:41:20Z
3-11625498,https://yle.fi/uutiset/3-11625498,"Uusimmat tiedot veropäivästä: Marin pitää suurituloisten nimien poistamista valitettavana, suurten valtionyhtiöiden pomoilla miljoonatulot",2020-11-03T03:30:00Z
3-11537083,https://yle.fi/uutiset/3-11537083,"Eurooppa-kirje: Vaarallinen loma on ohi – ""staycation"" eli lomailu kotiseudulla saikin tartunnat nousuun Euroopassa",2020-09-11T05:00:00Z
3-11486531,https://yle.fi/uutiset/3-11486531,Kemijoki Oy: Kemijoen uudet vaelluskalavaatimukset ovat epärealistisia,2020-08-10T11:00:38Z
3-11295920,https://yle.fi/uutiset/3-11295920,Lue tästä Lapin koronapäivitykset 13.3.–5.4.,2020-04-07T10:29:16Z
