id,url,title,date_modified
3-11394739,https://yle.fi/uutiset/3-11394739,"Kysyimme kansanedustajilta koronakevään onnistumisia, katso mistä oma edustajasi kehui itseään",2020-06-13T04:20:00Z
3-11588428,https://yle.fi/uutiset/3-11588428,Valehteliko Sanna Marin suomalaisille kasvomaskeista? Läpivalaisimme pääministerin puheet keväällä ja nyt,2020-10-09T14:21:24Z
3-11172449,https://yle.fi/uutiset/3-11172449,Suomen salaisin valiokunta kokoontuu bunkkerissa – sen työstä ei tiedetä juuri mitään,2020-01-26T15:06:45Z
3-11237366,https://yle.fi/uutiset/3-11237366,"Mitä Turkin ja Kreikan rajalla pitäisi tehdä? Sisäministeri Ohisalo haluaa eurooppalaisen ratkaisun, perussuomalaiset vaatii rajatarkastuksia",2020-03-02T16:34:25Z
3-11521817,https://yle.fi/uutiset/3-11521817,Kokoomuksen Timo Heinonen vaatii eduskuntaan maskipakkoa – Istuntosalissa nähtiin ensimmäiset koronamaskit,2020-09-01T11:52:00Z
3-11588257,https://yle.fi/uutiset/3-11588257,"Kokoomus esittää epäluottamuslausetta ministeri Kiurulle – syynä koronakriisin hoito, pääministeri Marin: Kiurulla minun ja hallituksen tuki",2020-10-09T13:11:01Z
3-11230227,https://yle.fi/uutiset/3-11230227,"Kansanedustajat sanomalehtien jättikaupasta: Aamulehden päätyminen Sanoman omistukseen ei ole uhka, kunhan pirkanmaalaisuus pysyy",2020-03-05T07:15:00Z
3-11287827,https://yle.fi/uutiset/3-11287827,"Pirkanmaan sairaanhoitopiirin säästöt pitää hyllyttää koronan ajaksi – Satonen: ""Terveydenhoidon pitää toimia kriisissä maksimiteholla""",2020-04-06T07:35:29Z
3-11682296,https://yle.fi/uutiset/3-11682296,"Muut Pirkanmaan kansanedustajat investoisivat, perussuomalaiset himmaisivat jo: ""Raitiotien laajentaminen Tampereen naapurikuntiin on syytä laittaa jäihin""",2020-12-11T07:01:00Z
3-11178859,https://yle.fi/uutiset/3-11178859,"Vain kaksi nuorta pirkanmaalaista edustajaa sallisi huumeiden piikityshuoneet Tampereelle, enemmistö epäilee tai vastustaa: ""Miksi käyttöä tulisi näin suosia?""",2020-02-04T06:18:00Z
3-11584848,https://yle.fi/uutiset/3-11584848,"Oppositio roimi hallitusta hämärästä koronaviestinnästä – Marin myönsi, että maskisuositus jäi keväällä antamatta, koska maskeja ei ollut saatavilla",2020-10-08T11:56:00Z
3-11628345,https://yle.fi/uutiset/3-11628345,"Sanna Marin lähtee kuntavaaliehdokkaaksi Tampereella, Satu Hassi ja Anna Kontula eivät – Perussuomalaiset uskoo kaupungin  valtasuhteiden vaihtuvan",2020-11-06T05:35:00Z
3-11694608,https://yle.fi/uutiset/3-11694608,"Puhe toimittajien kurinpalautuksesta ihmetyttää: ""Ensin poliitikot ovat rajoittamassa sananvapautta, ja jos se sopii heidän omiin tarkoitusperiinsä, he kannustavat sananvapautta"" ",2020-12-12T10:05:18Z
3-11487500,https://yle.fi/uutiset/3-11487500,"Asiantuntija pitää karanteenilinjausta ongelmallisena: ""Lääketieteellistä harkintaa ja politiikkaa ei pitäisi sotkea""",2020-08-10T19:00:05Z
3-11363331,https://yle.fi/uutiset/3-11363331,Eduskunnalle tulee kova kiire – laki kaljahanojen sulkemisesta ehkä voimassa vasta vähän ennen ravintoloiden avaamista ,2020-05-22T09:28:10Z
3-11596956,https://yle.fi/uutiset/3-11596956,Perustuslakivaliokunta pysäytti ravintolarajoitukset ja vaatii muutoksia – hallituksen esitys rajoittaa liikaa elinkeinovapautta,2020-10-15T12:38:48Z
3-11501873,https://yle.fi/uutiset/3-11501873,Yle selvitti: Flunssaiset lapset venyttävät koronatestiresurssit äärirajoille – terveydenhuollossa toivotaan muutosta ohjeisiin,2020-08-19T11:38:33Z
3-11321713,https://yle.fi/uutiset/3-11321713,"Päätös koulujen ja ravintoloiden avaamisesta tehdään epävarmoilla ennusteilla – Kukaan ei tiedä, kuinka tarttuva ja tappava korona todella on",2020-04-28T11:22:35Z
3-11587095,https://yle.fi/uutiset/3-11587095,"Mihin otan yhteyttä, kun sairastun? Pitääkö alkaa maksaa maakuntaveroa? Katso, miten sote-uudistus vaikuttaa elämääsi",2020-10-13T12:38:09Z
3-11473647,https://yle.fi/uutiset/3-11473647,Kansanedustaja: Ruotsalaiset yleisurheilijat voivat tulla maaotteluun Tampereelle koronatilanteesta huolimatta,2020-07-31T05:13:03Z
3-11190253,https://yle.fi/uutiset/3-11190253,Pirkanmaalaiset kokoomusedustajat eivät tyrmää yhteistyötä perussuomalaisten kanssa,2020-02-03T13:50:24Z
3-11334112,https://yle.fi/uutiset/3-11334112,"Pitääkö ulkopaikkakuntalaisen päästä hoitoon myös korona-aikana? Pirkanmaan edustajista vain yksi rajoittaisi pääsyä, muut hoitaisivat mökkiläisiäkin",2020-05-05T04:05:00Z
3-11519227,https://yle.fi/uutiset/3-11519227,Kansanedustajilla on edessä tiukka koronasyksy – Kesä sujui turvavälejä pitäessä,2020-09-01T10:56:47Z
3-11378706,https://yle.fi/uutiset/3-11378706,"Yritysten tukemisessa Pirkanmaalla sekä pulaa että pulmia 
– Satonen: ""Päätökset ovat kestäneet kauan ja vieläkin on epäselvää paljonko maksetaan""",2020-06-03T04:21:00Z
3-11356883,https://yle.fi/uutiset/3-11356883,Lue tästä Pohjois-Savon koronapäivitykset 20.4.–17.5.,2020-05-18T08:27:24Z
3-11507330,https://yle.fi/uutiset/3-11507330,Lue tästä koronapäivitykset 21.8.– 7.9.,2020-08-23T08:38:17Z
3-11581142,https://yle.fi/uutiset/3-11581142,Lue tästä Pohjois-Savon koronapäivitykset 18.5.–30.9.,2020-10-06T11:06:53Z
3-11577802,https://yle.fi/uutiset/3-11577802,Lue tästä koronapäivitykset 1.10.–7.10.,2020-10-03T10:01:24Z
3-11619563,https://yle.fi/uutiset/3-11619563,Lue tästä koronapäivitykset 26.10.–16.11.,2020-10-29T05:53:20Z
3-11466892,https://yle.fi/uutiset/3-11466892,Lue tästä koronapäivitykset 21.7.–20.8.,2020-07-27T09:25:36Z
3-11302926,https://yle.fi/uutiset/3-11302926,Lue tästä koronapäivitykset 4.4.–21.4.,2020-04-11T03:46:44Z
3-11323077,https://yle.fi/uutiset/3-11323077,Lue tästä koronapäivitykset 22.4.–11.5.,2020-04-26T06:37:53Z
3-11355290,https://yle.fi/uutiset/3-11355290,"Lue tästä koronaviruspäivitykset 12.5.–15.6.
",2020-05-16T03:49:35Z
3-11268719,https://yle.fi/uutiset/3-11268719,Fahamka Koronada,2020-03-20T16:24:49Z
3-11268675,https://yle.fi/uutiset/3-11268675,خبرهای مربوط به ویروس کرونا به زبان فارسی و دری,2020-03-20T16:37:55Z
3-11254317,https://yle.fi/uutiset/3-11254317,Lue tästä koronaviruspäivitykset 17.2.–23.3.,2020-03-12T15:16:25Z
