id,url,title,date_modified
3-11509758,https://yle.fi/uutiset/3-11509758,Kokoomuksen Mykkänen: Hallituksen tuotava uudistettu hallitusohjelma eduskunnan käsiteltäväksi,2020-08-25T08:56:12Z
3-11250238,https://yle.fi/uutiset/3-11250238,"Kokoomus ei osallistu perussuomalaisten välikysymykseen Kreikan tilanteesta – Orpo: ""Se sisältää linjauksia, joita emme pysty allekirjoittamaan""",2020-03-10T13:41:56Z
3-11254313,https://yle.fi/uutiset/3-11254313,"Puolueet peruvat kokoukset ja yleisötapahtumat – Oppositiojohtaja: ""Kaikki ei-välttämätön ihmisten lähikohtaaminen kannattaa minimoida""",2020-03-12T15:55:26Z
3-11245602,https://yle.fi/uutiset/3-11245602,"	
Kokoomus haluaa lainsäädäntöön mahdollisuuden rajoittaa turvapaikanhakua",2020-03-06T12:59:18Z
3-11475870,https://yle.fi/uutiset/3-11475870,"Uutissuomalainen: Eduskuntaryhmien puheenjohtajat avoimia kasvomaskisuositukselle, jos koronatilanne pahenee",2020-08-01T06:44:33Z
3-11345697,https://yle.fi/uutiset/3-11345697,"Mihin elvytysmiljardit käytetään? Yle kysyi kaikilta eduskuntapuolueilta, millä Suomi saataisiin nostettua koronasuosta",2020-05-11T18:00:53Z
3-11486313,https://yle.fi/uutiset/3-11486313,Valtion taloutta ohjataan nyt sumussa – lisävelka jakaa eduskuntaryhmiä,2020-08-11T02:50:00Z
3-11588257,https://yle.fi/uutiset/3-11588257,"Kokoomus esittää epäluottamuslausetta ministeri Kiurulle – syynä koronakriisin hoito, pääministeri Marin: Kiurulla minun ja hallituksen tuki",2020-10-09T13:11:01Z
3-11547875,https://yle.fi/uutiset/3-11547875,"Yle pyysi opposition varjoriiheen: Perussuomalaiset tekisi säästölistan, kokoomus heti rajut työllisyystoimet – ""Hallituksen päätökset eivät riitä mihinkään""",2020-09-19T04:31:00Z
3-11675194,https://yle.fi/uutiset/3-11675194,Eduskuntapuolueet erimielisiä sukupuolten määrästä – yli puolet ryhmien puheenjohtajista kirjaisi lakiin kolmannen tai useamman sukupuolen,2020-12-01T13:37:25Z
3-11483185,https://yle.fi/uutiset/3-11483185,"Puolueet palauttaisivat etätyöt ja osa sulkisi yökerhot, jos koronatilanne pahenee – maskipakko epäilyttää",2020-08-07T14:20:53Z
3-11460535,https://yle.fi/uutiset/3-11460535,"Oppositio haastoi pääministeri Marinia EU:n elvytyspaketista A-studiossa: ""Kannettu vesi ei kaivoa kohenna"" – katso tallenne keskustelusta",2020-07-22T13:55:09Z
3-11226190,https://yle.fi/uutiset/3-11226190,Kokoomus listasi seitsemän tiukennusta terrorismilakeihin – hallitus perusti vastaiskuna työryhmän,2020-02-25T13:16:35Z
3-11594886,https://yle.fi/uutiset/3-11594886,"Viisikko jatkoi Säätytalossa neuvotteluja huomisesta ""ryhtiliikkeestä"", Marin tartuntatautilaista: erittäin iso ja haastava kokonaisuus",2020-10-14T12:02:25Z
3-11703170,https://yle.fi/uutiset/3-11703170,"Oppositio jatkoi ulkoministerin hiostamista, kokoomus keskittäisi EU:n elvytysrahat korkeakouluille, Joulupukki saa rokotteensa – katso kyselytunnin tallenne",2020-12-17T13:16:47Z
3-11686075,https://yle.fi/uutiset/3-11686075,"Kotihoidon tuesta tulossa iso poliittinen kiista – Helsinki leikkaa kuntalisää, ja yhden aikuisen taloudessa se tuntuu: ""Tulot tippuvat noin neljänneksen""",2020-12-08T13:25:00Z
3-11527691,https://yle.fi/uutiset/3-11527691,"Kokoomuksen Mykkänen: Jos budjettiriihessä ei tule käännettä, keskustan on jätettävä hallitus – Yle seurasi iltapäivällä alkanutta puoluekokousta",2020-09-04T13:30:31Z
3-11191486,https://yle.fi/uutiset/3-11191486,Eduskunta palasi istuntotauolta – puhemiehenä jatkaa odotetusti Matti Vanhanen,2020-02-04T09:19:38Z
3-11549866,https://yle.fi/uutiset/3-11549866,"Oppositio moitti hallitusta teollisuuden tappamisesta ja vääristä työllisyysluvuista, Vanhanen: ""Jotain rajaa""",2020-09-17T12:17:26Z
3-11647611,https://yle.fi/uutiset/3-11647611,"Puolueet kannattavat nykyistä vahvempaa tunnistautumista verkkokaupassa – “Ei ole kohtuullista, että toisen henkilötunnuksilla voi ottaa velkaa”",2020-11-13T15:09:48Z
3-11501425,https://yle.fi/uutiset/3-11501425,Kokoomus esitteli työllisyysreseptinsä:  Ikäihmisille uusi superluokan kotitalousvähennys     ,2020-08-19T09:33:36Z
3-11413898,https://yle.fi/uutiset/3-11413898,Kokoomus ei vaadi ryhmäkuria perjantain äänestyksessä perussuomalaisten Mäenpään syytesuojan murtamisesta,2020-06-23T12:11:24Z
3-11228139,https://yle.fi/uutiset/3-11228139,Lasse Laatunen lataa suorat sanat katsauksessaan: EK-taustaiset poliitikot olivat kaatamassa pääministeri Rinnettä,2020-02-27T07:00:00Z
3-11551271,https://yle.fi/uutiset/3-11551271,"Oppositio jätti välikysymyksen hallituksen työllisyyspolitiikasta, Orpo: Epäonnistuminen, Purra: Koronaa käytetään savuverhona",2020-09-18T06:20:11Z
3-11265777,https://yle.fi/uutiset/3-11265777,"Poikkeuksellinen eduskunnan kyselytunti – koronavirus tyhjensi salin, mutta täytti keskustelun: Suurin osa seurasi etänä",2020-03-19T13:33:57Z
3-11655656,https://yle.fi/uutiset/3-11655656,"Yle seurasi kyselytunnin suorana – Ikäihmisten toimeentulo ja polkupyörien kotitalousvähennys puhuttivat: ""Mökin mummo ei nyt kiitä""",2020-11-19T13:03:26Z
3-11167310,https://yle.fi/uutiset/3-11167310,Pitäisikö lain taata kaikille vähintään kympin tuntipalkka? Kysyimme puolueiden kannat EU:n minimipalkkaehdotukseen,2020-01-20T15:58:14Z
3-11418039,https://yle.fi/uutiset/3-11418039,"Kesän viimeisen kyselytunnin pääaiheiksi nousivat ruuhkamaksut ja työllisyystoimet, Vanhanen: Minulla ei ole ""hokkuspokkuskeinoja""",2020-06-25T12:23:35Z
3-11202630,https://yle.fi/uutiset/3-11202630,"Pääministeri Marin esitteli hallituksen suunnitelmia eduskunnalle – kokoomuksen Mykkänen:  ""Hallituksen on käännettävä suuntaansa tai erottava""",2020-02-11T11:09:11Z
3-11676951,https://yle.fi/uutiset/3-11676951,"Hallituksen mielestä oppositiolla ei ole yhteistä linjaa, oppositio: Ei sitä tunnu olevan hallituksellakaan – Yle seurasi budjettikeskustelua",2020-12-02T10:45:00Z
3-11529145,https://yle.fi/uutiset/3-11529145,"Analyysi: Kokoomuksen puoluekokouksessa tuskin nähdään dramatiikkaa, mutta ainakin kolmea asiaa kannattaa silti seurata",2020-09-05T07:58:06Z
3-11243279,https://yle.fi/uutiset/3-11243279,"Oppositio hiillosti hallitusta Suomen kannasta Kreikan turvapaikanhakijoihin – ""Kulmunin ja Ohisalon kannat ovat ristiriidassa"" ",2020-03-05T13:12:08Z
3-11608155,https://yle.fi/uutiset/3-11608155,"Perussuomalaiset vaati hallitusta tuomitsemaan terroriteon Ranskassa, kokoomus kysyi sähkön siirtohinnoista – Yle seurasi eduskunnan kyselytuntia",2020-10-22T12:09:54Z
3-11413693,https://yle.fi/uutiset/3-11413693,"Eduskunta käsittelee historiallista tapausta – 5 kysymystä ja vastausta, kuinka Juha Mäenpään vieraslajipuhe eteni syytesuojaäänestykseen",2020-06-24T02:47:00Z
3-11379018,https://yle.fi/uutiset/3-11379018,"Pitäisikö perheen itse saada valita, onko lapsi etä- vai lähiopetuksessa? Näin Suomen koronapesäkkeen kansanedustajien äänet jakautuvat",2020-06-02T10:53:51Z
3-11403606,https://yle.fi/uutiset/3-11403606,Perustuslakivaliokunta: perussuomalaisten kansanedustajan Juha Mäenpään syytesuoja olisi poistettava – Halla-aho syyttää politisoitumisesta,2020-06-17T08:36:38Z
3-11549907,https://yle.fi/uutiset/3-11549907,"""Aktiivimalli 2 nousi kuolleista"", sanoo työttömien etujärjestö – miksi Sipilän hallituksen inhokki kelpasi vasemmistolle nyt? ",2020-09-17T15:53:12Z
3-11641827,https://yle.fi/uutiset/3-11641827,"Eduskunta kiisteli Suomen ulko- ja turvallisuuspolitiikasta, oppositio moitti hallituksen hämärtävän tärkeän selonteon roolia",2020-11-11T11:18:34Z
3-11418220,https://yle.fi/uutiset/3-11418220,"Eduskunta ei antanut lupaa syyttää perussuomalaisten Mäenpäätä – Halla-ahon mukaan asian käsittely ""häpeällinen farssi"", näin kansanedustajat äänestivät ",2020-06-26T05:00:00Z
3-11306583,https://yle.fi/uutiset/3-11306583,Uudenmaan eristyksen nopea lopetus yllätti osan ministereistäkin – näin liikkumisrajoitukset päädyttiin purkamaan etuajassa,2020-04-15T14:46:56Z
3-11373347,https://yle.fi/uutiset/3-11373347,"Poliisina Sauli Kuha on nähnyt, kuinka maailma on raaistunut: Ennen suurin uhka oli viinan ja puukon yhdistelmä, nyt vastassa on järjestäytynyt rikollisuus ",2020-06-11T18:03:00Z
3-11590714,https://yle.fi/uutiset/3-11590714,"Ravintolarajoitukset jakavat hallitusta ja oppositiota – kysyimme eduskuntaryhmiltä, mitä erilaisista koronatoimista nyt ajatellaan",2020-10-12T13:54:27Z
3-11229831,https://yle.fi/uutiset/3-11229831,Hallituksen mukaan koronaviruksen tartuntariski Suomessa edelleen pieni – Suojavarusteet riittävät 400 000 terveydenhuollon ammattilaisen suojaamiseen,2020-02-27T07:44:10Z
3-11480101,https://yle.fi/uutiset/3-11480101,Pitäisikö seksikaupan lainsäädäntöä muuttaa? Puolueet ovat asiasta eri linjoilla Ylen kyselyssä,2020-08-05T14:31:03Z
3-11450795,https://yle.fi/uutiset/3-11450795,Maatalouden kuormitus Itämereen uhkaa nousta historian pahimmaksi tänä vuonna – satojen miljoonien tukirahat uusjakoon?,2020-08-02T12:00:00Z
3-11206859,https://yle.fi/uutiset/3-11206859,"Analyysi: Kokoomuksessa Petteri Orpon haastajat odottavat, mitä kokoomuksen kannatukselle tapahtuu ",2020-02-15T05:00:00Z
3-11251954,https://yle.fi/uutiset/3-11251954,"Eurooppa-kirje: Kauhukuvasta tuli totta – Mitä teet, jos itse joudut vangiksi kotiisi? Entä tiedätkö, missä Suomi on huonoin EU-maa?",2020-03-13T06:00:00Z
3-11462383,https://yle.fi/uutiset/3-11462383,Eurooppa-kirje: Huippukokouksessa on aina tuhat tarinaa,2020-07-24T05:00:00Z
3-11327998,https://yle.fi/uutiset/3-11327998,"Pääministeri Marin antoi eduskunnalle ilmoituksen koronakriisin hoidosta: ""Epidemian vaikutukset yllättivät"", ""kannan suojavarusteista kovaa huolta""",2020-04-29T10:00:22Z
3-11650345,https://yle.fi/uutiset/3-11650345,"Maan pahin koronatilanne huolestuttaa Länsi-Pohjassa, vaikka uusien tapausten määrä on jo laskussa: ""Eihän tämä mikään helppo tilanne ole""",2020-11-17T05:10:00Z
3-11649795,https://yle.fi/uutiset/3-11649795,"Ensin tuli lomautusaalto, nyt säästöjä haetaan leikkaamalla osan palkkoja – suuressa vuokratyöfirma Seuressa neljännet yt-neuvottelut puolen vuoden sisään",2020-11-17T05:30:00Z
3-11293012,https://yle.fi/uutiset/3-11293012,Koronakaranteeni lisää siivouksen tarvetta kotona: Näillä viidellä vinkillä voi pienentää tartuntariskiä kotioloissa,2020-04-05T11:30:00Z
3-11344061,https://yle.fi/uutiset/3-11344061,"Asko Sarkola muistelee: ""Ritva Valkama tuli Lillaniin ja kysyi, finns här kultur, onko täällä kulttuuria?"" ",2020-05-09T10:09:36Z
3-11552878,https://yle.fi/uutiset/3-11552878,"""Pistää miettimään, miten jatkossa kuljetaan"", sanoo paljon lentävä Anne Nyman – kysyimme, miten lentojen loppuminen vaikuttaa kajaanilaisiin",2020-09-18T13:56:31Z
3-11286617,https://yle.fi/uutiset/3-11286617,"Kirjastot luopuvat suosituista kirjakasseista – asiakkaille ideoidaan nyt uusia palveluita, jopa “hanuripartiota” on harkittu",2020-04-01T15:45:00Z
3-11346012,https://yle.fi/uutiset/3-11346012,Arkeologinen jättilöytö Suomussalmella: ensin löytyi rannerengas ja ohimokoru rautakaudelta ja sitten hauta – katso video tutkimuksista,2020-05-12T09:51:38Z
3-11357228,https://yle.fi/uutiset/3-11357228,Suomen ensimmäinen merialuesuunnitelma viittä vaille valmis – luonnokseen kaivataan nyt kommentteja erityisesti merenkäyttäjiltä,2020-05-18T12:41:38Z
3-11162397,https://yle.fi/uutiset/3-11162397,"Jääkarhu Venuksen hammas juurihoidettiin kotiluolassa Ranualla – eläinlääkäri: ""Jos se olisi kesken herännyt, niin lähtö olisi ollut pikainen""",2020-01-18T10:30:00Z
3-11672810,https://yle.fi/uutiset/3-11672810,"Tämä kummallinen mies keksi kymmeniä sanoja, joita sinäkin käytät päivittäin – ilman häntä Tolkienin maailmankuulu fantasiaklassikko olisi voinut jäädä syntymättä",2020-11-30T19:03:00Z
3-11530101,https://yle.fi/uutiset/3-11530101,Petteri Orpo varoitteli linjapuheessaan kuntien taloustilanteesta ja yt-sumasta: ”Ajamme päin seinää ykkösluokassa”,2020-09-06T06:48:42Z
3-11528760,https://yle.fi/uutiset/3-11528760,"Petteri Orpo kukitettiin jatkamaan kokoomuksen johdossa, tavoitteena olla seuraava pääministeri – Yle seurasi puoluekokouksen toista päivää",2020-09-05T06:00:00Z
3-11703901,https://yle.fi/uutiset/3-11703901,Jörn Donner jäi elokuvaohjaajana seksikohujen varjoon – Yle hankki oikeudet tänä vuonna kuolleen Donnerin elokuviin ja esittelee niistä nyt kolme tärkeintä,2020-12-27T15:00:54Z
3-11684773,https://yle.fi/uutiset/3-11684773,"Keväällä iskee mielenterveyspommi, sanoo Olavi Sydänmaanlakka – Terapiatakuuta tarvitaan ja se halutaan, mutta kansanedustajat ovat eri mieltä sen toteutuksesta",2020-12-11T05:35:00Z
3-11154907,https://yle.fi/uutiset/3-11154907,Boris Rotenberg hävisi kiistansa suomalaispankkien kanssa  – joutuu maksamaan yli puoli miljoonaa pankkien oikeudenkäyntikuluja,2020-01-13T12:16:51Z
3-11530436,https://yle.fi/uutiset/3-11530436,Analyysi: Tahdotko mahdottoman tehtävän? Ryhdy puoluejohtajaksi kuten Annika Saarikko ja Petteri Orpo,2020-09-06T17:30:36Z
3-11293837,https://yle.fi/uutiset/3-11293837,"Näin kävi, kun videopuhelut tulivat osaksi arkeamme: paidattomia puolisoita, riehuvia lapsia ja ruokaa rinnuksilla  – ""Eihän kukaan tee sellaista toimistolla""",2020-04-14T04:20:00Z
3-11247765,https://yle.fi/uutiset/3-11247765,"Asta Lepän kolumni: Ihmisillä on suuri tarve kertoa itsestään, mutta kuulijoista alkaa olla pula",2020-04-21T03:45:00Z
3-11574740,https://yle.fi/uutiset/3-11574740,"Tällainen on maalaiskylän kerrostalo – Valkamat selvittivät lupaviidakon ja tekivät viljankuivaajasta kodin: ""Tulva ei ainakaan tule lattialle""",2020-10-04T06:51:00Z
3-11242419,https://yle.fi/uutiset/3-11242419,Tuomiokirkon muuttuminen elokuvapäivän näyttämöksi kohahdutti Turussa – tunnelma oli lopulta rennon hilpeä ,2020-03-05T19:30:57Z
3-11391761,https://yle.fi/uutiset/3-11391761,"Päivä, jona Ruotsi pysähtyi – Pääministeri Olof Palmen murha on jättänyt lähtemättömät jäljet ruotsalaisiin, tapauksesta raportoineet Ylen toimittajat muistelevat",2020-06-09T17:16:14Z
3-11429517,https://yle.fi/uutiset/3-11429517,Kaipaatko kuunneltavaa mökille tai automatkalle? Katso tästä 9 vinkkiä kotimaisista kulttuuripodcasteista,2020-07-06T07:30:00Z
3-11201846,https://yle.fi/uutiset/3-11201846,"Jan Boijer-Spoof halusi riistää henkensä, kunnes hänelle tarjottiin harvinaista ketamiinihoitoa – “Kuin joku painaisi päässä reset-nappulaa”",2020-02-13T15:08:04Z
3-11146370,https://yle.fi/uutiset/3-11146370,Miksi unessa ei koskaan pääse perille ja kännykkä on aina mykkä? Unien terveysvaikutukset yhä osin mysteeri myös tutkijoille ,2020-01-10T17:51:05Z
3-11583936,https://yle.fi/uutiset/3-11583936,"Uutuuskirja kokoomusjohtajasta Ilkka Suomisesta kertoo, kuinka vaikeaa puolueen johtaminen on – “Näillä kengillä kävelee kenen yli tahansa”",2020-10-08T02:00:00Z
3-11319235,https://yle.fi/uutiset/3-11319235,Oletko nähnyt levottomia unia viime aikoina? Niin on moni muukin ympäri maailmaa – pandemiaunien syitä ryhdytään selvittämään,2020-04-26T17:49:00Z
3-11331634,https://yle.fi/uutiset/3-11331634,Facebookin Karanteenikaraokessa lauletaan rennosti kylpytakissa ja peukutetaan kaikkia,2020-05-01T15:00:00Z
3-11609122,https://yle.fi/uutiset/3-11609122,CBS-kanava syyttää Valkoista taloa sopimusrikkomuksesta – Trump vuoti 60 minuuttia -ohjelman haastattelun ennenaikaisesti nettiin ,2020-10-22T21:57:08Z
3-11275359,https://yle.fi/uutiset/3-11275359,"Mitä tapahtui, kun suomalaiset suljettiin kotiin? 3 perhettä piti viikon ajan päiväkirjaa: ""Pirjo nosti rähinän, kun aioin lähteä lenkille""",2020-03-26T03:55:00Z
3-11452973,https://yle.fi/uutiset/3-11452973,"Asta-myrsky yllätti 10 vuotta sitten loma-Suomen kesken ennätyshelteiden – “Näky oli kuin Raatteentieltä”, sanoo sähköyhtiön mies",2020-07-19T17:10:00Z
3-11265748,https://yle.fi/uutiset/3-11265748,Susi Nousiaisen kolumni: Lopetetaan “näistä asioista” puhuminen ja puhutaan näistä asioista,2020-04-10T03:45:00Z
3-11273206,https://yle.fi/uutiset/3-11273206,Naakkojen ulosteet ja tuhotut rehupaalit turhauttavat maatiloilla – maitotilallinen: Ne eivät kunnioita yhtään mitään,2020-03-25T07:52:00Z
3-11243707,https://yle.fi/uutiset/3-11243707,"Georgialaiskokkien kielteisiin työlupapäätöksiin meni 17 kuukautta, Migri vihjaili ihmiskaupasta – yrittäjä: ""Tuntuu, että liiketoimintaamme yritetään torpata""",2020-03-09T03:50:00Z
3-11317626,https://yle.fi/uutiset/3-11317626,Hehkutettu Jesse Markin sai Teosto-palkinnon – laulaja koki lapsena rasismia ja sai jopa tappouhkauksia,2020-04-23T10:00:00Z
3-11588402,https://yle.fi/uutiset/3-11588402,Emilia Kujalan kolumni: Syy videokohtaamisten puuduttavuuteen löytyy sosiaalipsykologiasta,2020-10-18T03:45:00Z
3-11192844,https://yle.fi/uutiset/3-11192844,"Nelosten äiti pahoinpiteli, nimitteli ja vähätteli – Suomen kuuluisimmat neloset vaikenivat perheväkivallasta tähän päivään saakka",2020-02-06T05:00:00Z
3-11375839,https://yle.fi/uutiset/3-11375839,"Tekisikö mieli lähteä Japaniin tai edes Tallinnaan? Tässä 9 kirjavinkkiä, joiden seurassa voit matkustaa turvallisesti",2020-06-06T04:50:00Z
3-11615096,https://yle.fi/uutiset/3-11615096,Jarno Limnéllin kolumni: Tätä menoa annamme hyvän kriisin mennä hukkaan,2020-10-28T04:45:00Z
3-11690714,https://yle.fi/uutiset/3-11690714,Sairaanhoitaja Miiamaija Mäntylän keho muistaa yhä väkivaltaisen suhteen – nyt hän koskettaa itse syntyviä ja kuolevia,2020-12-19T17:03:00Z
3-11672203,https://yle.fi/uutiset/3-11672203,"Oululaispoliitikot kertovat huonosta keskustelukulttuurista kaupunginvaltuustossa – valtuutettu: ""Vallitsee pelon ja turvattomuuden ilmapiiri""",2020-12-01T16:01:00Z
3-11608870,https://yle.fi/uutiset/3-11608870,"Herätys: Trump ja Biden kohtasivat viimeisessä väittelyssä, julkkikset siivittävät elämäkertoja, vapaaehtoistyöhön on tunkua",2020-10-23T03:15:30Z
3-11525381,https://yle.fi/uutiset/3-11525381,Miksi piispat ovat olleet koronakriisissä niin hiljaa? Tutkija Hanna Wass: Kyse on kirkon laajemmasta identiteettikriisistä ,2020-09-06T04:45:00Z
3-11350143,https://yle.fi/uutiset/3-11350143,"Elokuvaohjaaja Juho Kuosmanen yritti päästä elämästä helpolla, ja sitten hän löysi itsensä ohjaamasta elokuvaa Venäjällä",2020-05-17T05:10:00Z
3-11571080,https://yle.fi/uutiset/3-11571080,Oliko muisto hyväksikäytöstä totta vai ei? Asiantuntijan mukaan taitamaton terapia voi synnyttää valemuistoja,2020-10-05T04:45:00Z
3-11539824,https://yle.fi/uutiset/3-11539824,"Video: Ponsse-miljonääri Juha Vidgrén haluaa lisätä yhteisöllisyyttä rakentamalla kotikuntaansa tanssisalin ja kylätalon – ""Jäi kaiho mieleen"" ",2020-09-12T17:05:00Z
3-11265449,https://yle.fi/uutiset/3-11265449,"Ravintolan omistaja purskahtaa itkuun: ""Maailmani on romahtamassa"" – Moni pienyrittäjä kauhuissaan koronan takia",2020-03-23T05:00:00Z
3-11617913,https://yle.fi/uutiset/3-11617913,Jari Ehrnroothin kolumni: Miksi poliitikot ärhentelevät toisilleen kuin eläimet?,2020-10-30T04:45:00Z
3-11361146,https://yle.fi/uutiset/3-11361146,Clubhouse on Piilaakson puhutuin uusi some – sovelluksessa voi päästä juttelemaan julkkisten kanssa,2020-05-23T04:15:00Z
3-11279756,https://yle.fi/uutiset/3-11279756,Kirjeenvaihtajalta: Venäjä on valjastanut koronaviruksen propagandansa välineeksi,2020-03-27T14:44:59Z
3-11282561,https://yle.fi/uutiset/3-11282561,"Asiantuntijat erimielisiä keuhkokuumeelta suojaavan pneumokokkirokotteen koronahyödyistä ja -haitoista – infektioylilääkäri: ""Rokotuttaisin kaikki Suomen riskiryhmät""",2020-04-02T03:37:00Z
3-11232523,https://yle.fi/uutiset/3-11232523,Maailmankuulu blueskitaristi voi olla myös nainen ja äiti niin kuin Erja Lyytinen,2020-03-01T06:01:00Z
3-11356905,https://yle.fi/uutiset/3-11356905,"Yksi kuva, muuta ei tarvittu: sattuma teki hankolaisesta Mia Nybergistä leipätaiturin, jota seurataan ihastellen ympäri maailman",2020-05-24T08:30:00Z
3-11613818,https://yle.fi/uutiset/3-11613818,Vaikea COVID-19-tauti lisää merkittävästi neurologisten oireiden riskiä lievään tautimuotoon verrattuna – Suomessa vakavat hermostovauriot olleet harvinaisia,2020-10-31T05:13:00Z
3-11356707,https://yle.fi/uutiset/3-11356707,"Jari Lindströmin muistelmat kertovat perussuomalaisten keskinäisistä kahinoista, ""omaan pesään kusemisesta"" ja ex-ministerin tiestä kortistoon",2020-05-19T21:01:00Z
3-11366616,https://yle.fi/uutiset/3-11366616,Kokoomus esittää tuettuja lentoja maakuntakentille – ratkaisu kelpaisi ainakin Meri-Lapissa,2020-05-25T10:11:01Z
3-11367173,https://yle.fi/uutiset/3-11367173,"Kainuun maakuntajohtaja pohtii kokoomuksen esitystä lennoista: ""Onko meidän kysynnälle vastaavia pienen kokoluokan lentokoneita saatavilla""",2020-05-25T12:25:11Z
3-11605600,https://yle.fi/uutiset/3-11605600,"Kun Irina Björklund teki elämänsä roolin, otsikoihin ei noussut rauhantyö vaan hiusten väri – ""Nauratti ja mietin vain, miten määritellään tyylikkäästi harmaantunut""",2020-10-25T05:45:00Z
3-11540774,https://yle.fi/uutiset/3-11540774,Kokkolan kolmannet Kinojuhlat vauhtiin poikkeusjärjestelyin – myös Kaupan ja kulttuurin yö pienimuotoisempi tänä vuonna ,2020-09-11T14:30:26Z
3-11503975,https://yle.fi/uutiset/3-11503975,Heinola kokeilee uusia tapoja kehittää alueita: kaupunkisuunnittelijat innostavat asukkaita ja keräävät käyttöideoita tyhjälle tontille,2020-09-02T16:15:00Z
3-11140047,https://yle.fi/uutiset/3-11140047,Essoten alueella Kyytineuvon tilalle matkojenyhdistelykeskus MYK – sote-matkoja voi jatkossa tilata myös tekstarilla tai sähköpostilla,2020-01-02T05:37:01Z
3-11466892,https://yle.fi/uutiset/3-11466892,Lue tästä koronapäivitykset 21.7.–20.8.,2020-07-27T09:25:36Z
3-11259160,https://yle.fi/uutiset/3-11259160,"Uusimmat koronatiedot Keski-Suomesta: THL: Koronatartunnat tiistainakin laskusuunnassa, koko Keski-Suomessa vain 7 uutta tartuntaa",2020-03-16T13:50:33Z
3-11535554,https://yle.fi/uutiset/3-11535554,Lue tästä aiemmat Keski-Suomen koronatiedot,2020-09-09T11:54:57Z
