id,url,title,date_modified
3-11551004,https://yle.fi/uutiset/3-11551004,Saksalaissotilaiden matkaan lähteneet naiset leimattiin huoriksi – Tommi Kinnunen purkaa mollattujen morsianten häpeää syksyn kirjatapauksessa,2020-10-04T06:42:00Z
3-11274825,https://yle.fi/uutiset/3-11274825,"Koronan yllättävä seuraus: Webkamerat loppuivat monista verkkokaupoista jopa parissa päivässä, kun suomalaiset siirtyivät etätöihin ",2020-03-25T12:27:12Z
3-11520830,https://yle.fi/uutiset/3-11520830,"Viruksen tuhoava tarra ovenkahvaan ja uusia desinfiointiaineita – korona sai suomalaiskeksijät liikkeelle, kaikkea ei ehditä edes testata",2020-09-02T02:25:00Z
3-11281909,https://yle.fi/uutiset/3-11281909,Edustajalive esittelemään kansanedustajan työtä ,2020-03-30T06:53:52Z
3-11248954,https://yle.fi/uutiset/3-11248954,Oululainen Flow Productions on Vuoden Teatteri 2020 ,2020-03-10T05:04:12Z
3-11646488,https://yle.fi/uutiset/3-11646488,Asuntokauppa jatkuu Joensuussa poikkeuksellisen vilkkaana vuodenaikaan nähden – tavallisesti kaupanteko hiljenee marraskuussa,2020-11-13T15:35:32Z
3-11479689,https://yle.fi/uutiset/3-11479689,Kansanedustajat nuorten viljelijöiden pakeilla,2020-08-05T03:57:53Z
3-11599437,https://yle.fi/uutiset/3-11599437,Lue tästä Kainuun koronapäivitykset 10.7.–30.9.,2020-10-16T13:00:26Z
3-11369259,https://yle.fi/uutiset/3-11369259,Lue tästä Kainuun koronapäivitykset 21. huhtikuuta – 24. toukokuuta,2020-05-26T13:58:06Z
3-11259610,https://yle.fi/uutiset/3-11259610,"Uusimmat tiedot koronaviruksesta Pirkanmaalla: Nuoret palaavat pääsiäisen jälkeen lähiopetukseen, kuntosalit ja muut liikuntapaikat halutaan kiinni ",2020-03-16T13:01:00Z
