id,url,title,date_modified
3-11683535,https://yle.fi/uutiset/3-11683535,"Paavo Arhinmäki asetettiin vasemmistoliiton pormestariehdokkaaksi Helsingissä – ""Tarvitaan lähiöpormestari""",2020-12-05T17:24:44Z
3-11642912,https://yle.fi/uutiset/3-11642912,Hyvä- ja huono-osaisten alueellinen eriytyminen voimistuu suurimmissa kaupungeissa – Helsinki hillitsee segregaatiota uudella asunto-ohjelmalla,2020-11-11T20:32:59Z
3-11303275,https://yle.fi/uutiset/3-11303275,Poliitikot yllättyivät vallastaan: Hallitus voisi runnoa poikkeustoimet läpi oppositiosta välittämättä – Valmiuslain kiristys ehkä pohdintaan ,2020-04-12T15:18:15Z
3-11517612,https://yle.fi/uutiset/3-11517612,Hävittäjähankinta yritetään sulloa 10 miljardiin – puolustusministeriön Puranen: Emme pyydä lisää rahaa,2020-08-29T10:13:51Z
3-11224377,https://yle.fi/uutiset/3-11224377,Helsingin pitkäaikainen kunnallispoliitikko Pekka Saarnio on kuollut,2020-02-24T09:05:21Z
3-11425372,https://yle.fi/uutiset/3-11425372,Hallitus selvittää alipalkkauksen kriminalisointia – suurimmat oppositiopuolueet eivät ole innoissaan,2020-06-30T13:45:59Z
3-11525935,https://yle.fi/uutiset/3-11525935,"Analyysi: Li Anderssonin ilmoitus äitiyslomasta avasi seuraajaveikkailut vasemmistoliitossa – Saramo, Arhinmäki ja Sarkkinen vahvoilla ministeriksi",2020-09-03T13:12:05Z
3-11531890,https://yle.fi/uutiset/3-11531890,Ylen tiedot: Jussi Saramon valinta opetusministeri Li Anderssonin sijaiseksi voi vielä mutkistua – osa puolueväestä ajaa tehtävään Paavo Arhinmäkeä,2020-09-07T14:31:22Z
3-11163368,https://yle.fi/uutiset/3-11163368,Niikko selvitti Kiina-kytköksiään valiokunnalle – Selvitystä vaatinut Virolainen on tyytyväinen vastauksiin,2020-01-17T13:11:57Z
3-11367395,https://yle.fi/uutiset/3-11367395,Hornet-hävittäjien korvaaminen uusilla hävittäjillä jakaa puolueita – vasemmistoliitto lykkäisi ja supistaisi hankintaa ,2020-05-25T15:01:07Z
3-11367869,https://yle.fi/uutiset/3-11367869,Puolustusministeriön ohjelmajohtaja: korona ei ole muuttanut hävittäjähankinnan perusteita,2020-05-25T18:11:28Z
3-11254313,https://yle.fi/uutiset/3-11254313,"Puolueet peruvat kokoukset ja yleisötapahtumat – Oppositiojohtaja: ""Kaikki ei-välttämätön ihmisten lähikohtaaminen kannattaa minimoida""",2020-03-12T15:55:26Z
3-11486313,https://yle.fi/uutiset/3-11486313,Valtion taloutta ohjataan nyt sumussa – lisävelka jakaa eduskuntaryhmiä,2020-08-11T02:50:00Z
3-11699641,https://yle.fi/uutiset/3-11699641,Opetusministeriksi noussut Jussi Saramo oppivelvollisuuden pidentämisestä: Vuosituhannen suurin harppaus koulutuksen tasa-arvon eteen,2020-12-17T03:47:00Z
3-11675194,https://yle.fi/uutiset/3-11675194,Eduskuntapuolueet erimielisiä sukupuolten määrästä – yli puolet ryhmien puheenjohtajista kirjaisi lakiin kolmannen tai useamman sukupuolen,2020-12-01T13:37:25Z
3-11536354,https://yle.fi/uutiset/3-11536354,Hyvätuloiset voivat jatkossakin asua puoli-ilmaisissa kaupungin vuokra-asunnoissa – huoneiston kierrätys perhepiirissä on lakiin perustuva oikeus,2020-09-09T18:10:58Z
3-11676951,https://yle.fi/uutiset/3-11676951,"Hallituksen mielestä oppositiolla ei ole yhteistä linjaa, oppositio: Ei sitä tunnu olevan hallituksellakaan – Yle seurasi budjettikeskustelua",2020-12-02T10:45:00Z
3-11393999,https://yle.fi/uutiset/3-11393999,"Oppositio moitti rahan roiskimista hankkeisiin koronan varjolla – Rahaministeri Vanhanen puolusti jättimäistä lisäbudjettia: ""Haluamme välttää 90-luvun laman virheet""",2020-06-10T10:01:26Z
3-11659210,https://yle.fi/uutiset/3-11659210,Paavo Arhinmäkeä esitetään pormestariehdokkaaksi,2020-11-20T14:57:46Z
3-11446452,https://yle.fi/uutiset/3-11446452,Paavo Arhinmäki A-studiossa: Vasemmistoliitto kannattaa ansiosidonnaista kaikille – ehtona työttömyyskassojen pakkojäsenyys,2020-07-13T18:46:24Z
3-11549907,https://yle.fi/uutiset/3-11549907,"""Aktiivimalli 2 nousi kuolleista"", sanoo työttömien etujärjestö – miksi Sipilän hallituksen inhokki kelpasi vasemmistolle nyt? ",2020-09-17T15:53:12Z
3-11577948,https://yle.fi/uutiset/3-11577948,"Kaikki Helsingin ilmastomielenosoituksessa kiinni otetut vapautettu – ""Poliisin voimankäyttö arvioidaan"", sanoo sisäministeri Ohisalo",2020-10-03T14:11:21Z
3-11156284,https://yle.fi/uutiset/3-11156284,Vasemmistoliiton kansanedustaja Anna Kontula otettiin kiinni Israelissa – aktivistiryhmän tarkoituksena oli tunkeutua Gazaan,2020-01-14T10:01:32Z
3-11503177,https://yle.fi/uutiset/3-11503177,Vasemmistoliiton Li Andersson: Budjettiriiheen tukipaketti vauhdittamaan yli 55-vuotiaiden työllisyyttä ,2020-08-20T07:40:00Z
3-11167310,https://yle.fi/uutiset/3-11167310,Pitäisikö lain taata kaikille vähintään kympin tuntipalkka? Kysyimme puolueiden kannat EU:n minimipalkkaehdotukseen,2020-01-20T15:58:14Z
3-11415018,https://yle.fi/uutiset/3-11415018,"Perussuomalaisten Mäenpään syytesuojasta puhkesi kiivas väittely: Arhinmäki syytti vihapuheen suojelusta, Halla-aho varoitti kierteestä",2020-06-24T08:05:52Z
3-11590714,https://yle.fi/uutiset/3-11590714,"Ravintolarajoitukset jakavat hallitusta ja oppositiota – kysyimme eduskuntaryhmiltä, mitä erilaisista koronatoimista nyt ajatellaan",2020-10-12T13:54:27Z
