id,url,title,date_modified
3-11512344,https://yle.fi/uutiset/3-11512344,Tutkijat: Keskiluokan pudokkaat äänestävät perussuomalaisia – Riikka Purra tunnistaa häviäjien ahdistuksen,2020-08-29T04:00:00Z
3-11401943,https://yle.fi/uutiset/3-11401943,"Rasistinen twiitti, naisvihamielinen kirja – Mikä on perussuomalaisten linja? Jussi Halla-aho ja Riikka Purra vastasivat A-studiossa",2020-06-15T13:57:39Z
3-11707845,https://yle.fi/uutiset/3-11707845,Oppositio arvostelee al-Holin leirin äitien kotiuttamista – Halla-ahon mielestä tarkkaan harkittu ajoitus,2020-12-20T11:21:32Z
3-11403277,https://yle.fi/uutiset/3-11403277,"Perussuomalaiset suhtautuu epäilevästi feminismiin – Puheenjohtaja Halla-ahon mukaan aate lietsoo ""sotaa sukupuolten välille""",2020-06-15T21:02:58Z
3-11356707,https://yle.fi/uutiset/3-11356707,"Jari Lindströmin muistelmat kertovat perussuomalaisten keskinäisistä kahinoista, ""omaan pesään kusemisesta"" ja ex-ministerin tiestä kortistoon",2020-05-19T21:01:00Z
3-11516180,https://yle.fi/uutiset/3-11516180,"Herätys: Tulotasostaan huolestuneet äänestävät perussuomalaisia, Marin Ykkösaamun vieraana, Malmössä mellakoitiin yöllä",2020-08-29T05:21:02Z
3-11460535,https://yle.fi/uutiset/3-11460535,"Oppositio haastoi pääministeri Marinia EU:n elvytyspaketista A-studiossa: ""Kannettu vesi ei kaivoa kohenna"" – katso tallenne keskustelusta",2020-07-22T13:55:09Z
3-11644285,https://yle.fi/uutiset/3-11644285,"Väittely nuorten rikoksista hallitsi eduskunnan kyselytuntia – perussuomalaiset syytti maahanmuuttoa, kokoomus vaati arestia",2020-11-12T13:14:35Z
3-11703170,https://yle.fi/uutiset/3-11703170,"Oppositio jatkoi ulkoministerin hiostamista, kokoomus keskittäisi EU:n elvytysrahat korkeakouluille, Joulupukki saa rokotteensa – katso kyselytunnin tallenne",2020-12-17T13:16:47Z
3-11332125,https://yle.fi/uutiset/3-11332125,Poliitikot pitävät vappupuheensa verkossa – moni hallituspuolue viettää virtuaalivappua,2020-05-01T00:51:46Z
3-11551271,https://yle.fi/uutiset/3-11551271,"Oppositio jätti välikysymyksen hallituksen työllisyyspolitiikasta, Orpo: Epäonnistuminen, Purra: Koronaa käytetään savuverhona",2020-09-18T06:20:11Z
3-11277269,https://yle.fi/uutiset/3-11277269,"PS:n Purra kyselytunnilla: Kuka on tehnyt virheen, kun ulkomailta Suomeen palaavia ei ole ohjeistettu selkeästi?",2020-03-26T13:01:18Z
3-11537009,https://yle.fi/uutiset/3-11537009,Yle seurasi kyselytuntia: Oppositio hiillosti hallitusta työllisyystoimista – Orpo: Korona ei ole syy jättää tekemättä,2020-09-10T12:04:10Z
3-11237366,https://yle.fi/uutiset/3-11237366,"Mitä Turkin ja Kreikan rajalla pitäisi tehdä? Sisäministeri Ohisalo haluaa eurooppalaisen ratkaisun, perussuomalaiset vaatii rajatarkastuksia",2020-03-02T16:34:25Z
3-11394268,https://yle.fi/uutiset/3-11394268,"Perussuomalaisten ajatuspaja keskeyttää ""naisten tyranniasta"" kertoneen Jukka Hankamäen kirjan julkaisun – Halla-aho myöntää: Laadunvalvonta saattoi pettää",2020-06-10T08:52:25Z
3-11337461,https://yle.fi/uutiset/3-11337461,"Yle seurasi eduskunnan keskustelua koronakriisistä –
Pääministeri Marin: ""Kirurgisia suu- ja nenäsuojaimia ei ole riittävästi koko väestön tarpeisiin""",2020-05-06T10:06:31Z
3-11627993,https://yle.fi/uutiset/3-11627993,"Eduskunnan keskustelu oppivelvollisuuden laajentamisesta yltyi kiivaaksi: ""Elämästä vieraantunut laki"", ""Kannattaa lukea lakipaketti ja keskustella sitten lisää""",2020-11-03T11:00:22Z
3-11396934,https://yle.fi/uutiset/3-11396934,"Kohukirja sai perussuomalaiset naiset tyrmistymään: Kike Elomaa pitää teosta käsittämättömänä, Alisa Leinonen äänestää tulevaisuudessa toisin",2020-06-11T13:09:29Z
3-11181696,https://yle.fi/uutiset/3-11181696,Ylen kysely kansanedustajille: Oikeisto ja vihreät haluavat porrastaa ansiosidonnaisen – Vasemmisto ja puolet perussuomalaisista vastustaa,2020-02-04T03:30:00Z
3-11544748,https://yle.fi/uutiset/3-11544748,"Laaja tutkimus eduskuntavaaleista: Perinteinen puoluekenttä murtui, perussuomalaiset ajautuu yhä enemmän eristyksiin muista",2020-09-17T07:00:00Z
3-11568491,https://yle.fi/uutiset/3-11568491,Tutkimus eduskuntavaalien ehdokkaista: Tutkijat toivovat pelisääntöjä vaalihäirinnän estämiseksi – poliittisia oikeuksia ei saa kaventaa,2020-10-01T07:00:00Z
3-11462383,https://yle.fi/uutiset/3-11462383,Eurooppa-kirje: Huippukokouksessa on aina tuhat tarinaa,2020-07-24T05:00:00Z
3-11327998,https://yle.fi/uutiset/3-11327998,"Pääministeri Marin antoi eduskunnalle ilmoituksen koronakriisin hoidosta: ""Epidemian vaikutukset yllättivät"", ""kannan suojavarusteista kovaa huolta""",2020-04-29T10:00:22Z
3-11189968,https://yle.fi/uutiset/3-11189968,"Uudet kansanedustajat työstään: Istuntosali kuin show-painiareena, valtaa käytetään valiokunnissa – ""Hyvä, että siellä ollaan suljettujen ovien takana""",2020-02-09T05:58:00Z
3-11363740,https://yle.fi/uutiset/3-11363740,"""Mielen pohjalla on vain yksi ajatus. Seksiä."" – Roomassa asuva Riikka Vainio purki eristyksissä läheisyydenkaipuutaan koronapäiväkirjaan ja perusti ""koronaperheen""",2020-05-23T04:05:00Z
3-11626186,https://yle.fi/uutiset/3-11626186,"Homepommiksi paljastunut koti on jälleen asumiskelpoinen – Riikka Mäkelä oppi, että suomalaiset auttavat mieluummin talkoilla kuin rahalla",2020-11-14T17:02:00Z
3-11160385,https://yle.fi/uutiset/3-11160385,"Ristijärveläinen mies pilkki erikoisen ahvenen, jonka evästä törrötti ""häntä"" – tutkija: todennäköisesti syy evävauriossa",2020-01-16T18:56:00Z
3-11713342,https://yle.fi/uutiset/3-11713342,Psyykenlääkkeitä on ostettu tänä vuonna aiempaa enemmän – terapian puuttuminen on voinut johtaa matalaan lääkintäkynnykseen,2020-12-28T03:44:00Z
3-11499643,https://yle.fi/uutiset/3-11499643,Lampaiden kesätyö Kalajoella muuttui selviytymistaisteluksi susia vastaan – jo lähes 50 eläintä raadeltu kuoliaaksi tai lopetettu,2020-08-19T11:52:31Z
3-11688953,https://yle.fi/uutiset/3-11688953,Kotoiluvuosi innosti suomalaiset joulun laittoon jopa viikkoja tavallista aiemmin – lahjahittejä ovat lihashuoltovasara ja ilmafriteerauslaite,2020-12-12T06:05:00Z
3-11368286,https://yle.fi/uutiset/3-11368286,Koronajutut alkavat kyllästyttää – yhä useampi sanoo väistelevänsä uutisia säästyäkseen mielipahalta,2020-05-27T04:01:38Z
3-11326120,https://yle.fi/uutiset/3-11326120,"Perheenäiti väsyi olemaan lapsensa opettaja oman työnsä ohella ja postasi asiasta Instagramiin – selvisi, ettei hän ole ainoa",2020-04-30T07:38:40Z
3-11172292,https://yle.fi/uutiset/3-11172292,Yhdysvallat aikoo rajoittaa turvaksi otettujen lemmikkieläinten  määrää matkustamossa  – lohtukalkkunan lento uhkaa loppua ,2020-01-24T14:45:16Z
3-11358729,https://yle.fi/uutiset/3-11358729,Panimoliitto arvostelee valomerkin ajoitusta ja asiakasrajoitusta – S-ryhmä perää rajoitusten nopeampaa hölläystä,2020-05-19T14:45:15Z
3-11285909,https://yle.fi/uutiset/3-11285909,"Alkoholisti Rippe Riikonen kertoo, millaista kamppailua koronan vaatima eristys on riippuvaisille: ""Voisi valita, kuoleeko viinaan vai virukseen""",2020-04-01T18:06:04Z
3-11321883,https://yle.fi/uutiset/3-11321883,"Kunnanvaltuutetut myönsivät itselleen 10 000 euron kehittämisrahan – pian omille kylille nousee laavuja, grillikatoksia ja liikuntapaikkoja ",2020-04-26T15:45:00Z
3-11306712,https://yle.fi/uutiset/3-11306712,"Satojentuhansien suomalaisten kesäloman kohtalo on vielä auki, ja tietoa voi joutua odottamaan viikkoja – myös työnantajien hätäilystä on merkkejä",2020-04-20T03:00:00Z
3-11355266,https://yle.fi/uutiset/3-11355266,Kesäpestin hankkiminen on nyt työn ja tuskan takana –koronarajoitusten purkaminen avaa lisää paikkoja,2020-05-16T00:58:04Z
3-11226560,https://yle.fi/uutiset/3-11226560,"Liki valmiit potilashuoneet odottavat rakennustyömaalla pari vuotta – niiden avulla testataan, että kaikki toimii Tyksin uudessa sairaalassa",2020-02-27T03:56:00Z
3-11355594,https://yle.fi/uutiset/3-11355594,"Ylen kysely: Ikäihmiset toivovat, että saisivat käyttää omaa harkintaa – nuoret jatkaisivat suosituksia yli 70-vuotiaille",2020-05-16T13:06:48Z
3-11626608,https://yle.fi/uutiset/3-11626608,"Tässä ovat tietokirjallisuuden Finlandia-ehdokkaat: mukana teokset tanssikiellosta, saimaannorpasta ja terrorismista",2020-11-03T08:10:11Z
3-11206506,https://yle.fi/uutiset/3-11206506,Erityislapsen perheelle isovanhemmat ovat usein tukiverkoista tärkein – Raila-mumma huolehtii sekä lapsenlapsen että tämän vanhempien jaksamisesta,2020-02-15T17:00:00Z
3-11139952,https://yle.fi/uutiset/3-11139952,"
Punaiset sukat, sininen viitta – suomalaisen muinaishaudan selittämättömän hyvin säilyneet jäänteet kertovat muodin edelläkävijän asusta keskiajan kynnyksellä",2020-01-15T09:03:24Z
3-11551315,https://yle.fi/uutiset/3-11551315,"Mihin tarvitaan vihreää puoluetta, kun muutkin puhuvat ilmastonmuutoksesta? Tämä ja seitsemän muuta kysymystä vihreille vaikuttajille",2020-09-19T04:11:00Z
3-11116178,https://yle.fi/uutiset/3-11116178,"Joka viides kehitysvammainen ei liiku lainkaan – mitään edistystä ei ole tapahtunut 15 vuoteen: ""Edellyttää ilmoittautumista ja kulkemista""",2020-01-02T10:15:00Z
3-11482674,https://yle.fi/uutiset/3-11482674,Ranska kieltää ravintoloiden terassilämmittimet – voisiko sama toteutua Suomessa? Ympäristöministeriö: Kaikki mahdollisuudet käydään läpi,2020-08-11T15:46:30Z
3-11171583,https://yle.fi/uutiset/3-11171583,Satoja tonneja jätettä rahdataan Suomenlahden yli päivittäin – suomalaisten roskilla lämmitetään tallinnalaisia koteja,2020-01-24T17:30:00Z
3-11540590,https://yle.fi/uutiset/3-11540590,"""Korona on pompauttanut synnytyspelon taivaisiin"", sanoo ahdistuneisuutta työssään hoitava lääkäri – katso mistä voit hakea apua",2020-09-19T04:13:00Z
3-11307999,https://yle.fi/uutiset/3-11307999,"Tilitoimistot näkevät jo nyt tulevan konkurssiaallon – kokenut yrityskouluttaja: ""Vaikeinta on niillä, joiden yritykset menestyneet loistavasti""'",2020-04-26T12:05:00Z
3-11390734,https://yle.fi/uutiset/3-11390734,"Milloin luit viimeksi kirjan, jonka kirjoittaja ei ole valkoinen? ",2020-06-10T03:01:00Z
3-11443991,https://yle.fi/uutiset/3-11443991,Yle seurasi: Jyväskylässä kerrostalossa illalla alkanut tulipalo levisi yllättäen viereiseen rakennukseen – sammutus- ja raivaustyöt jatkuvat aamuun asti,2020-07-10T18:57:36Z
3-11667577,https://yle.fi/uutiset/3-11667577,"""Tämä on meidän viimeinen puhelu"", sanoi isä Minttu Väisäselle ennen itsemurhaansa – nyt tytär auttaa muita saman kokeneita ja teki surusta myös ammatin",2020-11-28T17:02:00Z
3-11419004,https://yle.fi/uutiset/3-11419004,"""Jos olisin lääkäri, minua pelottaisi ihan hirveästi antaa diagnooseja"", sanoo transmies Susi Nousiainen – transsukupuolisten uusista hoitosuosituksista nousi kohu, tästä siinä on kyse   ",2020-06-26T07:10:21Z
3-11161009,https://yle.fi/uutiset/3-11161009,"Viherherätyksen kokenut hampurilaiskeisari Heikki Salmela uskoo, että kasviproteiini on tulevaisuuden pihvi – ""Saattaa kuulostaa viherpesulta""",2020-01-18T07:41:00Z
3-11513165,https://yle.fi/uutiset/3-11513165,"Anna Tuori luki 14-vuotiaana eroottisen romaanin Lolitan, samastui keski-ikäiseen mieheen ja pitää sitä hyvänä asiana",2020-08-30T05:00:00Z
3-11477333,https://yle.fi/uutiset/3-11477333,Perussuomalaiset rynnii vauhdilla kohti ensi kevään kuntavaaleja,2020-08-03T11:05:37Z
3-11716286,https://yle.fi/uutiset/3-11716286,"Energiaturpeen tuotanto vähenee, arvokas erityiskalusto jäämässä yrittäjien käsiin",2020-12-28T12:07:36Z
3-11661727,https://yle.fi/uutiset/3-11661727,Kokoomus järjestäytyi Pohjanmaalla – Jesse Luhtala jatkaa puheenjohtajana,2020-11-23T12:49:04Z
3-11637750,https://yle.fi/uutiset/3-11637750,Hylje sai kantaesityksensä Kajaanin kaupunginteatterissa – näytelmä pureutuu ajankohtaisiin teemoihin ,2020-11-09T09:55:05Z
3-11619582,https://yle.fi/uutiset/3-11619582,"Sedun rehtoriksi pyrkii seitsemän hakijaa, kaksi eteni henkilöarviointiin",2020-10-29T06:19:50Z
3-11668784,https://yle.fi/uutiset/3-11668784,Hevi tulee ja hevi nappaa – 80-luvun raskaan musiikin hyökyaalto siivitti suomalaiset bändit vientikuntoon,2020-12-02T14:20:00Z
3-11504969,https://yle.fi/uutiset/3-11504969,"Viisi kiinnostavaa juttua lauantai-iltaan: Tältä Beirutissa näyttää nyt, oudot olennot hätkähdyttävät Helsingissä ja suurituloisten verotietoja poistetaan",2020-08-22T15:00:00Z
3-11357161,https://yle.fi/uutiset/3-11357161,"Viisi kiinnostavaa juttua lauantai-iltaan: Läheisyydenkaipuuseen haetaan helpotusta Italiassa, miljoonayleisön saanut Oulun oopperapoliisi selätti henkilökohtaisen kriisin",2020-05-23T15:00:00Z
3-11323077,https://yle.fi/uutiset/3-11323077,Lue tästä koronapäivitykset 22.4.–11.5.,2020-04-26T06:37:53Z
3-11330733,https://yle.fi/uutiset/3-11330733,Lue tästä Pirkanmaan koronapäivitykset 27.3.–30.4.,2020-04-30T10:43:09Z
3-11275130,https://yle.fi/uutiset/3-11275130,Lue tästä koronapäivitykset 24.3.–5.4.,2020-03-25T18:35:43Z
3-11380485,https://yle.fi/uutiset/3-11380485,Lue tästä Pohjois-Karjalan koronapäivitykset 9.4.–20.5.,2020-06-02T09:55:50Z
3-11268694,https://yle.fi/uutiset/3-11268694,زانیاری سەبارەت بە ڤایرۆسی کۆرۆنا ,2020-03-20T16:40:31Z
3-11663578,https://yle.fi/uutiset/3-11663578,Lue tästä koronapäivitykset 22.11.–12.12.,2020-11-24T16:23:30Z
3-11536702,https://yle.fi/uutiset/3-11536702,Lue tästä koronapäivitykset 8.9.–30.9.,2020-09-10T04:00:23Z
3-11268719,https://yle.fi/uutiset/3-11268719,Fahamka Koronada,2020-03-20T16:24:49Z
3-11254317,https://yle.fi/uutiset/3-11254317,Lue tästä koronaviruspäivitykset 17.2.–23.3.,2020-03-12T15:16:25Z
