id,url,title,date_modified
3-11667618,https://yle.fi/uutiset/3-11667618,"Eduskunta keskusteli seksuaalirikosten rangaistusten koventamisesta, kokoomus ja SDP väänsivät sote-uudistuksesta ",2020-11-26T13:21:21Z
3-11628345,https://yle.fi/uutiset/3-11628345,"Sanna Marin lähtee kuntavaaliehdokkaaksi Tampereella, Satu Hassi ja Anna Kontula eivät – Perussuomalaiset uskoo kaupungin  valtasuhteiden vaihtuvan",2020-11-06T05:35:00Z
3-11287827,https://yle.fi/uutiset/3-11287827,"Pirkanmaan sairaanhoitopiirin säästöt pitää hyllyttää koronan ajaksi – Satonen: ""Terveydenhoidon pitää toimia kriisissä maksimiteholla""",2020-04-06T07:35:29Z
3-11178859,https://yle.fi/uutiset/3-11178859,"Vain kaksi nuorta pirkanmaalaista edustajaa sallisi huumeiden piikityshuoneet Tampereelle, enemmistö epäilee tai vastustaa: ""Miksi käyttöä tulisi näin suosia?""",2020-02-04T06:18:00Z
3-11319863,https://yle.fi/uutiset/3-11319863,Yritystuet nousivat kyselytunnin pääaiheeksi – Ministeri Lintilä lupaili uutta asetusta eduskunnalle,2020-04-23T12:18:09Z
3-11189968,https://yle.fi/uutiset/3-11189968,"Uudet kansanedustajat työstään: Istuntosali kuin show-painiareena, valtaa käytetään valiokunnissa – ""Hyvä, että siellä ollaan suljettujen ovien takana""",2020-02-09T05:58:00Z
3-11568211,https://yle.fi/uutiset/3-11568211,Kiritetäänkö työllisyyttä vai kuritetaanko suurituloisia? Kuntien kassakriisiä ei haluta paikata palkkaverojen korotuksilla Pirkanmaalla,2020-10-07T04:15:00Z
3-11334112,https://yle.fi/uutiset/3-11334112,"Pitääkö ulkopaikkakuntalaisen päästä hoitoon myös korona-aikana? Pirkanmaan edustajista vain yksi rajoittaisi pääsyä, muut hoitaisivat mökkiläisiäkin",2020-05-05T04:05:00Z
3-11557765,https://yle.fi/uutiset/3-11557765,Lue tästä Pirkanmaan koronapäivitykset 2.5.–31.8.,2020-11-06T12:27:25Z
