id,url,title,date_modified
3-11661304,https://yle.fi/uutiset/3-11661304,Kansanedustaja Juha Mäenpään kunnianloukkausjutun käsittely alkoi hovioikeudessa,2020-11-23T10:38:57Z
3-11451925,https://yle.fi/uutiset/3-11451925,Kansanedustaja Juha Mäenpään kotiseurakunnassa laulettu runo sisälsi sanan vieraslaji – syntyi somekohu ja kantelu hiippakunnalle,2020-07-16T15:29:34Z
3-11197601,https://yle.fi/uutiset/3-11197601,Kansanedustaja Juha Mäenpään syyteasia suoraan perustuslakivaliokuntaan – eduskuntaryhmät halusivat monimutkaiseen oikeusasiaan valiokunnan kannan,2020-02-07T11:23:44Z
3-11340372,https://yle.fi/uutiset/3-11340372,Ylen tieto: Valtakunnansyyttäjä on ilmoittanut perustuslakivaliokunnalle haluavansa syyttää perussuomalaisten kansanedustajaa Juha Mäenpäätä ,2020-05-07T15:24:28Z
3-11240206,https://yle.fi/uutiset/3-11240206,Perussuomalaisten kansanedustaja Juha Mäenpäälle syyte kunnianloukkauksesta – meneillään myös syyteharkinta kiihottamisesta kansanryhmää vastaan,2020-03-04T10:51:47Z
3-11413693,https://yle.fi/uutiset/3-11413693,"Eduskunta käsittelee historiallista tapausta – 5 kysymystä ja vastausta, kuinka Juha Mäenpään vieraslajipuhe eteni syytesuojaäänestykseen",2020-06-24T02:47:00Z
3-11296732,https://yle.fi/uutiset/3-11296732,Käräjäoikeus hylkäsi perussuomalaisten Mäenpään kunnianloukkausyytteen – myös päätoimittajien syytteet hylättiin,2020-04-07T13:46:38Z
3-11403606,https://yle.fi/uutiset/3-11403606,Perustuslakivaliokunta: perussuomalaisten kansanedustajan Juha Mäenpään syytesuoja olisi poistettava – Halla-aho syyttää politisoitumisesta,2020-06-17T08:36:38Z
3-11218750,https://yle.fi/uutiset/3-11218750,"Perustuslakivaliokunta kuuli kansanedustaja Juha Mäenpäätä vieraslajipuheista – ""En ole mielestäni loukannut mitään ryhmää""",2020-02-20T10:08:51Z
3-11173664,https://yle.fi/uutiset/3-11173664,"Perussuomalaisten Juha Mäenpää poliisikuulusteluissa: En ole vastuussa siitä, miten sanani käsitetään – Kieltäytyi 9 kertaa kommentoimasta",2020-01-24T09:41:18Z
3-11385141,https://yle.fi/uutiset/3-11385141,"Ylen tiedot: Perussuomalaisten Juha Mäenpään syytesuojan saa poistaa, arvioi valtaosa perustuslakivaliokunnan kuulemista  asiantuntijoista",2020-06-04T15:27:14Z
3-11233554,https://yle.fi/uutiset/3-11233554,"Miten meni omasta mielestä? Näin kansanedustajat listasivat onnistumisiaan: hoitajamitoitus, lakialoite, jumppatunti, perhe yhä koossa",2020-03-03T08:30:51Z
3-11406279,https://yle.fi/uutiset/3-11406279,Professori Kimmo Nuotio: Nyt murtui kansanedustajan puheiden täydellinen koskemattomuus – saa Mäenpää syytteen tai ei ,2020-06-17T13:15:01Z
3-11419637,https://yle.fi/uutiset/3-11419637,"Valtakunnansyyttäjä Raija Toiviainen pettyi eduskunnan ratkaisuun Mäenpäästä – ""Onko oikein, että politiikkaa voi tehdä laittomin keinoin?""  ",2020-06-26T09:33:29Z
3-11172099,https://yle.fi/uutiset/3-11172099,Valtakunnansyyttäjä pyytää eduskunnalta lupaa asettaa perussuomalaisten Juha Mäenpää syytteeseen – Jussi Halla-aho: Tulemme estämään syyteoikeuden,2020-01-23T11:06:37Z
3-11189834,https://yle.fi/uutiset/3-11189834,"Eduskunta avaa kevään: Mika Niikko kiistää Kiina-kytkökset, ja Juha Mäenpään puherajoja puidaan eduskunnan käräjillä",2020-02-04T03:58:00Z
3-11272759,https://yle.fi/uutiset/3-11272759,Syyttäjä vaatii perussuomalaisten Mäenpäälle ja kahdelle ex-päätoimittajalle sakkorangaistusta,2020-03-24T09:45:45Z
3-11300411,https://yle.fi/uutiset/3-11300411,"Syyttäjä aikoo valittaa perussuomalaisten kansanedustajan hylätystä käräjäoikeustuomiosta – Mäenpää: ""Haiskahtaa ajojahdille""",2020-04-09T09:01:01Z
3-11215547,https://yle.fi/uutiset/3-11215547,Analyysi: Valtakunnansyyttäjä Toiviainen ja kansanedustajan syytesuoja – perustuslakitulkinnat herättävät ihmetystä,2020-02-20T05:00:00Z
3-11172463,https://yle.fi/uutiset/3-11172463,"Miksi kansanedustajat voivat kaataa kollegansa syytteen? Pykälä on ollut olemassa pitkään, mutta siihen on turvauduttu vain kolme kertaa",2020-01-23T14:30:45Z
3-11413898,https://yle.fi/uutiset/3-11413898,Kokoomus ei vaadi ryhmäkuria perjantain äänestyksessä perussuomalaisten Mäenpään syytesuojan murtamisesta,2020-06-23T12:11:24Z
3-11415018,https://yle.fi/uutiset/3-11415018,"Perussuomalaisten Mäenpään syytesuojasta puhkesi kiivas väittely: Arhinmäki syytti vihapuheen suojelusta, Halla-aho varoitti kierteestä",2020-06-24T08:05:52Z
3-11418220,https://yle.fi/uutiset/3-11418220,"Eduskunta ei antanut lupaa syyttää perussuomalaisten Mäenpäätä – Halla-ahon mukaan asian käsittely ""häpeällinen farssi"", näin kansanedustajat äänestivät ",2020-06-26T05:00:00Z
3-11408280,https://yle.fi/uutiset/3-11408280,"Analyysi: Jos perussuomalaisten periaate pitää, eduskunnan istuntosalista voi tulla paikka, jossa voi sanoa aivan mitä tahansa",2020-06-18T13:00:50Z
3-11191486,https://yle.fi/uutiset/3-11191486,Eduskunta palasi istuntotauolta – puhemiehenä jatkaa odotetusti Matti Vanhanen,2020-02-04T09:19:38Z
3-11440781,https://yle.fi/uutiset/3-11440781,"Miksi kokoonnutte pommisuojassa, kiiruhdatteko Haaviston rikosepäilyn käsittelyä? 7 kysymystä perustuslakivaliokunnan puheenjohtajalle",2020-07-12T04:47:00Z
3-11413744,https://yle.fi/uutiset/3-11413744,Ylen aamu tänään: Eduskunta käsittelee Juha Mäenpään syytesuojaa – miksi kansanedustajat tarvitsevat syytesuojaa? Katso lähetys tästä,2020-06-24T03:30:00Z
3-11195709,https://yle.fi/uutiset/3-11195709,"""Jopa Ruotsi vastustaa jäsenmaksun nostamista"" – perussuomalaiset kyseenalaisti Suomen EU-linjaa kevään ensimmäisellä kyselytunnilla",2020-02-06T12:59:56Z
3-11417157,https://yle.fi/uutiset/3-11417157,Perussuomalaisten Juha Mäenpään syytesuoja saa Vaasan vaalipiirissä tukea myös muilta kuin oman puolueen kansanedustajilta,2020-06-25T09:38:37Z
3-11216619,https://yle.fi/uutiset/3-11216619,Ilmajokelaiskansanedustaja perustuslakivaliokunnan kuultavana,2020-02-20T03:18:10Z
3-11689981,https://yle.fi/uutiset/3-11689981,Analyysi: Perustuslakivaliokunnassa on kriisipalaverin paikka – perustuslain vartijaa uhkaavat politisoituminen ja vuodot,2020-12-09T20:31:42Z
3-11418675,https://yle.fi/uutiset/3-11418675,"Herätys: Mäenpään syytesuojasta äänestetään, USA:ssa koronatartuntoja luultua enemmän, Yle Urpilaisen kanssa avustuslennolla Afrikassa",2020-06-26T03:26:01Z
3-11414360,https://yle.fi/uutiset/3-11414360,"Herätys: Mäenpään vieraslajipuheet eduskunnan käsittelyyn, Venäjällä alkamassa äänestys perustuslaista, helteet piinaavat kalakantoja",2020-06-24T03:15:26Z
3-11466454,https://yle.fi/uutiset/3-11466454,"Perussuomalaisten kansanedustaja kutsui ministereitä ""perserei'iksi"" – politiikan tutkija: Peltokankaan alatyylinen kommentti rikkoi hyvän maun rajat",2020-07-27T01:13:31Z
3-11414743,https://yle.fi/uutiset/3-11414743,"Eduskunnan täysistunnossa käsitellään tänään sitä, saako valtakunnansyyttäjä syyttämisluvan perussuomalaisten Mäenpään vieraslajipuheista",2020-06-24T01:42:23Z
3-11193013,https://yle.fi/uutiset/3-11193013,"Presidentti Niinistö valtiopäivien avajaisissa: ""Merkkejä siitä, että antisemitismi ja rasismi jälleen pyrkivät nostamaan päätään"" – Yle seurasi hetki hetkeltä",2020-02-05T10:30:00Z
3-11644285,https://yle.fi/uutiset/3-11644285,"Väittely nuorten rikoksista hallitsi eduskunnan kyselytuntia – perussuomalaiset syytti maahanmuuttoa, kokoomus vaati arestia",2020-11-12T13:14:35Z
3-11688464,https://yle.fi/uutiset/3-11688464,"Ylen tiedot: Perustuslakivaliokunnan mukaan Pekka Haavisto on toiminut lainvastaisesti, mutta syytekynnys ei ylity – vihreät jättää vastalauseen",2020-12-09T09:59:17Z
3-11655156,https://yle.fi/uutiset/3-11655156,Eduskunnan susikeskustelussa esiin nousivat tutut teemat: uhanalaisuus ja lasten turvallisuus – kansalaisaloite kannanhoidollisesta metsästyksestä lähti jatkokäsittelyyn valiokuntaan,2020-11-18T22:55:05Z
3-11418039,https://yle.fi/uutiset/3-11418039,"Kesän viimeisen kyselytunnin pääaiheiksi nousivat ruuhkamaksut ja työllisyystoimet, Vanhanen: Minulla ei ole ""hokkuspokkuskeinoja""",2020-06-25T12:23:35Z
3-11557220,https://yle.fi/uutiset/3-11557220,Analyysi: Oikeus selätti PVL-natsit ja asetti rajat sananvapauden väärinkäytölle,2020-09-22T16:18:27Z
3-11608324,https://yle.fi/uutiset/3-11608324,"Vainoaminen laajeni parisuhteista someen – Oikeuskäytäntö linjaa nyt, miten laki taipuu somevainon suitsimiseen",2020-10-24T03:47:00Z
3-11248160,https://yle.fi/uutiset/3-11248160,Päivi Räsäsen puheiden tutkinta on kirvoittanut valtakunnansyyttäjään kohdistuvia uhkauksia sekä uskonnollisen häirikkköviestitulvan,2020-03-09T15:34:36Z
3-11230102,https://yle.fi/uutiset/3-11230102,"Perussuomalaisissa nuorissa voi alkaa puhdistus, puolue saattaa erottaa nuorisojärjestönsä – ""Harjaako"" Halla-aho puolueesta vain arvostelijoitaan?",2020-02-29T04:30:00Z
3-11418447,https://yle.fi/uutiset/3-11418447,Päivi Happonen: Katiskan pääsyytetyn Niko Ranta-ahon ympärillä pyörii melkoinen ihmissuhdesoppa – Tekikö media rosvosta sankarin?,2020-07-02T03:45:00Z
3-11396686,https://yle.fi/uutiset/3-11396686,Poliitikkojen puhe on yhä rumempaa ja hyvän maun raja ylittyy usein – konkari syyttää somea ja palaisi lehtien mielipidepalstoihin,2020-06-12T15:00:00Z
3-11189968,https://yle.fi/uutiset/3-11189968,"Uudet kansanedustajat työstään: Istuntosali kuin show-painiareena, valtaa käytetään valiokunnissa – ""Hyvä, että siellä ollaan suljettujen ovien takana""",2020-02-09T05:58:00Z
3-11707487,https://yle.fi/uutiset/3-11707487,58 vuotta sitten yksi arvostetuimmista japanilaistaiteiljoista päätyi maalaamaan taulun Kuopion Puijolle – nyt torniin saatiin vedos kuuluisasta maalauksesta,2020-12-21T10:35:00Z
3-11195636,https://yle.fi/uutiset/3-11195636,"Hoitajaopintojen hakijamäärät laskevat tuhansilla, kun ala polkee kriisistä toiseen – myös koulutuksen maine on kärsinyt",2020-02-07T12:00:00Z
3-11508540,https://yle.fi/uutiset/3-11508540,Instagramissa pikkutyttöjen alastonkuvia kalastelleella Karjalan prikaatin opistoupseerilla yhä virka Puolustusvoimissa – syyttäjän mielestä ei pitäisi olla,2020-08-24T14:20:00Z
3-11700829,https://yle.fi/uutiset/3-11700829,"Pienen kunnan päätöksenteko luisui kriisiin – Hattulan kunnanhallituksen puheenjohtajaa syytetään omavaltaisuudesta, viranhaltijat pakenevat",2020-12-16T16:03:00Z
3-11558166,https://yle.fi/uutiset/3-11558166,Sibelius-fantasian magiaa: Ahveniston puut heräävät hämärän tullen henkiin Hämeenlinnassa – katso video ,2020-09-23T16:30:00Z
3-11691473,https://yle.fi/uutiset/3-11691473,Oikeusoppineet eri linjoilla tapaus Haavistosta – Näin rajusti näkemykset erosivat,2020-12-10T20:03:32Z
3-11716478,https://yle.fi/uutiset/3-11716478,Vaasan vaalipiirin kansanedustajista ahkerimpia puhujia Paula Risikko ja Pasi Kivisaari – vähiten puheenvuoroja on käyttänyt Jukka Mäkynen,2020-12-31T06:13:39Z
3-11378925,https://yle.fi/uutiset/3-11378925,"""Ranskassa tästä olisi jo tullut oikeuskäsittely"", toteaa Kivistössä asuva ranskalainen palveluiden puuttumisesta – tuleeko alueelle vihdoin ostari?",2020-06-02T09:26:06Z
3-11177452,https://yle.fi/uutiset/3-11177452,"Millaista arki on vuonna 2030? Lue 16 ennustusta siitä, miten teknologia ja ympäristönsuojelu muuttaa elämäämme",2020-01-29T10:36:40Z
3-11677348,https://yle.fi/uutiset/3-11677348,Vaasan vaalipiirin kansanedustajat vieroksuvat biokaasun verottamista,2020-12-07T08:31:46Z
3-11630628,https://yle.fi/uutiset/3-11630628,Vaasan vaalipiirin kansanedustajat ovat lähdössä isolla joukolla kevään 2021 kuntavaaleihin,2020-11-04T14:38:34Z
3-11590455,https://yle.fi/uutiset/3-11590455,Tarvitsevatko turkiseläimet tiukemman lain suojan? Kysymys turkiseläinten hyvinvoinnista jakaa Vaasan vaalipiirin kansanedustajia,2020-10-12T12:35:32Z
3-11334291,https://yle.fi/uutiset/3-11334291,Pohjalaiskansanedustajat eivät antaisi verovähennystä etäkoulun läppäreihin ,2020-05-05T03:54:17Z
3-11245193,https://yle.fi/uutiset/3-11245193,Vaasan vaalipiirin kansanedustajista kolme kieltäisi kuntien vesi- ja energiayhtiöiden myynnin ,2020-03-09T07:17:00Z
3-11305138,https://yle.fi/uutiset/3-11305138,Suojavarusteiden toimittajia etsitään kiivaasti myös kotimaasta – kurikkalaisyritys paikkaa tarvetta osaltaan,2020-04-14T14:07:21Z
3-11186165,https://yle.fi/uutiset/3-11186165,"Turkiseläinten vienti ulkomaille jakaa alueen kansanedustajia: iso osa kieltäisi, mutta tunnistaa vaikeudet ",2020-02-05T04:46:34Z
3-11294154,https://yle.fi/uutiset/3-11294154,"""Maatalous huoltovarmuuden kivijalka"" – pohjalaisedustajat maataloustukien noston kannalla",2020-04-06T12:12:27Z
3-11375448,https://yle.fi/uutiset/3-11375448,"Rajoitusten alueellinen purkaminen jakaa vaalipiirin kansanedustajat – Ylen kyselyyn varovaisia vastauksia: ""Tässä voisi vastata sekä kyllä että ei""",2020-06-01T08:17:07Z
3-11639554,https://yle.fi/uutiset/3-11639554,Yle Kokkolan yhteystiedot,2020-11-10T07:15:58Z
3-11639500,https://yle.fi/uutiset/3-11639500,Yle Pohjanmaan yhteystiedot,2020-11-10T07:22:18Z
3-11409736,https://yle.fi/uutiset/3-11409736,"Kuntien talous alavireessä Satakunnassa – pohdinnassa säästöjä, veronkorotuksia ja jopa irtisanomisia",2020-06-22T04:41:20Z
3-11241757,https://yle.fi/uutiset/3-11241757,Säkylän suurkanalan rakentaminen alkamassa –  ensimmäiset munat kuluttajille ehkä jo ensi vuoden alussa,2020-03-05T03:59:52Z
3-11535554,https://yle.fi/uutiset/3-11535554,Lue tästä aiemmat Keski-Suomen koronatiedot,2020-09-09T11:54:57Z
3-11357252,https://yle.fi/uutiset/3-11357252,Lue tästä Satakunnan koronapäivitykset 18.3.–15.5.,2020-05-23T08:25:26Z
3-11355290,https://yle.fi/uutiset/3-11355290,"Lue tästä koronaviruspäivitykset 12.5.–15.6.
",2020-05-16T03:49:35Z
