id,url,title,date_modified
3-11595895,https://yle.fi/uutiset/3-11595895,Maskisuosituksesta noussut keskustelu jatkui Ylen A-studion jälkeen kiivaana Twitterissä – pääministeri Marin penäsi THL:n Tervahaudalta vastauksia,2020-10-15T03:49:04Z
3-11672065,https://yle.fi/uutiset/3-11672065,Analyysi: Kokoomus on hallinnut Helsinkiä 40 vuotta – Vapaavuoren ja Stubbin kieltäytyminen avaa kilpailijoille iskun paikan,2020-11-29T15:21:57Z
3-11214484,https://yle.fi/uutiset/3-11214484,Kokoomuskansanedustaja: Diabeetikkojen vapaaehtoisen varusmiespalveluksen lopetus perustuu virheellisiin tietoihin,2020-02-18T12:01:02Z
3-11218416,https://yle.fi/uutiset/3-11218416,"
Kuka lähmii eduskunnan hissiä? Mysteeri on vaivannut siivoojia jo vuosia",2020-02-20T12:52:42Z
3-11146687,https://yle.fi/uutiset/3-11146687,"Opetusministeri Li Andersson uskonnonopetuksen ja elämänkatsomustiedon yhdistämisestä: ""Tervehdin keskustelua ilolla""",2020-01-07T14:49:54Z
3-11655656,https://yle.fi/uutiset/3-11655656,"Yle seurasi kyselytunnin suorana – Ikäihmisten toimeentulo ja polkupyörien kotitalousvähennys puhuttivat: ""Mökin mummo ei nyt kiitä""",2020-11-19T13:03:26Z
3-11582007,https://yle.fi/uutiset/3-11582007,"Budjettikeskustelussa kokoomus tivasi vastausta Marinin irtisanomis- ja osinkopuheista: ""Miksi lietsotte vastakkainasettelua""",2020-10-07T05:43:00Z
3-11595455,https://yle.fi/uutiset/3-11595455,"Pääministeri Marin sai selvityksen THL:n maskikannasta: ""Asia on minun puolestani loppuun käsitelty""",2020-10-15T03:07:00Z
3-11194877,https://yle.fi/uutiset/3-11194877,"Krista Kiuru: Hoitajien siivoaminen ja pyykkääminen loppuu, hoitajamitoitus etenee – Rahaa yksityisen terveydenhuollon Kela-korvauksista",2020-02-06T11:00:00Z
3-11586740,https://yle.fi/uutiset/3-11586740,Hallitus pääsi sopuun sote-uudistuksen sisällöstä: Selvitys eduskuntaryhmille ensi viikon alussa,2020-10-09T07:17:53Z
3-11580090,https://yle.fi/uutiset/3-11580090,"""Kiusaaminen on yhteiskunnan mätäpaise"" – näin pääkaupunkiseudun kansanedustajat ratkoisivat kouluväkivaltaa: empatian opettelua ja kovempia rangaistuksia",2020-10-06T06:45:00Z
3-11684773,https://yle.fi/uutiset/3-11684773,"Keväällä iskee mielenterveyspommi, sanoo Olavi Sydänmaanlakka – Terapiatakuuta tarvitaan ja se halutaan, mutta kansanedustajat ovat eri mieltä sen toteutuksesta",2020-12-11T05:35:00Z
3-11169652,https://yle.fi/uutiset/3-11169652,Analyysi: Ihmisoikeusjuristi ohittamassa poliisin – poliittinen virkanimitys heijastaisi Ohisalon linjaa ja tekisi vihreistä tavallisen puolueen,2020-01-22T14:04:07Z
