id,url,title,date_modified
3-11348566,https://yle.fi/uutiset/3-11348566,Poliitikot tyrmäsivät Helsingin Lapinlahden myynnin sijoittajille – historiallisen sairaala-alueen kehittämiseen selvityshenkilö,2020-05-12T17:23:55Z
3-11249323,https://yle.fi/uutiset/3-11249323,Vanhoihin tehdaskortteleihin saattaa tulla yllättäen myös asuntoja ja iltaravintoloita Helsingissä – poliitikot jyräsivät virkamiesten toiveet,2020-03-10T15:39:10Z
3-11322953,https://yle.fi/uutiset/3-11322953,Historiallisen 1800-luvulta olevan sairaalan myynnistä sijoittajille iso kiista – Museovirasto: Hotelli meluaitana kuulostaa vedätykseltä,2020-04-26T12:08:11Z
3-11293782,https://yle.fi/uutiset/3-11293782,"Ylen kysely: Hallituksen ilmastotavoitteet jakavat kansanedustajia koronakriisin keskellä – katso, mitä oma kansanedustajasi vastasi",2020-04-07T02:37:00Z
3-11640872,https://yle.fi/uutiset/3-11640872,"Lasten kotihoidontuki heikkenee Helsingissä, 900 miljoonaa euroa esimerkiksi koulujen ja metroasemien kunnostamiseen – budjetista päästy sopuun",2020-11-11T10:35:00Z
3-11642912,https://yle.fi/uutiset/3-11642912,Hyvä- ja huono-osaisten alueellinen eriytyminen voimistuu suurimmissa kaupungeissa – Helsinki hillitsee segregaatiota uudella asunto-ohjelmalla,2020-11-11T20:32:59Z
3-11395558,https://yle.fi/uutiset/3-11395558,Helsinki ulkoistaa suuren terveysaseman ja hankkii lisäksi 20 000 kaupunkilaisen terveyspalvelut ulkoisena tuotantona,2020-06-10T23:00:36Z
3-11205531,https://yle.fi/uutiset/3-11205531,Helsinki hyväksyi HIFK:n jättiareenan kaavamuutoksen – projektijohtaja: Garden Helsinki voi tuoda kaikkien sisäpalloilulajien MM-kisat Suomeen,2020-02-12T19:44:03Z
3-11341075,https://yle.fi/uutiset/3-11341075,Lapinlahden historialliselle sairaala-alueelle kaavailtu korjaussuunnitelma on kaatumassa: SDP tyrmää rakennusten myynnin sijoittajille,2020-05-08T08:05:00Z
3-11346164,https://yle.fi/uutiset/3-11346164,"Riitely Lapinlahdesta yltyy: Poliitikkojen hampaisiin joutunut sijoittaja vetoaa selvitykseensä, jonka mukaan kaupunkilaiset haluavat sairaalan yksityiseen omistukseen",2020-05-12T04:38:00Z
3-11379018,https://yle.fi/uutiset/3-11379018,"Pitäisikö perheen itse saada valita, onko lapsi etä- vai lähiopetuksessa? Näin Suomen koronapesäkkeen kansanedustajien äänet jakautuvat",2020-06-02T10:53:51Z
3-11327944,https://yle.fi/uutiset/3-11327944,"Ylen kysely: Kansanedustajat tyrmäävät tilapäisen koronaveron –  ""Elämässä mikään ei ole niin pysyvää kuin väliaikainen vero""",2020-05-05T02:53:00Z
3-11189968,https://yle.fi/uutiset/3-11189968,"Uudet kansanedustajat työstään: Istuntosali kuin show-painiareena, valtaa käytetään valiokunnissa – ""Hyvä, että siellä ollaan suljettujen ovien takana""",2020-02-09T05:58:00Z
