id,url,title,date_modified
3-11385050,https://yle.fi/uutiset/3-11385050,EU:n elvytysrahasto kuumensi tunteet kyselytunnilla – valehtelusyytökset saivat puhemiehen puuttumaan peliin ,2020-06-04T12:19:04Z
3-11625830,https://yle.fi/uutiset/3-11625830,Kansanedustaja Sanna Antikainen (ps.) esittää Nobelin rauhanpalkintoa presidentti Trumpille ,2020-11-02T04:59:51Z
3-11703170,https://yle.fi/uutiset/3-11703170,"Oppositio jatkoi ulkoministerin hiostamista, kokoomus keskittäisi EU:n elvytysrahat korkeakouluille, Joulupukki saa rokotteensa – katso kyselytunnin tallenne",2020-12-17T13:16:47Z
3-11444314,https://yle.fi/uutiset/3-11444314,Kova treenaus väärällä tekniikalla – myös mies ja synnyttämätön nainen voivat saada raskaudesta tutun vatsalihasten erkauman,2020-08-16T05:51:00Z
3-11362620,https://yle.fi/uutiset/3-11362620,"Pori ja Järvenpää kukoistavat, Heinola, Seinäjoki ja Jyväskylä kuihtuvat – kymmenien kaupunkikeskustojen elinvoimat vertailussa",2020-05-22T09:00:00Z
3-11579314,https://yle.fi/uutiset/3-11579314,Savo-Karjalan kansanedustajat sallisivat valkoposkihanhien metsästyksen,2020-10-06T02:37:58Z
