id,url,title,date_modified
3-11539325,https://yle.fi/uutiset/3-11539325,"
Keskustan kansanedustaja Hannu Hoskonen pysyy kannassaan – vastustaa oman puolueensa ja hallituksen linjaa EU:n elvytyspaketissa ",2020-09-11T11:15:00Z
3-11611270,https://yle.fi/uutiset/3-11611270,"Ympäristövaliokunnan puheenjohtaja: ""Suomessa on erittäin paljon huippukaivososaamista – ei kannata kenenkään olla huolissaan""",2020-10-23T15:00:00Z
3-11657568,https://yle.fi/uutiset/3-11657568,Kaivosyhtiöt ovat tehneet varauksia jopa luonnonsuojelualueille – katso kartasta kotipaikkakuntasi varaustilanne,2020-11-30T04:00:00Z
3-11697307,https://yle.fi/uutiset/3-11697307,Pekka Haavisto sai eduskunnan luottamuksen äänin 101–68 – Näin suuri sali äänesti,2020-12-15T07:18:08Z
3-11383963,https://yle.fi/uutiset/3-11383963,Ympäristövaliokunta kuulee valkoposkihanhien aiheuttamista vahingoista,2020-06-04T03:51:23Z
3-11331194,https://yle.fi/uutiset/3-11331194,Koronakuolemista tiedottaminen jakaa Savo-Karjalan kansanedustajia,2020-05-04T07:19:44Z
