id,url,title,date_modified
3-11719347,https://yle.fi/uutiset/3-11719347,"Ministerin kotitie sai rahaa jo toistamiseen – ELY-keskus: ""Meillä on yli 200 kilometriä Koirakivenraittia vilkkaampia sorateitä""",2020-12-31T14:40:06Z
3-11651057,https://yle.fi/uutiset/3-11651057,"Susipelko hiipi pieneen kyläyhteisöön Puumalassa – ""Koiran haukku on sudelle kuin kutsu ruokapöytään"", sanoo Tanja Raivio",2020-11-17T17:30:00Z
3-11435144,https://yle.fi/uutiset/3-11435144,"Moni kalastaja käyttää yhä saimaannorpalle vaarallisia katiskoja – Kaupasta ostettua katiskaa luullaan turvalliseksi, mutta se ei aina ole",2020-07-06T15:27:00Z
3-11647202,https://yle.fi/uutiset/3-11647202,Ministeri ei lämpene ulkomaisen kausityövoiman rajoittamiselle – Leppä: Koronasäädökset ovat erittäin selkeät,2020-11-13T15:40:00Z
3-11687449,https://yle.fi/uutiset/3-11687449,Hallitus uudistaa jätelakia kuljetusyritysten ehdoilla – se saattaa käydä sinun kukkarollesi,2020-12-11T03:44:00Z
3-11168034,https://yle.fi/uutiset/3-11168034,"Suo siellä, vetelä täällä – mitä hallitus aikoo tehdä Ylen esiin nostamalle ristiriidalle suomalaisissa suometsissä ?",2020-01-21T16:35:00Z
3-11489944,https://yle.fi/uutiset/3-11489944,Vaarattomaksi luultu perhonen osoittautuikin hurjaksi tuholaiseksi – toukat söivät hehtaarien kokoisen viljapellon Kouvolassa,2020-08-12T10:50:40Z
3-11441697,https://yle.fi/uutiset/3-11441697,"Perhosen piinaama viljelijä hälytti ministeri Lepän paikalle – perillä odotti puhtaaksi syöty pelto: ""Totaalinen tuho""",2020-07-09T16:12:00Z
3-11276197,https://yle.fi/uutiset/3-11276197,Maataloudelle tulossa oma tukipaketti koronan vuoksi: Ensi hätään 15 miljoonan lainatakaukset – Ministeri: tuotanto ja huoltovarmuus turvataan,2020-03-26T06:30:50Z
3-11620627,https://yle.fi/uutiset/3-11620627,"Miten käy Pirkan, Rainbow´n ja Lidlin monen ""halpamerkin""? Uusi laki kieltää kauppoja oikeudettomasti kopioimasta tuotteita omiksi merkeikseen",2020-10-29T15:41:02Z
3-11533630,https://yle.fi/uutiset/3-11533630,Saunapalvin ja muiden savustustuotteiden valmistus saa jatkua Suomessa  – asetus sallii tavallista korkeammat PAH-pitoisuudet,2020-09-08T11:51:53Z
3-11324351,https://yle.fi/uutiset/3-11324351,"Nopeat ukrainalaispoimijat jäivät kotiin – marjatilayrittäjä kertoo, että joutuu palkkaamaan tuplasti suomalaisia",2020-04-27T14:45:15Z
3-11187839,https://yle.fi/uutiset/3-11187839,Kansalaisaloite vesihuollon yksityistämisen estämiseksi etenee eduskuntaan – aloite keräsi tarvittavat nimet kahdessa päivässä,2020-02-01T09:20:08Z
3-11368750,https://yle.fi/uutiset/3-11368750,"Valkoposkihanhien tuhojäljet esiteltiin ministereille Kiteellä – myös vihreä ympäristöministeri uskoo, että kanta kestäisi metsästyksen",2020-05-26T13:58:10Z
3-11498795,https://yle.fi/uutiset/3-11498795,Karja ja kaivinkoneet auttavat sorsia valtaamaan pesimäpaikkoja takaisin – vanhoja lintujärviä kunnostetaan kahdella miljoonalla eurolla ,2020-08-17T16:12:00Z
3-11654450,https://yle.fi/uutiset/3-11654450,"Ministeri Leppä kiistää väitteet valtion vanhojen metsien hakkuista, ministeri Mikkonen: ""Jos tällaisia kohteita löytyy, ne pitää saada suojelun piiriin""",2020-11-19T04:15:00Z
3-11683750,https://yle.fi/uutiset/3-11683750,Valtaosa ministereistä asettumassa ehdolle kuntavaaleissa – kansanedustajistakin vahva enemmistö,2020-12-06T08:33:00Z
3-11655015,https://yle.fi/uutiset/3-11655015,"Herätys: Ministereillä eri näkemykset metsähakkuista, sijoitettujen lasten hatkariskiä ehkäistään uudella tavalla, Huuhkajat kärsi tappion Walesille",2020-11-19T04:27:07Z
3-11526556,https://yle.fi/uutiset/3-11526556,Lyijypitoisten haulien käyttöä kosteikkoalueilla rajoitetaan EU:ssa – Suomi vastusti päätöstä,2020-09-03T16:12:30Z
3-11653255,https://yle.fi/uutiset/3-11653255,Elokapinan mielenilmaus sujui rauhallisesti Helsingissä – paikalla oli noin 80 mielenosoittajaa,2020-11-18T07:37:33Z
3-11338043,https://yle.fi/uutiset/3-11338043,Maatiloille saadaan lisää väkeä kevättöihin: Työntekijöitä Suomeen sittenkin Ukrainasta,2020-05-06T11:44:11Z
3-11229941,https://yle.fi/uutiset/3-11229941,Tornionjokivartiset vaativat lohiselvityksen poistamista ministeriön julkaisuista – selvitystä pidetään puolueellisena,2020-02-27T08:03:32Z
3-11625498,https://yle.fi/uutiset/3-11625498,"Uusimmat tiedot veropäivästä: Marin pitää suurituloisten nimien poistamista valitettavana, suurten valtionyhtiöiden pomoilla miljoonatulot",2020-11-03T03:30:00Z
3-11655156,https://yle.fi/uutiset/3-11655156,Eduskunnan susikeskustelussa esiin nousivat tutut teemat: uhanalaisuus ja lasten turvallisuus – kansalaisaloite kannanhoidollisesta metsästyksestä lähti jatkokäsittelyyn valiokuntaan,2020-11-18T22:55:05Z
3-11326512,https://yle.fi/uutiset/3-11326512,Valtion talousmetsille tulee ensimmäistä kertaa tavoite kasvattaa hiilinielua,2020-04-28T10:02:54Z
3-11424121,https://yle.fi/uutiset/3-11424121,"Marjanpoimijat nukkuvat jopa navetoissa ja kylmäkonteissa – majoituksen minimitaso on selkeä, mutta silti osa tiloista alittaa sen",2020-06-30T04:33:00Z
3-11549866,https://yle.fi/uutiset/3-11549866,"Oppositio moitti hallitusta teollisuuden tappamisesta ja vääristä työllisyysluvuista, Vanhanen: ""Jotain rajaa""",2020-09-17T12:17:26Z
3-11319863,https://yle.fi/uutiset/3-11319863,Yritystuet nousivat kyselytunnin pääaiheeksi – Ministeri Lintilä lupaili uutta asetusta eduskunnalle,2020-04-23T12:18:09Z
3-11256905,https://yle.fi/uutiset/3-11256905,Atrian rehuyhtiö aikoo korvata tuontisoijan täysin kotimaisilla raaka-aineilla – lihantuotannon hiilijalanjälki pienenee,2020-03-13T18:16:25Z
3-11521028,https://yle.fi/uutiset/3-11521028,Näillä keinoilla aiotaan vähentää valkoposkihanhien aiheuttamia vahinkoja – lintuja voi karkoittaa myös ampumalla,2020-09-01T12:41:44Z
3-11350444,https://yle.fi/uutiset/3-11350444,"Elinkeinoministeri Lintilä: Uusi yritystuki kohdistuu eniten koronakriisistä kärsiville yrityksille, kesto kaksi kuukautta ",2020-05-14T02:57:00Z
3-11608155,https://yle.fi/uutiset/3-11608155,"Perussuomalaiset vaati hallitusta tuomitsemaan terroriteon Ranskassa, kokoomus kysyi sähkön siirtohinnoista – Yle seurasi eduskunnan kyselytuntia",2020-10-22T12:09:54Z
3-11332876,https://yle.fi/uutiset/3-11332876,Tuulivoimaa vauhditetaan tarjoamalla valtion maita myllyjen rakentamiseen – Metsähallituksen hanke vastaa uuden ydinvoimalan rakentamista,2020-05-09T09:45:00Z
3-11458451,https://yle.fi/uutiset/3-11458451,"Maanviljelijöiden pahin painajainen vältettiin, MTK-pomo ""varovaisen tyytyväinen"" – Suomen saama summa pullistui yön tunteina sadoilla miljoonilla",2020-07-21T14:05:35Z
3-11629797,https://yle.fi/uutiset/3-11629797,"Mitä tienasivat yritysjohtajat, kansanedustajat ja urheilijat – ja mitä se kertoo Suomesta? Katso kooste veropäivän huipuista",2020-11-04T09:47:47Z
3-11626861,https://yle.fi/uutiset/3-11626861,Yle selvitti poliitikkojen usean vuoden tulot: pienipalkkaiset naiset nousivat vallan huipulle – pääministeri Marin kuusinkertaisti ansionsa,2020-11-03T15:48:42Z
3-11162515,https://yle.fi/uutiset/3-11162515,Sinikettujen vientiä vastustavat turkistarhaajat päivystävät yhä kokkolalaistarhalla – paikalla kymmeniä protestoijia,2020-01-17T08:56:37Z
3-11196443,https://yle.fi/uutiset/3-11196443,"12 000 kilometriä vesiputkia on lähes hajoamispisteessä – suomalaiset ovat tottuneet puhtaaseen juomaveteen, mutta maan alla korjaustarve kasvaa",2020-02-07T05:00:00Z
3-11182364,https://yle.fi/uutiset/3-11182364,Uusi lääkärihelikopteri sai kansanedustajat vetämään reilusti kotiin päin – jopa saman puolueen sisällä edustajat ovat vankasti erimielisiä,2020-02-03T08:02:44Z
3-11679429,https://yle.fi/uutiset/3-11679429,"Avohakkuiden kieltämistä vaativa kansalaisaloite repi kiistan maaperän sitomasta hiilestä – Luonnonvarakeskuksen professori vetoaa tutkimustulokseen, jota ei ole julkaistu missään",2020-12-09T11:15:00Z
3-11230821,https://yle.fi/uutiset/3-11230821,"Jari Aarnio sai murhasyytteen vuosia vanhasta murhasta, asianajaja Leppiniemi Ylelle: ""Aarnio on pettynyt, on tulossa raskas prosessi""  ",2020-02-27T12:07:55Z
3-11224209,https://yle.fi/uutiset/3-11224209,Maa ja metsätalousministeri vierailee Sodankylässä,2020-02-24T06:34:39Z
3-11453881,https://yle.fi/uutiset/3-11453881,Komissio vastasi mepille: Valkoposkihanhi pysyy suojeltuna ,2020-07-17T11:42:16Z
3-11368010,https://yle.fi/uutiset/3-11368010,Ministerit tutustuvat hanhituhoihin Kiteellä,2020-05-26T04:40:21Z
3-11712411,https://yle.fi/uutiset/3-11712411,Prosessioikeuden professori Mikko Vuorenpää pitää Aarnion tuomiota täysin poikkeuksellisena ,2020-12-22T18:06:54Z
3-11227097,https://yle.fi/uutiset/3-11227097,12-vuotias lapsi näki Jari Sillanpään ja hierojan harrastavan seksiä – Syyttäjä vaatii 8–9 kuukautta ehdollista vankeutta ,2020-02-26T04:00:00Z
3-11267610,https://yle.fi/uutiset/3-11267610,"Jari Sillanpäälle suuret sakot: kuvasi tietokoneelta, kun mies oli sukupuoliyhteydessä pienen lapsen kanssa – hyväksikäyttösyyte kaatui ",2020-03-23T12:06:04Z
3-11390463,https://yle.fi/uutiset/3-11390463,"Aarnion ja Vilhusen murhajutun poliisitutkinta: 
Syytöksiä rikollisten kostosta ja väitteitä todistajan syvästä rakastumisesta tutkinnanjohtajaan",2020-06-09T02:30:00Z
3-11283152,https://yle.fi/uutiset/3-11283152,"Jari Sillanpään tuomio jää voimaan: Kuvasi tietokoneelta, kun mies oli sukupuoliyhteydessä pienen lapsen kanssa – valittaa vain suurista sakoista",2020-03-30T15:34:35Z
3-11526115,https://yle.fi/uutiset/3-11526115,"""Rikollispomo soitti järkyttyneenä Aarniolle, miten murha pääsi tapahtumaan"", Aarnio: Minulla ei ollut tietoa – Yle seurasi hetki hetkeltä ",2020-09-07T03:00:00Z
3-11710916,https://yle.fi/uutiset/3-11710916,Jari Aarnio on syyllinen murhaan – käräjäoikeus tuomitsi ex-poliisipomon elinkautiseen ja vapautti rikollispomon 17 vuoden takaisesta teosta,2020-12-22T12:10:47Z
3-11598293,https://yle.fi/uutiset/3-11598293,"""Saara"" todisti Aarnion murhakäräjillä muuttuneita puheitaan: ""Minusta ne on väännetty"" – poliisi katsoi Aarnion käskeneen naista",2020-10-16T11:43:20Z
3-11386031,https://yle.fi/uutiset/3-11386031,"Yle seurasi hetki hetkeltä – Aarnio kiistää jyrkästi murhasyytteen: ""Tuntuu kohtuuttomalta, minulla ei ollut mitään tietoa suunnitelmasta"" ",2020-06-08T02:45:00Z
3-11637394,https://yle.fi/uutiset/3-11637394,Vuosaaren palkkamurhan oikeudenkäynnissä kuullaan loppulausunnot,2020-11-08T23:17:25Z
3-11534084,https://yle.fi/uutiset/3-11534084,Jari Aarnion puolustus väittää ex-rikollispomon yrittävän välttää elinkautisen Aarnion kustannuksella,2020-09-09T05:29:00Z
3-11607794,https://yle.fi/uutiset/3-11607794,"Aarnion alaisena työskennellyt poliisi ei millään olisi halunnut vastata tiettyihin kysymyksiin Vuosaaren palkkamurhasta – Oikeuden puheenjohtaja: ""Te olette velvollinen kertomaan totuuden""",2020-10-22T11:23:09Z
3-11569643,https://yle.fi/uutiset/3-11569643,Yle seurasi palkkamurhakäräjiä: Ex-poliisijohtaja Jari Aarnio ja ex-jengipomo Keijo Vilhunen täysin eri linjoilla – Aarnio kiistää saaneensa tietoja murha-aikeista vasikkana toimineelta Vilhuselta ,2020-09-30T06:13:42Z
3-11180154,https://yle.fi/uutiset/3-11180154,Kunnon pakkasjakson puuttuminen on haitannut rinteiden lumettamista – seinäjokelaisyrittäjä odottaa kuitenkin ennätyskautta,2020-01-28T17:29:00Z
3-11690663,https://yle.fi/uutiset/3-11690663,"Runeberg-ehdokkaat julki – vuoden kirjasadossa runsaasti autofiktiota, ilmastoahdistusta ja taiteilijoiden kertomuksia taiteilijoista",2020-12-10T11:01:11Z
3-11631384,https://yle.fi/uutiset/3-11631384,"Kasvatuksen ammattilaiset Jari Sinkkonen ja Juha T. Hakala: Riittävän hyvä isä rakastaa, sietää, vetää pultit ja pyytää anteeksi",2020-11-07T18:16:00Z
3-11171981,https://yle.fi/uutiset/3-11171981,Asta Lepän kolumni: Ratkaistaanko ilmastonmuutos pyykkietikalla?,2020-05-28T03:45:00Z
3-11379108,https://yle.fi/uutiset/3-11379108,"Näin ensimmäiset museot avautuivat, asiakkaat iloitsivat: ""Ihanaa päästä ihmisten ilmoille""",2020-06-01T12:01:30Z
3-11700829,https://yle.fi/uutiset/3-11700829,"Pienen kunnan päätöksenteko luisui kriisiin – Hattulan kunnanhallituksen puheenjohtajaa syytetään omavaltaisuudesta, viranhaltijat pakenevat",2020-12-16T16:03:00Z
3-11613899,https://yle.fi/uutiset/3-11613899,"SaiPan uusi kotihalli rakennetaan Kisapuistoon, paikasta kiisteltiin liki 4 tuntia ratkaisevassa valtuustossa: ""Tilanne muistuttaa jenkkien presidentinvaaleja""",2020-10-26T15:30:00Z
3-11370124,https://yle.fi/uutiset/3-11370124,Kati Kelolan kolumni: Emme astu uuteen maailmaan,2020-05-31T03:45:00Z
3-11503437,https://yle.fi/uutiset/3-11503437,"Kun 28-vuotias Anu murhattiin, perheelle myönnettiin kymmenien tuhansien eurojen korvaukset kärsimyksestä – rahoista ei ole tullut euroakaan",2020-08-26T15:48:54Z
3-11286009,https://yle.fi/uutiset/3-11286009,Analyysi: Suomen talouden tukijalka on nyt vahvempi kuin aiemmissa kriiseissä – Metsäteollisuus voi selvitä koronakaaoksesta ensimmäisenä,2020-04-01T16:58:13Z
3-11300637,https://yle.fi/uutiset/3-11300637,"Kooste Ylen lukujuttuja sinulle, joka kaipaat pääsiäisenä lepotaukoa koronauutisista – syventäviä tarinoita ja ihmisiä, jotka eivät kaihda vaikeita teemoja",2020-04-11T10:21:46Z
3-11350582,https://yle.fi/uutiset/3-11350582,"Tältä näytti ensimmäinen koulupäivä eri puolilla Suomea – 7.-luokkalainen Elli Hirvonen: ""Turvavälit täytyy pitää eikä kavereihin saa koskea""",2020-05-14T03:57:24Z
3-11292715,https://yle.fi/uutiset/3-11292715,Vesille venosen mieli? Merivartiosto toppuuttelee veneilykauden aikaista aloitusta,2020-04-04T18:00:33Z
3-11375262,https://yle.fi/uutiset/3-11375262,Leena Vilkan kolumni: Jumala näyttäytyy luonnossa,2020-06-11T03:45:00Z
3-11409152,https://yle.fi/uutiset/3-11409152,"Salakuljetuksen vilkkaus yllätti poliisin: ""Rikollisjärjestöillä on vakiintuneet kalustot kumipyörillä"" – jopa Nigeriasta asti hoidetaan Suomen huumekauppaa",2020-06-22T10:41:37Z
3-11621198,https://yle.fi/uutiset/3-11621198,"Vankikarkuri jäi kiinni 8 vuoden paon jälkeen – kertoo nyt, mitä elämässä tapahtui",2020-10-30T11:12:00Z
3-11674978,https://yle.fi/uutiset/3-11674978,"Murhatun huumepomon pojat kertovat, miten selvisivät isän kuolemasta – 3-vuotiaana päähän ammuttu Tomi Ahlqvist sai pysyvän vamman: ""Se on mukanani aina""",2020-12-08T19:03:00Z
3-11295409,https://yle.fi/uutiset/3-11295409,"Työmatkaliikenteeseen lisärajoituksia, mutta pelättyä pohjoisen rajojen täyssulkua ei tullut – hallituksen ratkaisu on helpotus rajan kummallakin puolella",2020-04-07T12:43:53Z
3-11653232,https://yle.fi/uutiset/3-11653232,Elokapinan mielenosoitus aiheuttaa Helsingin keskustassa liikennehaittaa usean tunnin ajan,2020-11-18T01:53:10Z
3-11628470,https://yle.fi/uutiset/3-11628470,Perussuomalaisten Jouni Kotiaho Jämsästä ylsi tuloillaan istuvien kansanedustajien kärkiviisikkoon,2020-11-03T13:17:26Z
3-11626018,https://yle.fi/uutiset/3-11626018,Kuntapolitiikkaa kiinnostaa kansanedustajia  – Kaakkois-Suomen edustajat lähtemässä kilvan ehdolle,2020-11-02T12:48:13Z
3-11367177,https://yle.fi/uutiset/3-11367177,Luonnonsuojelupiiri valittaa hanhien ampumisluvasta Tohmajärvellä,2020-05-25T12:20:23Z
3-11156902,https://yle.fi/uutiset/3-11156902,Sorsakantoja pyritään elvyttämään parantamalla elinympäristöjä – vesilintukannat ovat lähes puoliintuneet reilussa 20 vuodessa,2020-01-15T05:17:22Z
3-11212596,https://yle.fi/uutiset/3-11212596,"Uusimmat tiedot koronaviruksesta: Pääkaupunkiseudulla palataan asteittain lähiopetukseen, Etelä-Suomen avi valmistelee määräystä liikuntatilojen sulkemisesta, WHO:n raportti: ei vielä selkoa viruksen alkuperästä",2020-02-17T15:00:07Z
3-11386629,https://yle.fi/uutiset/3-11386629,"”Anonyymi murhapalvelu, maksu bitcoineina” – Kun kaksi suomalaista nuorukaista löysi toisensa netissä, seuraukset olivat kohtalokkaat",2020-06-08T07:46:38Z
3-11406260,https://yle.fi/uutiset/3-11406260,Ministeriöltä rahaa kalateiden rakentamiseen ja vaellusesteiden purkuun – jaossa on yhdeksän miljoonaa euroa,2020-06-17T11:42:37Z
3-11573184,https://yle.fi/uutiset/3-11573184,"Pitäisikö maanomistajilla olla mahdollisuus kieltää malminetsintä maillaan? Kyllä, sanoo moni Kaakkois-Suomen kansanedustajista",2020-10-06T09:12:39Z
3-11242912,https://yle.fi/uutiset/3-11242912,Kansanedustajat kommentoivat: Tarvitseeko kuutti pidemmän kasvuajan vai riittävätkö nykyiset kalastusrajoitukset Saimaalla?,2020-03-06T11:50:45Z
3-11401374,https://yle.fi/uutiset/3-11401374,Lausunnolle lähtevä sote-soppa porisee jo kuumana – Itä-Savon asemaa ei ole ratkaistu,2020-06-14T15:51:10Z
3-11521661,https://yle.fi/uutiset/3-11521661,Savonlinnan seudun mahdollinen maakunnan vaihto jakaa kansanedustajat – hajontaa myös puolueiden ja maakuntien sisällä,2020-09-01T13:00:28Z
3-11390440,https://yle.fi/uutiset/3-11390440,Naisten Superpesis alkaa vihdoin perjantaina SMJ:n ja Virkiän kohtaamisella – poikkeusolot näkyvät yksityiskohdissa,2020-06-11T16:15:00Z
3-11716530,https://yle.fi/uutiset/3-11716530,Naantalin kaupunginjohtajuus kiinnostaa 18 hakijaa – mukana muun muassa Salon sote-johtajan tehtävästä aikaisemmin kisannut kaksikko,2020-12-28T14:24:33Z
3-11667318,https://yle.fi/uutiset/3-11667318,"Kruununpuodinmäen sillan kaava korkeimpaan hallinto-oikeuteen, mutta kukaan ei tiedä rakennetaanko siltaa",2020-12-01T10:52:16Z
3-11617922,https://yle.fi/uutiset/3-11617922,Riihimäen kaupunginjohtajan virka kiinnostaa 18 hakijaa – mukana vt. kaupunginjohtaja Mika Herpiö,2020-10-28T11:50:40Z
3-11619563,https://yle.fi/uutiset/3-11619563,Lue tästä koronapäivitykset 26.10.–16.11.,2020-10-29T05:53:20Z
3-11538537,https://yle.fi/uutiset/3-11538537,Yle Turun yhteystiedot,2020-09-11T08:18:35Z
3-11179046,https://yle.fi/uutiset/3-11179046,Leppävirran vanhustentaloyhdistys konkurssiin – ei vaikuta asukkaisiin,2020-01-28T09:58:51Z
3-11510196,https://yle.fi/uutiset/3-11510196,Hattulassa järjestetään Suomen ensimmäiset multigolfin SM-kisat – kunta haluaa innostaa kaikenikäisiä uuden lajin pariin,2020-08-26T06:42:49Z
3-11358164,https://yle.fi/uutiset/3-11358164,Väistyvä kaupunginjohtaja Kari Koski saa muotokuvan Rauman kaupungintalolle – muotokuva on aiemmista poiketen valokuva,2020-05-18T16:52:41Z
3-11200642,https://yle.fi/uutiset/3-11200642,Koillismaalla ja Kainuussa maanantaiaamuna kovaa tuulta – talvimyrsky oli laantunut jo Pohjois-Pohjanmaan rannikkoalueilla,2020-02-10T05:36:06Z
3-11519705,https://yle.fi/uutiset/3-11519705,JIK:n johtajaksi hakee 12 henkilöä,2020-08-31T11:20:06Z
3-11369235,https://yle.fi/uutiset/3-11369235,"Ammattikorkeakoulut valmiita ottamaan lisää opiskelijoita nuorisotyöttömyyden ehkäisemiseksi – Lappiin 150 lisäpaikkaa, jos valtiolta tulee rahaa ",2020-05-28T04:49:51Z
3-11251175,https://yle.fi/uutiset/3-11251175,Pohjalaiset oppilaitokset peruvat opiskelijoiden ja henkilökunnan ulkomaanmatkat ainakin keväältä,2020-03-11T07:31:51Z
3-11384634,https://yle.fi/uutiset/3-11384634,Lue tästä Uudenmaan koronapäivitykset 20.5.–9.7.,2020-06-04T08:56:21Z
3-11275130,https://yle.fi/uutiset/3-11275130,Lue tästä koronapäivitykset 24.3.–5.4.,2020-03-25T18:35:43Z
3-11323077,https://yle.fi/uutiset/3-11323077,Lue tästä koronapäivitykset 22.4.–11.5.,2020-04-26T06:37:53Z
3-11386454,https://yle.fi/uutiset/3-11386454,Lue tästä Etelä-Pohjanmaan koronapäivitykset 14.4.-23.5.2020,2020-06-05T08:08:00Z
3-11663578,https://yle.fi/uutiset/3-11663578,Lue tästä koronapäivitykset 22.11.–12.12.,2020-11-24T16:23:30Z
3-11697140,https://yle.fi/uutiset/3-11697140,Lue tästä koronapäivitykset 13.–29.12. ,2020-12-15T04:12:33Z
3-11355290,https://yle.fi/uutiset/3-11355290,"Lue tästä koronaviruspäivitykset 12.5.–15.6.
",2020-05-16T03:49:35Z
3-11254317,https://yle.fi/uutiset/3-11254317,Lue tästä koronaviruspäivitykset 17.2.–23.3.,2020-03-12T15:16:25Z
3-11302926,https://yle.fi/uutiset/3-11302926,Lue tästä koronapäivitykset 4.4.–21.4.,2020-04-11T03:46:44Z
