id,url,title,date_modified
3-11461529,https://yle.fi/uutiset/3-11461529,Sebastian Tynkkynen kanteli oikeuskanslerille Sanna Marinista – virastoon tullut myös 12 muuta kantelua,2020-07-23T06:47:19Z
3-11393636,https://yle.fi/uutiset/3-11393636,"Miksi Ano Turtiainen sai potkut nyt? Sebastian Tynkkynen: hän edustaa netissä ihmisvihaa, eikä kenttä hyväksynyt Turtiaisen tviittiä",2020-06-10T06:33:53Z
3-11560705,https://yle.fi/uutiset/3-11560705,"Nuori, joka ei saa aiheuttaa ongelmia? Perussuomalaiset käänsi selkänsä etnonationalisteille ja valitsi tilalle tubettaja Miko Bergbomin",2020-09-27T15:30:00Z
3-11429491,https://yle.fi/uutiset/3-11429491,Kansanedustaja Sebastian Tynkkysen tuomio kiihottamisesta kansanryhmää vastaan pysyi hovissa – aikoo valittaa Euroopan ihmisoikeustuomioistuimeen,2020-07-02T06:53:55Z
3-11461679,https://yle.fi/uutiset/3-11461679,Puhemies Vehviläinen ei aio kutsua eduskuntaa koolle – perussuomalaiset haluaa eduskunnan lomilta puimaan EU-elvytyssopimusta,2020-07-23T10:40:05Z
3-11388087,https://yle.fi/uutiset/3-11388087,"""Pöhkö, mutta melko vaaraton moka"", ""Raju ratkaisu"" – näin poliitikot luonnehtivat Kulmunin eroa",2020-06-05T16:44:43Z
3-11692448,https://yle.fi/uutiset/3-11692448,Katso tallenne: Perussuomalaiset esitti epäluottamuslausetta ulkoministeri Haavistolle – eduskunta jatkaa ulkoministerin toimien käsittelyä ensi viikolla,2020-12-11T09:11:52Z
3-11395013,https://yle.fi/uutiset/3-11395013,Perussuomalaiset harkitsee kansanedustaja Ano Turtiaisen erottamista myös puolueesta,2020-06-10T14:05:42Z
3-11398736,https://yle.fi/uutiset/3-11398736,"Saako poliitikko nimitellä somessa pelleksi? Perussuomalaisten Jani Mäkelä haluaa herättää keskustelua kärkkäillä twiiteillä, mutta samalla toivoo, ettei niin tehtäisi",2020-06-22T15:20:00Z
3-11415018,https://yle.fi/uutiset/3-11415018,"Perussuomalaisten Mäenpään syytesuojasta puhkesi kiivas väittely: Arhinmäki syytti vihapuheen suojelusta, Halla-aho varoitti kierteestä",2020-06-24T08:05:52Z
3-11189968,https://yle.fi/uutiset/3-11189968,"Uudet kansanedustajat työstään: Istuntosali kuin show-painiareena, valtaa käytetään valiokunnissa – ""Hyvä, että siellä ollaan suljettujen ovien takana""",2020-02-09T05:58:00Z
3-11272574,https://yle.fi/uutiset/3-11272574,Tuula Haatainen: Ravintoloiden aukioloa rajoitetaan ja uudet rajoitukset voimaan ehkä jo lauantaina – ehdotus annettiin eduskunnan käsittelyyn,2020-03-24T07:59:22Z
3-11378471,https://yle.fi/uutiset/3-11378471,Oulun vaalipiirin kansanedustajat haluaisivat lisärahaa yksityisteiden kunnostukseen ,2020-06-02T12:51:24Z
3-11297770,https://yle.fi/uutiset/3-11297770,Oulun vaalipiirin kansanedustajilta ymmärrystä turveyrittäjien valtiontuelle toimialan muutoksessa,2020-04-08T10:19:58Z
3-11275130,https://yle.fi/uutiset/3-11275130,Lue tästä koronapäivitykset 24.3.–5.4.,2020-03-25T18:35:43Z
