id,url,title,date_modified
3-11684882,https://yle.fi/uutiset/3-11684882,Ylen kysely: Kokoomuksen ja RKP:n kansanedustajia kaihertaa hallituksen ratkaisu sote-rahoista – keskustalta ja SDP:ltä kiitosta,2020-12-08T03:47:00Z
3-11689981,https://yle.fi/uutiset/3-11689981,Analyysi: Perustuslakivaliokunnassa on kriisipalaverin paikka – perustuslain vartijaa uhkaavat politisoituminen ja vuodot,2020-12-09T20:31:42Z
3-11590658,https://yle.fi/uutiset/3-11590658,Elinkeinoministeri Lintilä kommentoi Ylen selvitystä sähkön siirtohintojen nousun syistä: Ylihinnoitteluun puututaan,2020-10-12T11:42:42Z
3-11608155,https://yle.fi/uutiset/3-11608155,"Perussuomalaiset vaati hallitusta tuomitsemaan terroriteon Ranskassa, kokoomus kysyi sähkön siirtohinnoista – Yle seurasi eduskunnan kyselytuntia",2020-10-22T12:09:54Z
