id,url,title,date_modified
3-11488790,https://yle.fi/uutiset/3-11488790,"Lääkäriliitto ymmärtää ministeriön linjausta laajoista pakkokaranteeneista: ""Yksilökohtaisiin arvioihin ei ole mitään mahdollisuuksia"" – Oikeusministeri Henriksson epäröi ",2020-08-11T14:36:29Z
3-11559439,https://yle.fi/uutiset/3-11559439,Oikeusministeri Anna-Maja Henriksson: Paikallisen sopimisen laajennus työpaikoille edes määräaikaisena – RKP ei hyväksy soten rahoitusmallia,2020-09-26T04:15:00Z
3-11628439,https://yle.fi/uutiset/3-11628439,Pääministeri Marin tautitilanteesta: Emme voi huokaista helpotuksesta – Hallitus kuuli arvion koronalakien ja -tukien jatkokustannuksista,2020-11-03T12:29:13Z
3-11566462,https://yle.fi/uutiset/3-11566462,Palkansaajakeskusjärjestöt vaativat työrauhaa työmarkkinauudistusten valmisteluun – taustalla RKP:n avaus paikallisen sopimisen kokeilusta ,2020-09-28T08:23:37Z
3-11564772,https://yle.fi/uutiset/3-11564772,"Herätys: Tekoäly voisi pelastaa nuoria syrjäytymiseltä, RKP:n Henriksson hurrataan jatkokaudelle, myös jotkut naiset tukevat intohimoisesti Trumpia",2020-09-26T05:09:10Z
3-11278629,https://yle.fi/uutiset/3-11278629,"THL:n asiantuntija suhtautuu varauksella lentokentän karanteenihotelliin: ""Jos laitetaan paljon ihmisiä samaan tilaan, se voi myös luoda riskejä""",2020-03-27T08:44:30Z
3-11435820,https://yle.fi/uutiset/3-11435820,"Herätys: Raiskauslaki lausuntokierrokselle, kasvavat opiskelijamäärät vaativat lisää opettajia, Buenos Airesissa karanteeni kestänyt jo 109 päivää",2020-07-07T03:23:01Z
3-11664201,https://yle.fi/uutiset/3-11664201,"Oikeusministeri Henriksson valmiuslain soveltamisesta: ""Jäitä hattuun""",2020-11-24T15:46:29Z
3-11161888,https://yle.fi/uutiset/3-11161888,Asianajajaliitto: Suomen surkean hidas oikeusjärjestelmä on häpeäpilkku – riita oikeudessa voi kestää vuosia,2020-01-17T08:22:09Z
3-11375450,https://yle.fi/uutiset/3-11375450,"Oikeusministerin valtiosihteeri halusi estää pääkirjoituksen julkaisun, väittää lehti – valtiosihteeri sanoo vitsailleensa",2020-05-29T15:46:28Z
3-11404012,https://yle.fi/uutiset/3-11404012,"Terroristiryhmään värvääminen tulisi kriminalisoida, ehdottaa oikeusministeriön työryhmä",2020-06-16T09:06:44Z
3-11435483,https://yle.fi/uutiset/3-11435483,"Vapaaehtoisuuden puute voi johtaa tulevaisuudessa raiskaustuomioon – Henriksson: ""Saamme lain, joka suojaa paremmin uhria""",2020-07-07T06:30:00Z
3-11436684,https://yle.fi/uutiset/3-11436684,"Loppu ""kalukuville""? Oikeusministeriö esittää, että roisien kuvien lähettäminen voisi jatkossa olla seksuaalirikos",2020-07-07T13:59:18Z
3-11604545,https://yle.fi/uutiset/3-11604545,"Rikosseuraamuslaitoksen pääjohtaja kidutuksen vastaisen komitean moitteista: Havainnot oikeita, vankiloista puuttuu koulutettua henkilökuntaa",2020-10-20T13:56:25Z
3-11490183,https://yle.fi/uutiset/3-11490183,"Oikeusministeri Henriksson harkitsisi Ruotsin rajojen avaamista osittain: ""Ruotsissa on alueita, joissa jo täytetään Suomen asettamat kriteerit""",2020-08-13T08:59:27Z
3-11265777,https://yle.fi/uutiset/3-11265777,"Poikkeuksellinen eduskunnan kyselytunti – koronavirus tyhjensi salin, mutta täytti keskustelun: Suurin osa seurasi etänä",2020-03-19T13:33:57Z
3-11396340,https://yle.fi/uutiset/3-11396340,"Oppositio syytti hallitusta EU:n elvytysrahaston asiakirjojen salaamisesta – Tuppurainen myönsi kömmähdyksen, mutta muuten kysymys on aivan normaalista menettelystä",2020-06-11T12:00:00Z
3-11497336,https://yle.fi/uutiset/3-11497336,"Analyysi: Neuvottelu, jossa ministeri raivostui – koronan kanssa taiteilu kiristää tunnelmaa hallituksessa",2020-08-16T17:29:26Z
3-11282279,https://yle.fi/uutiset/3-11282279,"Sisärajavalvonta, kokoontumisrajoitukset ja etäopetus jatkuvat 13. toukokuuta saakka – Yle seurasi hallituksen tiedotustilaisuutta hetki hetkeltä",2020-03-30T10:28:13Z
3-11434745,https://yle.fi/uutiset/3-11434745,Raiskauslakiuudistus ottaa uusia askeleita ja etenee lausuntokierrokselle – muistatko vielä mistä uudistuksessa on kyse?,2020-07-07T02:43:00Z
3-11439596,https://yle.fi/uutiset/3-11439596,"Raiskaustuomiot lähes kaksinkertaistuneet Ruotsissa lainmuutoksen jälkeen – ""Saman suuntaista varmasti odotettavissa myös Suomessa""",2020-07-10T15:35:00Z
3-11283078,https://yle.fi/uutiset/3-11283078,"Näin presidentti Niinistö esitti ministereille ""nyrkin"" perustamista ja näin pääministeri Marin vastasi – ehdotus ei saanut hallitukselta vastakaikua ",2020-03-30T14:06:47Z
3-11682797,https://yle.fi/uutiset/3-11682797,Oikeusministeri Henriksson laittoi pisteen spekuloinnille kuntavaalien siirtämisestä: Vaalit järjestetään ensi keväänä alkuperäisen aikataulun mukaisesti,2020-12-04T17:55:19Z
3-11206443,https://yle.fi/uutiset/3-11206443,"Ministeri puuttui Helsingin ruotsinkielisen päivähoidon tilanteeseen – Anna-Maja Henriksson: ""Vanhemmat voivat valittaa oikeusasiamiehelle""",2020-02-13T08:37:17Z
3-11716478,https://yle.fi/uutiset/3-11716478,Vaasan vaalipiirin kansanedustajista ahkerimpia puhujia Paula Risikko ja Pasi Kivisaari – vähiten puheenvuoroja on käyttänyt Jukka Mäkynen,2020-12-31T06:13:39Z
3-11602983,https://yle.fi/uutiset/3-11602983,"Seksuaalirikoslainsäädännön uudistus viivästyy – Henriksson: ""Tämän hallituskauden tärkein lainsäädäntöhanke, joka minun pöydälläni on""",2020-10-19T19:06:37Z
3-11688464,https://yle.fi/uutiset/3-11688464,"Ylen tiedot: Perustuslakivaliokunnan mukaan Pekka Haavisto on toiminut lainvastaisesti, mutta syytekynnys ei ylity – vihreät jättää vastalauseen",2020-12-09T09:59:17Z
3-11667618,https://yle.fi/uutiset/3-11667618,"Eduskunta keskusteli seksuaalirikosten rangaistusten koventamisesta, kokoomus ja SDP väänsivät sote-uudistuksesta ",2020-11-26T13:21:21Z
3-11700772,https://yle.fi/uutiset/3-11700772,"Traficom asetti liikennöintivelvoitteen viidelle maakuntakentälle valtion tuella – oikeusministeri Henriksson: ""Tätä päätöstä on odotettu""",2020-12-16T13:38:47Z
3-11446303,https://yle.fi/uutiset/3-11446303,Haavisto: Suomen luovutussopimusta Hongkongin kanssa ei pitäisi soveltaa Kiinan uuden turvallisuuslain jälkeen,2020-07-13T14:55:23Z
3-11401664,https://yle.fi/uutiset/3-11401664,"Oikeusministeri Henriksson: ""Valmiuslakia ei saa käyttää varmuuden vuoksi""",2020-06-15T06:53:08Z
3-11278370,https://yle.fi/uutiset/3-11278370,Espanjasta saapuville saattaa tulla karanteenihotelli lentokentän läheisyyteen – hallitus selvitellyt asiaa,2020-03-26T19:51:50Z
3-11366085,https://yle.fi/uutiset/3-11366085,Long Play: Arkkipiispa Leon perustama Karjalan kielen seura on saanut rahoitusta alun perin Itä-Suomen yliopistolle myönnetystä valtion rahoituksesta  ,2020-05-24T09:28:00Z
3-11651367,https://yle.fi/uutiset/3-11651367,"15 vankilareissua ennen nelikymppisiä – Vankilakierteessä vaeltaa satoja naisia, kuuntele heidän tarinansa",2020-11-18T11:45:00Z
3-11405671,https://yle.fi/uutiset/3-11405671,"Hallitus höllentää rajoituksia: Ravintolat saavat olla auki kahteen yöllä, enemmän asiakkaita sisään, buffetkielto poistuu ",2020-06-17T09:08:16Z
3-11401289,https://yle.fi/uutiset/3-11401289,"Hallitus päätti luopua valmiuslain käytöstä, Suomi palaa normaalioloihin – pääministeri Marin: ""Epidemian uhka ei ole ohi""",2020-06-15T02:30:00Z
3-11275812,https://yle.fi/uutiset/3-11275812,Hallitus esittää Uudenmaan eristämistä – Liikkumisrajoitukset eduskunnan käsittelyyn torstaina,2020-03-25T15:18:23Z
3-11333843,https://yle.fi/uutiset/3-11333843,"Pääministeri Marinin mukaan venyneet purkuneuvottelut eivät kerro eripuraisesta hallituksesta: En näe asetelmaa puolueiden välillä, asioita vain paljon",2020-05-04T06:16:28Z
3-11525039,https://yle.fi/uutiset/3-11525039,Viruksen levitessä koronatoimien käyttöönottojärjestys olisi erilainen eri osissa maata  –  Pääministeri: Koronatutkinnan tarkoituksena on hallituksen ja viranomaisten toimien läpivalaisu kriisissä,2020-09-03T08:05:19Z
3-11593507,https://yle.fi/uutiset/3-11593507,Kruunupyy soteuudistuksessa Pohjanmaan hyvinvointialueeseen – palvelut Soitesta jatkossa korkeintaan ostopalveluna,2020-10-13T15:02:19Z
3-11356003,https://yle.fi/uutiset/3-11356003,Finnairilta odotetaan tietoa Kokkola-Pietarsaaren lentojen kohtalosta maanantaina,2020-05-17T07:53:54Z
3-11255447,https://yle.fi/uutiset/3-11255447,"Uusimmat tiedot koronaviruksesta Pohjanmaalla:  Avi lieventää kokoontumisrajoituksia, maanantailta kuusi uutta tartuntaa",2020-03-13T14:32:47Z
3-11580537,https://yle.fi/uutiset/3-11580537,Lue tästä Pohjanmaan koronapäivitykset 23.5.-3.9.,2020-10-06T08:16:07Z
3-11556586,https://yle.fi/uutiset/3-11556586,Lue tästä Lapin koronapäivitykset 5.8.–17.9. 2020,2020-09-21T16:39:44Z
3-11260181,https://yle.fi/uutiset/3-11260181,"Uusimmat tiedot koronaviruksesta Etelä-Pohjanmaalla: Alueellinen nyrkki piti kokoontumisrajoitukset tiukkoina huhtikuun ajan, maanantaina 10 tartuntaa, tartuntoja runsaasti tuulivoimatyömaalla Teuvalla",2020-03-16T14:20:55Z
3-11254801,https://yle.fi/uutiset/3-11254801,"Uusimmat tiedot koronaviruksesta Keski-Pohjanmaalla: Pahimmat pelot koronan vaikutuksista eivät toteutuneet yrityksissä,
Keski-Pohjanmaalla on todettu kaksi uutta tartuntaa",2020-03-13T07:04:07Z
3-11243315,https://yle.fi/uutiset/3-11243315,Pännäisten asemalle uusi nimi jo kesällä? – Jatkossa pysähdyspaikka olisi Pietarsaari–Pännäinen,2020-03-05T13:15:56Z
3-11663578,https://yle.fi/uutiset/3-11663578,Lue tästä koronapäivitykset 22.11.–12.12.,2020-11-24T16:23:30Z
3-11466892,https://yle.fi/uutiset/3-11466892,Lue tästä koronapäivitykset 21.7.–20.8.,2020-07-27T09:25:36Z
3-11275130,https://yle.fi/uutiset/3-11275130,Lue tästä koronapäivitykset 24.3.–5.4.,2020-03-25T18:35:43Z
3-11302926,https://yle.fi/uutiset/3-11302926,Lue tästä koronapäivitykset 4.4.–21.4.,2020-04-11T03:46:44Z
3-11355290,https://yle.fi/uutiset/3-11355290,"Lue tästä koronaviruspäivitykset 12.5.–15.6.
",2020-05-16T03:49:35Z
3-11268694,https://yle.fi/uutiset/3-11268694,زانیاری سەبارەت بە ڤایرۆسی کۆرۆنا ,2020-03-20T16:40:31Z
