id,url,title,date_modified
3-11392806,https://yle.fi/uutiset/3-11392806,"
Bella Forsgrén näkee rasismia eduskunnassa, Paul Abbeyn ystävää puukotettiin, mutta Okko Soila luottaa Suomen poliisiin – tätä he toivovat rasisminvastaiselta kampanjoinnilta",2020-06-10T06:58:19Z
3-11310038,https://yle.fi/uutiset/3-11310038,"Yksi kokoustaa shortseissa ja kauluspaidassa, toinen innostui leipomaan suurperheen mitoilla – näin sujuu kansanedustajien etätyöarki",2020-04-18T07:30:00Z
3-11664347,https://yle.fi/uutiset/3-11664347,"Robert Sundman: Kaikki puhuvat Helsingin pormestarivaalista, mutta mitä tapahtuu Iisalmessa, Jyväskylässä tai Jämsässä?",2020-11-27T05:30:00Z
3-11684191,https://yle.fi/uutiset/3-11684191,"Poliitikko teki joulusiivouksen, Huuhkaja-kapteeni luki kirjaa ja pika-aituri löysi Suomesta rauhan – näin suomalaisjulkkikset juhlivat erikoista itsenäisyyspäivää",2020-12-06T20:17:57Z
3-11666582,https://yle.fi/uutiset/3-11666582,BBC kutsuu Suomea Ihmenaisen feministiseksi utopiasaareksi: maa joka taistelee yhtä aikaa koronavirusta ja epätasa-arvoa vastaan,2020-11-26T11:01:27Z
3-11705768,https://yle.fi/uutiset/3-11705768,Poliisi epäilee kansanedustaja Mikko Kärnää rikoksesta ja aloittaa esitutkinnan,2020-12-18T12:02:09Z
3-11399819,https://yle.fi/uutiset/3-11399819,Black Lives Matter -mielenilmaus kokosi Turun tuomiokirkon edustalle satoja ihmisiä,2020-06-13T18:31:07Z
3-11668686,https://yle.fi/uutiset/3-11668686,Kansanedustaja Bella Forsgrén on Rauhankasvatusinstituutin uusi puheenjohtaja – instituutti valittiin UNESCOn viralliseksi kansalaisjärjestökumppaniksi,2020-11-27T08:09:48Z
3-11621065,https://yle.fi/uutiset/3-11621065,Valtaosa Keski-Suomen kansanedustajista lähtee ehdolle kunnallisvaaleihin – pitkän valtuustouran tehnyt keskustan Anne Kalmari jää pois,2020-11-02T12:35:16Z
3-11182565,https://yle.fi/uutiset/3-11182565,Tuulivoiman maihinnousu tuo paineita kaavoitukseen - Keski-Suomen kansanedustajien enemmistö lisäisi tuulivoima-alueita maakunnassa,2020-01-30T17:35:00Z
3-11519122,https://yle.fi/uutiset/3-11519122,Keski-Suomen koronatestaus saa vaalipiirin kansanedustajilta risuja mutta myös ymmärrystä,2020-09-03T12:04:30Z
3-11297180,https://yle.fi/uutiset/3-11297180,Kansanedustajat eivät usko kuntaliitosten pelastavan ahdinkoon joutuvia kuntia – valtio saa auttaa koronakriisissä,2020-04-08T07:15:41Z
3-11227718,https://yle.fi/uutiset/3-11227718,Laajakaista kaikille muuttui murheeksi muutamille – Keski-Suomen kansanedustajien enemmistö haluaa lisää valtion rahaa kuntien verkkoihin,2020-03-03T04:15:00Z
3-11330066,https://yle.fi/uutiset/3-11330066,Keskisuomalaiset kansanedustajat eivät innostu siirtämään kesämökkiläisten terveydenhuoltoa kuntien vastuulle,2020-05-04T15:00:00Z
