id,url,title,date_modified
3-11504850,https://yle.fi/uutiset/3-11504850,"Satakuntalaiset kansanedustajat vaativat merimetsokannan harventamiseen järeämpiä toimia: ""Saatava nopeasti valtakunnallinen ratkaisu""",2020-08-21T04:33:22Z
3-11575114,https://yle.fi/uutiset/3-11575114,Nokiasta tekeillä tv-sarja – tekijät toivovat Salon kaupunkia yhteistyöhön,2020-10-02T06:18:52Z
3-11493766,https://yle.fi/uutiset/3-11493766,"Ampumavälikohtaus torstai-iltana Salossa, yksi henkilö viety sairaalahoitoon – epäilty otettu kiinni",2020-08-14T06:00:34Z
3-11191299,https://yle.fi/uutiset/3-11191299,"Oona Saarivuori, 18, haluaa isoon kaupunkiin lukion jälkeen eikä ole ainoa – Kansanedustajilta ehdotuksia kotiseudun vetovoiman lisäämiseksi",2020-02-04T09:44:59Z
3-11630262,https://yle.fi/uutiset/3-11630262,Kansanedustaja Kristiina Salonen jää pois kuntavaaleista – Rauman demarilinnake menettää ääniharavansa,2020-11-04T10:06:13Z
3-11231779,https://yle.fi/uutiset/3-11231779,Kansanedustaja Kristiina Salonen: Suomen Meriklusteri voi kaksinkertaistua,2020-02-27T16:16:01Z
3-11672958,https://yle.fi/uutiset/3-11672958,Pekka Seppäsen kolumni: Uusi lippu Suomelle,2020-12-03T04:45:00Z
3-11566548,https://yle.fi/uutiset/3-11566548,"Miten estetään kaivosten ympäristöhaittoja sulkemisen jälkeen? Kunnille lisää päätäntävaltaa, vakuusmaksut saattavat nousta, konkursseihin varaudutaan paremmin",2020-09-30T15:33:33Z
3-11512909,https://yle.fi/uutiset/3-11512909,Kristiina Salonen: Hallitusohjelmaa ei syytä avata,2020-08-26T13:19:31Z
3-11691178,https://yle.fi/uutiset/3-11691178,"Rannikon kansanedustajat haluavat korvausta merimetsovahingoista: ""Kalastajat oman onnensa nojassa""",2020-12-10T12:58:15Z
3-11283133,https://yle.fi/uutiset/3-11283133,Kansanedustaja Kristiina Salonen: Metsä Fibren uuden sahan tuoma liikenne lisää valtatie 8:n remonttitarvetta,2020-03-31T02:52:34Z
3-11381407,https://yle.fi/uutiset/3-11381407,Lisäbudjetti tuomassa ilonaiheen Lounais-Suomeen: Eurajoen risteys kasitiellä viimein remonttiin,2020-06-02T19:18:16Z
3-11689543,https://yle.fi/uutiset/3-11689543,Sisäinen tarkastus paljasti puutteita rakennusteknisten töiden hankinnoissa Salossa,2020-12-09T14:08:16Z
3-11484207,https://yle.fi/uutiset/3-11484207,Koronatesteihin pääsee pohjalaiskunnissa vielä nopeasti – Kauneimmat joululaulut menee koronan takia uusiksi,2020-08-07T13:24:39Z
3-11518624,https://yle.fi/uutiset/3-11518624,Lounaissuomalaiset kansanedustajat eivät innostu kasvomaskipakosta – sen kannalla ovat vain perussuomalaiset,2020-08-31T08:17:37Z
3-11378536,https://yle.fi/uutiset/3-11378536,Salon kaupunginhallitus ei lämpene vt. sosiaali- ja terveysjohtajan oikaisuvaatimukselle virkavalinnasta,2020-06-01T06:46:18Z
3-11580537,https://yle.fi/uutiset/3-11580537,Lue tästä Pohjanmaan koronapäivitykset 23.5.-3.9.,2020-10-06T08:16:07Z
3-11259437,https://yle.fi/uutiset/3-11259437,"Uusimmat tiedot koronaviruksesta Kymenlaaksossa: Pyhtää jakaa pikalainoja ravintoloille, tartunnan saaneet ja altistuneet purkavat kiukkuaan koronajäljittäjien niskaan",2020-03-16T11:25:00Z
3-11536702,https://yle.fi/uutiset/3-11536702,Lue tästä koronapäivitykset 8.9.–30.9.,2020-09-10T04:00:23Z
