id,url,title,date_modified
3-11160702,https://yle.fi/uutiset/3-11160702,SK: Ulkoasianvaliokunnan puheenjohtaja salasi aiempia Kiina-bisneksiään – Eduskunnan pääsihteeri: Ei aiheuta toimia,2020-01-16T12:08:42Z
3-11192327,https://yle.fi/uutiset/3-11192327,Tuomioja Niikon Kiina-suhteista: Ulkoasianvaliokunnan osalta loppuun käsitelty – kansanedustajille ohjeet vaikuttamisyritysten varalle?,2020-02-04T16:13:26Z
3-11162836,https://yle.fi/uutiset/3-11162836,Halla-aho: Niikon toimissa ei ole hänen antamansa selvityksen pohjalta mitään sääntöjen vastaista,2020-01-17T10:49:42Z
3-11350950,https://yle.fi/uutiset/3-11350950,"Oppositio kurmotti kyselytunnilla hallitusta kasvavista EU-vastuista, ravintolapäätöksen viipymisestä ja suojamaskisuosituksesta",2020-05-14T12:02:00Z
