id,url,title,date_modified
3-11570376,https://yle.fi/uutiset/3-11570376,"Näyttelijä Aake Kalliala voisi olla tuntematon hammasteknikko: ""Isävainaa sanoi, että perhekin pitäisi elättää"" – Tutustu 70-vuotiaan tv-kasvon uraan",2020-10-04T13:16:00Z
3-11247825,https://yle.fi/uutiset/3-11247825,Jani Halmeen kolumni: Suomalaisten mielipidepäästöjä on leikattava,2020-03-20T04:45:00Z
3-11196766,https://yle.fi/uutiset/3-11196766,"Saamen kieli on ollut Angeleille keskinäinen salakieli, mutta kuumottava mokakin on sattunut ",2020-02-06T18:26:36Z
3-11674899,https://yle.fi/uutiset/3-11674899,"Mitä Cheek räppäsi, mitä Tarja Halonen sanoi tennarimiehelle ja miten ilmastoteema on näkynyt Linnan juhlissa? Testaa, mitä muistat boomereiden superbileistä",2020-12-02T15:30:00Z
3-11404966,https://yle.fi/uutiset/3-11404966,"Ristin pistin ja ruudut on suuret, sano lasimestari – 
""Oli hirveä hetki, kun tajusin itsekin viljeleväni iskävitsejä"", Lari Paski muistelee",2020-07-11T15:00:00Z
