id,url,title,date_modified
3-11657238,https://yle.fi/uutiset/3-11657238,Lakialoite eturauhassyöpäseulonnoista sai laajan kannatuksen eduskunnassa,2020-11-19T19:26:28Z
3-11307704,https://yle.fi/uutiset/3-11307704,Pirkanmaalla ensimmäinen koronakuolema – kansanedustaja Sari Tanus kertoo tuttavansa menehtyneen Taysissa,2020-04-16T06:40:08Z
3-11682296,https://yle.fi/uutiset/3-11682296,"Muut Pirkanmaan kansanedustajat investoisivat, perussuomalaiset himmaisivat jo: ""Raitiotien laajentaminen Tampereen naapurikuntiin on syytä laittaa jäihin""",2020-12-11T07:01:00Z
3-11628345,https://yle.fi/uutiset/3-11628345,"Sanna Marin lähtee kuntavaaliehdokkaaksi Tampereella, Satu Hassi ja Anna Kontula eivät – Perussuomalaiset uskoo kaupungin  valtasuhteiden vaihtuvan",2020-11-06T05:35:00Z
3-11337461,https://yle.fi/uutiset/3-11337461,"Yle seurasi eduskunnan keskustelua koronakriisistä –
Pääministeri Marin: ""Kirurgisia suu- ja nenäsuojaimia ei ole riittävästi koko väestön tarpeisiin""",2020-05-06T10:06:31Z
3-11602405,https://yle.fi/uutiset/3-11602405,Tampereen raitiotien rakentaminen etenee toiseen vaiheeseen - asiaa puitiin yli neljä tuntia,2020-10-19T13:45:06Z
3-11307721,https://yle.fi/uutiset/3-11307721,Pirkanmaalla jo toisena päivänä peräkkäin ei yhtään todettua koronatartuntaa,2020-04-16T06:39:51Z
3-11568211,https://yle.fi/uutiset/3-11568211,Kiritetäänkö työllisyyttä vai kuritetaanko suurituloisia? Kuntien kassakriisiä ei haluta paikata palkkaverojen korotuksilla Pirkanmaalla,2020-10-07T04:15:00Z
3-11330733,https://yle.fi/uutiset/3-11330733,Lue tästä Pirkanmaan koronapäivitykset 27.3.–30.4.,2020-04-30T10:43:09Z
