id,url,title,date_modified
3-11297770,https://yle.fi/uutiset/3-11297770,Oulun vaalipiirin kansanedustajilta ymmärrystä turveyrittäjien valtiontuelle toimialan muutoksessa,2020-04-08T10:19:58Z
3-11379020,https://yle.fi/uutiset/3-11379020,Suomen ensimmäistä tubettajien kommuunia koetteli korona ja videotähden uupuminen – ”Tavoitteena 300 000 tilaajaa ja elämämme paras kesä”,2020-06-06T12:30:00Z
3-11651956,https://yle.fi/uutiset/3-11651956,Yksivuotiaana Katja Pääkkönen sijoitettiin kiireellisesti – nyt tuplamaisteri kiittää menestyksestään rajusti kritisoitua järjestelmää,2020-12-26T17:05:00Z
3-11444479,https://yle.fi/uutiset/3-11444479,Fiskarsin matkailuvuosi näytti keväällä synkältä – sitten saapuivat kotimaiset turistit,2020-07-13T17:28:26Z
3-11697929,https://yle.fi/uutiset/3-11697929,"Uusi hoito ja oma isä pelastivat Heidi Lindholmin, 24, hengen – yhä useampi hengenvaarallinen sairaus saadaan parannettua Suomessa",2020-12-20T06:14:00Z
3-11678443,https://yle.fi/uutiset/3-11678443,"Katja Ståhl paljasti suorassa lähetyksessä käsivartensa, jota koristi THL:n Mika Salmisen kuva: ""Tulee turvallinen olo""",2020-12-02T18:59:17Z
3-11612496,https://yle.fi/uutiset/3-11612496,"Mitä terapiakäynneistä kirjataan, entä mitä ei saa kirjata? Psykoterapeutit vastaavat viiteen ydinkysymykseen",2020-10-25T13:03:38Z
3-11261008,https://yle.fi/uutiset/3-11261008,"Katja-Marika Mäkinen on opettanut viisi vuotta Rasmusta kotona – nyt he kertovat muillekin, miten siitä selviää: 6 testattua vinkkiä! ",2020-03-17T11:57:33Z
3-11301174,https://yle.fi/uutiset/3-11301174,"Pätkätyöläinen hyppäsi kaupan kassalta sikalatyöntekijäksi – ""Eniten pelkäsin hajua ja pistämistä""",2020-04-12T08:45:00Z
3-11148133,https://yle.fi/uutiset/3-11148133,Lapsella ei ollutkaan ADHD:ta – psykologin mukaan avoimissa oppimisympäristöissä opiskelevia koululaisia on tulkittu virheellisesti ylivilkkaiksi,2020-01-09T19:09:00Z
3-11233054,https://yle.fi/uutiset/3-11233054,Veera Luhtanen haluaa voimistella huipulle – jumppasalissa varttuneesta down-lapsesta kasvoi selviytyjä  ,2020-03-01T06:00:00Z
3-11238722,https://yle.fi/uutiset/3-11238722,"Juurisyyt tuovat muuttoliikettä takaisin suurista kaupungeista pieniin – paluumuuttaja: ""Vaikka ihmisiä oli Tampereella koko ajan ympärillä, sisimmässä oli yksinäistä""",2020-03-15T16:00:00Z
3-11700402,https://yle.fi/uutiset/3-11700402,Mies vuokrasi olemattomia mökkejä ja asuntoautoja netissä – 54 uhrilta vietiin yhteensä 15 000 euroa,2020-12-16T11:55:01Z
3-11589866,https://yle.fi/uutiset/3-11589866,"Valko-Venäjän Lukašenka tapasi poliittisia kilpailijoitaan vankilassa – oppositio: edistysaskel, mutta dialogiin on vielä matkaa",2020-10-11T12:37:31Z
3-11410627,https://yle.fi/uutiset/3-11410627,"Nuoret vastustavat kiinniottoa joskus näyttämisen halusta, mutta Hietaniemen öinen yhteenotto on ""tosi poikkeuksellinen"", sanoo komisario",2020-06-20T09:55:40Z
3-11357380,https://yle.fi/uutiset/3-11357380,"Nelilapsinen perhe elää luontaistaloudessa ilman jääkaappia ja sisävessaa – Janne Utriainen: Meillä on täällä kaikki, mitä tarvitsemme hyvään elämään",2020-05-21T07:00:00Z
3-11298029,https://yle.fi/uutiset/3-11298029,"Ylen lammaslive viihdyttää koko pääsiäisen – seuraa, mitä puuhaavat Piimä, Siili ja muut villaturkit",2020-04-09T13:30:00Z
3-11149190,https://yle.fi/uutiset/3-11149190,"Katja Gauriloff työstää unelmaansa, maailman ensimmäistä koltansaamenkielistä fiktioelokuvaa – tuotannon toivotaan käynnistyvän jo tänä vuonna",2020-01-09T09:50:03Z
3-11393911,https://yle.fi/uutiset/3-11393911,"Oittaan ratsupolun pahoinpitelystä epäilty miespyöräilijä ilmoittautui itse poliisille ja kertoi oman näkemyksensä, jonka mukaan myös häntä pahoinpideltiin",2020-06-10T07:25:31Z
3-11643917,https://yle.fi/uutiset/3-11643917,"Yle selvitti: Oma työ hävettää varsinkin nuoria ja pienituloisia – Myyjä Linda Väyrynen, 23, tuntee häpeää, kun tutut kyselevät aikooko hän hakea oikeita töitä",2020-11-16T03:57:00Z
3-11503341,https://yle.fi/uutiset/3-11503341,Tästä salkusta löytyy paitsi stetoskooppi niin myös lääkäri – näin hoitaja ja lääkäri voivat tutkia potilasta samanaikaisesti eri kaupungeista käsin,2020-08-24T02:55:00Z
3-11335996,https://yle.fi/uutiset/3-11335996,"Tyytyväisimpiä elämäänsä ovat Inkeri Johanssonin kaltaiset yli 60-vuotiaat – ainekset onneen ovat terveys, tasainen elämä ja itsensä hyväksyminen",2020-05-07T02:30:00Z
3-11505002,https://yle.fi/uutiset/3-11505002,"Tyhjiä käsidesipulloja pitkin keskustaa ja tavallista sekavampia päihdeongelmaisia – käsidesiä löytyy nyt kaikkialta, jolloin väärinkäyttö lisääntyy",2020-08-21T11:00:00Z
3-11425595,https://yle.fi/uutiset/3-11425595,Suomenlinnan lauttojen matkustajamäärät herättävät huolta – liikennöitsijät: koronarajoituksia ei ole rikottu,2020-06-30T13:21:06Z
3-11368487,https://yle.fi/uutiset/3-11368487,"Yrittäjä teki 5 vuotta sitten päätöksen, joka pelasti hänet nyt koronakatastrofilta – 900 muuta työpaikkaa on vaarassa, kun turistien miljoonat jäivät Venäjälle",2020-05-27T02:52:00Z
3-11703414,https://yle.fi/uutiset/3-11703414,Koronatartunnat ja karanteenit sekoittivat sairaalan toimintaa Kouvolassa – nyt paluu normaaliin häämöttää,2020-12-17T15:34:05Z
3-11605828,https://yle.fi/uutiset/3-11605828,"Synnyttäjien maskisuositus nosti somekohun hetkessä, mutta onko se pakollista? Lue tästä, missä synnytyksen vaiheissa maskia olisi hyvä käyttää ",2020-10-21T15:11:35Z
3-11150176,https://yle.fi/uutiset/3-11150176,"Kesätyöpaikkojen haku on jo alkanut  – rekrytoinnin ammattilaiset kertovat, mitä jokaisen hakijan pitää muistaa",2020-01-14T18:17:07Z
3-11225171,https://yle.fi/uutiset/3-11225171,Kajaanilaisella asuinalueella harvinainen tapaus: ilves hyppäsi koira-aitaukseen ja tappoi kääpiömäyräkoira Liinun,2020-02-26T16:32:00Z
3-11293201,https://yle.fi/uutiset/3-11293201,"Peppi Tyykilän puoliso ei saa jäädä synnytyssairaalaan koronaohjeiden vuoksi: ""Pahimmassa tapauksessa isä ei näe lastaan päiviin tai viikkoihin""",2020-04-05T11:51:51Z
3-11273206,https://yle.fi/uutiset/3-11273206,Naakkojen ulosteet ja tuhotut rehupaalit turhauttavat maatiloilla – maitotilallinen: Ne eivät kunnioita yhtään mitään,2020-03-25T07:52:00Z
3-11561919,https://yle.fi/uutiset/3-11561919,"Nurmeksesta löytyy koulu, jossa kiusaaminen on saatu kuriin – palkitun Porokylän koulun viidesluokkalaiset: Kertoisimme aikuisille kiusaamisesta",2020-09-27T04:45:00Z
3-11162765,https://yle.fi/uutiset/3-11162765,"Vauvoja pompotellaan kuin rantapalloja Naistenklinikan ja neuvoloiden välissä – kuka on vastuussa siitä, että vanhemmat osaavat ruokkia vauvojaan?",2020-01-22T04:00:00Z
3-11406752,https://yle.fi/uutiset/3-11406752,"Susipartiota soimataan somessa, mutta autetaan kentällä – suden ja ihmisen rinnakkaiseloon etsitään apua aidoista ja asennekasvatuksesta",2020-06-18T09:45:00Z
3-11337642,https://yle.fi/uutiset/3-11337642,Ulkomaanmatkojen peruuntuminen täyttää mökkiyrittäjien varauskirjoja – moni vuokraa nyt mökin kotimaasta ensi kertaa,2020-05-06T11:28:00Z
3-11407769,https://yle.fi/uutiset/3-11407769,"Nokialla robotti soitti yli 70-vuotiaille – vanhustyön johtajan sanelema nauhoite hämmensi monia, mutta löysi myös avuntarvitsijoita",2020-06-22T04:30:00Z
3-11414263,https://yle.fi/uutiset/3-11414263,"""Asunnottomat olivat likaisia, väsyneitä ja nälkäisiä"", kuvaa päihdetyöntekijä korona-aikaa – maaliskuussa heräsi huoli, nääntyvätkö ihmiset kaduilla nälkään",2020-06-23T16:30:00Z
3-11453559,https://yle.fi/uutiset/3-11453559,Lääkärin tyly sanavalinta jäi vaivaamaan surmatun miehen sisarta – edes ammattilaiset eivät aina osaa kohdata rikosuhrien omaisia,2020-07-31T11:51:32Z
3-11707734,https://yle.fi/uutiset/3-11707734,Sähköbussien määrä viisinkertaistuu paikallisliikenteessä ensi vuonna,2020-12-20T00:00:00Z
3-11159060,https://yle.fi/uutiset/3-11159060,Nina Mikkonen: Kipinä Timo T. A. Mikkosen kanssa syttyi jo Venla-gaalassa vuonna 2000 ,2020-01-15T18:31:52Z
3-11266265,https://yle.fi/uutiset/3-11266265,"4 työntekijää kertoo, kuinka heidän ammattejaan ei arvostettu – kunnes yksi iltapäivä muutti kaiken ",2020-03-21T12:07:00Z
3-11461810,https://yle.fi/uutiset/3-11461810,"Kuljitko läpi loman huonoissa kengissä ja nyt jalkoja pakottaa? – Jätä kengät kotiin, vaikutus näkyy koko kehossa",2020-07-28T09:00:00Z
3-11410332,https://yle.fi/uutiset/3-11410332,"""Kutsumme tätä hylkiöiden juhannukseksi"", sanoi Katja Novitsky – 14 kuvaa juhannus-Helsingistä",2020-06-20T10:08:00Z
3-11346168,https://yle.fi/uutiset/3-11346168,Metrin turvavälisuositus ei koulukyydeissä välttämättä toteudu – Kiuruvedellä lapset ohjataan istumaan sisarusten viereen parhaan kaverin sijasta ,2020-05-11T15:05:00Z
3-11151184,https://yle.fi/uutiset/3-11151184,"Vanhuksia ruokittu, lääkitty ja vaihdettu kuiviin miten sattuu –apulaisoikeusasiamies löysi vakavia puutteita Eksoten kotihoidosta ",2020-01-10T08:46:13Z
3-11139892,https://yle.fi/uutiset/3-11139892,Sääntö-Suomi laittoi pienyrittäjän ahtaalle – nyt panimossa poreilee teekattila ja pakurilla maustettua olutta saa taas myydä,2020-01-08T05:30:00Z
3-11151708,https://yle.fi/uutiset/3-11151708,"Ex-vanki Ismo Tuomisto auttaa, kun kaveri ei uskalla koskea tietokoneeseen – ""Palataan helposti vanhaan, jos se on ainoa keino saada rahaa""",2020-01-17T13:05:38Z
3-11158051,https://yle.fi/uutiset/3-11158051,Synnyttäjät kertovat huonosta kohtelusta ja hoitajien kiireestä Naistenklinikalla – Jatkuvan muuttorumban keskellä työskentelee kokemattomia kätilöitä,2020-02-03T16:00:00Z
3-11525648,https://yle.fi/uutiset/3-11525648,4-vuotias Elli Talsi on ahkera käsidesin käyttäjä – hänellä on tärkeä viesti kaikille suomalaisille,2020-09-04T09:01:10Z
3-11313842,https://yle.fi/uutiset/3-11313842,Rautalampi alkaa jakaa kasvomaskeja ilmaiseksi riskiryhmään kuuluville – paikallinen huonekalutehdas aloitti suojainten teollisen valmistuksen,2020-04-20T15:45:00Z
3-11259763,https://yle.fi/uutiset/3-11259763,"Etäopetuksessa koulu alkaa aikaisin aamulla, kuten tähänkin asti – Rehtori: “Lapsille tiedoksi, että tämä ei ole lomaa”",2020-03-16T13:46:28Z
3-11597492,https://yle.fi/uutiset/3-11597492,"8-vuotias Kaapo Kervinen on ollut jo mukana lintu-, jänis- ja hirvijahdissa – huomaatko videolta, mikä riistaeläin vilahtaa reissun alussa?",2020-10-17T08:13:00Z
3-11605959,https://yle.fi/uutiset/3-11605959,"Katso, kuinka Janika Hyttinen hoitaa kasvojaan 8 tuotteella – Korea-ilmiö teki ihonhoidosta muotia, mutta myös härskiä bisnestä",2020-10-29T09:35:30Z
3-11539335,https://yle.fi/uutiset/3-11539335,"Sote-piirin 30 miljoonan euron palkkarästipotti voi paisua entisestään, kun kuvaan astuvat entiset työntekijät: ""En pysty kommentoimaan tätä""",2020-09-11T12:51:06Z
3-11521715,https://yle.fi/uutiset/3-11521715,"Taksarikin pukee maskin, kun sitä pyydetään –  
Taksivälittäjä: ""Palautetta tulee herkästi jos maskia ei ole""  ",2020-09-02T05:50:47Z
3-11551484,https://yle.fi/uutiset/3-11551484,"Sote-piirin palkkamoka voi tuoda työntekijälle jopa 11 000 euron potin – osa ammattiliitoista ei suostu kertomaan summia: ""Ihan hikikarpalo kohoaa otsalle""",2020-09-18T14:06:48Z
3-11227553,https://yle.fi/uutiset/3-11227553,Syyttäjä: Häkkäsen ex-avustaja palautti kahdelta yrittäjältä saamansa rahat vasta poliisitutkinnan alettua,2020-02-25T18:35:56Z
3-11137497,https://yle.fi/uutiset/3-11137497,"""Miehet elävät keskimäärin lyhyemmän ja kurjemman elämän kuin naiset"" – kolme feministiä kertoo, kuinka he kasvattavat pojistaan onnellisia",2020-02-02T16:30:00Z
3-11308102,https://yle.fi/uutiset/3-11308102,"Suuri osa synnyttäjistä ymmärtää rajoitusten tarpeen, vaikka isä tai tukihenkilö ei pääsekään mukaan vuodeosastolle",2020-04-17T13:30:00Z
3-11402139,https://yle.fi/uutiset/3-11402139,Ulkoministeriö suosittelee välttämään matkustamista muualle paitsi kuuteen maahan – matkavakuutuksiin suosituksilla ei ole vaikutusta,2020-06-16T16:12:41Z
3-11408040,https://yle.fi/uutiset/3-11408040,Inarijärven Ukonkivisaaren portaat ja laituri puretaan ensi kesänä – saamelaisten pyhälle paikalle kulkua ei siltikään voida kokonaan estää,2020-06-18T10:02:53Z
3-11359702,https://yle.fi/uutiset/3-11359702,Mona Mannevuon kolumni: Ihanteellinen etätyöihminen rakastaa järjestystä,2020-05-22T03:45:00Z
3-11486485,https://yle.fi/uutiset/3-11486485,"Kasvomaskit kiinnostavat nyt niin paljon, että S-ryhmällä on ostorajoituksia ja R-Collection aloitti maskituotannon uudelleen",2020-08-10T13:59:44Z
3-11240323,https://yle.fi/uutiset/3-11240323,Tampereen yliopiston viestintä- ja brändijohtajan työsuhde on päätetty – brändäyksen ympärillä useita kohuja ,2020-03-04T10:47:28Z
3-11640475,https://yle.fi/uutiset/3-11640475,"Nuorten häiriökäyttäytyminen herättää keskustelua pääkaupunkiseudulla, poliisi kuitenkin rauhoittelee tilannetta: ""Valtaosa nuorista käyttäytyy hyvin""",2020-11-10T16:45:00Z
3-11192955,https://yle.fi/uutiset/3-11192955,Saamelaistaiteilijoille oma kansallispäivä tietää keikkoja ja koulukäyntejä – mielessä on edelleen yksi toive yli muiden,2020-02-06T03:30:00Z
3-11251503,https://yle.fi/uutiset/3-11251503,Joensuu palkkasi ensimmäisenä Suomessa lisäkasvattajia jo päiväkotiin – Henri Pursiainen lähtee ADHD-oireisten poikien tueksi myös kouluun,2020-03-12T09:15:00Z
3-11261172,https://yle.fi/uutiset/3-11261172,"Kirjastot ruuhkautuivat ympäri Suomen ennen ovien sulkeutumista – kirjojen palautuksesta ei nyt tarvitse huolehtia, sakkoja ei tulossa",2020-03-17T15:06:55Z
3-11554900,https://yle.fi/uutiset/3-11554900,Televisioalan Emmy-gaala palkitsi uusia lajityyppejä ja pilaili koronalle: tv-tähdet osallistuivat glamour-juhlaan kotoaan pyjamat päällä,2020-09-21T08:57:46Z
3-11454803,https://yle.fi/uutiset/3-11454803,"Juhlijat täyttivät Helsingin yökerhot, kun rajoituksia taas lievennettiin: ""Tuli uusi vanha normaali takaisin""",2020-07-18T01:33:30Z
3-11543007,https://yle.fi/uutiset/3-11543007,Suomessa varautuminen poikkeusoloihin on maailman kärkiluokkaa ja sitä opetellaan viikoittain – korona on jopa lisännyt harjoituksia,2020-09-15T17:35:00Z
3-11367005,https://yle.fi/uutiset/3-11367005,"Muistatko äidin, jota estettiin varaamasta 10-vuotiaalle lapselleen aikaa hammaslääkäriin? 3 vuotta kohun jälkeen järjestelmiin tulee muutos",2020-05-26T11:23:04Z
3-11641801,https://yle.fi/uutiset/3-11641801,"Nuorisoväkivalta leimahti puheenaiheeksi – Oppositio: Ongelma ei ole uusi, puututtava ripeästi ennen kuin pahenee",2020-11-11T14:50:06Z
3-11262013,https://yle.fi/uutiset/3-11262013,"Viettikö koululaisesi päivän yksin kotona? Lue Supernannyn ja asiantuntijan vinkit sujuvampiin päiviin:  ""Pidä lapset koulukuntoisina""",2020-03-18T19:15:00Z
3-11261166,https://yle.fi/uutiset/3-11261166,Ruoka-avun jakelu joudutaan monin paikoin keskeyttämään – avustusjärjestöt pelkäävät seurauksia ja ennustavat entistä pidempiä leipäjonoja,2020-03-17T16:35:00Z
3-11263410,https://yle.fi/uutiset/3-11263410,"Kolme kokemusta etätöistä – näin etäilevät lääkäri, opettaja ja it-konsultti",2020-03-18T18:16:27Z
3-11273661,https://yle.fi/uutiset/3-11273661,Asukkaiden koronatilanteesta saamat tiedot vaihtelevat selvästi eri puolilla maata – paikoin on oltu viikon vanhojen tietojen varassa,2020-03-25T12:45:32Z
3-11211706,https://yle.fi/uutiset/3-11211706,Palkkatasa-arvoon tähdännyt ohjelma kariutui – palkansaajat ja työnantajat erimielisiä oikeista keinoista,2020-02-17T05:00:00Z
3-11450295,https://yle.fi/uutiset/3-11450295,"Näköispatsas vai nykytaidetta? Muistomerkeistä on riidelty vuosikymmenet, nyt kiistakapulana on Matti Nykäsen muistomerkki Jyväskylässä
",2020-07-17T11:15:00Z
3-11170619,https://yle.fi/uutiset/3-11170619,"Puremista, potkimista, lyömistä – lasten käyttämä väkivalta ja kielenkäyttö on muuttunut yhä rajummaksi päiväkodeissa",2020-01-22T17:00:00Z
3-11261899,https://yle.fi/uutiset/3-11261899,Perheiden arki mullistuu tänään – näin opetus menee uusiksi eri puolilla maata,2020-03-18T05:15:00Z
3-11350582,https://yle.fi/uutiset/3-11350582,"Tältä näytti ensimmäinen koulupäivä eri puolilla Suomea – 7.-luokkalainen Elli Hirvonen: ""Turvavälit täytyy pitää eikä kavereihin saa koskea""",2020-05-14T03:57:24Z
3-11461821,https://yle.fi/uutiset/3-11461821,"Maahanmuuttajataustainen järjestö yritti avata tilin, mutta pankki toisensa jälkeen kieltäytyi – puheenjohtaja: ""Emme voi hakea avustuksia ilman tiliä""",2020-07-24T12:07:00Z
3-11404994,https://yle.fi/uutiset/3-11404994,Feministivaikuttajat kertovat saavansa uudenlaista vihapostia – heille keksitään fiktiivisiä mielipiteitä,2020-06-16T16:00:00Z
3-11158859,https://yle.fi/uutiset/3-11158859,"Yhdessä neulominen koukuttaa – Käsityönaiset jalkautuivat somesta liveen, ja nyt he kutovat kahviloissa ja kapakoissa ",2020-02-01T08:30:00Z
3-11242748,https://yle.fi/uutiset/3-11242748,"VR:n vaunut putsattiin koronaviruksen pelossa, tartunnasta epäilty pelkää leimautuvansa: ""En uskaltanut kertoa edes äidilleni""",2020-03-05T17:33:00Z
3-11298200,https://yle.fi/uutiset/3-11298200,Tulevaisuudentutkijat: Viranomaisten ja yritysten pitäisi varautua yllättäviin muutoksiin – koronakriisi tulee muuttamaan markkinavoimien ja valtion suhdetta,2020-04-15T12:37:53Z
3-11581109,https://yle.fi/uutiset/3-11581109,"Katso Ylen vertailusta, miten huumerikokset ovat yleistyneet kotikulmillasi – aineita saa nykyään ""ihan joka paikasta"", väittää entinen huumekauppias",2020-10-11T05:15:00Z
3-11409869,https://yle.fi/uutiset/3-11409869,"Lisää rahkaa! Kuntosalilta tuttu buumi täytti kauppojen hyllyt – “Epäterveellisestä yritetään tehdä terveellistä”, sanoo dosentti proteiinipatukasta",2020-07-14T09:16:45Z
3-11688407,https://yle.fi/uutiset/3-11688407,Pitääkö susien metsästys sallia? Näin vastaavat Suomen tiheimmällä susialueella asuvat kansanedustajat – lue Ylen kyselyn tulokset,2020-12-18T07:09:00Z
3-11677762,https://yle.fi/uutiset/3-11677762,"Julkisen hedelmöityshoidon ensimmäiset lahjasolulapset ovat syntyneet– Yllättävän moni sukusolujen lahjoittajista oli nuori, joka ei halua omia lapsia",2020-12-07T04:04:00Z
3-11329555,https://yle.fi/uutiset/3-11329555,Suomen sisä- ja ulkorajat suljettiin kuusi viikkoa sitten – edelleen 1 500 matkailijaa pyrkii palaamaan maailmalta kotimaahan,2020-04-30T11:07:15Z
3-11481754,https://yle.fi/uutiset/3-11481754,"""Olemme kantaneet siilejä olkkarista ulos"", 14 siiliä taapersi perheen pihalle ja osa löysi tiensä taloonkin – vaikka havaintojen määrä on kasvanut, laji on hädässä",2020-08-08T07:30:00Z
3-11214352,https://yle.fi/uutiset/3-11214352,"Onko sisäilmaoireilu sittenkin isoksi osaksi aivoperäistä, kuten nyt väitetään? Ylen selvitys kertoo, että selitys on tieteellisesti ohuella pohjalla",2020-02-21T04:00:00Z
3-11347334,https://yle.fi/uutiset/3-11347334,"Suomessa on suuret erot, miten lapset tulevat torstaina kouluun: Katso oman kaupunkisi tilanne Ylen selvityksestä – asenne lääkärintodistukseen vaihtelee",2020-05-13T03:15:00Z
3-11289929,https://yle.fi/uutiset/3-11289929,"Loppuun käytetty matkakassa, ei lentoyhteyksiä, poliisi valvomassa ulkonaliikkumiskieltoa – Yle selvitti matkailijoiden tilannetta 6 mantereella",2020-04-03T09:28:51Z
3-11121568,https://yle.fi/uutiset/3-11121568,"Pohjoismaisia jännäreitä, isoa scifiä ja hurttia huumoria – katso kattava lista alkuvuoden odotetuista sarjoista",2020-01-01T08:30:00Z
3-11543310,https://yle.fi/uutiset/3-11543310,"Suomen rakennustyömailla on työskennellyt laittomasti jopa satoja ukrainalaisia – ”Hän antoi meille 50 euroa mieheen, jotta pysymme hengissä”",2020-09-28T03:05:00Z
3-11140970,https://yle.fi/uutiset/3-11140970,"Tanskaan nousee jättimäisiä halleja, jotka täytetään kannabiksella – Kanadalaisfirmat valtaavat nyt Euroopan markkinoita ja tähtäimessä on myös Suomi",2020-02-04T17:06:54Z
3-11579303,https://yle.fi/uutiset/3-11579303,"Valtaosa Oulun vaalipiirin kansanedustajista laittaisi valtion turvaamaan lentoliikenteen jatkumista, jos markkinaehtoista toimijaa ei löydy",2020-10-05T10:32:07Z
3-11400075,https://yle.fi/uutiset/3-11400075,"""Miksi naispoliitikoille ei sallita virheitä?"" somessa kysyttiin, kun Katri Kulmuni erosi – sukupuolella on merkitystä, sanovat tutkijat",2020-06-14T09:45:00Z
3-11251279,https://yle.fi/uutiset/3-11251279,Oulun vaalipiirin kansanedustajat kannattavat mahdollisuutta valita  päivähoito- tai koulupaikka myös naapurikunnan puolelta ,2020-03-12T06:19:48Z
3-11701504,https://yle.fi/uutiset/3-11701504,“Yksi bussikaista ja pyöräilijät siinä ihan vieressä on turvallisuusriski” – Lahden liikennesuunnitelma huolestuttaa bussikuskeja,2020-12-17T08:48:17Z
3-11688563,https://yle.fi/uutiset/3-11688563,Lounais-Suomen kansanedustajat varovaisen luottavaisina ensi vuoteen – tulevaisuustutkija: ”Edessä on kaksi koronaan liittyvää vaihtoehtoa”,2020-12-09T11:29:08Z
3-11648039,https://yle.fi/uutiset/3-11648039,Jämsäläinen diabeteshoitaja Katja Lahtinen palkittiin Vuoden diabetesteko -palkinnolla,2020-11-14T08:13:05Z
3-11653279,https://yle.fi/uutiset/3-11653279,"Etä-äänestys meni mönkään, Hervannan kanjonin laidan kaavapäätöksestä oikaisuvaatimus",2020-11-18T05:47:58Z
3-11625804,https://yle.fi/uutiset/3-11625804,"Mahdollisia korona-altistumisia oppilaitoksissa Mänttä-Vilppulassa, Nokialla ja Tampereella – Nokian lukioon vahva suositus kasvomaskin käytöstä",2020-11-02T04:40:15Z
3-11602225,https://yle.fi/uutiset/3-11602225,Vasemmistoliitto ja Perussuomalaiset houkutelleet aikaisempaa enemmän nuoria naisia kuntavaaliehdokkaiksi kaakossa – kristillisdemokraateilla vaikeuksia saada ehdokkaita ,2020-10-19T11:46:51Z
3-11566289,https://yle.fi/uutiset/3-11566289,Korsnäsin hylätyn kaivoksen jätteiden epäillään aiheuttavan merkittävää haittaa ympäristölle – tutkimukset käynnistyvät vihdoin 50 vuotta kaivoksen sulkemisen jälkeen,2020-09-30T13:11:15Z
3-11574003,https://yle.fi/uutiset/3-11574003,"Evijärven pinnan korkeus pysyy entisellään ainakin vielä ensi kesänä – muutoskäsittely kestää noin vuoden, jos saavutettu sopu pitää",2020-10-02T05:04:05Z
3-11324253,https://yle.fi/uutiset/3-11324253,"Savonlinnassa ammattiviulisti soittaa päivittäin trumpettia parvekkeella: ""Tämä on oppia siitä, etten ota itseäni ja musiikkia liian vakavasti""",2020-04-27T09:50:41Z
3-11186470,https://yle.fi/uutiset/3-11186470,Markus Aarto on Lapin uusi pelastusjohtaja,2020-01-31T12:06:35Z
3-11490627,https://yle.fi/uutiset/3-11490627,"Ekaluokkalainen Sohvi Välivaara: ""Kunpa tulisi paljon läksyjä"" – jokaiselle luokalle oma välituntialue koronatartuntojen suitsimiseksi",2020-08-12T13:05:37Z
3-11417321,https://yle.fi/uutiset/3-11417321,Liminka suitsii vedenkäyttöä: nurmikkoa ei ole suotavaa kastella tai autoa pestä vesijohtovedellä,2020-06-25T08:05:24Z
3-11147318,https://yle.fi/uutiset/3-11147318,Kymmenen haki Lapin pelastuslaitoksen pomoksi,2020-01-08T07:41:00Z
3-11452660,https://yle.fi/uutiset/3-11452660,Kevät jätti jälkensä myös koiraharrastuksiin – näyttelyiden perumisesta tulonmenetyksiä seuroille,2020-07-17T08:21:22Z
3-11518624,https://yle.fi/uutiset/3-11518624,Lounaissuomalaiset kansanedustajat eivät innostu kasvomaskipakosta – sen kannalla ovat vain perussuomalaiset,2020-08-31T08:17:37Z
3-11265800,https://yle.fi/uutiset/3-11265800,Hyvä lähtee kiertoon – Korona lamauttaa yhteiskuntaa mutta herättää hyväntekijät,2020-03-19T14:18:05Z
3-11265998,https://yle.fi/uutiset/3-11265998,"Nettimyynti helpottaa kukkakauppiaiden korona-ahdinkoa – ""Verkkokauppa on kasvanut jopa kymmenkertaiseksi """,2020-05-05T16:30:00Z
3-11337402,https://yle.fi/uutiset/3-11337402,Hippos-hanke jäihin ja puolen prosentin veronkorotus – näin poliitikot nostaisivat Jyväskylän talousahdingosta,2020-05-06T12:53:48Z
3-11384822,https://yle.fi/uutiset/3-11384822,"Millainen on uusi kierrätyspuisto, jota yksikään kunta Päijät-Hämeessä ei halua tontilleen? ",2020-06-06T06:30:00Z
3-11667957,https://yle.fi/uutiset/3-11667957,Lue tästä Pirkanmaan koronapäivitykset 1.9. – 14.11.,2020-11-30T13:11:40Z
3-11580533,https://yle.fi/uutiset/3-11580533,Lue tästä Etelä-Pohjanmaan koronapäivitykset 24.5.-11.9.,2020-10-08T09:29:33Z
3-11319701,https://yle.fi/uutiset/3-11319701,Lue tästä Etelä-Pohjanmaan koronapäivitykset 10.3.-13.4.,2020-04-27T12:50:59Z
3-11557765,https://yle.fi/uutiset/3-11557765,Lue tästä Pirkanmaan koronapäivitykset 2.5.–31.8.,2020-11-06T12:27:25Z
3-11321833,https://yle.fi/uutiset/3-11321833,Lue tästä Lapin koronapäivitykset 6.–22.4.,2020-04-24T11:59:03Z
3-11600986,https://yle.fi/uutiset/3-11600986,Lue tästä koronapäivitykset 16.10.–25.10.,2020-10-18T11:32:04Z
3-11584896,https://yle.fi/uutiset/3-11584896,Lue täältä Keski-Pohjanmaan koronapäivitykset 20.5.-18.9.2020,2020-10-08T09:53:36Z
3-11260181,https://yle.fi/uutiset/3-11260181,"Uusimmat tiedot koronaviruksesta Etelä-Pohjanmaalla: Sairaanhoitopiirin koronatilanne pysyy vakaana,Astra Zenecan keskeytyksellä ei vaikutusta Seinäjoen rokotusaikoihin, maanantai Etelä-Pohjanmaalla toinen nollapäivä peräkkäin",2020-03-16T14:20:55Z
3-11507330,https://yle.fi/uutiset/3-11507330,Lue tästä koronapäivitykset 21.8.– 7.9.,2020-08-23T08:38:17Z
