id,url,title,date_modified
3-11214484,https://yle.fi/uutiset/3-11214484,Kokoomuskansanedustaja: Diabeetikkojen vapaaehtoisen varusmiespalveluksen lopetus perustuu virheellisiin tietoihin,2020-02-18T12:01:02Z
3-11189968,https://yle.fi/uutiset/3-11189968,"Uudet kansanedustajat työstään: Istuntosali kuin show-painiareena, valtaa käytetään valiokunnissa – ""Hyvä, että siellä ollaan suljettujen ovien takana""",2020-02-09T05:58:00Z
3-11367870,https://yle.fi/uutiset/3-11367870,Kokoomus esitti tukea maakuntalennoille mutta jätti Porin huomioimatta – kansanedustaja Matias Marttinen selittää ratkaisua,2020-05-25T17:54:49Z
3-11611138,https://yle.fi/uutiset/3-11611138,Matias Marttinen eduskunnan valtiovarainvaliokuntaan ,2020-10-23T12:58:15Z
3-11248322,https://yle.fi/uutiset/3-11248322,"Matias Marttinen: ""Kokoomuksen ei ole mitään järkeä lähentyä aatteellisesti perussuomalaisia""",2020-03-12T08:06:50Z
3-11608183,https://yle.fi/uutiset/3-11608183,Marttinen ja Huru esittävät kasitielle suunnittelurahaa neljästä kaistasta Porin ja Rauman välille,2020-10-22T12:22:10Z
3-11486538,https://yle.fi/uutiset/3-11486538,Kansanedustaja Marttinen vaatii Rauman henkilöjunaliikenteestä nopeaa päätöstä,2020-08-10T10:15:28Z
3-11659700,https://yle.fi/uutiset/3-11659700,"Sampsa Kataja ilmoittaa lehdessä haluavansa Porin pormestariksi – arvostelee sosialismia, piikittelee kokoomusta, kehuu Namibian veroja",2020-11-21T07:42:36Z
3-11379256,https://yle.fi/uutiset/3-11379256,Ravintolat avautuivat rajoitetusti – Satakunnan ja Varsinais-Suomen kansanedustajat puolueuskollisia ravintolarajoituksissa,2020-06-02T10:28:18Z
3-11688563,https://yle.fi/uutiset/3-11688563,Lounais-Suomen kansanedustajat varovaisen luottavaisina ensi vuoteen – tulevaisuustutkija: ”Edessä on kaksi koronaan liittyvää vaihtoehtoa”,2020-12-09T11:29:08Z
