id,url,title,date_modified
3-11371462,https://yle.fi/uutiset/3-11371462,"Ylen kysely: Oppivelvollisuusiän korotus jakaa eduskuntaa – oppositio luopuisi, hallitus kannattaa, keskustassa epäröidään",2020-06-02T02:30:00Z
3-11695983,https://yle.fi/uutiset/3-11695983,"Hallitus ja oppositio kinastelivat sotesta – Kiuru hermostui kokoomukselle: ""En ymmärrä tätä jankkaamista"", kokoomus piti uudistusta sutena jo syntyessään",2020-12-14T10:45:17Z
3-11548856,https://yle.fi/uutiset/3-11548856,“Eutanasia ei ole elämän väheksymistä“ - Eutanasian laillistaminen saa kannatusta sosiaali- ja terveysvaliokunnassa,2020-09-18T15:55:00Z
3-11573094,https://yle.fi/uutiset/3-11573094,"Ylen kysely: Eduskunnassa vahvaa halua korottaa kotitalousvähennystä, vaikka sitä juuri alkuvuonna nipistettiin",2020-10-06T07:23:37Z
3-11580090,https://yle.fi/uutiset/3-11580090,"""Kiusaaminen on yhteiskunnan mätäpaise"" – näin pääkaupunkiseudun kansanedustajat ratkoisivat kouluväkivaltaa: empatian opettelua ja kovempia rangaistuksia",2020-10-06T06:45:00Z
3-11684773,https://yle.fi/uutiset/3-11684773,"Keväällä iskee mielenterveyspommi, sanoo Olavi Sydänmaanlakka – Terapiatakuuta tarvitaan ja se halutaan, mutta kansanedustajat ovat eri mieltä sen toteutuksesta",2020-12-11T05:35:00Z
